ElapsedS                       Sat.EarthMJ2000Eq.X            Sat.EarthMJ2000Eq.Y            Sat.EarthMJ2000Eq.Z            Sat.EarthMJ2000Eq.VX           Sat.EarthMJ2000Eq.VY           Sat.EarthMJ2000Eq.VZ           Sat.Earth.SMA                  Sat.Earth.ECC                  Sat.EarthMJ2000Eq.INC          Sat.EarthMJ2000Eq.RAAN         Sat.Earth.Altitude             
0                              6628.137                       0                              0                              0                              4.8169050670943                6.077421678863729              6628.137000000001              1.181527691164928e-16          51.59999999999999              0                              250.0001381310667              
ElapsedS                       Sat.EarthMJ2000Eq.X            Sat.EarthMJ2000Eq.Y            Sat.EarthMJ2000Eq.Z            Sat.EarthMJ2000Eq.VX           Sat.EarthMJ2000Eq.VY           Sat.EarthMJ2000Eq.VZ           Sat.Earth.SMA                  Sat.Earth.ECC                  Sat.EarthMJ2000Eq.INC          Sat.EarthMJ2000Eq.RAAN         Sat.Earth.Altitude             
60                             6611.78766953018               288.7766683262519              364.3442394298723              -0.5447520842659292            4.805024633735688              6.062375939046253              6628.064778561059              0.0001055833476993971          51.59974150173792              359.9999853111228              250.0465056479752              
120                            6562.82080709157               576.1288002441058              726.8850817128459              -1.086801781669274             4.76944036571843               6.017333670556393              6627.872502430973              0.0002109109133065719          51.59907355568368              359.9998921504425              250.1725546560201              
180                            6481.479242995                 860.6389218218051              1085.828779024722              -1.623463054794358             4.710330498582205              5.94252133353644               6627.564167254151              0.0003156037584698389          51.59800941575996              359.9996482794518              250.3751874834252              
240                            6368.166194840667              1140.903786180332              1439.399654525223              -2.152078008873989             4.627990799405382              5.838314537321074              6627.146114989532              0.000419210563293666           51.59657004900212              359.9991846028098              250.6493637248086              
300                            6223.443165569557              1415.541376813257              1785.848989363928              -2.670030625458478             4.522832836367617              5.705235834097715              6626.626897587556              0.0005211834219278103          51.59478370233138              359.9984364385612              250.9882069986543              
360                            6048.027026778156              1683.197787290562              2123.463752162842              -3.174760170133622             4.395381593149685              5.543951680206384              6626.017093402825              0.0006208617175793575          51.59268533345377              359.9973447575086              251.3831506364049              
420                            5842.786310827561              1942.553937660219              2450.575120571686              -3.663774177183156             4.246272459656084              5.355268605210589              6625.329080859126              0.0007174651917254489          51.59031591806161              359.9958573032227              251.8241189595092              
480                            5608.73673451108               2192.332097494777              2765.566756667648              -4.134660938177087             4.076247632722428              5.140128631616909              6624.576774930333              0.0008100965154563622          51.58772164732463              359.9939295731884              252.2997403296495              
540                            5347.035995605604              2431.302169563719              3066.882777859259              -4.585101398130696             3.886151975778516              4.899604007474905              6623.77533292597               0.0008977529451502422          51.58495303137901              359.9915256542043              252.7975871937524              
600                            5058.97787270396               2658.287713088422              3353.035396484129              -5.012880417223855             3.676928379313207              4.634891305050764              6622.940836681593              0.0009793460946382771          51.58206392561146              359.9886188927917              253.304438210931               
660                            4745.985671897884              2872.171673563838              3622.612186213794              -5.415897340815565             3.44961267333313               4.347304950564515              6622.089958717205              0.001053728481448061           51.57911049761965              359.9851923926468              253.8065567858321              
720                            4409.605050807229              3071.901801523558              3874.282952809075              -5.792175856515677             3.20532813226014               4.038270236362187              6621.239620072701              0.00111972532760728            51.576150153323                359.9812393292273              254.2899804915096              
780                            4051.4962916807                3256.495718987555              4106.806157002552              -6.139873078855423             2.945279640485107              3.709315901987907              6620.406647592747              0.001176170065570163           51.57324044149068              359.9767630778902              254.7408153027436              
840                            3673.426030804105              3425.045639182465              4319.034896355396              -6.457287895704953             2.670747536961672              3.362066307559513              6619.607437989886              0.001221942130906548           51.5704379556223               359.9717771520963              255.1455290440717              
900                            3277.258532104942              3576.722697374139              4509.922392782617              -6.74286852467279              2.383081212187877              2.998233292352118              6618.857635763919              0.001256005828295891           51.5677972528207               359.9663049536591              255.4912380983842              
960                            2864.946512660828              3710.780899197847              4678.526993625167              -6.995219321797187             2.083692468642737              2.619607732695379              6618.17183122694               0.001277449394070681           51.56536980842511              359.9603793379087              255.7659820771341              
1020                           2438.521591076039              3826.560660644772              4824.01665356537               -7.213106825227174             1.774048697438092              2.228050866009211              6617.563284297587              0.001285523795190785           51.56320302524911              359.9540420007907              255.9589810866592              
1080                           2000.084393860006              3923.491934573763              4945.672890787382              -7.395465055158751             1.455665893664042              1.825485409506445              6617.043678785924              0.001279681397742924           51.56133931535206              359.9473426976328              256.0608708919981              
1140                           1551.794365864819              4001.096913981481              5042.894204958206              -7.541400080667795             1.130101536819251              1.413886507035213              6616.622911045585              0.001259615477454957           51.55981527143478              359.9403383059921              256.0639115256563              
1200                           1095.859328406586              4058.992304585037              5115.198947541799              -7.650193865248076             0.7989473573096915             0.9952725307155725             6616.30891595514               0.001225302855969381           51.55866094378008              359.9330917482453              255.9621655090859              
1260                           634.5248280442169              4096.891160420031              5162.227636419443              -7.721307400721448             0.4638220064447669             0.571695759552164              6616.107532312911              0.001177054125437737           51.55789923719628              359.9256707919758              255.7516423481839              
1320                           170.0633195869245              4114.604277097638              5183.744707990554              -7.754383135794227             0.126363645374641              0.1452329547277247             6616.022408897407              0.001115579759327928           51.55754544066456              359.9181467492406              255.4304065215219              
1380                           -295.2367822009759             4112.041138318931              5179.639701130523              -7.749246701564387             -0.211777539881163             -0.2820241591566311            6616.054951678595              0.001042087425986044           51.55760690032119              359.9105930977551              254.9986468847328              
1440                           -759.0821150081493             4089.210411591331              5149.927867896375              -7.70590793087556              -0.5489468672903163            -0.7079784686763047            6616.204311983992              0.0009584388980043182          51.55808284403586              359.9030840500458              254.4587059314072              
1500                           -1219.185451613997             4046.219990071811              5094.750206990451              -7.624561164064999             -0.8834927549233101            -1.130537131212139             6616.467414824467              0.0008674187185661771          51.55896436317236              359.8956930966918              253.8150680850149              
1560                           -1673.276742948186             3983.276579481538              5014.372918781439              -7.50558483157393              -1.213774322835709             -1.547621241523844             6616.839026060322              0.0007732046906708847          51.56023455415431              359.8884915534186              253.0743069824257              
1620                           -2119.114148154802             3900.684825410739              4909.186275870441              -7.349540291394559             -1.538169037050019             -1.957175550710658             6617.311856679799              0.0006821598581120356          51.56186881939797              359.8815471398557              252.2449920693725              
1680                           -2554.494943190281             3798.845985677538              4779.702915276209              -7.157169912044652             -1.855080331862331             -2.357178156482711             6617.876702032582              0.0006039245564232367          51.56383532369502              359.8749226204431              251.3375560949462              
1740                           -2977.266316751169             3678.256141199392              4626.555543967394              -6.929394366294066             -2.162945229521693             -2.74565018821598              6618.522613608936              0.0005518949252368746          51.56609559899253              359.8686745350718              250.3641251134904              
1800                           -3385.335959245398             3539.503955237842              4450.494070419156              -6.66730912844831              -2.460241898451101             -3.120665411874149             6619.237100563598              0.0005401311343420633          51.56860528685154              359.862852047724               249.3383140851511              
1860                           -3776.682426957134             3383.267979217747              4252.382160032374              -6.372180143475159             -2.745497143572242             -3.480359745991946             6620.006357980526              0.0005750925373636571          51.57131500487812              359.8574959378723              248.27499107115                
1920                           -4149.365220081479             3210.313512221329              4033.193223616626              -6.045438651589985             -3.017293787199048             -3.822940635574666             6620.815518539243              0.0006507446960028287          51.5741713202558               359.8526377575377              247.1900144561459              
1980                           -4501.534525565697             3021.489020941016              3794.005847754303              -5.688675150866741             -3.274277904303977             -4.146696237494655             6621.648923961307              0.0007543199605181712          51.57711781085223              359.8482991730845              246.0999475096851              
2040                           -4831.440562617716             2817.722136075698              3535.998687549817              -5.303632498444674             -3.515165862799471             -4.450004354381046             6622.490412267815              0.0008737431210257376          51.58009619200128              359.8444915072835              245.0217559374305              
2100                           -5137.442500309177             2600.015227034863              3260.444824410721              -4.892198125901097             -3.738751138982447             -4.731341078587456             6623.323616623893              0.001000008080217808           51.5830474855704               359.8412154922043              243.972493760717               
2160                           -5418.01688319933              2369.440572593229              2968.70561154281               -4.456395376881938             -3.943910850534506             -4.989289072856518             6624.132271137163              0.001126699056762955           51.58591320650324              359.8384612391959              242.9689838870008              
2220                           -5671.765495480047             2127.135161215188              2662.224050190641              -3.99837400918611              -4.129611942429459             -5.22254540554489              6624.90051860874               0.00124910579621812            51.58863654135141              359.8362084272742              242.0274998148016              
2280                           -5897.422639340707             1874.295127013952              2342.517704545824              -3.520399855674234             -4.294916991520575             -5.429928896626637             6625.613215053524              0.001363602469053721           51.59116349385569              359.8344267058577              241.163454777201               
2340                           -6093.861775475698             1612.169842197438              2011.171182136991              -3.02484367190712              -4.438989573261969             -5.610386902637061             6626.256225480499              0.001467289575036243           51.59344397314433              359.8330763030816              240.3911050001143              
2400                           -6260.10146157274              1342.055712347575              1669.828238756297              -2.514169252693174             -4.561099123697399             -5.763001455926422             6626.816705198008              0.001557801248222096           51.59543280131811              359.8321088266076              239.7232734713034              
2460                           -6395.310561266702             1065.289691697837              1320.183530074672              -1.990920851053549             -4.660625255975936             -5.886994706525097             6627.283360922962              0.001633205711296727           51.59709061945988              359.8314682391371              239.1711000558907              
2520                           -6498.812678626941             783.2425578691943              963.974060301879               -1.457709982010664             -4.737061478006655             -5.981733599190277             6627.646685991056              0.001691956520294475           51.59838467339775              359.8310919874517              238.743823697635               
2580                           -6570.089784470932             497.3119826285308              602.9703745760216              -0.9172016947909942            -4.790018267027468             -6.046733729861957             6627.899164176295              0.001732871056265426           51.59928946342468              359.8309122605707              238.4486013708392              
2640                           -6608.785005437734             208.9154384578415              238.967545831445               -0.3721004094847495            -4.819225462056094             -6.081662332453578             6628.035437018187              0.001755123212170063           51.59978724537928              359.8308573501527              238.2903680158443              
2700                           -6614.704552817727             -80.51701714124867             -126.2239904248957             0.1748645760499911             -4.82453394225042              -6.086340355938152             6628.052430110168              0.001758242987442508           51.59986837386871              359.8308530846143              238.2717404821051              
2760                           -6587.818774736927             -369.5500359651364             -490.7876978528233             0.7209537952197389             -4.805916567405749             -6.060743602159753             6627.949434536556              0.001742118993934123           51.59953148190441              359.8308243072689              238.3929676983153              
2820                           -6528.262321968183             -656.7503086540981             -852.9102422993373             1.263432420725154              -4.76346836570467              -6.005002906115428             6627.728140545928              0.001707001945251182           51.59878349471786              359.8306963685922              238.6519280819848              
2880                           -6436.333426703901             -940.6938774865325             -1210.790770074611             1.799585036265804              -4.697405964903374             -5.91940335457195              6627.392621599089              0.00165350876028985            51.59763947895481              359.8303966028329              239.0441741374134              
2940                           -6312.492297253641             -1219.973400438089             -1562.650120712725             2.326730273794635              -4.60806627061465              -5.804382548239372             6626.949268075926              0.001582628442020675           51.59612233165083              359.8298557602388              239.5630231153109              
3000                           -6157.358642256023             -1493.205309569529             -1906.739902020115             2.842235172158752              -4.495904407826274             -5.660527928708613             6626.406671175375              0.001495732873064796           51.59426231645526              359.8290093674168              240.199691506521               
3060                           -5971.708345702273             -1759.036822798476             -2241.351375440468             3.343529145987631              -4.361490952097285             -5.48857320429669              6625.775458823285              0.001394598767385464           51.59209645737195              359.8277989903696              240.9434701340442              
3120                           -5756.469317055801             -2016.152771563717             -2564.824104154277             3.828117464583056              -4.205508483280327             -5.289393916995672             6625.068086637144              0.001281452413340486           51.5896678026343               359.8261733767478              241.7819358714705              
3180                           -5512.716550239621             -2263.282201723397             -2875.554309872524             4.293594136654476              -4.028747505081727             -5.064002205990999             6624.298588227281              0.001159058777226674           51.58702457361474              359.8240894566259              242.7011950184251              
3240                           -5241.666429499435             -2499.204711815786             -3172.002892888484             4.737654116543568              -3.832101779621466             -4.813540830512556             6623.482290192004              0.001030894952470905           51.58421921541147              359.8215131836409              243.6861530767428              
3300                           -4944.670325084972             -2722.756495195968             -3452.703073004443             5.158104759925914              -3.616563131500724             -4.539276521489732             6622.63549812212               0.0009014799657754604          51.58130736732124              359.8184202014666              244.7208048700595              
3360                           -4623.207525575806             -2932.836055945953             -3716.267613259841             5.552876471654035              -3.383215779379222             -4.242592735822065             6621.775160696327              0.000776973572026567           51.57834677261021              359.8147963235732              245.7885390414312              
3420                           -4278.877555089102             -3128.409572831565             -3961.395593936459             5.920032504986525              -3.133230253625203             -3.924981887699534             6620.918519506303              0.0006661240818553551          51.57539614790261              359.8106378174868              246.872450452076               
3480                           -3913.39193757571              -3308.515882830495             -4186.878700935329             6.257777874279836              -2.867856967157552             -3.588037142197126             6620.082752613562              0.0005811366393733957          51.57251403324398              359.8059514881739              247.9556543530771              
3540                           -3528.565434612213             -3472.271079472172             -4391.60702239329              6.564467394933214              -2.588419477984726             -3.233443819954398             6619.284619853833              0.0005361950432780473          51.56975764393032              359.8007545581812              249.0215961838549              
3600                           -3126.306842952773             -3618.872690680354             -4574.574309164272             6.838612813085382              -2.296307521872706             -2.862970512437051             6618.540117927271              0.0005401741906020214          51.56718174577733              359.7950743462526              250.0543510636417              
3660                           -2708.609393042699             -3747.603433430297             -4734.882695758821             7.078889053479668              -1.992969856616273             -2.478459960264315             6617.864152845931              0.0005885378440616894          51.56483757484354              359.7889477492183              251.0389076146412              
3720                           -2277.540785676455             -3857.834539141559             -4871.74687404683              7.28413961041683               -1.67990695171811              -2.081819737404575             6617.270236783424              0.000666745739191284           51.56277182214098              359.7824205353052              251.9614310194629              
3780                           -1835.23293930996              -3949.028633711201             -4984.497699584513             7.453381089228528              -1.358663577944154             -1.675012810246489             6616.770215732049              0.0007599775771316541          51.56102570322859              359.7755464611043              252.8095008387236              
3840                           -1383.871487569036             -4020.742171332012             -5072.585229511046             7.585806933662764              -1.030821322287662             -1.260048003870049             6616.374033453078              0.000857477413933648           51.55963413115869              359.7683862274561              253.572319591286               
3900                           -925.6850768827293             -4072.627417700089             -5135.581186562023             7.680790365643032              -0.6979910566757964            -0.8389704114436142            6616.089536284408              0.0009522278193766139          51.55862500975903              359.7610062929505              254.2408887605889              
3960                           -462.9345106816326             -4104.433980507886             -5173.180846640236             7.737886564290522              -0.3618053819467757            -0.4138517741045755            6615.922322330927              0.00103969412245913            51.5580186622819               359.753477566983               254.8081494744856              
4020                           2.098214929664721              -4116.009886264776             -5185.204348843022             7.756834108067481              -0.02391106391588151           0.013219147223305              6615.875637516409              0.001116899215736822           51.55782740813255              359.7458740070348              255.269085687014               
4080                           467.1209404183067              -4107.302203379034             -5171.597427986346             7.737555699349939              0.3140385253795309             0.4401461912659723             6615.950319903396              0.001181880011276108           51.55805529771842              359.7382711474741              255.620788444161               
4140                           929.8423943741158              -4078.357212137241             -5132.431570571282             7.680158185144314              0.6503909507430081             0.8648353934625268             6616.144792652557              0.001233381124679169           51.55869801245318              359.7307445890615              255.8624802488457              
4200                           1387.983225135622              -4029.320122834591             -5067.903595943128             7.584931881568482              0.9835022318326102             1.285204548411437              6616.455105003138              0.001270677516357389           51.55974293365797              359.7233684799282              255.9954994584759              
4260                           1839.286968502206              -3960.434344302603             -4978.334665687122             7.45234920435258               1.311744325382185              1.699192723629293              6616.875019729019              0.001293464747718717           51.56116938057838              359.7162140195587              256.0232449273117              
4320                           2281.530926611755              -3872.040302249336             -4864.168720652126             7.28306259525852               1.633512573715198              2.104769726647383              6617.396144704609              0.001301784300199943           51.56294901414873              359.7093480171027              255.9510821733938              
4380                           2712.536876635896              -3764.573816232286             -4725.97035722791              7.077901746123842              1.947233078698643              2.499945473247274              6618.008105409514              0.001295966853268247           51.56504639924879              359.7028315355978              255.7862124793674              
4440                           3130.181606824135              -3638.564034452101             -4564.422141925386             6.837870098231392              2.251370015010211              2.882779273617756              6618.698754607089              0.001276584526299494           51.56741971477138              359.6967186508597              255.5375075396787              
4500                           3532.407221712028              -3494.630931344257             -4380.321370974411             6.564140601683444              2.544432852869208              3.25138899798204               6619.454414840314              0.001244407396682009           51.57002159723126              359.6910553525214              255.2153122419959              
4560                           3917.231165478167              -3333.482376271583             -4174.576285854921             6.258050722644204              2.824983461916844              3.603960085193861              6620.260148905222              0.001200361982548156           51.57280010041402              359.6858786115002              254.8312194481114              
4620                           4282.755923649705              -3155.910780003164             -3948.201753610411             5.921096681466478              3.091643072199484              3.938754363158948              6621.100053107813              0.001145490737181519           51.57569975080352              359.6812156343258              254.3978204968971              
4680                           4627.178355996102              -2962.789328578124             -3702.314424554182             5.554926909878557              3.343099058832039              4.254118638138248              6621.957567802156              0.001080912431144279           51.57866267618903              359.6770833206312              253.9284364039868              
4740                           4948.798613240199              -2755.067816307034             -3438.127382740081             5.161334720380495              3.578111512859647              4.548493004908547              6622.815799498646              0.001007783825521733           51.58162978307384              359.6734879353893              253.4368344551231              
4800                           5246.028590271082              -2533.768091955687             -3156.944307501555             4.742250187477724              3.795519557172878              4.820418825207414              6623.65784869131               0.0009272634022130382          51.58454195737733              359.6704250024919              252.9369360315759              
4860                           5517.399868756883              -2299.979134723431             -2860.153167639196             4.299731248478619              3.994247363168113              5.06854631799037               6624.467137489886              0.0008404781683749927          51.5873412624457               359.6678794210488              252.4425210661429              
4920                           5761.57110148544               -2054.851780784551             -2549.219475120601             3.83595404363819               4.173309820590497              5.2916417010534                6625.227731145894              0.0007484947218675293          51.5899721085727               359.665825800697               251.9669354510679              
4980                           5977.334800455952              -1799.593115331242             -2225.679117767144             3.353202509363551              4.33181781786                  5.48859382974379               6625.924647670785              0.0006522958589921488          51.59238236919263              359.6642290071134              251.5228070798466              
5040                           6163.623470668002              -1535.460569569796             -1891.130821494659             2.85385729009789               4.468983073879076              5.658420258310674              6626.544149832063              0.0005527640619888389          51.59452442016287              359.6630449044196              251.1217768441147              
5100                           6319.515064096062              -1263.755737984425             -1547.228262024874             2.340383994678769              4.58412248529795               5.80027267829333               6627.074014140355              0.0004506733066434134          51.59635608092922              359.6622212766964              250.7742500363292              
5160                           6444.237712427126              -985.8179469501275             -1195.67186600129              1.815320858800262              4.676661941472307              5.913441673834233              6627.503771705259              0.0003466913862149229          51.59784143872884              359.6616989072785              250.4891738433716              
5220                           6537.173699745997              -703.0176181316992             -838.2003570304216             1.281265904382045              4.746139561832497              5.997360737237649              6627.824916232353              0.0002413997893302375          51.59895153989142              359.6614127914854              250.2738456375773              
5280                           6597.862653477255              -416.7494539764908             -476.5820817063078             0.7408636616458718             4.792208324343108              6.051609505651594              6628.031074983413              0.0001353804124272556          51.59966493571363              359.6612934559497              250.1337565254908              
5340                           6626.003928804117              -128.42547870965               -112.6061583967684             0.1967915361485959             4.814638053533594              6.075916179680161              6628.11813906509               3.08173576203807e-05           51.59996807365478              359.6612683561953              250.07247353005                
5400                           6621.458165144334              160.5320123640842              251.9264839848335              -0.3482540562582136            4.813316741577109              6.070159091441742              6628.084350109281              8.000106034432632e-05          51.59985552815294              359.6612633231479              250.0915631875123              
5460                           6584.248006962711              448.6975662432005              615.2121401274043              -0.8915717054027377            4.78825118920525               6.034367406159356              6627.930341179706              0.0001861019469981218          51.59933006886457              359.6612040290724              250.1905581950678              
5520                           6514.557981775259              734.6497027387095              975.4533774315487              -1.430469059327701             4.73956695711785               5.968720946572446              6627.659130577489              0.0002920402697609153          51.59840256746806              359.6610174438219              250.3669678662118              
5580                           6412.733536548371              1016.978021376346              1330.868048286978              -1.96227680740921              4.667507628443367              5.873549141953489              6627.276068132451              0.0003970269501771429          51.59709174735775              359.6606332533986              250.6163321082886              
5640                           6279.279239851977              1294.290243579032              1679.698213311246              -2.484362487973353             4.572433391139393              5.749329114085547              6626.788734526561              0.0005004862963076617          51.59542378347611              359.6599852142201              250.9323175827776              
5700                           6114.856163829553              1565.219149161789              2020.218923598449              -2.994144016543585             4.454818957852678              5.596682923473892              6626.20679518551               0.0006017793679487048          51.59343176215555              359.6590124186013              251.3068538743337              
5760                           5920.278463152062              1828.429371889535              2350.746817287506              -3.489102844849066             4.315250846526617              5.416374006264034              6625.541811258007              0.0007001640135756794          51.59115501310716              359.6576604490594              251.7303064264861              
5820                           5696.509182527255              2082.624006868283              2669.648470782849              -3.96679664260642              4.154424058447026              5.209302849425261              6624.807011203055              0.0007947857905708341          51.58863832774618              359.6558824018059              252.1916824441387              
5880                           5444.655311599                 2326.55101103949               2975.348480839705              -4.42487145312854              3.973138183760938              4.976501942879585              6624.017027365205              0.0008846821771803022          51.58593107945538              359.6536397623107              252.6788650391336              
5940                           5165.962143674029              2559.009338878414              3266.337204635287              -4.86107320639296              3.772292993207924              4.719130084054289              6623.187602868352              0.0009687964394121836          51.58308626303556              359.6509031189384              253.1788706015122              
6000                           4861.806938408527              2778.854821925064              3541.178168449075              -5.273258604916867             3.552883535148796              4.438466059151                 6622.335274704454              0.001045999462480266           51.58015947093286              359.6476527031008              253.6781238519879              
6060                           4533.691975106664              2985.00572018846               3798.51505462761               -5.659405253337898             3.315994819152245              4.135901805136128              6621.47703976169               0.001115118085905798           51.57720782541393              359.6438787479991              254.1627447093615              
6120                           4183.237017720848              3176.44794836833               4037.078270503446              -6.017621050084077             3.062796119210474              3.812935094344876              6620.630010768588              0.001174968524433415           51.57428888553812              359.6395816604583              254.6188412496649              
6180                           3812.171227491373              3352.239956911103              4255.691074143339              -6.346152822617234             2.794534938294619              3.471161794775131              6619.811069470019              0.001224393488142518           51.57145954819206              359.6347720033309              255.0328027269452              
6240                           3422.324590107145              3511.517236136571              4453.275217217679              -6.643394171179615             2.512530695534401              3.112267783988097              6619.036524535227              0.001262301730460143           51.56877496264335              359.6294702892304              255.3915870757955              
6300                           3015.618893454428              3653.496435666767              4628.856095316128              -6.907892535282214             2.218168171525225              2.738020561538033              6618.321781516447              0.001287708981021245           51.56628747758497              359.6237065889824              255.682997249367               
6360                           2594.058304624851              3777.479084349359              4781.567387272383              -7.138355486927674             1.912890752290167              2.350260611254842              6617.681031952218              0.001299779548208922           51.56404563927501              359.6175199611928              255.8959413750999              
6420                           2159.71959222611               3882.854899645947              4910.655169818789              -7.333656263058892             1.598193506086769              1.950892556620672              6617.126968247825              0.001297868370549426           51.56209325870942              359.6109577122518              256.0206718329182              
6480                           1714.742039178378              3969.104677352463              5015.481496289506              -7.49283855304641              1.275616122068495              1.541876145902592              6616.67053035124               0.001281564040200942           51.56046856485872              359.6040744988895              256.0489990397091              
6540                           1261.317092870455              4035.802753769824              5095.527429696767              -7.615120557503387             0.9467357365875635             1.125217099632659              6616.32068948231               0.001250734501179842           51.55920345985645              359.596931288361               255.9744760585427              
6600                           801.6777822825438              4082.619035981366              5150.39552482465               -7.699898337790146             0.6131596562907625             0.702957831994737              6616.084273272944              0.00120557909217709            51.55832289056957              359.5895941936845              255.7925507730151              
6660                           338.0879675101791              4109.320590760918              5179.811747844812              -7.746748461302567             0.2765180095879847             0.2771680861676643             6615.965835726292              0.001146694051669418           51.55784434939653              359.5821332046111              255.500682899703               
6720                           -127.1685401106767             4115.772791436727              5183.626832837929              -7.75542995799611              -0.06154366445077777           -0.1500645048472125            6615.967574308061              0.001075164867862321           51.55777751498868              359.5746208369116              255.0984236689155              
6780                           -591.7989872542222             4101.940019323884              5161.817070836245              -7.725885591335431             -0.399371910406168             -0.5766439577559901            6616.089295422336              0.0009927104728961222          51.55812404136822              359.5671307240652              254.5874565851263              
6840                           -1053.512712393295             4067.885912510777              5114.484523161114              -7.65824243306145              -0.7353128794677325            -1.000475509514319             6616.328428441991              0.000901925613750052           51.55887750141724              359.5597361788593              253.9715983879623              
6900                           -1510.032206191943             4013.773162533893              5041.856659643391              -7.552811737502885             -1.067719904008124             -1.419475247509801             6616.680087388635              0.0008067031967970007          51.56002348774627              359.5525087519548              253.2567597257803              
6960                           -1959.104140762874             3939.862855495569              4944.285417866389              -7.41008809687233              -1.394961102205733             -1.831579771555282             6617.137178345602              0.0007129557883141512          51.56153987098879              359.5455168162204              252.4508660372712              
7020                           -2398.510326152328             3846.513356284503              4822.245682106746              -7.230747856242127             -1.715427000787308             -2.234755871969541             6617.690549776636              0.0006296796666267762          51.56339721233863              359.5388242055097              251.5637393479528              
7080                           -2826.078548882682             3734.178735311621              4676.333181661234              -7.015646762659726             -2.02753815850271              -2.627010201035755             6618.329182087061              0.0005697414694282724          51.56555932386819              359.5324889360907              250.6069428649807              
7140                           -3239.693245774132             3603.406738355695              4507.261809787257              -6.765816820615943             -2.329752768209571             -3.006398909083085             6619.04041206172               0.0005478476848386731          51.56798396688796              359.5265620378361              249.5935903513                 
7200                           -3637.30596636684              3454.836300874763              4315.860365479992              -6.48246232439597              -2.620574211467841             -3.371037211358655             6619.810187240325              0.000572986116479145           51.57062367544633              359.5210865203081              248.5381235514769              
7260                           -4016.945565944638             3289.194613558451              4103.068727296764              -6.166955046516158             -2.898558526917223             -3.719108835962742             6620.623344829074              0.0006416106223831889          51.57342668903329              359.5160964965402              247.4560610066164              
7320                           -4376.728086940709             3107.293742917795              3869.933464565791              -5.82082855558835              -3.162321760801727             -4.048875312006603             6621.463909470664              0.000741464734592314           51.576337975984                359.5116164838333              246.3637227385989              
7380                           -4714.866285212648             2910.026808476913              3617.602888547898              -5.445771634079354             -3.41054716279588              -4.3586850505313               6622.315404033029              0.0008597474329518927          51.57930032686187              359.5076608972328              245.2779354719041              
7440                           -5029.678712205594             2698.363745568343              3347.321581240929              -5.043620821279648             -3.641992152894736             -4.646982124042416             6623.161167409493              0.0009866243448422407          51.58225549491629              359.5042337476603              244.2157240808701              
7500                           -5319.598337747346             2473.346650492474              3060.424398136171              -4.616352049287384             -3.855495035561361             -4.91231471368251              6623.984673550111              0.00111509473672612            51.5851453600651               359.5013285511959              243.193994777921               
7560                           -5583.180640482816             2236.084734055068              2758.329978764138              -4.166071400342878             -4.049981392043761             -5.153343136482601             6624.769845960687              0.001240082764484916           51.58791309173577              359.4989284520211              242.2292166609459              
7620                           -5819.111118067478             1987.7489024204                2442.53378972443               -3.695005005988306             -4.224470097803511             -5.368847385370734             6625.501362197477              0.001357738413591001           51.59050428609212              359.4970065563879              241.3371077375623              
7680                           -6026.212166453689             1729.565989584724              2114.600731728046              -3.205488124833722             -4.378078908366714             -5.557734110240007             6626.164943161837              0.001465022060041037           51.59286805369893              359.4955264702967              240.5323323329176              
7740                           -6203.449280403863             1462.812669037998              1776.157346299784              -2.699953448312516             -4.510029558107407             -5.719042970097745             6626.747622350263              0.001559476649580958           51.59495803489673              359.4944430290793              239.828216077567               
7800                           -6349.936530707835             1188.809075446528              1428.883661899229              -2.180918696428256             -4.619652318847443             -5.851952289521472             6627.237990597955              0.001639106930704386           51.59673332190511              359.4937032029153              239.2364850319636              
7860                           -6464.941278586783             908.9121676535316              1074.504719773933              -1.650973572623661             -4.706389969514284             -5.955783958305571             6627.626412270843              0.001702317278101931           51.59815926892718              359.4932471585937              238.7670345565803              
7920                           -6547.888086147307             624.5088840251557              714.7818447874452              -1.112766190109559             -4.76980112813025              -6.03000751377485              6627.905209279829              0.001747881128934687           51.59920817410748              359.4930094547838              238.4277334486478              
7980                           -6598.361805825223             337.0090986450829              351.5036725654823              -0.5689890067479624            -4.809562917460616             -6.074243369842294             6628.068809815459              0.001774927213881222           51.59985982039923              359.4929203454233              238.2242676621036              
8040                           -6616.109808897738             47.83845012281998              -13.5229756270906              -0.02236442992696885           -4.825472920959125             -6.088265139755006             6628.113859087809              0.001782934398847075           51.60010186522759              359.4929071641741              238.1600274382672              
8100                           -6601.043343938364             -241.5689197610735             -378.4823227769114             0.5243698089561524             -4.817450411579259             -6.072001031660648             6628.039289966355              0.001771730690932409           51.59993007248815              359.4928957615328              238.2360404153296              
8160                           -6553.238013565617             -529.7776955955427             -741.5589424913605             1.06847543686694               -4.785536837848117             -6.025534298188615             6627.846351910706              0.00174149419205282            51.59934838358771              359.4928119658018              238.4509522780681              
8220                           -6472.933364227485             -815.3587055515126             -1100.947039782375             1.607228392631977              -4.729895559457073             -5.949102732495313             6627.538597192622              0.001692755346981131           51.59836882756169              359.4925830391284              238.8010553673148              
8280                           -6360.531592415554             -1096.896214329404             -1454.859690827914             2.137933495059247              -4.650810835603192             -5.843097215706782             6627.121824041781              0.001626401227792064           51.59701127346625              359.4921391005751              239.2803645303138              
8340                           -6216.595377657173             -1372.995127297816             -1801.537959995385             2.657938870595293              -4.548686077859846             -5.70805933261806              6626.603977017762              0.001543684266123009           51.59530303112547              359.4914144892973              239.880738282779               
8400                           -6041.844859456074             -1642.288069293408             -2139.259847849259             3.164650040457901              -4.424041388531754             -5.544678083540432             6625.995005659463              0.001446240357722293           51.59327830910978              359.4903490425472              240.5920424422602              
8460                           -5837.15378197821              -1903.442295001243             -2466.349015695084             3.655543558094372              -4.277510413894944             -5.353785730961505             6625.306683212018              0.001336125546855039           51.59097754117212              359.488889265179               241.4023522146308              
8520                           -5603.544836477057             -2155.166390888887             -2781.183236156616             4.128180098043977              -4.109836549561486             -5.136352829491916             6624.552388040242              0.001215888290441387           51.58844659455468              359.4869893696023              242.2981881531359              
8580                           -5342.184237093164             -2396.216731113935             -3082.202522455712             4.580216907397553              -3.921868542101548             -4.893482496162994             6623.746851146228              0.001088708731010995           51.58573587541733              359.4846121676234              243.2647804071748              
8640                           -5054.375570101814             -2625.40365305552              -3367.916893213499             5.00941954351033               -3.714555536404557             -4.62640398474675              6622.905874012957              0.0009586621494655585          51.58289934819803              359.4817297982446              244.2863555213489              
8700                           -4741.552963202723             -2841.597319361168             -3636.913731254631             5.413672831019051              -3.488941624305458             -4.336465635286575             6622.046021776675              0.0008312016469742534          51.57999348703688              359.4783242784148              245.3464393109289              
8760                           -4405.273624070662             -3043.733238572841             -3887.864701474289             5.790990988380575              -3.246159952351198             -4.025127272776759             6621.184297440373              0.000713965480272926           51.57707617840741              359.4743878665705              246.4281695484924              
8820                           -4047.209788596819             -3230.817425535583             -4119.532204269713             6.139526898733665              -2.987426439706586             -3.693952119926363             6620.337803439597              0.0006177603319695191          51.57420559478264              359.4699232317683              247.5146119290112              
8880                           -3669.14014495144              -3401.93117035444              -4330.775325673385             6.457580483922668              -2.71403317422887              -3.344598310646539             6619.523397441411              0.0005563333606673592          51.57143905994472              359.4649434246169              248.5890729705461              
8940                           -3272.940796569627             -3556.235397695931             -4520.555261752759             6.743606171683891              -2.427341550161186             -2.978810084720202             6618.757349596624              0.0005414947147022998          51.56883192669959              359.4594716494361              249.6354038783711              
9000                           -2860.57576342696              -3692.974624053499             -4687.940226647826             6.996219499526299              -2.128775161404715             -2.59840868092006              6618.055008530244              0.0005740954723490929          51.56643648741598              359.4535408395281              250.6382897927278              
9060                           -2434.087173857497             -3811.480460877587             -4832.109780174547             7.214202792497183              -1.819812570865985             -2.205283081760852             6617.430483673287              0.0006424513134204208          51.5643009385853               359.4471930429532              251.5835190094895              
9120                           -1995.58506866334              -3911.174703615787             -4952.358624341441             7.39651002576288               -1.501979904939739             -1.801380544318047             6616.896350899788              0.0007311474526309281          51.56246841856429              359.4404786264522              252.4582279301158              
9180                           -1547.23701706406              -3991.571951776482             -5048.099801822422             7.54227080856669               -1.176843418316508             -1.388697101541425             6616.463388529873              0.0008278265893887841          51.56097613844267              359.433455312657               253.2511172788363              
9240                           -1091.257450577214             -4052.281797861818             -5118.867342778216             7.650793596582873              -0.8460019567185562            -0.9692679414613063            6616.140349692308              0.0009241687924182077          51.55985462315047              359.4261870648736              253.9526365503243              
9300                           -629.8968714057951             -4093.010553674878             -5164.31832208899              7.721568109661595              -0.5110794217336966            -0.5451577964471178            6615.933776624731              0.001014779360924216           51.55912707956237              359.418742840865               254.5551336452781              
9360                           -165.4309122927078             -4113.562528252801             -5184.234344536755             7.754267011727411              -0.1737172073065053            -0.1184513036270394            6615.847861309286              0.001096125760947335           51.55880890553055              359.4111952374601              255.0529676586712              
9420                           299.8506661975496              -4113.840850144626             -5178.522449709337             7.748746864713335              0.1644333473011339             0.3087566067198875             6615.884355857727              0.001165871429280485           51.55890735176632              359.4036190524089              255.4425832829975              
9480                           763.6550260598593              -4093.847837873013             -5147.215441544905             7.705048381579171              0.5017184976994294             0.7343703068836684             6616.042534815891              0.001222495663197171           51.55942134549115              359.3960897912255              255.7225458651101              
9540                           1223.697280609064              -4053.684919198934             -5090.471644101328             7.623395990379188              0.8364895996925428             1.1563030158605                6616.319210298587              0.00126507582111889            51.5603414816854               359.3886821495739              255.8935369324181              
9600                           1677.711490692829              -3993.552101124138             -5008.574086065089             7.50419671494582               1.167110594830184              1.5724863105553                6616.708799572254              0.001293155718902221           51.56165018430812              359.3814685021154              255.9583103798705              
9660                           2123.461586493351              -3913.746988398539             -4901.929111683265             7.34803836221558               1.491965468400245              1.980879593522369              6617.203443440288              0.001306658816278625           51.5633220362791               359.374517429866               255.9216102856608              
9720                           2558.752118949315              -3814.663362109965             -4771.064433991925             7.155687025331777              1.809465631030032              2.379479455062912              6617.793172476576              0.00130582431234254            51.56532427294165              359.367892318738               255.7900518842571              
9780                           2981.438878973265              -3696.78931117846              -4616.626620805225             6.92808386783592               2.118057270168468              2.766328987049507              6618.466117143136              0.001291154658388626           51.56761743033941              359.3616500588375              255.5719676017361              
9840                           3389.439281581112              -3560.704928460385             -4439.378029666861             6.666341186152006              2.416228611543437              3.13952697207664               6619.208756699219              0.001263368525073334           51.57015613554409              359.3558398744192              255.2772210730564              
9900                           3780.74249828108               -3407.07957257919              -4240.193193504199             6.371737722458151              2.702517089394867              3.497236945358805              6620.006201048007              0.001223356293187932           51.57289002303852              359.3505023104354              254.9169920292379              
9960                           4153.41928408486               -3236.668703334436             -4020.05466775892              6.045713210831206              2.975516392802004              3.837696087157366              6620.842498952499              0.001172136861463352           51.57576475791483              359.3456683987144              254.5035361699811              
10020                          4505.63145383888               -3050.310298812104             -3780.048350044618             5.689862139286961              3.233883356830835              4.159223905293018              6621.700965599757              0.001110815581215575           51.57872314398308              359.3413590226324              254.0499239444825              
10080                          4835.64096043864               -2848.920864605077             -3521.358286339232             5.305926715704735              3.476344661065614              4.460230659607791              6622.564522215608              0.001040543757746849           51.581706292747                359.3375844945365              253.5697633826021              
10140                          5141.818526971474              -2633.491047942004             -3245.260980785691             4.89578903272512               3.701703293436698              4.739225474490459              6623.416040363099              0.0009624805545947345          51.58465482768312              359.3343443551433              253.0769117990731              
10200                          5422.651786494485              -2405.080870680301             -2953.119227653022             4.461462432816969              3.908844734726181              4.994824082508438              6624.238683683091              0.0008777583836109027          51.5875100974337               359.3316273988895              252.5851822843351              
10260                          5676.75287408407               -2164.814605803168             -2646.375497657661             4.005082100014666              4.096742809357506              5.225756130249384              6625.016240101911              0.0007874530071101443          51.59021537128723              359.3294119239396              252.1080504818347              
10320                          5902.865434739139              -1913.875313495366             -2326.544899808654             3.528894894259194              4.264465159712942              5.430871992099537              6625.73343802727               0.0006925596341228933          51.59271699105056              359.3276662001003              251.6583678430588              
10380                          6099.871014935157              -1653.499041667017             -1995.207725768239             3.035248429363636              4.411178303058358              5.609149039854655              6626.376240643077              0.0005939763148293618          51.59496545471585              359.3263491429743              251.2480871674716              
10440                          6266.794746573162              -1384.968774041098             -1654.001683315992             2.52657955038724               4.536152185662046              5.759697262140166              6626.932112877797              0.0004924961244772587          51.59691640846958              359.3254111784687              250.8880065296189              
10500                          6402.81034755827               -1109.608090081741             -1304.613773943038             2.005402146852515              4.638764234561957              5.881764233075298              6627.390256721184              0.0003888105576713886          51.59853152727071              359.3247952768075              250.5875369122705              
10560                          6507.244364222816              -828.7746108010266             -948.7719095119445             1.474294452327657              4.718502835101052              5.974739341349864              6627.741810994834              0.000283531942108311           51.59977926591343              359.3244381325882              250.3544990234532              
10620                          6579.579639274036              -543.8532518733011             -588.2362957208708             0.9358858861207009             4.774970207329979              6.038157246476977              6627.980012661223              0.0001772795027205638          51.60063546638594              359.3242714641715              250.1949537014543              
10680                          6619.457978838567              -256.249323025709              -224.7906323876171             0.392843530359237              4.807884649149366              6.071700522991449              6628.10031746005               7.141447354149537e-05          51.60108381058415              359.3242234038183              250.1130700027697              
10740                          6626.681999584143              32.61848754514592              139.7668198143606              -0.1521416613851024            4.817082122239474              6.07520146383166               6628.100478426684              4.321788952787936e-05          51.60111611111507              359.3242199486761              250.1110339457719              
10800                          6601.216142814822              321.3252037626148              503.6322550916873              -0.6963688232020133            4.80251716420815               6.048643023616087              6627.980581552345              0.0001478844328409219          51.60073243656076              359.3241864422262              250.1890001676957              
10860                          6543.186848850984              608.4466854470323              865.0053674325137              -1.237141198263981             4.764263118305777              5.992158892671152              6627.743038511035              0.0002547842756317551          51.59994107114619              359.3240490559413              250.3450876239121              
10920                          6452.881889408511              892.566750725069               1222.098380610902              -1.771780130693351             4.702511678694728              5.906032700914412              6627.392536992082              0.0003611661424838079          51.59875831214493              359.3237362417867              250.5754194732845              
10980                          6330.748866934227              1172.284240247676              1573.144991323439              -2.297638894979731             4.617571760411985              5.790696365456328              6626.935949775294              0.0004663073830084541          51.59720811158668              359.3231801275863              250.8742062652582              
11040                          6177.392887999675              1446.220004475141              1916.409201527167              -2.812116303667707             4.509867705458957              5.646727597612407              6626.382204197188              0.0005695454282146539          51.59532157158381              359.3223178291734              251.2338704466947              
11100                          5993.57343455379               1713.02375402872               2250.193964270356              -3.312669959180258             4.379936850886777              5.474846604422598              6625.742114227065              0.0006701447283023461          51.5931363053007               359.3210926556301              251.6452093727094              
11160                          5780.200440400856              1971.380763076612              2572.849630123038              -3.796829113203051             4.228426476002949              5.275912007242982              6625.028177782709              0.0007672697450354981          51.5906956774183               359.319455186337               252.0975930580453              
11220                          5538.329630815179              2220.018344657688              2882.782092458468              -4.262206968043757             4.056090183660711              5.050916049781189              6624.254342584557              0.0008599820895864008          51.58804794034261              359.3173642017903              252.5791920801512              
11280                          5269.157123028096              2457.712116855969              3178.46065511565               -4.706512447028697             3.863783729792084              4.800979113423645              6623.435744105529              0.0009472494926505458          51.58524528304632              359.31478745265                253.0772307176085              
11340                          4974.013347835349              2683.291992310782              3458.425537917671              -5.127561304228925             3.652460360577474              4.527343617238893              6622.588419863494              0.001027963199415736           51.58234281116351              359.3117022549589              253.5782595172459              
11400                          4654.356323471663              2895.647876298035              3721.295001652109              -5.523286548539112             3.42316569653349               4.23136735301611               6621.729004673793              0.001100962093139946           51.57939747739744              359.3080959024055              254.0684416235899              
11460                          4311.764325755004              3093.735045469101              3965.772057752145              -5.891748138242655             3.177032211605141              3.914516317067307              6620.874411969952              0.001165062231555038           51.5764669818165               359.3039658896275              254.5338466105186              
11520                          3947.927999187511              3276.579184374946              4190.650734310165              -6.231141917340437             2.91527335481288               3.578357099588958              6620.041506725784              0.001219090612422878           51.57360866182434              359.299319943684               254.9607459625422              
11580                          3564.64195510175               3443.281059739129              4394.821873675794              -6.539807775545306             2.639177361239075              3.224548891211294              6619.246775885965              0.001261922093823973           51.57087839152998              359.2941758637978              255.3359040679461              
11640                          3163.795902891171              3593.02081548631               4577.278440746523              -6.816237024229427             2.350100796617252              2.854835162985648              6618.506002512624              0.001292518550371829           51.56832950996355              359.2885611725404              255.6468592172596              
11700                          2747.365364006155              3725.061872785263              4737.120322713807              -7.059078986811151             2.049461879283285              2.471035075302533              6617.833950064175              0.001309969583216444           51.56601179712239              359.282512584555               255.882189085868               
11760                          2317.402017469406              3838.754423062689              4873.558605693464              -7.267146811707411             1.738733618923457              2.07503466559778               6617.244063298373              0.001313534465625605           51.5639705161105               359.2760753018862              256.0317559178757              
11820                          1876.023704198687              3933.538508644016              4985.919321784704              -7.439422529670749             1.419436791958861              1.668777839712021              6616.748192204098              0.001302685577155431           51.56224553863002              359.2693021475008              256.0869268943761              
11880                          1425.404169687789              4008.946672669093              5073.646644552368              -7.57506135348049              1.093132806870855              1.254257234440553              6616.356345220449              0.00127715451156133            51.5608705702003               359.262252552165               256.0407658118038              
11940                          967.7625600330862              4064.60618088619               5136.305536330779              -7.673395254868347             0.7614164618394959             0.833504953868539              6616.076477492585              0.001236983632460616           51.55987248973854              359.2549914116769              255.8881927620705              
12000                          505.352726915509               4100.240805743425              5173.583836045483              -7.733935827982075             0.4259086222970508             0.4085832143914064             6615.914319422417              0.001182588644371743           51.55927081669546              359.2475878345555              255.6261090671642              
12060                          40.45238183241983              4115.672169040868              5185.29378338816               -7.7563764547717               0.08824883128056524            -0.01842508533733647           6615.873249960197              0.001114842849064067           51.55907731691556              359.24011380253                255.2534853037414              
12120                          -424.6478589033745             4110.820639464154              5171.372975287274              -7.74059378181563              -0.2499121366398378            -0.4454258558265081            6615.954218183805              0.00103520326223827            51.55929575615745              359.2326427683286              254.7714109423951              
12180                          -887.6554972213944             4085.705781874995              5131.884751328242              -7.686648512082871             -0.5869197694628163            -0.8703233586951847            6616.155715624537              0.0009459165177737245          51.55992180769388              359.2252482170224              254.183104558766               
12240                          -1346.287203238477             4040.446355697104              5067.018005380862              -7.594785508246592             -0.9211233526133211            -1.291029789560841             6616.473800608337              0.0008503739134079567          51.56094311762729              359.2180022186192              253.4938844256585              
12300                          -1798.279852802766             3975.259859788892              4977.086420748938              -7.465433196181035             -1.25088353865463              -1.705474893830685             6616.902174607766              0.0007537288268345215          51.56233952855534              359.2109740003885              252.7110995640542              
12360                          -2241.401494928569             3890.461624599106              4862.527130792322              -7.299202256038942             -1.574579931351485             -2.111615588838351             6617.432309261897              0.0006638866525340027          51.56408345897842              359.2042285680282              251.8440223749776              
12420                          -2673.462251291226             3786.463442798658              4723.898793864055              -7.096883562014275             -1.89061870501478              -2.507445617621801             6618.053621476741              0.0005926096157654052          51.5661404327723               359.1978254034346              250.903703993461               
12480                          -3092.325019138582             3663.771753167743              4561.879103426645              -6.859445371911361             -2.197440181240463             -2.891005135422302             6618.753692617334              0.0005549451371532942          51.56846974927562              359.1918172678779              249.9027949065257              
12540                          -3495.916033022905             3522.985358813133              4377.261708579569              -6.588029696507074             -2.493526415430476             -3.260390293328945             6619.518526864927              0.0005633993042725856          51.57102528203534              359.1862491347354              248.8553330325585              
12600                          -3882.235150273121             3364.792699901713              4170.952572870502              -6.283947851881461             -2.777408701514933             -3.613762702814808             6620.332842573035              0.0006190392678397723          51.5737563904442               359.1811572764656              247.7765030935789              
12660                          -4249.3658529833               3189.968677172214              3943.965766931834              -5.948675149517479             -3.047674991543837             -3.949358775565095             6621.180389795918              0.0007113221832435734          51.57660892627468              359.1765685253833              246.6823708172897              
12720                          -4595.484913487893             2999.371029631739              3697.418700317761              -5.58384469357091              -3.302977188166455             -4.265498884400607             6622.04428651929               0.0008265542984918087          51.57952631460638              359.172499724889               245.5895966601929              
12780                          -4918.871643457148             2793.936288680187              3432.526822198732              -5.19124029302987              -3.542038243108586             -4.560596260310724             6622.907365683899              0.0009535008363332344          51.58245068649063              359.1689573838904              244.5151341815772              
12840                          -5217.916710445979             2574.675302044408              3150.597783083883              -4.77278844516323              -3.763659037072652             -4.83316559318355              6623.752525125072              0.001084106397829279           51.58532403982218              359.1659375418691              243.4759182740008              
12900                          -5491.130430831575             2342.668362230857              2853.025103234997              -4.330549431330526             -3.966724957354334             -5.081831230639632             6624.563072505176              0.00121261573100963            51.58808940354784              359.1634258481076              242.48854961093                
12960                          -5737.150508628161             2099.059946505611              2541.281357464731              -3.866707519743168             -4.150212131049417             -5.30533492112983              6625.323057817656              0.001334745331331388           51.59069198066573              359.1613978530607              241.5689811108296              
13020                          -5954.749159374956             1845.053095638653              2216.910912099705              -3.383560315856036             -4.31319324731188              -5.502543017487384             6626.017586533388              0.001447167224011087           51.59308024572235              359.1598195053699              240.7322131822339              
13080                          -6142.839570568161             1581.903457103521              1881.522247755159              -2.883507305775401             -4.454842910146519             -5.67245306741123              6626.633107221937              0.001547221770879097           51.59520697370896              359.1586478432925              239.9920038511118              
13140                          -6300.48165197952              1310.913022629934              1536.779906869413              -2.369037653739173             -4.574442464617269             -5.814199719479634             6627.157668347047              0.001632763912043374           51.59703017894826              359.1578318650629              239.3606003606565              
13200                          -6426.887032640826             1033.423594938439              1184.396111129777              -1.842717331324629             -4.671384242867415             -5.927059878114843             6627.581139886102              0.001702082305992675           51.59851394476697              359.1573135588558              238.8484979778495              
13260                          -6521.423270238919             750.8100121662229              826.1220858042135              -1.307175650559741             -4.745175184966063             -6.010457051792376             6627.89539643158               0.00175385744681548            51.59962912745952              359.157029069787               238.464231745068               
13320                          -6583.617233667062             464.4731813715532              463.7391569606693              -0.7650913220410342            -4.795439788263367             -6.063964838083666             6628.094459381485              0.001787140263755223           51.60035392091888              359.156909978753               238.2142058916852              
13380                          -6613.157638029892             175.8329610802442              99.04967281364172              -0.2191781417530361            -4.821922355934099             -6.087309510370671             6628.174596807527              0.001801341157713184           51.60067427169491              359.1568846659567              238.1025651166883              
13440                          -6609.896714816386             -113.6790898494002             -266.1322282472604             0.3278296294391491             -4.82448852193414              -6.080371678687182             6628.134380453718              0.001796224084255324           51.60058413762345              359.1568797307041              238.131110761532               
13500                          -6573.850996754419             -402.6270067568531             -629.989888226675              0.8731919897119937             -4.803126029893436             -6.043187000170958             6627.974700033924              0.001771902983458134           51.6000855864061               359.1568214385836              238.299264070085               
13560                          -6505.201219102581             -689.5777569742335             -990.7134381282305             1.41417798976048               -4.75794476518199              -5.975945938984589             6627.698735720272              0.001728839612345394           51.59918873411454              359.1566371671435              238.6040774454395              
13620                          -6404.291334751866             -973.1085493066013             -1346.509053826658             1.948080427414522              -4.689176038838752             -5.878992577419274             6627.311890224929              0.001667843210136724           51.59791152667229              359.1562568219917              239.0402935171351              
13680                          -6271.626653208804             -1251.81407950579              -1695.60811396585              2.472230344609112              -4.59717113561553              -5.752822495779489             6626.821682327188              0.001590073883954609           51.59627937036785              359.1556141964509              239.600450705404               
13740                          -6107.87111853377              -1524.313667155071             -2036.276203538528             2.984011213801723              -4.482399145285328             -5.598079747679544             6626.237604081738              0.001497053618540877           51.59432462025479              359.1546482496336              240.2750327246758              
13800                          -5913.843748059851             -1789.258241590802             -2366.821909738389             3.480872708657034              -4.345444104375559             -5.415552967367482             6625.57094422844               0.001390692111281897           51.5920859376341               359.1533042798903              241.0526586271544              
13860                          -5690.514259792231             -2045.337136480712             -2685.605359328393             3.96034396188202               -4.187001482580364             -5.206170654526146             6624.834580605547              0.001273340529600274           51.58960752995154              359.1515349729821              241.9203087992073              
13920                          -5438.997921946775             -2291.284654925806             -2991.046449733382             4.420046222253694              -4.007874054359813             -4.970995689728075             6624.042744625927              0.001147897168136829           51.58693828818944              359.1493013068925              242.8635818531175              
13980                          -5160.549661370351             -2525.886370872036             -3281.632731095605             4.857704835676808              -3.808967200339498             -4.711219138655666             6623.210761145422              0.001018008800463696           51.58413083825248              359.1465732979497              243.8669763866001              
14040                          -4856.557485736598             -2747.985124691274             -3555.926886905662             5.271160466231744              -3.591283697290618             -4.42815342125743              6622.354767397219              0.0008884438598387479          51.58124052412261              359.1433305758978              244.9141914491302              
14100                          -4528.535228561415             -2956.48671249693              -3812.573812570096             5.658379557053354              -3.355918023235686             -4.123224879635883             6621.491414864582              0.000765744107635808           51.57832434092476              359.1395627779199              245.9884391756414              
14160                          -4178.114728598983             -3150.365194005871             -4050.307198975587             6.017463897854213              -3.104050277443752             -3.79796587352428              6620.637558635131              0.0006591705338916244          51.57543983762058              359.1352697555896              247.0727627276747              
14220                          -3807.037439296504             -3328.667841871465             -4267.955649664091             6.346659355038436              -2.836939731397432             -3.454006422795811             6619.809938836446              0.0005812648250492847          51.57264400826454              359.1304615904558              248.150353272631               
14280                          -3417.145534752146             -3490.519695535997             -4464.448286074352             6.644363714470352              -2.555918075749525             -3.093065480282113             6619.024859394938              0.0005454174134695963          51.56999219161541              359.1251584175679              249.2048595210417              
14340                          -3010.372592820372             -3635.127692444828             -4638.819807967694             6.909133611146155              -2.262382436391403             -2.716941927950669             6618.297869757393              0.0005579772198310578          51.56753699889138              359.1193900595261              250.2206838062575              
14400                          -2588.73387333959              -3761.784381705568             -4790.215015612853             7.139690584241469              -1.95778818462045              -2.327505327390047             6617.643455416634              0.0006120815519188488          51.56532728870692              359.1131954758714              251.1832594108191              
14460                          -2154.316265166286             -3869.871199013761             -4917.892768278681             7.33492625116444               -1.643641602830114             -1.926686502449884             6617.074743487565              0.0006929514580156785          51.56340720816557              359.106622036334               252.0793040457029              
14520                          -1709.267947661716             -3958.861298505953             -5021.229374290407             7.493906627855851              -1.321492442799562             -1.516468000474816             6616.603229630738              0.0007866616874474464          51.56181531815999              359.099724629274               252.8970453222237              
14580                          -1255.787817944669             -4028.321935821627             -5099.721406287941             7.615875621022138              -0.9929264132202197            -1.09887447804419              6616.238532631452              0.0008832866130794272          51.56058381994357              359.092564619752               253.6264145080995              
14640                          -796.1147327185253             -4077.916399062146             -5152.987938323808             7.700257721806411              -0.6595576265938683            -0.6759630488649475            6615.988182720586              0.00097631999641275            51.55973789872306              359.0852086747322              254.2592056693547              
14700                          -332.516611677977              -4107.405485964542             -5180.77220347195              7.746659931095934              -0.3230210297176538            -0.2498136240014828            6615.857449310223              0.001061514412073852           51.55929519836                 359.0777274758247              254.7891979351834              
14760                          132.7205487380983              -4116.648526897691             -5182.942672297602             7.754872945130686              0.01503516104153505            0.1774807291091843             6615.849213184822              0.001136059674564859           51.55926543925708              359.0701943427803              255.212239268596               
14820                          597.3037313164413              -4105.603954248934             -5159.493553178837             7.724871625785455              0.3529570231666587             0.6038234134631316             6615.963887342548              0.001198100685205247           51.55965018914468              359.062683792986               255.5262909119374              
14880                          1058.943912615248              -4074.329419459003             -5110.544718225266             7.656814776174217              0.6890924301964696             1.027123839500397              6616.199389626232              0.00124646331654722            51.56044279373103              359.0552700657955              255.7314320783134              
14940                          1515.367110794387              -4022.981458934246             -5036.341054727008             7.551044230694508              1.021798569843598              1.445306969550877              6616.551169081115              0.001280493496742985           51.56162847121175              359.0480256391097              255.829825359895               
15000                          1964.325297092155              -3951.814713193935             -4937.251251039866             7.408083271003419              1.349449378237538              1.856322743410468              6617.01228657748               0.001299955523310346           51.5631845711861               359.0410197706447              255.8256437145701              
15060                          2403.607229012633              -3861.180698833484             -4813.766015152873             7.228634357463862              1.670442955660363              2.258155466904887              6617.573548840314              0.001304960677519847           51.56508099520083              359.0343170929462              255.7249604620647              
15120                          2831.049119365037              -3751.526136597094             -4666.495731849604             7.013576167394088              1.98320892276891               2.648833110879117              6618.223693508698              0.001295910802075059           51.56728077240633              359.0279762931605              255.5356043904831              
15180                          3244.545095997188              -3623.390842520434             -4496.167568211634             6.763959930387353              2.286215702969746              3.026436501686834              6618.949621368125              0.001273448803904004           51.56974078015023              359.0220489066695              255.2669825917155              
15240                          3642.05742906218               -3477.405182742707             -4303.622028764432             6.481005032690046              2.577977728901867              3.389108399360524              6619.736670576355              0.001238412027108496           51.57241259596603              359.0165782513882              254.929873914567               
15300                          4021.626469865144              -3314.287099364893             -4089.808970839457             6.166093871851547              2.857062542396707              3.735062423695341              6620.568926417228              0.001191786712690629           51.57524346402183              359.011598527239               254.5361969339883              
15360                          4381.38025792755               -3134.83871414571              -3855.783089771156             5.820765939220323              3.122097761363367              4.062591793539707              6621.429559102373              0.001134663110860653           51.57817735619697              359.0071341016344              254.098756153875               
15420                          4719.543749362336              -2939.942519023298             -3602.698886437091             5.446711111818578              3.371777879127484              4.370077834664514              6622.301181333785              0.001068191656389775           51.58115610546969              359.0031989977201              253.6309713309547              
15480                          5034.447618712535              -2730.557164698253             -3331.805132549917             5.045762141147596              3.60487085586189               4.65599820428043               6623.166216818783              0.0009935411557848528          51.58412058736001              358.9997965975271              253.1465944722122              
15540                          5324.536585588122              -2507.712861355041             -3044.438852756338             4.619886335488717              3.820224456359                 4.918934773682969              6624.007270700462              0.0009118602711505805          51.58701192384665              358.9969195671832              252.659420153318               
15600                          5588.377219161408              -2272.506407209733             -2742.018844636355             4.171176440525434              4.016772285573821              5.157581107157308              6624.807492948447              0.0008242437637658203          51.58977268354188              358.9945500061208              252.1829943416187              
15660                          5824.665172444004              -2026.095864267858             -2426.038762423104             3.70184073661405               4.193539469334877              5.37074947052102               6625.550926121241              0.0007317049982331474          51.59234805192711              358.9926598169806              251.7303278089175              
15720                          6032.231793316578              -1769.694912469424             -2098.059805287644             3.214192400716299              4.349647921705404              5.557377295916076              6626.222829533673              0.0006351561189008253          51.59468694610072              358.9912112877868              251.3136196609366              
15780                          6210.050087654121              -1504.566888576437             -1759.703019137335             2.710638141358731              4.484321160664009              5.716533054177798              6626.809972825899              0.0005353971130481447          51.59674305015932              358.9901578729063              250.9439969077102              
15840                          6357.239970823611              -1232.018562232804             -1412.64127987677              2.193666210285497              4.596888604626227              5.847421451432279              6627.300892878046              0.0004331148718209602          51.59847574889621              358.9894451551214              250.6312756725938              
15900                          6473.072786662374              -953.3936659265878             -1058.590980139462             1.665833833415541              4.686789315439637              5.949387907161507              6627.686109324817              0.0003288940326662638          51.59985094039656              358.9890119669239              250.3837491588502              
15960                          6556.975056457288              -670.0662189626363             -699.3034713671813             1.129754154402823              4.753575143119589              6.021922259086685              6627.958295169302              0.0002232474687307356          51.60084171094316              358.9887916459379              250.2080073539628              
16020                          6608.531432152641              -383.4336815444086             -336.5563078137286             0.5880827813755075             4.796913239110182              6.064661654791409              6628.112400295076              0.0001167360749128369          51.60142885898031              358.9887133967304              250.1087924726653              
16080                          6627.486832922833              -94.90997768053904             27.85565775045609              0.04350403601377575            4.816587911827521              6.077392599103852              6628.14572694918               1.504453811215062e-05          51.60160125848739              358.9887037293781              250.0888937144473              
16140                          6613.747750347796              194.081573037245               392.1292753112292              -0.5012829912028364            4.812501806429627              6.060052136789658              6628.057957439035              0.0001000826770546529          51.60135605580956              358.9886879440374              250.1490838164482              
16200                          6567.382713512739              482.1153749455646              754.4621449406106              -1.043578475424326             4.784676399063657              6.012728160690727              6627.851135329406              0.000207511035862887           51.60069869771736              358.9885916304109              250.2880990969661              
16260                          6488.621913357224              767.7706791951239              1113.061649263172              -1.580695862846993             4.733251805277629              5.935658847771356              6627.529602320446              0.0003147418195213997          51.59964279214838              358.9883421513393              250.5026635877966              
16320                          6377.855986790152              1049.638687473481              1466.153942194901              -2.109975778078347             4.658485907186653              5.829231230678478              6627.09989367602               0.0004210597716805886          51.59820980649032              358.9878700807774              250.7875568794389              
16380                          6235.633975682566              1326.329569377592              1811.992809107511              -2.628799683296477             4.560752816805048              5.693978930499155              6626.570595641825              0.0005258238481293794          51.59642861160994              358.9871105680468              251.1357241912274              
16440                          6062.660475362482              1596.479373082364              2148.868372667219              -3.134603231006757             4.440540696187625              5.530579078474354              6625.952168638878              0.0006283128503500315          51.59433488269938              358.9860046023954              251.5384263062269              
16500                          5859.791991528418              1858.756789813191              2475.11559457323               -3.624889220415291             4.298448959843195              5.339848461243192              6625.256740222921              0.0007277023091973225          51.59197037049965              358.9845001544368              251.9854259582125              
16560                          5628.032532749037              2111.869732305528              2789.122523224085              -4.097240071651392             4.135184892389691              5.122738933620664              6624.497871931256              0.000823063590697614           51.58938205874134              358.9825531739685              252.4652065519776              
16620                          5368.528475221899              2354.571688471108              3089.338238894167              -4.549329739101088             3.951559722295198              4.880332152717014              6623.69030416705               0.0009133734024150065          51.58662122545373              358.9801284268814              252.9652182403524              
16680                          5082.562727463828              2585.667828565601              3374.280469366684              -4.978935022045111             3.748484186759024              4.613833679034061              6622.849683194645              0.0009975307335370542          51.58374242695771              358.9772001570813              253.4721460721685              
16740                          4771.548236802475              2804.020830954923              3642.542832671961              -5.383946211100985             3.526963632691235              4.324566503147104              6621.992274324497              0.001074379701438667           51.58080242454135              358.9737525628715              253.9721941579855              
16800                          4437.020877992104              3008.556401103921              3892.801675591269              -5.762377031594795             3.288092697194196              4.013964054065925              6621.134665319804              0.001142737116295934           51.57785907429899              358.9697800806159              254.451379960039               
16860                          4080.631767131753              3198.268459888796              4123.822478542282              -6.112373852289525             3.033049611934195              3.683562746430215              6620.293464076828              0.001201423724937517           51.57497020091864              358.9652874719718              254.8958322810886              
16920                          3704.139045682012              3372.223979991869              4334.465800876692              -6.432224137032397             2.763090175449495              3.334994123022172              6619.484994695887              0.001249298232337789           51.57219247613534              358.9602897143189              255.292087006359               
16980                          3309.39918173966               3529.567451277538              4523.692743398628              -6.720364124612836             2.479541437187273              2.969976648550392              6618.724996183403              0.001285293365273314           51.56958032223368              358.9548116973258              255.6273744227246              
17040                          2898.357826291601              3669.524962276927              4690.569912568922              -6.97538573674527              2.183795127896499              2.590307198710069              6618.028328172531              0.001308453458934493           51.56718486031954              358.9488877316197              255.889892643163               
17100                          2473.040295300531              3791.407874896408              4834.273859027327              -7.196042698323745             1.877300892043117              2.197852315452525              6617.408688303553              0.001317973341319623           51.56505292244234              358.9425608790604              256.0690616984884              
17160                          2035.541690822267              3894.61609403311               4954.094992721258              -7.381255900743461             1.561559333366934              1.794539241997448              6616.878345988333              0.001313238736423029           51.56322614519827              358.9358821162575              256.1557536978617              
17220                          1588.016726367331              3978.640913335561              5049.440952372021              -7.530118002265939             1.238114918629754              1.382346794840027              6616.44789754927               0.001293869106731036           51.56174016151689              358.9289093464641              256.1424947469932              
17280                          1132.66930623492               4043.06743001833               5119.839421390037              -7.641897280569624             0.9085487699867868             0.9632961110386257             6616.126047751855              0.001259765054448865           51.56062390565459              358.9217062775161              256.0236350738442              
17340                          671.7418895328902              4087.576525837228              5164.940387206979              -7.716040758440214             0.5744713590523168             0.5394412869894649             6615.919422726618              0.001211164507560737           51.55989904459906              358.9143411855899              255.7954843970056              
17400                          207.5046896535286              4111.946406986432              5184.517836000149              -7.752176612802128             0.2375151266903295             0.1128599390177237             6615.8324191027                0.001148715773840254           51.55957954721168              358.9068855871919              255.4564102372615              
17460                          -257.7552496203696             4116.053699306727              5178.470879149218              -7.750115879691975             -0.100672957529443             -0.3143562966771377            6615.867093834727              0.001073582763265447           51.55967140015282              358.8994128436065              255.0068974784299              
17520                          -721.7450593944113             4099.874095553585              5146.824308253909              -7.709853463023507             -0.4384388843685753            -0.7401113096891775            6616.023098645784              0.000987611358903484           51.56017247718899              358.8919967237687              254.4495682593915              
17580                          -1182.177090660668             4063.482552112942              5089.728576357809              -7.631568449729407             -0.7741291328128018            -1.162314094277808             6616.297662259745              0.0008936112959683577          51.56107256579838              358.8847099527796              253.7891617186815              
17640                          -1636.779955652782             4007.053033338048              5007.459204075666              -7.515623728146541             -1.106098227039771             -1.578888348673799             6616.685622640579              0.0007958498471904446          51.56235355211226              358.8776227741982              253.0324740355509              
17700                          -2083.309532432062             3930.857800754183              4900.415607925476              -7.362564896879537             -1.432716320235184             -1.987782091314812             6617.179510326256              0.0007008924172846339          51.56398976223007              358.8708015543872              252.1882594490198              
17760                          -2519.559874619622             3835.266247378277              4769.119352584222              -7.173118449857868             -1.752376783790254             -2.386977266114736             6617.769682639204              0.000618795879947643           51.56594845475552              358.8643074573325              251.2670940186335              
17820                          -2943.373977786655             3720.743280745307              4614.211832806714              -6.948189222122354             -2.06350378515565              -2.774499314791941             6618.444507147282              0.0005637295686925412          51.56819045619311              358.8581952173304              250.2812040285289              
17880                          -3352.654408269487             3587.847242009104              4436.451368971022              -6.688857042711116             -2.364559874274919             -3.148426739599879             6619.19059140337               0.0005508013849665415          51.57067092806055              358.8525120346077              249.2442617542247              
17940                          -3745.373666981051             3437.227380742218              4236.7097442132                -6.396372599517409             -2.654053496665027             -3.506900552526608             6619.993054361191              0.000587070057853654           51.57334025095545              358.8472966187662              248.1711520551771              
18000                          -4119.58429952992              3269.62087630553               4015.96817147284               -6.07215246037221              -2.930546447927822             -3.848133627696816             6620.83583370335               0.0006660530940290651          51.57614500866783              358.8425784000596              247.0777132858639              
18060                          -4473.428678147819             3085.849415922372              3775.312705215533              -5.71777323120529              -3.192661216161613             -4.170419888290243             6621.702021985685              0.0007740395743139495          51.57902905264104              358.8383769264021              245.9804572477105              
18120                          -4805.148406572665             2886.815336549991              3515.929108172497              -5.334964826407179             -3.439088171899579             -4.472143275760193             6622.574223539321              0.0008981903897965763          51.58193462514416              358.834701459753               244.8962726585723              
18180                          -5113.093294108055             2673.497341151652              3239.097188027734              -4.92560283590737              -3.668592556075322             -4.751786437846923             6623.434923320749              0.001029023405974323           51.58480351795524              358.8315507812771              243.842117805646               
18240                          -5395.7298444563               2446.94580311323               2946.184623000836              -4.491699984075648             -3.880021211008471             -5.007939065202923             6624.2668584642                0.001159834847266695           51.58757824233923              358.8289132100965              242.8347076832206              
18300                          -5651.649203046028             2208.277677959406              2638.640302186974              -4.035396692200611             -4.072308993687583             -5.239305799673086             6625.053383177587              0.001285736200188473           51.59020318565721              358.82676683573                241.8902019497737              
18360                          -5879.574519940998             1958.671033187082              2317.987195698021              -3.558950748020272             -4.244484817361734             -5.444713645609208             6625.77881789744               0.001402995386688063           51.59262573026202              358.8250799593959              241.0238994714737              
18420                          -6078.367656288879             1699.359238068953              1985.814809570578              -3.064726153687739             -4.395677243455672             -5.623118787050564             6626.42877408795               0.001508662241721143           51.59479731081384              358.8238117349639              240.2499460725312              
18480                          -6247.035198963309             1431.624835365598              1643.771254392904              -2.555181194233224             -4.525119572312793             -5.773612746394988             6626.990447035768              0.001600367819680652           51.59667438786971              358.8229129955537              239.5810613137792              
18540                          -6384.733746083962             1156.79311323022               1293.554952064172              -2.032855770634122             -4.632154380502439             -5.895427819326277             6627.452870110305              0.001676219288242477           51.59821931751596              358.8223272478472              239.0282903879661              
18600                          -6490.774410143913             876.2254223322105              936.9060392643851              -1.500358100780494             -4.71623744194347              -5.987941709096885             6627.807125206684              0.001734745538847628           51.59940109898979              358.8219918127002              238.6007865985466              
18660                          -6564.626500922342             591.312289985161               575.5975343693285              -0.9603509113311084            -4.776940984068501             -6.050681301524869             6628.046505579715              0.001774869052751172           51.60019598520508              358.8218390874916              238.3056295086044              
18720                          -6605.92037165745              303.4663503875971              211.4262927892424              -0.4155371870511588            -4.81395625032363              -6.083325546038801             6628.166628813759              0.001795890804235627           51.60058794437001              358.8217979032473              238.1476829070571              
18780                          -6614.449399094497             14.1151449412467               -153.7961799843594             0.1313543854419327             -4.827095334447741             -6.085707402619837             6628.165499120142              0.001797481114140399           51.60056896413852              358.8217949479373              238.1294961729254              
18840                          -6590.171083881042             -275.3061651714577             -518.253003607751              0.6775841628132345             -4.816292268545428             -6.057814834973876             6628.043519551019              0.001779672848436673           51.60013919326992              358.8217562263364              238.2512514387508              
18900                          -6533.207263655218             -563.3621290585852             -880.1312288584015             1.220416356299524              -4.781603355985514             -5.999790841903105             6627.803455971234              0.001742855503188538           51.59930691933533              358.8216085265386              238.510758033819               
18960                          -6443.843438527692             -848.6243335099806             -1237.631116722154             1.757133787168533              -4.723206750157735             -5.911932531531946             6627.450355672119              0.001687770262717391           51.5980883844665               358.821280863601               238.9034945299354              
19020                          -6322.527214903835             -1129.678684733927             -1588.975336108485             2.285052471439192              -4.641401289001694             -5.794689254143231             6626.991424328122              0.001615507546433941           51.59650744444041              358.8207058718085              239.4226975506472              
19080                          -6169.865887032414             -1405.132588632722             -1932.418009891237             2.801535898742135              -4.536604608456969             -5.648659826692863             6626.435865606385              0.001527510320514061           51.59459507956426              358.8198211186687              240.0594954506796              
19140                          -5986.623164251782             -1673.622015239141             -2266.253590951913             3.304008952804014              -4.409350553737412             -5.474588874578914             6625.794688021636              0.001425589124948641           51.59238876837463              358.8185703157525              240.8030838685372              
19200                          -5773.715083428671             -1933.818372858059             -2588.825474969528             3.789971313598144              -4.260285931297412             -5.273362349378362             6625.080483869145              0.001311959419825126           51.58993173794493              358.8169044040711              241.6409391785583              
19260                          -5532.205140001214             -2184.435165416055             -2898.534317068726             4.257010277330119              -4.090166642741879             -5.046002276735158             6624.30718499157               0.001189320310392631           51.58727210653086              358.8147824945559              242.5590649311225              
19320                          -5263.298650329622             -2424.234420601774             -3193.846036671357             4.702812962232548              -3.899853228180283             -4.793660770347462             6623.489799889532              0.001061009241203615           51.58446193564685              358.8121726469643              243.5422659670421              
19380                          -4968.336423787203             -2652.032811553037             -3473.299414895458             5.125177753161398              -3.690305893272312             -4.517613410138311             6622.644136664031              0.0009312940634056569          51.58155621072962              358.809052474318               244.5744437759922              
19440                          -4648.787758789389             -2866.707478700213             -3735.51329294469              5.522025000262819              -3.462579049151851             -4.219252021446485             6621.786515785131              0.0008058983129428512          51.57861176968408              358.8054095627669              245.6389069583347              
19500                          -4306.242824754418             -3067.201507164735             -3979.193316628123             5.891406896749345              -3.217815427325497             -3.900076936020797             6620.933476593119              0.0006928371069115791          51.57568619965557              358.8012417004579              246.7186898376631              
19560                          -3942.404476232099             -3252.529039919858             -4203.138203052644             6.231516512204961              -2.957239819517005             -3.561688798914592             6620.101481195744              0.000603268913168335           51.57283672247038              358.7965569122643              247.7968727579009              
19620                          -3559.079550942821             -3421.780005402126             -4406.245503785838             6.540695959603665              -2.682152494776254             -3.205779988253145             6619.306619344113              0.000550627858853342           51.57011908910868              358.7913733005018              248.8568972862895              
19680                          -3158.169704087305             -3574.124441741454             -4587.516843215832             6.817443684855719              -2.393922344639074             -2.834125712608029             6618.564317870337              0.0005448037847912209          51.56758650325189              358.7857186950301              249.8828702492674              
19740                          -2741.661831680198             -3708.816402766131             -4746.062614635987             7.060420876843784              -2.093979805030199             -2.448574847791941             6617.88905837022               0.0005839600161929119          51.56528859333047              358.7796301192574              250.8598505595919              
19800                          -2311.618135715577             -3825.19743373309              -4881.106120127729             7.268457004053443              -1.783809600874827             -2.05104057119935              6617.29410699533               0.0006553824940053257          51.56327045164886              358.7731530815933              251.7741136657569              
19860                          -1870.165880567902             -3922.699608006161             -4991.987144367145             7.440554492102291              -1.464943353797014             -1.643490844519415             6616.791260446218              0.0007443652117301633          51.56157175807261              358.7663407047929              252.6133887768619              
19920                          -1419.486901294538             -4000.84811549035              -5078.164952283434             7.575892557220347              -1.138952097975229             -1.227938801543104             6616.390612518053              0.0008395905529473735          51.56022600449798              358.7592527085645              253.3670649028691              
19980                          -961.8069027267463             -4059.263401511213             -5139.220709858855             7.673830225210508              -0.8074387298400943            -0.8064330728965681            6616.100345727647              0.0009334891471161726          51.55925983467997              358.7519542631733              254.0263623454521              
20040                          -499.3845856258026             -4097.662852662683             -5174.859324564226             7.733908560289532              -0.472030411515463             -0.3810480723680336            6615.926552703105              0.001021123190306931           51.5586925122885               358.7445147341385              254.5844670799788              
20100                          -34.5006942542268              -4115.862022661105             -5184.910699149385             7.755852120940563              -0.1343709862375816            0.04612568186006241            6615.873092029502              0.001099231038357519           51.55853552812426              358.7370063413429              255.0366261280988              
20160                          430.5530260318896              -4113.775406457456             -5169.330408798764             7.739569682217579              0.2038866161775983             0.4729912396327589             6615.941483008944              0.001165640040610361           51.55879235492796              358.7295027561364              255.3802028332002              
20220                          893.4848850912903              -4091.41675819041              -5128.19979810722              7.685154237524658              0.5410879456290397             0.8974548367469962             6616.130843462116              0.001218932103087502           51.55945835595671              358.722077663061               255.6146916686757              
20280                          1352.014283206233              -4048.898956210596             -5061.72550286622              7.592882300210466              0.8755845638966202             1.317435451201192              6616.437874080704              0.001258251722289522           51.56052085066909              358.7148033133896              255.7416927282602              
20340                          1803.882684096075              -3986.43341744775              -4970.238400628466             7.463212516678785              1.205741534156566              1.730874286985928              6616.856891980359              0.001283189720576008           51.56195933798778              358.7077490985668              255.7648469911373              
20400                          2246.86448420611               -3904.329063889576             -4854.191994680948             7.296783596052656              1.529944859810084              2.135744175019427              6617.3799150679                0.001293706110525018           51.56374587456302              358.7009801718472              255.6897336818884              
20460                          2678.777737242384              -3802.99084444811              -4714.160236707392             7.094411554479517              1.846608864644243              2.530058880662878              6617.996797569311              0.001290072471782176           51.56584560232811              358.6945561461011              255.5237320857095              
20520                          3097.494692604177              -3682.917816011825             -4550.834794116974             6.857086265460101              2.154183504650032              2.911882304881434              6618.695415663575              0.001272823341410251           51.56821741649021              358.6885298947579              255.2758501980907              
20580                          3500.952105652852              -3544.700788154926             -4365.021768916029             6.585967301826668              2.451161598697563              3.279337561969084              6619.461900664385              0.001242711085098562           51.57081476201558              358.6829464812633              254.9565236888839              
20640                          3887.161275154809              -3389.019537574416             -4157.637877123548             6.282379052149933              2.73608595970203               3.630615909612251              6620.280915652395              0.001200661532932929           51.57358654372659              358.677842240182               254.577388502832               
20700                          4254.217773051258              -3216.639594858952             -3929.70609311352              5.947805083160357              3.007556410647104              3.963985510175557              6621.135969991568              0.001147729352427453           51.57647813252044              358.6732440300864              254.151031532685               
20760                          4600.310797605445              -3028.408621410163             -3682.350783470731             5.583881746800203              3.264236639517058              4.277799964552337              6622.009764711268              0.001085053219582756           51.57943244762033              358.6691686753716              253.6907235267063              
20820                          4923.73213841959               -2825.252371432045             -3416.792324453862             5.192390985360999              3.504860884123454              4.570506605286191              6622.884560671719              0.001013811579032219           51.58239109326052              358.6656226094828              253.2101394236315              
20880                          5222.884670820505              -2608.170266796351             -3134.341240715146             4.775252353686679              3.728240379897832              4.840654464383728              6623.742560333902              0.0009351803081049699          51.58529552621081              358.6626017286402              252.7230709446085              
20940                          5496.290351671866              -2378.230591967579             -2836.391875392419             4.334514240850985              3.933269538861034              5.086901874602074              6624.566293442719              0.0008502939375360084          51.58808823003072              358.6600914599083              252.2431371890607              
21000                          5742.59767034305               -2136.565322933241             -2524.41561077624              3.872344292542509              4.118931810069653              5.308023640934187              6625.338996618596              0.0007602122657599993          51.59071387149952              358.6580670429678              251.7834984264564              
21060                          5960.588496050714              -1884.364619622719             -2199.953678754216             3.391019072097844              4.284305158874395              5.502917703722274              6626.044976879286              0.0006658942143424534          51.59312041471325              358.6564940204099              251.3565790669627              
21120                          6149.184284253831              -1622.871001165775             -1864.609586869913             2.892912986651953              4.428567115892437              5.670611231701507              6626.669949638928              0.0005681805850558733          51.59526016941538              358.6553289264759              250.9738050581773              
21180                          6307.451597859628              -1353.373232517115             -1520.041197637436             2.380486531037734              4.550999340319117              5.810266076144794              6627.201342500712              0.0004677870066730142          51.59709075139089              358.6545201599444              250.6453614267011              
21240                          6434.606904193321              -1077.199953145574             -1167.952501370408             1.856273914737359              4.650991646239869              5.921183522816673              6627.628557297806              0.000365307904518671           51.59857593472586              358.6540090228152              250.3799748368474              
21300                          6530.020613017209              -795.7130814356516             -810.085126401932              1.322870150778809              4.728045445279831              6.002808284814789              6627.943184224219              0.0002612323712189464          51.59968637812963              358.6537309028501              250.1847261218008              
21360                          6593.220325988467              -510.3010310475692             -448.2096337200676             0.782917697347322              4.781776565317712              6.054731687868974              6628.139163481349              0.000155978066534564           51.60040021032464              358.6536165750372              250.0648967767202              
21420                          6623.893273626631              -222.3717787252053             -84.11664698244539             0.2390927545210059             4.811917412718791              6.076694009850317              6628.212891570362              5.007251644561514e-05          51.60070346265091              358.6535935945795              250.0238530895222              
21480                          6621.887922613983              66.65418215903044              280.3921378748843              -0.3059086875023185            4.818318454952119              6.068585948026199              6628.163271097683              5.736564343795424e-05          51.60059034040935              358.6535877522792              250.062970546107               
21540                          6587.214741440411              355.3509447965458              643.5129900573078              -0.8493849065768017            4.800949008335571              6.030449198981878              6627.991704648301              0.0001640643320531588          51.60006332797902              358.653524562068               250.1816004710781              
21600                          6520.046119413036              642.2943405861455              1003.449217300382              -1.388642563968848             4.759897326902121              5.962476147665545              6627.702034855957              0.0002707577237629868          51.59913312636013              358.6533307500372              250.3770798401047              
21660                          6420.715448647525              926.0690360753807              1358.420144945111              -1.921010650858077             4.69537000101877               5.865008683300533              6627.300434202641              0.000376834874980303           51.59781842541151              358.6529357146285              250.6447842179705              
21720                          6289.715362610465              1205.275623835343              1706.670061410194              -2.443854328996415             4.607690670981171              5.738536147065503              6626.795249135836              0.0004817143518526265          51.59614551623162              358.6522729285016              250.9782229294451              
21780                          6127.695163260885              1478.537576448001              2046.476965573341              -2.954588395760381             4.497298087381591              5.583692460005436              6626.196804103918              0.0005847129974762574          51.59414775284074              358.6512812542246              251.369174368222               
21840                          5935.457446853425              1744.508082099988              2376.161139278036              -3.45069039031742              4.364743540779878              5.401252459418425              6625.517171555585              0.000685031338527418           51.59186487486135              358.6499061479286              251.8078587275013              
21900                          5713.95395802894               2001.876704923705              2694.093473740294              -3.929713222185241             4.210687697157728              5.192127493696044              6624.769914334232              0.000781755475011082           51.58934220586434              358.6481007277254              252.2831442781544              
21960                          5464.280702133017              2249.375838586195              2998.703510653029              -4.389297257597783             4.035896877437366              4.957360326272065              6623.969806899751              0.00087386841956988            51.58662974421451              358.6458266866073              252.7827829205607              
22020                          5187.67235013126               2485.786921003416              3288.487158159938              -4.827181804241089             3.841238822570143              4.698119403290447              6623.132541635461              0.0009602687483372375          51.58378116520407              358.6430550329297              253.293669737749               
22080                          4885.495973734223              2709.946380604294              3562.014045209619              -5.24121594560591              3.627677987385364              4.41569254142625               6622.274426131537              0.001039795005900648           51.58085275472884              358.6397666451116              253.8021211990081              
22140                          4559.244148265861              2920.751288809063              3817.934483174763              -5.629368689374984             3.396270405053097              4.111480090215924              6621.412076845347              0.001111254451837107           51.57790229578243              358.6359526309318              254.2941658888922              
22200                          4210.527482059272              3117.164684226495              4054.985992746933              -5.989738382025294             3.148158177293648              3.78698764041062               6620.562114041045              0.001173454878609318           51.57498792982872              358.6316144858557              254.7558418275876              
22260                          3841.066573437849              3298.220573465024              4271.999402064778              -6.320561418040481             2.884563602274223              3.443818292964281              6619.740862201958              0.001225238441073034           51.57216701477177              358.626764047982               255.1734941512577              
22320                          3452.683498260351              3463.028551975471              4467.904447635592              -6.620220161869347             2.606783021967235              3.083664594853957              6618.964059862714              0.00126551665976745            51.5694950019317               358.6214232521881              255.5340669974767              
22380                          3047.29283480499               3610.778055175915              4641.734890997573              -6.887250125941415             2.316180399880703              2.70830015456957               6618.246582106965              0.001293306067246367           51.56702435295714              358.6156236886643              255.8253838723613              
22440                          2626.89226786747               3740.742221336688              4792.63312886769               -7.120346395915877             2.014180661980653              2.319570979348087              6617.602178780567              0.001307764288020153           51.56480351703103              358.6094059748424              256.0364108553813              
22500                          2193.552853273241              3852.281340677356              4919.85426690388               -7.318369282576133             1.702262859125666              1.919386608804984              6617.043231306981              0.001308226773951904           51.56287598768488              358.6028189537103              256.157497528784               
22560                          1749.408931832993              3944.84589856286               5022.769666554612              -7.480349239840876             1.381953140401871              1.509711030651756              6616.580530757389              0.001294245030854375           51.56127945643142              358.5959187332151              256.1805911123947              
22620                          1296.647825189506              4017.979180151662              5100.869927812946              -7.605491014935065             1.054817627053039              1.092553493165502              6616.223080029632              0.001265628133294169           51.56004507933549              358.5887675864448              256.0994196823913              
22680                          837.4992443902597              4071.319457215648              5153.767331760406              -7.693177089897429             0.7224551288817826             0.6699591394320278             6615.977922817347              0.001222490965327507           51.5591968696956               358.5814327316667              255.9096411772225              
22740                          374.2245517493062              4104.601726932181              5181.197709100302              -7.742970381010831             0.3864897934235345             0.2439995787577582             6615.850002394561              0.001165315582005365           51.55875122866595              358.5739850167176              255.6089554303717              
22800                          -90.89412988122757             4117.659009732558              5183.021743372952              -7.754616225619712             0.04856367035187334            -0.1832366275489479            6615.842053144183              0.001095037597766698           51.55871662258117              358.5664975317834              255.1971772057786              
22860                          -555.5649041494926             4110.423198840681              5159.225701269958              -7.728043656261584             -0.2896707837876865            -0.6096535340401186            6615.95452783286               0.001013180025091424           51.55909341342103              358.5590441769733              254.6762689773859              
22920                          -1017.497143400608             4082.925458615759              5109.921587663592              -7.66336596525699              -0.6265582480489635            -1.033157416693576             6616.185563499956              0.0009220770331498504          51.55987384606275              358.5516982118558              254.0503327474134              
22980                          -1474.412543436311             4035.296169239555              5035.346723569917              -7.560880558261202             -0.9604481144773487            -1.451666400310734             6616.530988551714              0.0008252662040666084          51.56104219314689              358.5445308146881              253.3255611403729              
23040                          -1924.056149120113             3967.764415816631              4935.862745922342              -7.421068090212565             -1.289702089364165             -1.863120093244005             6616.984373184217              0.0007281783705121497          51.56257505549138              358.537609679109               252.5101483748658              
23100                          -2364.207301850593             3880.657021748561              4811.954030545888              -7.244590874300885             -1.612701801801061             -2.265489207887138             6617.537124572181              0.0006392433151498842          51.56444181304213              358.5309976757511              251.6141627948055              
23160                          -2792.690473800381             3774.397125243226              4664.225538043566              -7.032290545837926             -1.927856412068108             -2.656785156547697             6618.178627387457              0.0005710519152749581          51.56660521848907              358.5247516050278              250.6493828416551              
23220                          -3207.385944300524             3649.502297918088              4493.400082753963              -6.785184957136363             -2.233610203512437             -3.035069600894312             6618.896429132282              0.0005393244140003247          51.56902212285483              358.51892106604                249.6290993269513              
23280                          -3606.240253837485             3506.582212091921              4300.315035236782              -6.504464288858467             -2.528450123956566             -3.398463911191234             6619.676468491662              0.000555811390499477           51.57164431953807              358.5135474647878              248.5678874061668              
23340                          -3987.276405348864             3346.335857012146              4085.918459673238              -6.191486345789236             -2.810913264027392             -3.74515851791922              6620.503343608436              0.0006192938627917862          51.57441949095743              358.5086631818532              247.4813519113286              
23400                          -4348.603763575654             3169.548306856836              3851.264691468201              -5.847771007188609             -3.07959424145107              -4.073422115257478             6621.360615769575              0.0007175378290370379          51.57729223967063              358.5042909169838              246.3858507641198              
23460                          -4688.42759017448              2977.08705141372               3597.509370966224              -5.47499381592183              -3.33315244558709              -4.381610657672662             6622.231142587368              0.0008366003035854394          51.58020518380062              358.5004432248111              245.2982010281885              
23520                          -5005.058169144414             2769.89789678267               3325.903944201133              -5.074978683803911             -3.57031910351671              -4.668176099539925             6623.097433512655              0.0009656176840733791          51.58310009519958              358.497122251825               244.2353732555475              
23580                          -5296.919467792908             2549.000448730346              3037.789648595144              -4.649689703231655             -3.789904116764454             -4.931674812662456             6623.942019408662              0.001096919695000602           51.5859190576063               358.4943196808665              243.2141794037216              
23640                          -5562.557279550988             2315.483194090731              2734.591005011222              -4.201222064808467             -3.990802613461067             -5.17077561148661              6624.747827069346              0.001225009150740663           51.58860562143897              358.4920168850863              242.2509605885798              
23700                          -5800.646795302266             2070.49819904819               2417.808841928171              -3.731792093431652             -4.172001156600907             -5.384267310990505             6625.498549034179              0.001345754183195249           51.59110593173314              358.4901852889806              241.3612803768074              
23760                          -6009.999550314974             1815.255447796944              2089.012883402286              -3.243726431911895             -4.332583545844506             -5.571065738745523             6626.178998874592              0.001455914400818884           51.59336980611263              358.4887869297771              240.5596300578018              
23820                          -6189.569701720317             1551.016841226772              1749.833927406062              -2.739450402646145             -4.471736153974918             -5.730220127349636             6626.775442359681              0.001552887035008063           51.59535174065515              358.4877752081811              239.8591515793951              
23880                          -6338.459576160364             1279.089902603908              1401.955676124766              -2.221475639441999             -4.588752726250209             -5.860918799244122             6627.275895449965              0.001634575980303416           51.59701182272197              358.4870958135988              239.271384281632               
23940                          -6455.924462807844             1000.82120256722               1047.106234950449              -1.692387024707353             -4.683038598481443             -5.962494088951607             6627.670381143831              0.001699326108425279           51.59831653204743              358.4866878050476              238.8060405584538              
24000                          -6541.376601952695             717.5895524958021              687.0493440903165              -1.15482904634808              -4.754114272245719             -6.034426428426129             6627.951138408793              0.001745891259121157           51.59923941338455              358.4864848258783              238.4708155900016              
24060                          -6594.38833978106              430.7990029423882              323.5753904653441              -0.6114916727338542            -4.801618304151211             -6.076347544121617             6628.112778041933              0.001773418801734393           51.5997616068364               358.4864164275223              238.271235330868               
24120                          -6614.694423253255             141.8716944254376              -41.50773915105214             -0.0650958704152424            -4.825309472427141             -6.088042723360299             6628.152382064288              0.001781441504366022           51.59987222501302              358.4864094752148              238.2105463237949              
24180                          -6602.193419369751             -147.7594032832943             -406.3839172078596             0.4816211276229966             -4.82506819710845              -6.069452123491544             6628.069545100144              0.001769871818770836           51.59956856936012              358.4863896069911              238.2896499137687              
24240                          -6556.948246070156             -436.6578132182723             -769.2380825270982             1.025920666611414              -4.800897197354432             -6.020671107561623             6627.866358069681              0.00173899631540139            51.59885618145546              358.4862827162163              238.507082569773               
24300                          -6479.185812221958             -723.3908897273545             -1128.265538362124             1.565077501047735              -4.752921382725864             -5.941949606716967             6627.547336279589              0.001689469801622423           51.59774872849396              358.486016427517               238.8590429259666              
24360                          -6369.295771316366             -1006.537127634731             -1481.681183312411             2.096394486100995              -4.681386985906472             -5.83369052309584              6627.119295608736              0.001622310191600868           51.59626772569933              358.4855215362331              239.3394650801192              
24420                          -6227.828400901686             -1284.693397032805             -1827.728618264912             2.617217008800546              -4.586659954740446             -5.696447199963908             6626.591181835512              0.001538896906611241           51.59444210177212              358.4847333824202              239.9401367172604              
24480                          -6055.491626942238             -1556.482059811752             -2164.689074217167             3.124947046177705              -4.469223630909621             -5.530919997592775             6625.973859208882              0.001440978009149537           51.59230761670629              358.4835931319218              240.6508594349243              
24540                          -5853.147218220512             -1820.557926824813             -2490.890109571581             3.61705674950718               -4.329675750240963             -5.337952022722316             6625.279865089645              0.001330695282991429           51.58990614428829              358.4820489391045              241.4596479265565              
24600                          -5621.806181020498             -2075.615016823347             -2804.714028503079             4.091101465414924              -4.16872480565381              -5.118524066709041             6624.523137871385              0.001210643649764272           51.58728483426326              358.4800569683998              242.3529635225023              
24660                          -5362.623394183954             -2320.393075949706             -3104.605969401027             4.544732108014564              -3.987185822022163             -4.873748817835145             6623.718725468629              0.001083994517990689           51.58449517152845              358.4775822548538              243.3159771780056              
24720                          -5076.891524025203             -2553.683827474556             -3389.081626138794             4.975706824174611              -3.785975592237843             -4.604864412364935             6622.882481414654              0.0009547361251589326          51.58159195160687              358.4745993872529              244.332856025374               
24780                          -4766.034253188289             -2774.336927759256             -3656.734572703621             5.381901912580407              -3.566107419237075             -4.31322738259936              6622.030755117426              0.0008281185639339886          51.57863219301594              358.4710930008991              245.3870675793605              
24840                          -4431.598887744415             -2981.265584905057             -3906.243138161785             5.761321927550424              -3.328685428619927             -4.000305086324905             6621.180082269883              0.0007114027133965349          51.57567400853848              358.4670580712829              246.4616949783058              
24900                          -4075.248378870156             -3173.451828081211             -4136.37681777972              6.11210896238567               -3.074898494897625             -3.667667672609272             6620.3468805653                0.0006147944409657051          51.5727754576597               358.4625000035881              247.5397567478585              
24960                          -3698.752812917717             -3349.951401967181             -4346.00218964815              6.432551086199164              -2.806013834141505             -3.316979651899249             6619.547155146816              0.0005513549801787035          51.56999340272957              358.4574345170724              248.6045246561625              
25020                          -3303.980421155875             -3509.898267776317             -4534.088314970258             6.721089924558306              -2.523370311276712             -2.94999113210823              6618.796217453343              0.0005327235997117617          51.56738239113895              358.4518873273611              249.6398331054997              
25080                          -2892.888160419876             -3652.508695295503             -4699.711603945502             6.976327382069012              -2.22837150731671              -2.56852877836736              6618.108420469732              0.0005605727162236679          51.56499358505161              358.4458936334806              250.6303741965858              
25140                          -2467.51191606                 -3777.084932825191             -4842.060132304327             7.197031510975836              -1.922478588942961             -2.174486550252423             6617.49691285408               0.0006242795970278235          51.56287375918313              358.4394974201448              251.5619726467849              
25200                          -2029.956378174927             -3883.0184443516               -4960.437396649315             7.382141534967133              -1.607203019574514             -1.769816265986993             6616.973414038949              0.0007089343266447458          51.56106438568268              358.4327505892322              252.4218356039901              
25260                          -1582.384644085557             -3969.792705078732             -5054.265499118553             7.530772040622915              -1.284099149583152             -1.356518041112964             6616.548012189677              0.000802274213900592           51.55960082343992              358.4257119375653              253.198772722717               
25320                          -1127.007576516454             -4036.985552277382             -5123.087758443998             7.642216358282815              -0.9547567035034573            -0.9366306237615912            6616.22898681652               0.0008959638671910606          51.5585116270594               358.4184460005743              253.8833827936505              
25380                          -666.0730292001111             -4084.271076357187             -5166.570732175499             7.715949132644754              -0.620793238791299             -0.5122217210171326            6616.022657960245              0.0009845862498924351          51.55781798871214              358.4110217851801              254.4682036585418              
25440                          -201.8548741251265             -4111.421067736951             -5184.505667343681             7.75162813315427               -0.2838465197828212            -0.08537824377508708           6615.933263869116              0.001064588147327848           51.55753332312632              358.4035114145048              254.9478232516458              
25500                          263.3579872295621              -4118.305998170111             -5176.809358967715             7.749095290141823              0.05443307255688649            0.3418033767805322             6615.9628694311                0.00113360470624022            51.55766300396339              358.3959887126092              255.3189499640321              
25560                          727.2727261911529              -4104.895550361428             -5143.524430405308             7.708376996149894              0.3923901793805652             0.7672269086023941             6616.111307616932              0.001190072732954375           51.55820425652684              358.388527754192               255.5804416555384              
25620                          1187.603605172272              -4071.258688650221             -5084.819033357795             7.629683677845856              0.7283720234150961             1.188805912571324              6616.376156329265              0.001233011327709228           51.55914620914566              358.3812014096595              255.7332931441306              
25680                          1642.083012682038              -4017.563277082833             -5000.985971963156             7.513408654627858              1.060735979563195              1.604473325115226              6616.752752954008              0.00126189262630574            51.56047010254683              358.3740799114153              255.7805828334067              
25740                          2088.472377865136              -3944.075245051158             -4892.441256052083             7.360126290893746              1.387857075190444              2.012190926665983              6617.234248653541              0.001276559856832495           51.56214965356985              358.3672294707661              255.7273799399527              
25800                          2524.572961074502              -3851.157304406384             -4759.72208866624              7.170589445578189              1.708135436225601              2.409958716089469              6617.811704005165              0.001277169677323369           51.56415156665128              358.3607109719276              255.5806141549892              
25860                          2948.236469446703              -3739.267221958394             -4603.484294636702             6.945726217940197              2.020003660234296              2.795824166876739              6618.474226882722              0.001264146328767135           51.56643618362809              358.3545787690222              255.3489106571878              
25920                          3357.375455974675              -3608.955652101579             -4424.499197757171             6.686635983672122              2.321934103326697              3.167891347889694              6619.209152605219              0.001238140808918144           51.56895825967452              358.3488796100131              255.0423934299488              
25980                          3749.973459215807              -3460.863535210098             -4223.649955298634             6.394584711347678              2.612446064626399              3.524329887335338              6620.002265274045              0.00119999142829426            51.57166785063234              358.3436517091786              254.672460983883               
26040                          4124.094840077729              -3295.719068522709             -4001.927360022879             6.070999546225451              2.890112848506296              3.863383754071417              6620.838057977198              0.001150683969738294           51.57451129468552              358.3389239869417              254.2515384084245              
26100                          4477.89427238379               -3114.334256951867             -3760.425120772672             5.717462645815312              3.153568681193431              4.183379825687617              6621.700028193451              0.001091310862066921           51.57743226932762              358.3347154926532              253.7928107882253              
26160                          4809.625834858667              -2917.601057333197             -3500.334640742553             5.335704260875883              3.401515447143828              4.482736198986339              6622.571003327038              0.001023029613552678           51.58037290284745              358.3310350224323              253.309942719623               
26220                          5117.65167910795               -2706.487116387824             -3222.939294891059             4.927595028872284              3.63272922580798               4.759970216744018              6623.43349003416               0.0009470213804401533          51.58327491853817              358.3278809399779              252.816789434105               
26280                          5400.450193563928              -2482.031134552008             -2929.608250164079             4.49513750991436               3.846066563645493              5.013706129114919              6624.270039648033              0.0008644510657797088          51.58608078856328              358.3252412048044              252.3271051016109              
26340                          5656.623647807366              -2245.337855776924             -2621.789829484531             4.040456935690456              4.040470459383214              5.2426823603842                6625.063621152907              0.0007764307458704055          51.58873487462045              358.3230936074087              251.8542537701087              
26400                          5884.90525645534               -1997.572709717144             -2301.00445531226              3.565791197877931              4.214976002380678              5.445758305656126              6625.797992295663              0.0006839885624159286          51.59118453230933              358.3214062071659              251.4109288285235              
26460                          6084.165623763913              -1739.956122186202             -1968.837194522475             3.073480088414772              4.368715616705422              5.621920597666633              6626.458059054207              0.0005880455219687038          51.5933811569236               358.3201379643768              251.0088864228592              
26520                          6253.418512376689              -1473.757534372048             -1626.929958067386             2.56595385878426               4.500923847217956              5.770288765357085              6627.030213577179              0.0004894032015705302          51.59528114932899              358.3192395540167              250.6586983715415              
26580                          6391.825912784218              -1200.289142596054             -1276.973371498859             2.045721118798933              4.610941647697917              5.890120234142914              6627.502641131939              0.0003887473215982322          51.5968467824443               358.3186543447932              250.3695294530226              
26640                          6498.702367196423              -920.8993989106059             -920.6983692422472             1.515356158757621              4.698220113404481              5.980814597909563              6627.865587271919              0.0002866816479272091          51.59804695065208              358.318319523904               250.1489439377938              
26700                          6573.51851735036               -636.9663055298812             -559.8675557494523             0.9774857731120248             4.762323613553044              6.04191710912993               6628.111577553203              0.0001838675211023088          51.59885778691178              358.3181673448224              250.0027452622153              
26760                          6615.903849099233              -349.8905403241468             -196.2663818961178             0.4347756793975762             4.802932284068251              6.073121340296594              6628.235583564973              8.210239822369544e-05          51.59926313509096              358.318126472947               249.9348524664592              
26820                          6625.648612573501              -61.0884527542336              168.3058125102822              -0.110083363579951             4.819843848953552              6.074270980375324              6628.235130725926              3.82601803990325e-05           51.59925486801144              358.31812340197                249.9472159802172              
26880                          6602.704903276459              228.0150280712051              532.0448365693021              -0.654389625537892             4.81297474792483               6.045360742128193              6628.110345170771              0.0001349504587162345          51.59883304489797              358.3180839124268              250.0397747324705              
26940                          6547.18689552809               515.9935361057192              893.1507189159769              -1.195444555937212             4.782360557694837              5.986536368289053              6627.863939012924              0.000238675883880921           51.59800590523241              358.317934543081               250.2104555591104              
27000                          6459.370229556364              801.4264040026792              1249.836737804817              -1.730566870887501             4.728155706201965              5.898093741134877              6627.501135242283              0.0003426354699581611          51.59678969943017              358.3176040456105              250.4552150057089              
27060                          6339.690555525632              1082.905773801233              1600.338387787229              -2.257106507120725             4.65063248719073               5.780477107437411              6627.029535354203              0.0004458440946686488          51.59520836001975              358.3170247934824              250.768122759755               
27120                          6188.741246647308              1359.043624332967              1942.922209446988              -2.772458302177642             4.550179392483236              5.634276446079023              6626.458934510054              0.0005475805111018787          51.59329302035199              358.3161341169194              251.1414849150215              
27180                          6007.270303957361              1628.478674294261              2275.894430843348              -3.274075298294813             4.427298791596375              5.460224019796025              6625.801090448762              0.0006470724898974094          51.59108139092791              358.3148755374709              251.5660045952263              
27240                          5796.176480733707              1889.883123765192              2597.609374368492              -3.759481581643797             4.282603995574346              5.259190161165718              6625.069453492096              0.0007434421838599461          51.58861700634266              358.3131998778799              252.0309764123476              
27300                          5556.504642683221              2141.969215540272              2906.477605736386              -4.226284610770096             4.11681573596856               5.032178333911506              6624.278865684341              0.0008357006238141957          51.585948358195                358.3110662254329              252.5245108826284              
27360                          5289.440412571193              2383.495558896041              3200.973754207909              -4.672186924088656             3.930758113130912              4.780319542383385              6623.445237604985              0.0009227607041683602          51.58312793182039              358.3084427301812              253.0337838777341              
27420                          4996.304130310162              2613.273197836369              3479.643982229153              -5.094997197789869             3.725354056160968              4.50486614413496               6622.58521137223               0.001003460505457308           51.5802111663409               358.3053072227615              253.5453061595963              
27480                          4678.544170225567              2830.171393497066              3741.113067502126              -5.492640609759929             3.501620342836347              4.207185128682807              6621.715818098776              0.001076593261640944           51.57725535894715              358.3016476402331              254.045207215252               
27540                          4337.729658034563              3033.123095719383              3984.091067286317              -5.863168481445749             3.260662226314424              3.888750923005313              6620.854137507221              0.001140941550433348           51.57431853529364              358.2974622522513              254.5195278284255              
27600                          3975.542631443032              3221.130081556268              4207.379538284442              -6.204767179850754             3.003667713446589              3.551137781503466              6620.016966639134              0.001195313863537106           51.57145830836112              358.2927596838927              254.954515239293               
27660                          3593.769688703558              3393.26774123649               4409.877288994469              -6.515766270699218             2.73190153642093               3.196011813870451              6619.220503671635              0.001238582144506021           51.56873074816279              358.2875587354557              255.336915212938               
27720                          3194.293171295898              3548.689493823967              4590.585643668372              -6.794645919283898             2.446698857019575              2.825122701042149              6618.480051862221              0.001269719297590911           51.56618928426866              358.2818880035393              255.6542550134091              
27780                          2779.081926714454              3686.630817590235              4748.613200547939              -7.040043541524077             2.149458738878951              2.440295144242037              6617.809747638932              0.001287836114455108           51.56388366227353              358.2757853115202              255.895111911881               
27840                          2350.181689519206              3806.412884304262              4883.180072054904              -7.250759714865707             1.841637413858185              2.043420080125348              6617.222315900315              0.001292217574632165           51.56185897406879              358.2692969610281              256.0493618864657              
27900                          1909.705125222322              3907.445784296721              4993.621591923211              -7.425763352827607             1.52474136974169               1.636445696655291              6616.728854765985              0.001282359118760336           51.56015478028073              358.262476819455               256.1084037282362              
27960                          1459.821617475659              3989.231325334131              5079.391470854864              -7.564196138505682             1.200320309409126              1.221368313579217              6616.338651375922              0.001258004405419465           51.55880434143494              358.2553852620686              256.0653542737391              
28020                          1002.746760748098              4051.365416343733              5140.064413065687              -7.665376257724422             0.8699599438962499             0.8002230788370385             6616.059029670937              0.001219187501146612           51.55783397182699              358.2480879881466              255.9152109676179              
28080                          540.7316873653002              4093.540006804158              5175.33816179823               -7.72880139876204              0.5352746994486703             0.3750745836778533             6615.895230950312              0.00116628492944405            51.55726252841736              358.2406547353057              255.6549786192991              
28140                          76.05222511472886              4115.544588377769              5185.03498189445               -7.754151044162631             0.1979003216988969             -0.05199262548286225           6615.850327638965              0.00110008752555495            51.5571010439525               358.2331579159857              255.2837578942253              
28200                          -389.0020622487938             4117.267250306722              5169.102570714424              -7.741288049335552             -0.1405136008603216            -0.478883609951575             6615.925170724618              0.001021910622888744           51.5573525111289               358.2256712022427              254.8027936994486              
28260                          -852.1389068435179             4098.695284037623              5127.614393389647              -7.690259505201272             -0.4783111781431685            -0.9035026558220357            6616.118371312735              0.0009337776503182382          51.55801182181821              358.2182680858116              254.2154824717436              
28320                          -1311.074398660404             4059.915333767561              5060.769439868017              -7.601296879668162             -0.8138378107502587            -1.323762927382957             6616.426316827026              0.0008387433632898943          51.55906586256145              358.211020440782               253.5273379118071              
28380                          -1763.54403420717              4001.11309028955               4968.891402142663              -7.474815429262736             -1.145447818524314             -1.737596137621448             6616.843222410327              0.0007414738214818748          51.5604937647252               358.2039971162336              252.7459157266021              
28440                          -2207.313707668187             3922.572526425156              4852.427271247421              -7.311412869151054             -1.471512089697234             -2.142962215250556             6617.361218051333              0.0006492365436710668          51.56226730490818              358.1972625857019              251.880698322866               
28500                          -2640.190599957432             3824.674673241515              4711.945354788485              -7.111867286736834             -1.790425733593022             -2.537858945851189             6617.970471807253              0.0005732173961027839          51.56435144843672              358.1908756793854              250.9429415499098              
28560                          -3060.033917439639             3707.895938027862              4548.132718186652              -6.87713428286237              -2.100615715667825             -2.920331559373961             6618.659349169762              0.0005286847553641701          51.56670502611153              358.184888423671               249.9454858465615              
28620                          -3464.76544423103              3572.805962503734              4361.79204919253               -6.608343315166088             -2.400548460537129             -3.288482244527306             6619.414608142958              0.0005299334370172518          51.56928153190857              358.1793450105082              248.9025351608561              
28680                          -3852.379826918848             3420.065034679381              4153.837965890156              -6.306793244071252             -2.688737372582944             -3.640479526044757             6620.221628828708              0.0005801723117923552          51.57203002671377              358.1742809175067              247.8294076384173              
28740                          -4220.954605111104             3250.421038847486              3925.292748200477              -5.973947020935612             -2.963750290470907             -3.974567522673691             6621.06467561112               0.0006693452547423036          51.57489613161406              358.1697221956483              246.7422621893993              
28800                          -4568.659863730558             3064.705974199344              3677.281536378351              -5.611425547346319             -3.224216786225723             -4.289074973783591             6621.927188751239              0.0007830897316290128          51.57782309154757              358.1656849402836              245.6578064353116              
28860                          -4893.767507041091             2863.832034551626              3411.02698719886               -5.221000657721098             -3.468835307142756             -4.582424030096079             6622.792101297787              0.0009095229296831134          51.580752889302                358.1621749560293              244.592990985715               
28920                          -5194.660082272445             2648.787266885928              3127.843413205106              -4.804587228077845             -3.696380100836363             -4.853138732822933             6623.642175909823              0.001040226409105882           51.58362738822486              358.1591876234295              243.5646962643086              
28980                          -5469.839103426647             2420.630822055115              2829.130424041558              -4.364234407091371             -3.905707875933044             -5.099853120634338             6624.460355080502              0.001169252833200651           51.58638948130582              358.1567079710857              242.5894175686562              
29040                          -5717.932822787045             2180.487815124693              2516.366094238442              -3.902115977379039             -4.095764144191516             -5.321318895861592             6625.230117206066              0.001292192654773969           51.58898422389979              358.1547109529316              241.6829549235872              
29100                          -5937.70339847457              1929.543816177754              2191.099686049793              -3.420519866852904             -4.265589186442278             -5.516412577539831             6625.935830094215              0.001405608585844366           51.59135992742529              358.1531619262462              240.8601136097432              
29160                          -6128.053406789215             1669.038997749999              1854.943962695964              -2.921836847092499             -4.414323581692249             -5.684142065750806             6626.563092914241              0.001506731922767504           51.5934691918995               358.1520173219073              240.134421805963               
29220                          -6288.0316584144               1400.261957390218              1509.567117303638              -2.408548449062386             -4.541213244424407             -5.82365254866004              6627.09905735687               0.001593307528807527           51.59526985628049              358.1512254943904              239.5178708847716              
29280                          -6416.838259443904             1124.543266270901              1156.68438448884               -1.883214197361982             -4.645613899711783             -5.93423166706887              6627.532718808632              0.001663518183560136           51.59672584683184              358.1507277353691              239.0206841552845              
29340                          -6513.828892988891             843.2487608900683              798.0493574293481              -1.348458208226912             -4.726994952788161             -6.015313883216383             6627.855168946367              0.001715950254793188           51.59780790598307              358.1504594311203              238.6511187040751              
29400                          -6578.518280548842             557.772618417392               435.445063610626               -0.8069552504418979            -4.784942698453031             -6.066483988560713             6628.059801988239              0.001749580095695077           51.59849418627755              358.1503513409907              238.4153048363614              
29460                          -6610.582790843342             269.5302700850795              70.67486957096691              -0.2614164022947931            -4.819162824414404             -6.087479697724724             6628.142468101606              0.0017637699019748             51.59877069670228              358.1503309715062              238.3171264919902              
29520                          -6609.862180915655             -20.04882360747821             -294.446754330391              0.2854256140258039             -4.829482180529848             -6.078193296306225             6628.101569087479              0.0017582668658869             51.59863159182549              358.1503240185515              238.3581453456709              
29580                          -6576.360449876397             -309.5284749085502             -658.1035310008816             0.8308312638601524             -4.815849786424281             -6.038672314036351             6627.938093258045              0.001733202438569379           51.59807929730904              358.1502558485372              238.5375702523588              
29640                          -6510.24580114673              -597.4731101831601             -1018.486687187635             1.372069082038538              -4.778337067946126             -5.969119215853087             6627.655588413008              0.001689090489950965           51.59712446878611              358.15005298853                238.8522727380114              
29700                          -6411.849713636807             -882.455102069336              -1373.804215854965             1.906430469620813              -4.717137321962202             -5.869890115795966             6627.2600738828                0.001626824766475761           51.5957857846541               358.1496445950324              239.2968481844227              
29760                          -6281.665130892889             -1163.062046641434             -1722.29003255247              2.431244277196831              -4.632564421393394             -5.741492534035999             6626.759894580374              0.00154767774248693            51.59408957675372              358.1489638714606              239.863721425977               
29820                          -6120.343784725514             -1437.903940630728             -2062.212969319588             2.94389105256454               -4.525050783456821             -5.584582231161577             6626.165521866927              0.001453305255202126           51.59206930637253              358.1479494053929              240.5432943581891              
29880                          -5928.6926768891               -1705.620215438303             -2391.885552098019             3.441816840177661              -4.395144634089442             -5.399959166153976             6625.48930764342               0.001345764978944257           51.58976489625504              358.1465463982888              241.324132472444               
29940                          -5707.669747015474             -1964.886588833992             -2709.672513073292             3.922546435430672              -4.243506608809195             -5.188562633100029             6624.745199371204              0.001227563263188462           51.58722193230008              358.1447077626008              242.1931861421026              
30000                          -5458.378773189019             -2214.421684091477             -3013.998976086446             4.383695985193794              -4.070905745630238             -4.951465651634687             6623.948424697218              0.001101756811873612           51.58449075148331              358.1423950640817              243.1360420420551              
30060                          -5182.063517761957             -2452.993412513719             -3303.358310143952             4.822984921021268              -3.878214903880182             -4.689868654735058             6623.115154761822              0.0009721575635088508          51.58162543444006              358.1395792900037              244.1371993995162              
30120                          -4880.101201209731             -2679.425043031275             -3576.319557852211             5.238247086817339              -3.66640569113609              -4.405092583776486             6622.262155619229              0.0008437250262814719          51.57868272380788              358.1362414282074              245.1803651542959              
30180                          -4553.99531895925              -2892.600967125437             -3831.534449464496             5.627441088128816              -3.436542932695472             -4.098571433590314             6621.406436711992              0.000723262192330106           51.57572089008754              358.1323728452625              246.2487622306153              
30240                          -4205.367868718231             -3091.472114299601             -4067.743948568841             5.988659799554404              -3.189778751905686             -3.771844336860538             6620.564904915692              0.0006204107832287281          51.57279856828888              358.1279754566156              247.3254444166278              
30300                          -3835.95103132372              -3275.061003555174             -4283.784312585277             6.3201390288314                -2.927346309557523             -3.426547249239235             6619.754031719154              0.0005480852837710614          51.56997358881223              358.1230616856641              248.3936118318288              
30360                          -3447.578348909036             -3442.466413902852             -4478.592648242635             6.620265335976963              -2.650553247086073             -3.064404292200828             6618.989540046685              0.0005193129397547978          51.56730182601247              358.1176542129394              249.4369207045147              
30420                          -3042.175473341548             -3592.867646939551             -4651.211930848899             6.887582990883049              -2.360774894917359             -2.687218832251118             6618.286116092252              0.0005385513340732286          51.5648360875883               358.1117855212508              250.4397814693621              
30480                          -2621.750513731095             -3725.528380180671             -4800.795486710877             7.120800100474446              -2.059447271742751             -2.296864328193763             6617.657150214204              0.0005968037449301607          51.56262506657541              358.105497246072               251.3876397244758              
30540                          -2188.384043143667             -3839.800094125592             -4926.610919586987             7.318793907745496              -1.748059918569245             -1.895275002180013             6617.114509807114              0.0006787610919734191          51.56071237661732              358.0988393447535              252.2672346659119              
30600                          -1744.218811774549             -3935.125065187871             -5028.043473091658             7.480615280059877              -1.428148598526421             -1.484436373361899             6616.668345966935              0.0007711730824211642          51.55913568926715              358.0918691014357              253.0668304417859              
30660                          -1291.44921474518              -4011.038917303146             -5104.598821895577             7.605492402716627              -1.10128789072732              -1.066375689627529             6616.326934834887              0.0008649866102535363          51.5579259899875               358.0846499877277              253.7764161742953              
30720                          -832.3105617375445             -4067.172726619067             -5155.905286560108             7.692833693295285              -0.769083703025094             -0.6431522885339804            6616.096553776742              0.0009543898271267943          51.55710696711259              358.0772504018959              254.3878712140122              
30780                          -369.0681979840133             -4103.25467489423              -5181.71546851015              7.742229950736888              -0.4331657279652534            -0.2168479179170107            6615.98139203391               0.001035631661768438           51.55669454541048              358.0697423116363              254.8950927442856              
30840                          95.9934950583658               -4119.111249848802             -5181.907304072228             7.753455752951497              -0.09517984918237041           0.2104429748841071             6615.983495163517              0.00110625060239429            51.55669657306456              358.0621998269125              255.2940836185426              
30900                          560.5821384905088              -4114.667987502749             -5156.484534716951             7.72647010843668               0.2432194576062365             0.6366229293052118             6616.1027424717                0.001164634237755594           51.55711266800839              358.054697731476               255.5829990350276              
30960                          1022.408424623235              -4089.949759851828             -5105.576598126325             7.661416375801397              0.5803767372103642             1.059601143936428              6616.336856638986              0.001209771244635407           51.55793422642655              358.0473100012914              255.7621513584454              
31020                          1479.197159086867              -4045.080605690687             -5029.437939727123             7.558621452165854              0.914643155864085              1.477303102726338              6616.681444872514              0.00124110670962975            51.55914459327597              358.0401083390687              255.8339733035873              
31080                          1928.698233064783              -3980.283105635232             -4928.446747889731             7.418594232710332              1.244384074508629              1.887680134677497              6617.13007109119               0.001258451959693392           51.56071939158426              358.0331607536107              255.8029401705144              
31140                          2368.697475742815              -3895.877304608799             -4803.103119087277             7.242023343845617              1.567986573335863              2.288718880104353              6617.674358768417              0.001261923004591247           51.56262700424053              358.0265302119818              255.6754529421178              
31200                          2797.027352758797              -3792.279184321352             -4654.026657733821             7.029774146341089              1.883866917204451              2.678450649811404              6618.304124147736              0.001251893755502629           51.56482919912013              358.0202733909031              255.4596843202171              
31260                          3211.57746201122               -3669.998690212796             -4481.953518510392             6.782885004987453              2.190477939875419              3.054960648810155              6619.007539502579              0.001228956491364614           51.56728188556679              358.0144395522214              255.1653909776524              
31320                          3610.304783527655              -3529.637318260576             -4287.732899956655             6.502562819116775              2.48631632731859               3.416397038994947              6619.771325887571              0.001193885439206918           51.56993598767004              358.0090695648482              254.8036953652136              
31380                          3991.243638827                 -3371.885268377587             -4072.322999858914             6.190177807399456              2.769929777395784              3.760979811417594              6620.580974456938              0.001147601241456501           51.57273841740099              358.0041950928692              254.3868416332534              
31440                          4352.515314826747              -3197.518172567547             -3836.786444827067             5.847257540113335              3.039924010418718              4.087009435231752              6621.420994842396              0.001091135243966129           51.5756331285932               357.9998379663057              253.9279300732223              
31500                          4692.337306957065              -3007.393407631113             -3582.285208549708             5.47548021290571               3.294969601811577              4.392875246273169              6622.275188338401              0.001025593315156678           51.57856223101079              357.9960097474832              253.4406356368308              
31560                          5009.032135772638              -2802.446004097308             -3310.07503563514              5.07666715828814               3.533808604436058              4.677063533692268              6623.126942751553              0.0009521194936094326          51.58146714238634              357.9927115020888              252.9389157208052              
31620                          5301.035694336778              -2583.684162660524             -3021.499387349863             4.652774590023903              3.755260926694121              4.93816528118377               6623.959544793684              0.0008718602566580508          51.58428975541473              357.9899337798873              252.4367133879696              
31680                          5566.9050638423                -2352.184407246036             -2717.982948959911             4.205884611052067              3.958230413595526              5.174883497012041              6624.756504817957              0.0007859306669714307          51.58697359602841              357.9876568059791              251.947661695348               
31740                          5805.325792440777              -2109.086363057764             -2401.02468449669              3.738195438938885              4.141710617749318              5.38604011391267               6625.501887870849              0.0006953841063700157          51.58946494986189              357.9858508786506              251.4847952614873              
31800                          6015.118545573863              -1855.587214024983             -2072.190511878912             3.252010934678665              4.304790177969329              5.570582358263981              6626.180643899759              0.0006011879109144449          51.59171393350012              357.984476966412               251.0602750357684              
31860                          6195.245109490616              -1592.935850900177             -1733.105613727671             2.749729441634873              4.446657775355499              5.727588550391964              6626.778929452631              0.0005042082734364581          51.59367548883682              357.983487491925               250.6851317638075              
31920                          6344.813711960984              -1322.426728385274             -1385.44640898805              2.233831961880942              4.56660662129387               5.856273279312995              6627.28441268585               0.0004052108470652926          51.59531028019367              357.9828272868962              250.369033715192               
31980                          6463.083611964714              -1045.3934719179               -1030.93223909379              1.706869746870375              4.664038420637935              5.955991883350256              6627.686553300593              0.0003048958036447775          51.59658547574148              357.9824346984656              250.1200833076509              
32040                          6549.468928925422              -763.2022634656661             -671.3168073832294             1.171451365000407              4.738466767196496              6.0262441849773                6627.976849230954              0.0002040545794715953          51.59747539727541              357.9822428243608              249.9446471109377              
32100                          6603.541682480493              -477.2450414676318             -308.3794177752425             0.6302293272159913             4.789519929597355              6.066677430322543              6628.149042436571              0.0001045980979357967          51.5979620251746               357.9821808514239              249.8472226208514              
32160                          6625.034018838445              -188.9325528381722             56.08393799465791              0.08588636401560173            4.816942991216327              6.077088391469624              6628.199277034107              3.571714775262636e-05          51.59803534844378              357.9821754700087              249.8303447293501              
32220                          6613.839605843655              100.3127033057432              420.2695933348757              -0.4588785435136699            4.820599315351376              6.057424599629064              6628.12620421915               0.0001131563433549339          51.5976935530463               357.9821523352384              249.8945337168479              
32280                          6570.01418482226               389.0636011515609              782.3752697500856              -1.001364272602184             4.80047131526385               6.007784688139037              6627.931029928052              0.0002132196538572884          51.59694304517451              357.9820375452449              250.0382858449348              
32340                          6493.775277676315              675.8955257496112              1140.609117170581              -1.538881664806423             4.75666052032465               5.928417840640438              6627.617502928156              0.0003145398898132117          51.59579830967338              357.9817591063243              250.258106604776               
32400                          6385.501041379272              959.3935270280155              1493.198736415907              -2.068767601086833             4.689386932623181              5.819722338651339              6627.191842830562              0.0004154363798168272          51.59428160709421              357.9812483553666              250.5485858344009              
32460                          6245.72829763565               1238.159365392977              1838.400027156389              -2.588398776809001             4.598987694344339              5.682243246378192              6626.662609555872              0.000515132531828742           51.59242251665712              357.9804413110932              250.9025128763033              
32520                          6075.149728446319              1510.81850410134               2174.505930114782              -3.095205248593065             4.485915071647106              5.516669237024378              6626.040517488577              0.0006129102071522694          51.5902573349409               357.9792799272145              251.3110293629807              
32580                          5874.610285588205              1776.026927093394              2499.85491229861               -3.586683499698792             4.350733799738542              5.323828628651675              6625.338199492855              0.0007079704140850525          51.58782834369531              357.9777132230727              251.7638160849456              
32640                          5645.102823639959              2032.477795527067              2812.83921200515               -4.060409029359782             4.194117814972183              5.104684662311533              6624.569927337259              0.0007994011962616957          51.58518296216878              357.9756982699126              252.2493101448217              
32700                          5387.762994458757              2278.90788930869               3111.912777226002              -4.514048354299935             4.01684642015087               4.86033008615156               6623.751296416209              0.0008861782614611863          51.58237280184763              357.973201014221               252.7549476029099              
32760                          5103.863442973832              2514.103799930392              3395.598856432332              -4.945370356954673             3.819799932717611              4.591981111579932              6622.898883555628              0.0009671817654712223          51.57945264315342              357.9701969230449              253.2674267863913              
32820                          4794.807342064682              2736.907848947599              3662.497210774197              -5.352256938574082             3.603954864254318              4.300970804955383              6622.02988723253               0.001041223285694811           51.5764793549523               357.9666714400094              253.7729866649406              
32880                          4462.121310079326              2946.223704449882              3911.290914523436              -5.73271294005253              3.370378682525705              3.988741981616914              6621.161759716168              0.001107079621957758           51.5735107785226               357.9626202446097              254.2576949421973              
32940                          4107.447755654058              3141.021671979105              4140.752715842519              -6.084875308375733             3.120224205787726              3.656839666489527              6620.31184045043               0.001163530936303895           51.57060459800601              357.9580493113654              254.7077399306754              
33000                          3732.536695469626              3320.343639260032              4349.750933709113              -6.40702149803962              2.854723676457382              3.306903181667862              6619.496999471976              0.001209401222685465           51.56781721924915              357.9529747693446              255.1097207695848              
33060                          3339.237090320288              3483.307657056848              4537.254870563258              -6.697577106657227             2.575182556999576              2.940657915566948              6618.733298851174              0.00124359951712679            51.56520267839953              357.9474225663674              255.4509301854223              
33120                          2929.487749647702              3629.112139040799              4702.339721213799              -6.955122747767018             2.282973089767335              2.559906826627774              6618.035679122156              0.001265160711836966           51.56281160072197              357.9414279458909              255.7196246187132              
33180                          2505.30783654962               3757.039672465284              4844.190968975638              -7.178400180560423             1.979527644926624              2.166521711547845              6617.417676457078              0.001273285366404358           51.56069022870889              357.9350347476702              255.9052765104334              
33240                          2068.787041861811              3866.46041925959               4962.108246345754              -7.366317693731156             1.66633190208162               1.762434296135195              6616.891175152908              0.001267378565006214           51.55887953720462              357.9282945468781              255.998804028849               
33300                          1622.07544177307               3956.835108073923              5055.508661452024              -7.517954775120736             1.344917868397187              1.349627151212738              6616.466198636339              0.001247088766815807           51.55741445112992              357.9212656483062              255.9927739971099              
33360                          1167.373105049553              4027.717600511412              5123.929572084048              -7.632566064418953             1.016856769175417              0.9301244794039606             6616.150741101082              0.001212348931272583           51.5563231796573               357.914011955328               255.8815740871032              
33420                          706.919485778794               4078.757027406059              5167.030803671848              -7.709584603691704             0.6837518224037489             0.5059827869460558             6615.950640738063              0.001163424407944191           51.55562667833745              357.906601734872               255.6615510564116              
33480                          242.9826415034764              4109.699489068109              5184.596305332187              -7.748624391358103             0.3472309093940049             0.079281455821922              6615.869494615741              0.001100975987205722           51.55533824842978              357.8991063012708              255.3311122568302              
33540                          -222.1516841417038             4120.389313473024              5176.535238150339              -7.749482239301374             0.00893915168793602            -0.3478867707032641            6615.9086145342                0.00102615382645466            51.5554632803461               357.8915986430338              254.890788321688               
33600                          -686.1910809856097             4110.769865933564              5142.882489057361              -7.712138925674587             -0.3294686004587843            -0.7734253818836019            6616.067022639556              0.0009407521176603117          51.55599914573639              357.884152017366               254.3432555349355              
33660                          -1146.847512881063             4080.883905552993              5083.798608114506              -7.636759635381173             -0.6663353276356799            -1.195243721082006             6616.341485195257              0.00084748170145284            51.55693524024481              357.8768385385101              253.693317207747               
33720                          -1601.848381753245             4030.873487088363              4999.569167355833              -7.523693677529098             -1.000009468537893             -1.611266659279061             6616.726582714122              0.0007504664950972398          51.5582531765116               357.8697277847832              252.9478438555188              
33780                          -2048.947548075385             3960.979403731384              4890.603538633836              -7.373473461168304             -1.328852582775518             -2.019444278836193             6617.21481457459               0.0006561275914846754          51.55992712455855              357.8628854500939              252.1156730337889              
33840                          -2485.936267185121             3871.540169400029              4757.433090594677              -7.186812710927282             -1.651247034467374             -2.417761547798514             6617.79673623343               0.0005745222594407411          51.56192429420717              357.8563720647516              251.2074700327912              
33900                          -2910.653998493488             3762.990538986521              4600.708804846811              -6.964603900199107             -1.965603678006867             -2.80424795995247              6618.461127175147              0.0005202136288266728          51.56420555175217              357.8502418095061              250.2355518285331              
33960                          -3320.999020860952             3635.859572525764              4421.198321996671              -6.707914891546719             -2.270369507265008             -3.176987090977275             6619.195187696318              0.0005089610411814477          51.56672616057272              357.8445414458066              249.2136769835506              
34020                          -3714.93885463482              3490.768232439061              4219.782403906927              -6.417984737058856             -2.564035276502073             -3.534126078606778             6619.984762662169              0.0005476596107359588          51.56943663339634              357.8393093826368              248.1568051725035              
34080                          -4090.520363180033             3328.426539901826              3997.450851046706              -6.096218664466288             -2.845143003594171             -3.873884914793426             6620.814589982579              0.0006286527312591015          51.57228368096487              357.8345749000089              247.0808306865647              
34140                          -4445.879582240724             3149.630263006473              3755.297838308994              -5.744182165914137             -3.112293393295662             -4.194565593198403             6621.668571557459              0.0007374581695825489          51.57521124083254              357.8303575442854              246.0022945307792              
34200                          -4779.251100179413             2955.257194982324              3494.516751182743              -5.363594276872454             -3.364153046831881             -4.494560946876935             6622.530063542448              0.0008612918171778901          51.57816156659703              357.8266667105908              244.9380809929498              
34260                          -5088.977074476481             2746.26297423352               3216.394457600022              -4.956319921699407             -3.599461516660791             -4.772363244153807             6623.382182762032              0.0009910568335798153          51.58107635816093              357.8235014209333              243.9051039017513              
34320                          -5373.515722497355             2523.676508678286              2922.305102038089              -4.524361423281675             -3.817038076391994             -5.026572382631576             6624.20812485642               0.001120427738920034           51.58389791045457              357.8208503061244              242.9199894044887              
34380                          -5631.449290869258             2288.594995425678              2613.703410592052              -4.069849135417718             -4.015788196901561             -5.25590366753628              6624.991489353549              0.001244794548041717           51.58657025838557              357.8186917936246              241.998761140132               
34440                          -5861.491435196158             2042.178563541086              2292.117545475911              -3.595031232978288             -4.194709661849141             -5.459195091194995             6625.716605921293              0.001360602370018229           51.5890402947948               357.8169945001407              241.1565346685493              
34500                          -6062.493962595462             1785.644562042572              1959.141539399232              -3.102262688636883             -4.352898268373513             -5.635414046007878             6626.36885536235               0.001464994816514862           51.59125883834446              357.815717823324               240.4072272042731              
34560                          -6233.452889489482             1520.26151971826               1616.427345914144              -2.593993479640522             -4.489553056244765             -5.783663400842751             6626.934978303202              0.001555631664422453           51.59318162884065              357.8148127225925              239.7632891096328              
34620                          -6373.51377009207              1247.342806748819              1265.67654600014               -2.072756081507595             -4.603981009303873             -5.903186872143937             6627.403364100636              0.001630599687071731           51.59477022860845              357.814222674869               239.2354626281403              
34680                          -6481.976254583813             968.2400322715055              908.6317562547353              -1.541152320967957             -4.695601174863442             -5.993373624152665             6627.764312307152              0.001688372392386188           51.59599281020144              357.8138847870165              238.8325733198562              
34740                          -6558.297842353691             684.3362107014166              547.0677821202754              -1.001839665680583             -4.763948151955465             -6.053762039522105             6628.010259158528              0.001727794970720678           51.59682481295052              357.8137310430214              238.5613585170286              
34800                          -6602.096797181485             397.0387383790429              182.7825705690722              -0.4575170525345533            -4.808674901638268             -6.084042605773482             6628.135961972625              0.001748081555725291           51.59724945348135              357.8136896607617              238.4263367031172              
34860                          -6613.154199912802             107.7722376288141              -182.4119641621583             0.08908960756059953            -4.829554840986079             -6.08405987548                 6628.138635143778              0.001748817647460577           51.59725807847471              357.8136865304629              238.4297204998866              
34920                          -6591.415127003304             -182.0287314954517             -546.6992404120299             0.6352422122289834             -4.826483198092625             -6.053813473081468             6628.01803254193               0.00172996378331797            51.59685035142653              357.8136467048948              238.5713751494304              
34980                          -6536.988936353603             -470.9269873537122             -908.2673014903094             1.178205299874134              -4.799477600455686             -5.993458124753403             6627.77647249719               0.00169185857817846            51.59603426872188              357.8134959100276              238.8488232666223              
35040                          -6450.148662086558             -757.4900804736164             -1265.318112475875             1.715260907681426              -4.748677894355579             -5.903302709432385             6627.418803233673              0.001635220829333358           51.59482600426551              357.8131620442331              239.2572956182757              
35100                          -6331.329523963685             -1040.297595082885             -1616.076747957068             2.243723243145073              -4.674345197189919             -5.783808343769684             6626.952308451251              0.001561151958945333           51.59324958581013              357.8125766343343              239.7898265906815              
35160                          -6181.126563041777             -1317.948379944484             -1958.800447501235             2.760953093574429              -4.576860198052355             -5.635585524091956             6626.386554629719              0.001471142115918772           51.59133640978172              357.8116762177258              240.4373921587921              
35220                          -6000.29142438633              -1589.067653448777             -2291.787469996606             3.264371833350607              -4.456720732514                -5.459390365152601             6625.733183571489              0.00136708649112573            51.58912460514446              357.8104036215123              241.1890870584348              
35280                          -5789.728314099441             -1852.313942301312             -2613.385696474227             3.75147492210807               -4.314538667826448             -5.256119986861578             6625.00565547547               0.001251324057292589           51.58665826007353              357.8087091119724              242.0323373314386              
35340                          -5550.489164207818             -2106.385813736621             -2922.000932092442             4.21984479609189               -4.151036143351182             -5.026807110664926             6624.218949455013              0.001126721491232209           51.58398652820259              357.8065513906735              242.9531433951433              
35400                          -5283.768044390757             -2350.028364092391             -3216.10486192                 4.667163069587943              -3.967041217890412             -4.772613935267787             6623.389229744369              0.0009968450149441075          51.58116263370317              357.8038984170768              243.9363486232951              
35460                          -4990.8948627191               -2582.03943081075              -3494.242620676442             5.091221981087211              -3.763482979522891             -4.494825365541223             6622.533486834279              0.0008662987999395889          51.57824279644176              357.8007280414025              244.9659275909526              
35520                          -4673.328408234602             -2801.275492825941             -3755.039934488058             5.489935025128334              -3.541386181210568             -4.194841677864416             6621.669163419801              0.0007413572946570423          51.57528510000031              357.7970284358455              246.0252882708655              
35580                          -4332.648775567859             -3006.657240685343             -3997.209812795436             5.861346750395862              -3.301865455507555             -3.874170690698323             6620.813775219312              0.0006309916371845013          51.57234832608977              357.7927983164926              247.0975820177446              
35640                          -3970.549230990617             -3197.174785842966             -4219.558754514234             6.203641691380142              -3.04611917246991              -3.534419523443589             6619.98453660605               0.0005478148670871053          51.56949077941283              357.7880469529568              248.1660153464754              
35700                          -3588.827561611632             -3371.892495566553             -4420.992453154701             6.515152439003808              -2.77542298888878              -3.177286004603616             6619.198000399093              0.0005063168264484136          51.56676912668317              357.7827939669718              249.21415759501                
35760                          -3189.376972379457             -3529.953429052017             -4600.52097309629              6.794366841280604              -2.491123148615026             -2.804549805667538             6618.4697203552                0.0005145961469255651          51.56423727299352              357.7770689257254              250.2262386416915              
35820                          -2774.176588144779             -3670.583361921696             -4757.263383493038             7.039934349625606              -2.194629583689386             -2.418063363215622             6617.813943736436              0.0005662480472494357          51.5619452974739               357.7709107397102              251.1874313632688              
35880                          -2345.281571105433             -3793.09440232416              -4890.451854218257             7.250671555434534              -1.887408827172605             -2.019742601268797             6617.243339945348              0.0006455540155957117          51.55993846837755              357.7643668778473              252.0841137867601              
35940                          -1904.81295595127              -3896.888167889568             -4999.435180017133             7.425566900836464              -1.570976808951687             -1.611557545112554             6616.768769947766              0.0007377573556487223          51.55825635644289              357.7574924173085              252.9041062251072              
36000                          -1454.947215033617             -3981.458531202881             -5083.681743040966             7.56378461292063               -1.246891537103518             -1.195522827818839             6616.399099591238              0.0008326590272190847          51.55693206261604              357.7503489470656              253.6368794340196              
36060                          -997.9056124085953             -4046.393922820385             -5142.781902764748             7.66466787350192               -0.9167456963550792            -0.7736881290620017            6616.141058573355              0.0009237998954770184          51.55599157418346              357.7430033473467              254.273730117714               
36120                          -535.94339011931               -4091.379188140355             -5176.449810733124             7.727741244112827              -0.5821591808986175            -0.348128567372385             6615.999145495941              0.001007091590575857           51.55545326072349              357.7355264689335              254.8079208658901              
36180                          -71.33883095901892             -4116.19699466628              -5184.524647930485             7.752712360258297              -0.2447715770449176            0.07906493501849757            6615.975578279622              0.001079901334528726           51.55532751867118              357.7279917378088              255.2347821308658              
36240                          393.6177587410607              -4120.728787065731             -5166.971283645315             7.739472904119703              0.09376539075807816            0.5057952978450471             6616.070288262066              0.001140534098503001           51.55561657058998              357.720473711746               255.5517744978197              
36300                          856.6351024380326              -4104.955288249082             -5123.880355767386             7.688098860030901              0.4317954373375381             0.9299689222775287             6616.280955565781              0.001187944962977815           51.55631442250991              357.713046616113               255.7585102509856              
36360                          1315.432003830769              -4068.956545230237             -5055.467772906551             7.598850051729109              0.7676653077393196             1.349505311403029              6616.603082804833              0.001221572997441966           51.55740697996193              357.7057828863353              255.8567337597724              
36420                          1767.748342610057              -4012.911519730985             -4962.073640893491             7.472168957689165              1.099732361472958              1.762346645751973              6617.030103887108              0.001241238220638787           51.55887232059075              357.6987517445108              255.8502611564018              
36480                          2211.355982458002              -3937.097223808435             -4844.160615698666             7.308678795713702              1.426372142011527              2.166467303021254              6617.553524545176              0.001247071437940778           51.56068111855564              357.692017836821               255.7448802000054              
36540                          2644.069532201439              -3841.887404102267             -4702.311690312399             7.109180871347301              1.745985902456618              2.559883284733991              6618.163091225075              0.001239461290967441           51.56279721320747              357.6856399578297              255.5482122207322              
36600                          3063.756936904211              -3727.750774613284             -4537.227416697585             6.874651172803246              2.057008082360012              2.940661542354392              6618.846985107415              0.001219010282052631           51.56517831206471              357.679669885862               255.2695385518437              
36660                          3468.349853417416              -3595.248798056253             -4349.722565226436             6.606236193907555              2.357913712042057              3.306929171733242              6619.592038188426              0.001186495401174441           51.56777681559649              357.6741513522729              254.9195945843494              
36720                          3855.853709464437              -3445.033039155958             -4140.722256252338             6.305248011354426              2.647225676714789              3.656882391406236              6620.383968385276              0.001142831075654807           51.57054074852113              357.6691191659768              254.5103354384437              
36780                          4224.357487102866              -3277.842073515036             -3911.257541229716             5.973158560098744              2.923521875200352              3.988795345433972              6621.207630989278              0.001089033336962127           51.57341478097727              357.6645985100172              254.0546774023933              
36840                          4572.043119778559              -3094.497977602403             -3662.460471326791             5.611593136375422              3.185442192986721              4.301028630520242              6622.04728358454               0.001026184825493594           51.57634132006874              357.6606044261621              253.5662204884511              
36900                          4897.194479466183              -2895.902405357328             -3395.558661819879             5.222323116311659              3.431695271187033              4.592037523068693              6622.886861615661              0.0009554007431672326          51.57926165105778              357.6571414988372              253.0589571985684              
36960                          5198.205903562335              -2683.032265810965             -3111.86937317303              4.807257897072216              3.661065030387997              4.860379854253367              6623.710261571733              0.0008777962401285395          51.58211710592811              357.654203746405               252.5469737054646              
37020                          5473.590215188013              -2456.935017644306             -2812.79313145249              4.368436071792873              3.872416908617834              5.104723481691439              6624.501628470574              0.0007944560584178769          51.58485023608124              357.651774723686               252.0441491849524              
37080                          5721.986191438643              -2218.723599108073             -2499.806913876369             3.908015856577109              4.064703770724721              5.323853304203067              6625.24564395066               0.0007064075956447192          51.58740596538874              357.6498278353734              251.5638598889964              
37140                          5942.165436770813              -1969.571012705508             -2174.456926430656             3.428264792610216              4.236971446061868              5.516677765887841              6625.927810844188              0.0006145989756588832          51.58973269980365              357.6483268555528              251.118693846739               
37200                          6133.038611009476              -1710.704598229844             -1838.351018802835             2.931548777335171              4.388363843083084              5.6822347868799                6626.534729619037              0.0005198844650203347          51.59178337014438              357.6472266441669              250.7201826130649              
37260                          6293.660993891692              -1443.399994620636             -1493.150738498602             2.420320419165412              4.518127613044257              5.819697084895006              6627.054361743161              0.0004230215442854443          51.59351638605358              357.6464740466825              250.3785555061713              
37320                          6423.237315896323              -1168.974860381488             -1140.563116043475             1.897106848239625              4.625616292591499              5.928376805273493              6627.476274501644              0.000324691308813191           51.59489648017298              357.6460089594188              250.1025220045558              
37380                          6521.125855547358              -888.7823402835063             -782.332166202227              1.364496963374058              4.710293909746632              6.007729438539391              6627.791861796101              0.0002255908484024307          51.5958954244873               357.6457655387002              249.8990867496332              
37440                          6586.84175035049               -604.2043425692453             -420.2301893151151             0.8251282476705957             4.771737995750192              6.057356959306976              6627.99453522411               0.0001269448344079504          51.59649260282541              357.6456735289676              249.7734014321932              
37500                          6620.059504991161              -316.6446621291362             -56.04891876915049             0.281673235025065              4.809641974169118              6.07701015442309               6628.079880019145              3.925146282222122e-05          51.59667542700755              357.6456596819183              249.7286565974937              
37560                          6620.614682854392              -27.52196584565704             308.4094637875947              -0.2631743213936969            4.823816903191438              6.066590112389801              6628.04577082441               8.577645541591201e-05          51.5964395875423               357.6456492366306              249.7660157682922              
37620                          6588.504759692897              261.7373010140732              671.3413696904676              -0.8067134422566746            4.814192542333373              6.026148844703766              6627.892442902059              0.0001831183740200002          51.59578913343632              357.6455674291811              249.8845931572359              
37680                          6523.889135356677              549.7060510047947              1030.950854436923              -1.34624998003375              4.780817731623078              5.955889029038915              6627.622515291872              0.0002824920174018475          51.59473637962416              357.6453409995507              250.0814753122286              
37740                          6427.08830288477               834.9636933787365              1385.458627943271              -1.879110636211216             4.723860077503836              5.856162872577717              6627.240963572453              0.0003816094066954592          51.59330164454445              357.6448996637645              250.3517860325919              
37800                          6298.582180556095              1116.103233367576              1733.110970417371              -2.402656827352291             4.643604948432525              5.727470105150813              6626.755041151677              0.0004796933886573286          51.59151282417029              357.644177520126               250.6887928514552              
37860                          6139.007619194768              1391.738290776258              2072.188502219868              -2.914298293050405             4.540453792483941              5.570455123555348              6626.174149457815              0.0005760902512393489          51.58940481253756              357.6431143601311              251.0840526216607              
37920                          5949.15510331018               1660.509997802269              2401.014757704681              -3.411506343680577             4.414921798179756              5.385903319500301              6625.509658896939              0.0006700833752313334          51.5870187821842               357.641656857051               251.5275926887662              
37980                          5729.964670313545              1921.09373779707               2717.964515622911              -3.891826653813521             4.267634927867713              5.174736633524793              6624.774683939235              0.0007608479823917757          51.58440134090124              357.6397596082478              252.0081237116265              
38040                          5482.521076764777              2172.205689011676              3021.471841881558              -4.352891517501519             4.099326359774737              4.938008385345909              6623.983817125445              0.0008474432221688692          51.58160358371376              357.6373860108578              252.5132792406876              
38100                          5208.048255853456              2412.609130458696              3310.037792574843              -4.792431476251829             3.910832388027124              4.676897448061052              6623.152828107633              0.0009288216826305707          51.57868006110485              357.634508954607               253.0298770521485              
38160                          4907.90308138708               2641.120501753353              3582.237767497536              -5.208286302170406             3.703087811861172              4.392701807089127              6622.298334828288              0.001003850203967569           51.57568768553165              357.6311113194863              253.544196632678               
38220                          4583.568503107158              2856.615162175421              3836.7284482288                -5.598415241298826             3.477120879323738              4.086831591859847              6621.437454942111              0.001071338899013201           51.57268459966421              357.6271862709063              254.0422671667993              
38280                          4236.646101086055              3058.032828630712              4072.254297432802              -5.960906494018632             3.234047838991436              3.760801649634899              6620.587446068075              0.001130076119103598           51.56972902970288              357.6227373492916              254.5101601442011              
38340                          3868.84806038628               3244.382696324096              4287.653624014818              -6.293985959750025             2.975067118348708              3.416223684136728              6619.765343606576              0.001178867438798076           51.56687814645708              357.6177783547944              254.934281086782               
38400                          3481.988693379442              3414.74817304211               4481.864133580185              -6.596025148070258             2.701453232792175              3.054798095971573              6618.987605123637              0.001216576966367253           51.5641869571188               357.6123330335124              255.3016544822758              
38460                          3077.975468449218              3568.291263364937              4653.92800764313               -6.865548353407634             2.414550407432347              2.678305497742242              6618.26976952975               0.001242169621759884           51.5617072479227               357.606434573281               255.6001969341787              
38520                          2658.799651317327              3704.256552564206              4802.996453759402              -7.10123903756721              2.115765992626358              2.288598009465061              6617.626139036339              0.001254753390838385           51.55948659751249              357.6001249223966              255.8189732032724              
38580                          2226.526582375071              3821.974791792821              4928.333729762725              -7.301945459093987             1.806563691417149              1.887590355623475              6617.069490813695              0.001253621110954067           51.55756747817935              357.5934539465579              255.9484307170651              
38640                          1783.285638548097              3920.866072077392              5029.320628876337              -7.466685562389582             1.488456629790489              1.477250802588958              6616.610824314712              0.001238292087537963           51.55598646020346              357.5864784421145              255.9806081615925              
38700                          1331.259923587708              4000.442578399412              5105.457417009739              -7.59465114382209              1.163000292794359              1.05959196492569               6616.259149052064              0.001208554980694377           51.55477353221719              357.5792610256824              255.9093145431989              
38760                          872.6757296939766              4060.310916385972              5156.366215075391              -7.685211310190295             0.8317853447444602             0.6366615030455793             6616.021316401296              0.001164515259003472           51.55395154814764              357.5718689217049              255.7302753888298              
38820                          409.7918125571813              4100.174005099087              5181.79282035399               -7.737915241206029             0.4964303477266004             0.2105327297579097             6615.901897754115              0.001106653780871211           51.55353580894564              357.5643726706398              255.441243444091               
38880                          -55.11147864982776             4119.832530170973              5181.607961876617              -7.752494262609697             0.158574389649188              -0.2167048602593089            6615.903110149183              0.001035909124466463           51.55353378498744              357.5568447811732              255.0420717221195              
38940                          -519.7431738838345             4119.185952175034              5155.807985661311              -7.728863230744523             -0.1801303678374211            -0.642955124955813             6616.024789391664              0.0009538080299787588          51.5539449827803               357.5493583502467              254.5347473386264              
39000                          -981.8127236413153             4098.233065478717              5104.514965633778              -7.667121222416808             -0.5180262181554433            -1.066124868652709             6616.264409676583              0.0008626914733057113          51.5547609574382               357.5419856746443              253.9233852694961              
39060                          -1439.041042499533             4057.072104292019              5027.976239686588              -7.56755152112435              -0.853457487590076             -1.484133459441722             6616.617147862264              0.0007661280302989848          51.55596547024413              357.5347968782467              253.2141816976555              
39120                          -1889.171559008687             3995.900390809021              4926.563364230968              -7.430620877281356             -1.184778184837066             -1.894922497723507             6617.07598987115               0.000669675030086348           51.55753478868255              357.5278585775746              252.4153273280472              
39180                          -2329.981179446512             3915.013523547523              4800.770489848696              -7.256978024900277             -1.510359672418784             -2.296465471896631             6617.63187610097               0.0005821590954664554          51.55943812419005              357.5212326092162              251.5368818426023              
39240                          -2759.291129434701             3814.804108173978              4651.212162897362              -7.047451437425527             -1.828598348377402             -2.68677738554394              6618.273882324187              0.0005170722596697054          51.56163820087958              357.5149748410569              250.5906111191071              
39300                          -3174.977665248274             3695.760022271097              4478.620542763685              -6.803046279824276             -2.137923344348668             -3.063924361378743             6618.989432329388              0.0004911791617442362          51.56409194676944              357.5091340878734              249.589789853092               
39360                          -3574.982559353992             3558.462222089221              4283.842050094139              -6.524940546797724             -2.436804178130091             -3.426033143118486             6619.764538272287              0.0005156050122539707          51.56675129668644              357.503751151998               248.5489725559028              
39420                          -3957.323333286492             3403.582091213559              4067.83344742223               -6.214480356880387             -2.723758345539013             -3.771300474239768             6620.584064630732              0.0005863581553912543          51.56956409428674              357.4988580071957              247.4837370700934              
39480                          -4320.103182368158             3231.878336547703              3831.657362067272              -5.873174383515232             -2.997358811457783             -4.098002301686257             6621.432011550079              0.0006891871124233733          51.57247507856572              357.4944771425704              246.4104047770807              
39540                          -4661.520540017589             3044.19343888754               3576.477263389987              -5.502687408321862             -3.256241358476243             -4.404502750886255             6622.291813272209              0.0008100517041119406          51.57542693833559              357.4906210810835              245.3457429503578              
39600                          -4979.878228700733             2841.449667984517              3303.551909863436              -5.104832988558358             -3.499111747306645             -4.689262813393288             6623.146647238336              0.0009388077877682407          51.57836141634465              357.4872920847328              244.3066545084139              
39660                          -5273.592145247671             2624.644674136584              3014.229284109333              -4.681565237558138             -3.724752640157489             -4.95084868499693              6623.979749321874              0.001068528356766251           51.58122044309913              357.4844820554652              243.3098615607532              
39720                          -5541.199422824249             2394.846675756463              2709.940043723947              -4.234969734852775             -3.93203023084807              -5.187939683731683             6624.774730460627              0.001194287459341404           51.58394727903212              357.4821726375772              242.3715887803228              
39780                          -5781.366026165397             2153.189256438484              2392.190507501852              -3.767253575315864             -4.119900533547334             -5.399335686986641             6625.515889794363              0.001312361764183542           51.58648764277142              357.4803355234752              241.5072533263728              
39840                          -5992.893727989678             1900.86579150147               2062.555205317598              -3.280734584483512             -4.287415273162229             -5.583964016677895             6626.188519174748              0.001419796560790983           51.58879080257994              357.4789329607121              240.7311676937161              
39900                          -6174.726402039397             1639.123548494617              1722.669051547458              -2.777829779917195             -4.433727308393101             -5.740885689175983             6626.779193658332              0.001514183029378349           51.59081060776516              357.4779184539818              240.0562620658329              
39960                          -6325.955614371102             1369.257463952818              1374.21914623422               -2.261043082909227             -4.558095553387676             -5.869300986598291             6627.27604257878               0.001593547553940465           51.59250643781983              357.4772376509815              239.4938319659132              
40020                          -6445.825451640828             1092.60364760944               1018.936272251747              -1.732952385828697             -4.659889329816567             -5.968554268585625             6627.668995553567              0.00165629942208021            51.59384404757294              357.4768293970218              239.0533170861163              
40080                          -6533.736556740865             810.5326425878477              658.5861264392967              -1.196196042781978             -4.738592105949899             -6.038137972922957             6627.949997927367              0.001701208785634784           51.59479628869271              357.4766269387254              238.7421160008907              
40140                          -6589.249338921032             524.4424807818784              294.9603363607695              -0.6534588781032606            -4.793804577748118             -6.077695752906249             6628.1131902992                0.001727399922194245           51.59534369002822              357.4765592532821              238.5654411125515              
40200                          -6612.086332505219             235.7515740732287              -70.1326841946658              -0.1074578156665412            -4.825247054171616             -6.087024708989279             6628.15504717124               0.001734351654525945           51.59547488220865              357.4765524761959              238.5262169369607              
40260                          -6602.133684768998             -54.10851592052558             -434.8769856041423             0.4390727591019096             -4.832761116511754             -6.066076682414815             6628.074470330463              0.001721900466095907           51.59518685529569              357.4765313975397              238.6250240703375              
40320                          -6559.441760646405             -343.7003844772593             -797.4583806793348             0.9833957841590821             -4.816310530342067             -6.014958590210993             6627.872833361733              0.001690244030076701           51.59448504209034              357.4764209945538              238.8600899486164              
40380                          -6484.224857551975             -631.5881283001554             -1156.073741420757             1.522786342154973              -4.775981397481862             -5.933931791601212             6627.553974676809              0.001639944398108569           51.59338322378628              357.4761479670427              239.2273264861888              
40440                          -6376.86003766061              -916.3446595148473             -1508.940207896714             2.054546350334989              -4.71198154891813              -5.823410496294716             6627.124137645063              0.001571931499819719           51.59190325903671              357.4756422415861              239.7204135532647              
40500                          -6237.885076862682             -1196.558987486803             -1854.3043065963               2.576019077200423              -4.624639182135375             -5.683959221379288             6626.591857670699              0.001487509312384211           51.59007464159523              357.4748384109803              240.3309262335388              
40560                          -6067.995564328407             -1470.843365872395             -2190.450850341718             3.084603257573887              -4.514400771576636             -5.516289345975796             6625.967797600083              0.001388369706949484           51.58793389628504              357.4736770768276              241.0485027331815              
40620                          -5868.041153432853             -1737.840323521316             -2515.711642754049             3.577766808693867              -4.381828267628441             -5.321254783197661             6625.264534154619              0.001276623540520175           51.58552382645701              357.4721060652842              241.8610491307591              
40680                          -5639.021018872851             -1996.229483461264             -2828.473869157504             4.05305994260647               -4.227595637450052             -5.099846848538735             6624.496299723549              0.001154867195561885           51.58289263029866              357.4700814893231              242.7549761059499              
40740                          -5382.078539936877             -2244.734166642553             -3127.188170393405             4.508127649876831              -4.05248478358808              -4.853188371922009             6623.678685070583              0.001026319462575952           51.58009290592568              357.4675686344868              243.7154625898911              
40800                          -5098.495257369393             -2482.127731370962             -3410.376339932521             4.940721452965223              -3.857380896487945             -4.582527130461097             6622.828309811334              0.0008950958166295134          51.57718056790532              357.4645426495843              244.726740380821               
40860                          -4789.684148416432             -2707.239618262724             -3676.63860838231              5.348710372076011              -3.643267297099675             -4.289228676693737             6621.962468524444              0.000766741688338248           51.57421369967478              357.4609890286407              245.7723939573516              
40920                          -4457.182268717253             -2918.961071935899             -3924.660481498726             5.730091058207136              -3.411219828789652             -3.974768640214712             6621.098761124269              0.0006491894729830553          51.57125136738816              357.4569038754568              246.8356690919654              
40980                          -4102.642811976373             -3116.250514190217             -4153.219102445394             6.082997063748943              -3.162400858267466             -3.640724580428074             6620.254716611166              0.0005540421659518981          51.56835242117856              357.4522939473712              247.899784380711               
41040                          -3727.826639679696             -3298.138546976899             -4361.189113639601             6.405707235763736              -2.898052943831773             -3.288767465544503             6619.447419489493              0.0004964337806954959          51.56557430953438              357.4471764799231              248.9482394308998              
41100                          -3334.593330830323             -3463.732567957833             -4547.547999111048             6.696653232207831              -2.61949222415651              -2.920652845677709             6618.693148002259              0.0004887045297443699          51.56297193154647              357.4415787989817              249.9651142002895              
41160                          -2924.891824553029             -3612.220975643269             -4711.380882324472             6.954426156794952              -2.328101592715727             -2.538211803129759             6618.007032933198              0.0005293344826575134          51.56059655042402              357.4355377317778              250.9353537860579              
41220                          -2500.750643426157             -3742.876976573399             -4851.884794341196             7.177782373747414              -2.025323657601376             -2.143341676722613             6617.402744861374              0.0006034343594446516          51.55849478915599              357.4290988311108              251.8450340258642              
41280                          -2064.267861649997             -3855.061941323901             -4968.372354475044             7.365648450601134              -1.712653606314672             -1.737996714655478             6616.89221711418               0.0006944640976657992          51.55670772788333              357.4223154330722              252.6816029102647              
41340                          -1617.600733802346             -3948.228350585044             -5060.27491057194              7.517125341056564              -1.391631913235179             -1.324178571445157             6616.485410082029              0.0007905142196610802          51.55527011839643              357.4152475679265              253.4340942584367              
41400                          -1162.955149675763             -4021.922286304037             -5127.145091575884             7.631491767968097              -1.063837000163298             -0.9039267910391688            6616.190121693513              0.0008840804106423501          51.55420972968225              357.407960749701               254.0933097928646              
41460                          -702.5748696330199             -4075.785489595892             -5168.65879713285              7.708206876394074              -0.7308778051560281            -0.479309216025623             6616.011847169408              0.0009704884136963032          51.55354683445252              357.4005246685237              254.6519669755262              
41520                          -238.7306435785944             -4109.556966703823             -5184.616606539093             7.746912152529255              -0.3943863174821954            -0.05241239652075214           6615.953689971411              0.001046767656900568           51.55329384426781              357.3930118130332              255.104810118185               
41580                          226.2907700489392              -4123.074147187001             -5174.944613272906             7.747432635868043              -0.05601007163651578           0.374668011445202              6616.016324422349              0.001111017591024696           51.5534550976155               357.3854960492989              255.4486830912747              
41640                          690.1976363291686              -4116.273590774055             -5139.694683467922             7.709777431541555              0.282595385069466              0.7998368398762606             6616.198009202139              0.001162063870088843           51.55402680265362              357.3780511831728              255.6825625339507              
41700                          1150.704285757314              -4089.191241685765             -5079.044139239106             7.634139526102383              0.6197740429926448             1.221008984557694              6616.494649781042              0.001199264997264117           51.55499713367118              357.3707495324179              255.8075509806249              
41760                          1605.542124121064              -4041.962229614757             -4993.294868306218             7.52089490330384               0.9538769894560224             1.636118950560419              6616.899906826961              0.001222395117841258           51.55634647786356              357.3636605341441              255.8268301539938              
41820                          2052.470568107436              -3974.820217150957             -4882.871862148048             7.370600950707078              1.283269965899247              2.0431303530211                6617.405346787586              0.00123156534945101            51.55804782673685              357.3568494119924              255.7455750251038              
41880                          2489.287865080369              -3888.096293867849             -4748.321185426153             7.183994142756426              1.606340910185689              2.440045356238916              6618.000630189162              0.001227164638566481           51.56006730434387              357.3503759261452              255.5708302552075              
41940                          2913.841746237656              -3782.217419926465             -4590.307383287945             6.961986986600678              1.921507461615818              2.824914021858821              6618.673732698301              0.001209810454797465           51.56236482254346              357.3442932278251              255.3113508850965              
42000                          3324.039880755765              -3657.704419722411             -4409.610329165859             6.705664208006615              2.227224416377785              3.195843549230659              6619.411193706197              0.001180304406316348           51.56489485171837              357.3386468379251              254.9774101582934              
42060                          3717.860077697651              -3515.169529849136             -4207.121521625052             6.41627816064885               2.521991102137238              3.551007367336478              6620.198387012254              0.001139590386920517           51.56760729359358              357.3334737678309              254.5805777090309              
42120                          4093.360182635372              -3355.313509776551             -3983.839844018063             6.095243448901766              2.804358636634131              3.888654033202473              6621.019808141469              0.001088714263766249           51.57044844113867              357.328801798356               254.1334722512202              
42180                          4448.687632304796              -3178.922319912467             -3740.866795067485             5.744130746694829              3.07293704359689               4.207115901888495              6621.85937293208               0.001028784929349743           51.57336200915633              357.3246489301756              253.6494930753115              
42240                          4782.088613287842              -2986.863378279886             -3479.401207793565             5.364659809725617              3.326402182847936              4.504817513203215              6622.700722151475              0.0009609370489410691          51.5762902176597               357.3210230168863              253.1425357515145              
42300                          5091.916777134229              -2780.081408025611             -3200.733475092011             4.958691682287244              3.563502452919452              4.780283642309413              6623.527527099915              0.0008862961881492583          51.57917490897996              357.3179215889266              252.6266972024177              
42360                          5376.641463950895              -2559.59389071182              -2906.239303762488             4.528220108384977              3.783065221339684              5.032146957828131              6624.323791385893              0.0008059472722298325          51.58195867848611              357.3153318736004              252.1159763803453              
42420                          5634.855387233304              -2326.486143125759             -2597.373022280692             4.075362165939326              3.984002935849688              5.259155229144841              6625.074144287782              0.0007209075761076566          51.58458599803514              357.3132310131642              251.6239763047697              
42480                          5865.281734128222              -2081.906038178593             -2275.660471128891             3.602348152536312              4.165318868918443              5.460178024019545              6625.764121345926              0.000632105739840407           51.58700431079259              357.3115864794301              251.1636140274804              
42540                          6066.780636458252              -1827.058394529524             -1942.691509589207             3.111510763513153              4.326112447296205              5.634212837503203              6626.380428046698              0.0005403688545591479          51.58916507594402              357.3103566796525              250.7468443895968              
42600                          6238.354976556284              -1563.199054175106             -1600.112165627189             2.605273597452616              4.465584124304904              5.780390600328028              6626.911182693457              0.000446421181619131           51.59102474219833              357.3094917445914              250.3844038688158              
42660                          6379.155478010442              -1291.628691298343             -1249.616486659759             2.086139075171757              4.583039740947584              5.897980503275235              6627.346134718906              0.0003509035447975515          51.59254562957323              357.3089344858965              250.0855799277642              
42720                          6488.485056028767              -1013.686381013489             -892.9381291214347             1.556675834222294              4.677894341070632              5.986394096796333              6627.676854981131              0.0002544474358888174          51.59369670044993              357.308621505981               249.8580112556965              
42780                          6565.802410526671              -730.7429205609415             -531.841678810927              1.019505597110961              4.74967541485063               6.045188632812782              6627.89689485203               0.0001580025347889313          51.5944542027203               357.3084844399747              249.7075231894742              
42840                          6610.724798575872              -444.1940289732764             -168.1138649539571             0.4772897696128974             4.798025505201212              6.074069580844148              6628.001911040272              6.593369874263276e-05          51.59480216958069              357.3084513061258              249.6380023105112              
42900                          6623.030009581231              -155.4533670569956             196.4454062451624              -0.0672843223373248            4.822704186927949              6.072892325074343              6627.989753708295              5.666885311753691e-05          51.59473276420598              357.308447937802               249.6513128582865              
42960                          6602.65750255784               134.0545242286736              560.0320721229754              -0.6115173478934948            4.82358937570002               6.041663000205583              6627.860515637266              0.0001472346525708581          51.59424645991285              357.3083994680816              249.7472569870806              
43020                          6549.708706453753              422.9013466252903              920.8469620618265              -1.15271197577833              4.800677961246539              5.980538462533469              6627.61654085028               0.0002442557342710205          51.59335205045333              357.3082318360253              249.923579664327               
43080                          6464.446480262077              709.6621849515113              1277.104818226466              -1.688186859604612             4.754085757945025              5.889825393872909              6627.262391652537              0.0003417903015405459          51.59206648868737              357.3078732827096              250.1760180180308              
43140                          6347.293737166795              992.9226240686928              1627.043236713491              -2.215290501022833             4.684046774877645              5.769978547001367              6626.804773761124              0.0004387340048763344          51.5904145559035               357.3072558048611              250.4983939468075              
43200                          6198.831243101156              1271.285801862549              1968.931478112603              -2.731414889562443             4.590911815279252              5.621598151181534              6626.252419967141              0.0005343792730179006          51.58842836802636              357.3063165345058              250.8827476801716              
43260                          6019.794607708586              1543.379356211227              2301.07909510299               -3.234008817729825             4.475146424051685              5.445426507495166              6625.615933616892              0.0006280144354603981          51.58614672885707              357.3049990144975              251.3195092620253              
43320                          5811.070478123413              1807.862243498414              2621.844348948726              -3.720590809557745             4.337328200609815              5.242343799677391              6624.907594034108              0.0007188404038704406          51.58361434399581              357.30325434192                251.7977038652552              
43380                          5573.691998365319              2063.431343023355              2929.642310265765              -4.188761488860988             4.178143531740261              5.013363200163194              6624.141127060527              0.0008059511888115307          51.58088091299324              357.3010421547425              252.3051863489382              
43440                          5308.8335057745                2308.827895772068              3222.952702980045              -4.636215466123498             3.99838374193404               4.759625263812479              6623.331444435864              0.0008883373882055725          51.57800011895524              357.2983314400257              252.8288998810931              
43500                          5017.804557605104              2542.843663923185              3500.327353464052              -5.060752530214268             3.798940740016552              4.482391722068736              6622.494356972622              0.0009649021563841449          51.57502853860822              357.295101147122               253.3551528424478              
43560                          4702.043311834595              2764.326815550774              3760.397251549456              -5.460288156030128             3.580802197599857              4.183038722278709              6621.646266953655              0.001034485617023323           51.5720244965777               357.2913405935001              253.8699082842859              
43620                          4363.109278096853              2972.187523718659              4001.879210412002              -5.832863316375044             3.345046287902491              3.863049549488996              6620.803845798283              0.001095895391292075           51.56904688865568              357.2870496554983              254.3590798309642              
43680                          4002.675509364232              3165.403230185173              4223.582066543633              -6.17665352229658              3.092836050149276              3.524006918207797              6619.983703681993              0.001147941482031915           51.56615399974407              357.2822387419179              254.8088280889215              
43740                          3622.520290090602              3343.023553083046              4424.412396911253              -6.489977075935657             2.825413433484715              3.167584903828296              6619.202058035906              0.001189474063749188           51.56340234160049              357.2769285533244              255.2058515972312              
43800                          3224.518327449954              3504.174841881922              4603.37975764943               -6.77130256722291              2.544093037091666              2.795540533553913              6618.474407884066              0.001219422983029359           51.56084553417194              357.2711496339829              255.5376669319494              
43860                          2810.631540588505              3648.064337484286              4759.601396730083              -7.01925556888453              2.250255621620828              2.409705135019356              6617.815221128494              0.001236838049631292           51.55853325349616              357.2649417289997              255.7928724442372              
43920                          2382.899451493762              3773.983945173702              4892.306450417893              -7.232624575509051             1.945341399207034              2.01197544966853               6617.23764144806               0.001240929593640953           51.55651026640976              357.2583529619898              255.9613910457774              
43980                          1943.429254756446              3881.313594616823              5000.839595580694              -7.410366174356549             1.630843156925088              1.604304581461429              6616.753221217446              0.001231109306284346           51.55481557040196              357.2514388530411              256.0346874601601              
44040                          1494.385594044629              3969.524184692761              5084.664156673774              -7.55160947657918              1.308299229363621              1.188692799522271              6616.371686167093              0.001207032243535862           51.5534816538801               357.2442611988664              256.0059562631004              
44100                          1037.980096270529              4038.18010229953               5143.364656786835              -7.65565982033485              0.9792863481335463             0.7671782296402117             6616.100736827116              0.001168642290917896           51.55253388933231              357.2368868395027              255.8702772916122              
44160                          576.4607076525959              4086.941308724086              5176.648807354789              -7.722001761522887             0.6454123875030533             0.341827458331588              6615.945890934421              0.001116225900646895           51.55199006879517              357.2293863373235              255.6247357850925              
44220                          112.1008585046825              4115.564989105289              5184.348932547326              -7.750301365529134             0.3083090094234499             -0.08527394685048008           6615.910370043444              0.001050483588224211           51.55186008800524              357.2218325946791              255.2685050780701              
44280                          -352.8114728624502             4123.906756036594              5166.422821382511              -7.740407801231088             -0.03037575990894295           -0.5120309599558212            6615.995032603682              0.0009726377861410302          51.55214578273865              357.2142994374664              254.802890326233               
44340                          -815.984762158771              4111.921407314726              5122.954009764583              -7.692354246568448             -0.3689850168921808            -0.9363486561538165            6616.198354701686              0.0008846139116114343          51.55284091791454              357.206860191069               254.2313324119359              
44400                          -1275.13500732307              4079.663232844158              5054.151486198373              -7.606358096384063             -0.7058605524949996            -1.356141834790613             6616.51645867839               0.0007893680919391791          51.55393132758795              357.1995862738418              253.5593716246294              
44460                          -1727.996778865263             4027.285862894807              4960.348816554843              -7.482820455282277             -1.03935046956747              -1.76934465455844              6616.943188830529              0.0006915022873976737          51.55539520155508              357.1925458336307              252.7945715221185              
44520                          -2172.334183550066             3955.041662350057              4842.002698032409              -7.322324913828577             -1.367816814918152             -2.173920241998476             6617.470232385655              0.0005983846684145543          51.55720351190733              357.1858024511774              251.9464040726607              
44580                          -2605.951773905163             3863.280662491493              4699.690929748336              -7.125635569848176             -1.689643268160529             -2.567870323911208             6618.087283160049              0.0005217948794752284          51.55932057129312              357.1794139311098              251.026097451685               
44640                          -3026.705296797286             3752.449032774191              4534.109809683595              -6.893694279365191             -2.003242824236783             -2.949244803044859             6618.782244425748              0.000478408921460107           51.56170471253881              357.1734312017368              250.046449101299               
44700                          -3432.512256495293             3623.087091673856              4346.070958424366              -6.627617106604088             -2.307065463114246             -3.316151266909427             6619.541466832796              0.0004837161040595064          51.56430907784837              357.1678973416857              249.0216066921257              
44760                          -3821.36224003809              3475.826858505953              4136.497575394325              -6.328689946411251             -2.599605775828781             -3.666764389096296             6620.350016627695              0.0005396686565546462          51.56708250426142              357.1628467499649              247.9668208861403              
44820                          -4191.326954487691             3311.389149827444              3906.42013532858               -5.998363294137323             -2.879410512886468             -3.999335178569828             6621.191968894201              0.0006336627757984762          51.56997049068063              357.1583044739311              246.8981737769536              
44880                          -4540.569924268261             3130.580226239368              3656.971535618397              -5.63824614231126              -3.145086015450776             -4.312200025575253             6622.050720142707              0.0007501660992705524          51.57291623048896              357.1542857075174              245.8322881364011              
44940                          -4867.355793806058             2934.287999189685              3389.381710119892              -5.250098992250617             -3.395305482968268             -4.603789484755894             6622.909314266955              0.0008774106842341189          51.57586169255563              357.1507954697977              244.786022422114               
45000                          -5170.059192139584             2723.477802751352              3104.971718500843              -4.835825962305724             -3.62881603540923              -4.872636741322451             6623.750775715956              0.00100746708539238            51.57874873244049              357.1478284713461              243.7761576245639              
45060                          -5447.173087968221             2499.187754076812              2805.147345564922              -4.397466015447082             -3.844445502911062             -5.117385676569286             6624.558443549521              0.001134857281642456           51.58152021438373              357.1453691734616              242.8190817469331              
45120                          -5697.316584962965             2262.523724460326              2491.3922414694                -3.937183329630352             -4.041108888178196             -5.336798464883796             6625.316300076974              0.001255546630165575           51.58412112402411              357.1433920420915              241.930478597641               
45180                          -5919.242141160913             2014.653909525506              2165.260589560939              -3.457256775513903             -4.217814471354925             -5.529762661397758             6626.009287966201              0.001366389843109302           51.58649965159628              357.1418619948907              241.1250268506601              
45240                          -6111.842105299171             1756.803069336738              1828.369397916631              -2.960068633023812             -4.37366945410707              -5.695297657710928             6626.623609609589              0.001464848126322075           51.58860822415893              357.1407350371962              240.4161162609889              
45300                          -6274.154565601041             1490.246433910453              1482.390409428062              -2.448092537534889             -4.507885118233842             -5.832560473452162             6627.147003070705              0.001548848613453459           51.59040446643566              357.1399590781913              239.8155867434953              
45360                          -6405.368452329685             1216.303317339653              1129.041688818613              -1.923880746610954             -4.61978143173593              -5.940850804187853             6627.568989146223              0.001616716564015366           51.59185206987554              357.1394749152513              239.3334964003143              
45420                          -6504.827857841148             936.330473363575               770.0789305481792              -1.390050804337771             -4.70879105314292              -6.01961526785447              6627.881084562229              0.001667144609833565           51.59292155064902              357.1392173704987              238.977923471728               
45480                          -6572.035540702589             651.7152298875178              407.2865373081675              -0.8492716954300321            -4.77446268841433              -6.068450797286238             6628.076976875551              0.001699180548113262           51.59359087883173              357.1391165598328              238.7548069181121              
45540                          -6606.655586287957             363.8684425063559              42.46852169188176              -0.3042495915429715            -4.816463761353449             -6.087107135433553             6628.152657291692              0.00171222387812601            51.59384596308043              357.1390992711177              238.6678291449998              
45600                          -6608.515202592848             74.21730760420557              -322.5607160822795             0.2422867023255267             -4.834582366263232             -6.075488400081514             6628.106508346768              0.001706025830230838           51.59368097770044              357.13909042494                238.7183436942059              
45660                          -6577.605637475695             -215.8019101854221             -685.985664049986              0.7876004633845779             -4.828728479985106             -6.033653697451594             6627.939344232187              0.001680690196508557           51.59309852213257              357.1390145885479              238.905349482724               
45720                          -6514.082208651203             -504.7512237055471             -1045.999011261975             1.328961868375131              -4.798934420869299             -5.961816772367944             6627.654402426006              0.001636673915898475           51.59210960638076              357.1387975113772              239.2255122146425              
45780                          -6418.263449041915             -791.1982437787751             -1400.810873105827             1.863662690064794              -4.745354550003756             -5.860344702830074             6627.257286289681              0.001574787705678537           51.5907334599162               357.1383676490842              239.6732323443066              
45840                          -6290.629372296101             -1073.723481881766             -1748.657938285973             2.389030850629782              -4.668264222354814             -5.729755649855764             6626.755859274124              0.001496198494213469           51.58899716567263              357.1376576423563              240.240758031664               
45900                          -6131.818876709975             -1350.927555597018             -2087.812438060933             2.902444648815951              -4.568058004789007             -5.570715695467702             6626.160092433146              0.001402437520598397           51.58693512510371              357.136605717031               240.9183402806966              
45960                          -5942.626303314523             -1621.438274631575             -2416.590910221152             3.401346589102088              -4.445247183656422             -5.384034802003613             6625.481867952834              0.001295421550949841           51.58458836447473              357.1351569732063              241.6944267916433              
46020                          -5723.997183208147             -1883.917549175504             -2733.362686147737             3.883256679251372              -4.30045660041333              -5.170661949902695             6624.734742455932              0.001177501376745438           51.58200369684756              357.1332645332693              242.5558898602885              
46080                          -5477.023202861928             -2137.068093124637             -3036.558067647684             4.345785126382227              -4.134420853976718             -4.931679507462079             6623.933674727388              0.001051564958530328           51.57923275779583              357.1308905217311              243.4882833936426              
46140                          -5202.93642834743              -2379.639880867625             -3324.676143643328             4.786644343408195              -3.947979918912979             -4.668296900492242             6623.094723408059              0.000921249036286124           51.57633093642094              357.128006853757               244.4761231210987              
46200                          -4903.102831498632             -2610.436324940516             -3596.292207794957             5.203660201700275              -3.742074231913904             -4.381843652598531             6622.234720920064              0.0007913635780628978          51.57335622589172              357.1245958138684              245.5031841853579              
46260                          -4579.015164846951             -2828.320144306286             -3850.064741508215             5.594782478639663              -3.517739302272977             -4.073761870225464             6621.370930494229              0.0006687070810247864          51.57036801985135              357.1206504115381              246.552809588813               
46320                          -4232.285234814929             -3032.218896410107             -4084.741931265006             5.958094463141284              -3.276099903482594             -3.745598247543104             6620.520693603899              0.0005634084357129421          51.56742588232915              357.1161745060298              247.6082234374007              
46380                          -3864.635626784341             -3221.130148467689             -4299.167692434735             6.291821694223803              -3.018363904469089             -3.398995667323268             6619.701075373498              0.0004899680445755751          51.56458831930806              357.1111826986892              248.6528424846574              
46440                          -3477.890922879342             -3394.126273722282             -4492.287183903593             6.594339832875535              -2.745815787524458             -3.035684457939654             6618.928515571765              0.0004638027026848798          51.56191157967161              357.1056999965755              249.6705802612887              
46500                          -3073.9684845979               -3550.358844845797             -4663.151782835011             6.864181649239744              -2.459809918524722             -2.657473391211328             6618.218492754602              0.000489606615883882           51.55944851237661              357.0997612573632              250.6461378131107              
46560                          -2654.868845996676             -3689.062617242386             -4810.923513171254             7.100043148361221              -2.161763612665853             -2.266240474972063             6617.585208747307              0.0005553912330830806          51.55724750458053              357.0934104304016              251.5652760580497              
46620                          -2222.665736239479             -3809.559100373058             -4934.878926555742             7.300788868594387              -1.853150014927073             -1.863923563235544             6617.041300149221              0.0006432833196111901          51.55535152287941              357.0866996130758              252.4150648721834              
46680                          -1779.495861017726             -3911.259682008983             -5034.41239969473              7.46545633161656               -1.535490888466655             -1.452510903708956             6616.597583082499              0.0007393765933205096          51.55379727731177              357.0796879472841              253.1841046941636              
46740                          -1327.548377495513             -3993.668334377621             -5109.038880384901             7.59325973076349               -1.210349260615092             -1.034031554330889             6616.262836330806              0.0008348702056191931          51.55261452335946              357.072440381112               253.8627171600265              
46800                          -869.0542205782637             -4056.383863626854             -5158.396043762123             7.683592827951193              -0.8793220304910275            -0.6105458027101601            6616.043627427581              0.0009243682543274771          51.5518255145327               357.0650263265253              254.4431015699129              
46860                          -406.2752564416529             -4099.101719586392             -5182.24587864617              7.736031118770571              -0.5440325084692772            -0.1841355477058574            6615.944185038468              0.001004484573600721           51.55144461341641              357.0575182425026              254.9194549470776              
46920                          58.50666830559126              -4121.615355720081             -5180.475695724495             7.750333274308115              -0.2061229201157879            0.2431053156796142             6615.966320030747              0.001073053548462706           51.55147806567589              357.0499901750275              255.2880538639247              
46980                          523.0007427367036              -4123.817138468939             -5153.098559189591             7.726441877396079              0.1327531163331083             0.6690804972958472             6616.10939652493               0.001128712803246554           51.55192393768925              357.0425162845885              255.5472968941958              
47040                          984.9182309875132              -4105.698804688903             -5100.253143036115             7.664483462948383              0.4709381295070316             1.091700887032428              6616.370353124193              0.00117067719596755            51.55277221505324              357.0351693908682              255.6977072422433              
47100                          1441.983493272856              -4067.351466418159             -5022.203013891076             7.564767865439051              0.8067783429757877             1.508894093374575              6616.743773451075              0.001198607666533669           51.55400505609692              357.02801956262                255.7418955683588              
47160                          1891.944949192536              -4008.96516236968              -4919.335342322211             7.42778686924828               1.138631224720355              1.918613935790024              6617.222004098337              0.001212526910375654           51.5555971918206               357.0211327785453              255.684483890338               
47220                          2332.585929788585              -3930.827958010611             -4792.159048614923             7.254212156042851              1.464873019036721              2.318849866467029              6617.795317122972              0.001212758003345019           51.55751646131499              357.01456968266                255.5319917719517              
47280                          2761.73539680459               -3833.324593064405             -4641.302383122884             7.044892529457016              1.783906263207595              2.707636322950069              6618.452113369562              0.001199873959673157           51.55972446992697              357.0083844543727              255.2926869017574              
47340                          3177.278470508814              -3716.934678799289             -4467.509948161533             6.800850400987496              2.09416726100101               3.083061975310313              6619.179162104406              0.001174652162593442           51.56217735584657              357.002623811194               254.9764025792256              
47400                          3577.166719876049              -3582.230449562522             -4271.639170253105             6.523277520254793              2.394133490384896              3.443278838203065              6619.96187177246               0.001138030734918639           51.56482664965193              356.9973261588545              254.594325280048               
47460                          3959.4281730515                -3429.874073053114             -4054.656231306788             6.213529930063813              2.682330921827814              3.786511216722269              6620.784586158353              0.001091065644402742           51.56762021055178              356.9925209006898              254.1587561729721              
47520                          4322.177005917692              -3260.614523462841             -3817.631466867207             5.873122124986907              2.957341219236774              4.11106444941408               6621.630899816126              0.001034888364730911           51.57050322253872              356.988227915385               253.682850649755               
47580                          4663.622853459586              -3075.284027854554             -3561.734248286846             5.503720405174042              3.217808781375322              4.415333394724892              6622.48398632303               0.0009706645732588181          51.57341923319179              356.984457209735               253.1803409835684              
47640                          4982.079698400209              -2874.794095682329             -3288.227364458041             5.107135417533826              3.462447584652234              4.697810611027917              6623.326932764072              0.0008995548455011116          51.57631121774643              356.9812087503636              252.6652469933761              
47700                          5275.974287958735              -2660.131144837854             -2998.460923366405             4.685313886369748              3.690047781606801              4.957094172706197              6624.143073820886              0.0008226786898295604          51.57912265091306              356.9784724760236              252.1515806660846              
47760                          5543.854030390761              -2432.351740322579             -2693.865797103201             4.240329544924021              3.899482006616486              5.191895061823376              6624.916318931725              0.0007410836383390657          51.58179856895174              356.9762284897163              251.653050235067               
47820                          5784.394323974647              -2192.577464619775             -2375.946637666286             3.774373290003899              4.089711338338304              5.401044073034807              6625.631466205671              0.0006557215759934358          51.58428660460641              356.9744474275429              251.1827700714803              
47880                          5996.405271606718              -1941.989443419192             -2046.274496627994             3.289742596271348              4.259790866649242              5.583498168094013              6626.274497099459              0.000567435354081891           51.58653797769022              356.9730909988747              250.7529820924055              
47940                          6178.837744769438              -1681.822543091104             -1706.479071924559             2.788830218650254              4.408874818999085              5.738346224740769              6626.83284632789               0.0004769609855585307          51.58850842453555              356.9721126899932              250.3747949051067              
48000                          6330.788738636588              -1413.359290172275             -1358.240649155711             2.274112282652694              4.536221182746753              5.86481410629972               6627.295641935317              0.000384958130905229           51.59015904974387              356.9714586210545              250.0579461006373              
48060                          6451.506007955139              -1137.923511284824             -1003.281736336422             1.748135767982038              4.641195798763536              5.962269020856128              6627.653911207899              0.000292111149985631           51.5914570848342               356.971068543471               249.81059315322                
48120                          6540.391926735667              -856.8737613671401             -643.3584816428056             1.213505529986276              4.723275864674976              6.030223101511723              6627.900748649941              0.0001994979703718834          51.59237653880756              356.9708769625419              249.63913745636                
48180                          6597.00656301194               -571.5965473081739             -280.2518839555842             0.6728708910879743             4.782052827084231              6.068336183423506              6628.031443126363              0.0001107047723968304          51.59289872732824              356.9708143673964              249.5480856513213              
48240                          6621.069936071057              -283.4994041870446             84.24112926839894              0.1289119341830514             4.817234624271143              6.076417737443379              6628.043562001313              5.630010012826131e-05          51.59301266853146              356.9708085479556              249.5399513313823              
48300                          6612.463445333795              5.996145043437906              448.3167168928707              -0.4156744179434346            4.828647261473288              6.054427942981562              6627.93699096106               0.0001134353531667825          51.59271533549047              356.9707859762196              249.6151995044966              
48360                          6571.230460222399              295.4617037924127              810.1731769889334              -0.9581884290428478            4.816235703675412              6.002477887915327              6627.713929072171              0.0002037590667736124          51.59201175770901              356.9706732270977              249.7722350771792              
48420                          6497.576067897072              583.4691489924558              1168.019985483566              -1.495941576420379             4.780064080047855              5.920828894809423              6627.378839453901              0.0002984620469443334          51.5909149665783               356.9703984122257              250.0074356646146              
48480                          6391.86598197985               868.5977699140793              1520.086768385076              -2.026270473706902             4.72031520234039               5.809890983044816              6626.938356792139              0.0003939738480480159          51.58944578275088              356.9698925989024              250.3152280242239              
48540                          6254.624621599416              1149.441357742088              1864.632156280065              -2.546550587404816             4.637289407597843              5.670220486484807              6626.401153719074              0.0004890582066311908          51.58763244659559              356.9690911854937              250.6882062961049              
48600                          6086.532376122776              1424.615205803206              2199.95247117068               -3.054209649939285             4.531402743236994              5.502516855742672              6625.77776883639               0.0005828278675007607          51.58551009631316              356.9679352045182              251.1172894698238              
48660                          5888.422076035374              1692.762982396455              2524.390198651918              -3.546740680007545             4.403184519177517              5.307618682050133              6625.080399851345              0.0006744047468586433          51.58312010179906              356.9663725251956              251.5919143688543              
48720                          5661.274697300205              1952.563437288151              2836.342197766868              -4.021714524458394             4.253274258954372              5.086498988709944              6624.322665916508              0.0007628363909223072          51.58050926584756              356.9643589285639              252.1002599792964              
48780                          5406.214331874478              2202.736906249162              3134.267605417963              -4.476791847832126             4.082418087487332              4.84025984266655               6623.519343798355              0.0008470793462099095          51.57772890766164              356.9618590303961              252.6294980285811              
48840                          5124.502442885719              2442.0515957291                3416.695413580966              -4.909734533881235             3.891464584862031              4.570126325750027              6622.686082881016              0.0009260079135334943          51.5748338465398               356.9588470297977              253.1660644852427              
48900                          4817.531484578602              2669.329577735316              3682.231636204614              -5.318416375177981             3.681360177452465              4.27743996415602               6621.839104532069              0.0009984355315857995          51.57188130697483              356.9553072655096              253.6959459676827              
48960                          4486.817867447596              2883.452524782017              3929.566101682763              -5.700833114374588             3.453144070491259              3.963651617364494              6620.99489127405               0.001063143536855354           51.56892976754065              356.951234565106               254.2049753490119              
49020                          4133.994366878617              3083.367108629101              4157.478781062567              -6.055111713676593             3.207942804440632              3.6303139391258                6620.169871693136              0.001118914436889856           51.56603777887552              356.9466343781441              254.6791301263211              
49080                          3760.801988774338              3268.090069406701              4364.845660852908              -6.379518884701701             2.946964458674027              3.279073438476172              6619.380106782218              0.001164567854989993           51.56326277612678              356.9415226884772              255.1048278690132              
49140                          3369.081347871717              3436.712926383382              4550.644127670282              -6.67246885112614              2.671492552008119              2.91166220570302               6618.640983465783              0.001198997838441324           51.56065991203542              356.9359257066904              255.4692126461096              
49200                          2960.763603339155              3588.406314652694              4713.957847645007              -6.932530343459325             2.382879679198613              2.529889353251704              6617.966920858335              0.001221210628037644           51.55828093626981              356.9298793487494              255.7604271575001              
49260                          2537.860997652985              3722.42393301504               4853.981124910657              -7.158432829294376             2.082540920093293              2.135632218293237              6617.371094556005              0.001230362384427369           51.55617314554805              356.9234285121547              255.9678652024022              
49320                          2102.457044402072              3838.106090419361              4970.022726149587              -7.34907198710176              1.771947054271482              1.730827368504733              6616.865183928251              0.001225796848968178           51.55437842729854              356.916626165715               256.0824000097527              
49380                          1656.696410672592              3934.882840062304              5061.509160396146              -7.503514434449068             1.45261761028918               1.317461447757767              6616.459146972102              0.001207083605264335           51.55293241722732              356.9095322734116              256.0965840945037              
49440                          1202.774539165758              4012.27669202294               5127.987405553427              -7.621001723143261             1.126113774656026              0.897561893262915              6616.161026818349              0.001174058710092467           51.5518637882635               356.9022125765638              256.0048171851877              
49500                          742.9270366395629              4069.90489876687               5169.12707620718               -7.700953616236648             0.7940311688403316             0.4731875343053484             6615.976793446951              0.001126871376781576           51.55119368503367              356.8947372612123              255.8034791100454              
49560                          279.4189217749612              4107.481299006991              5184.722020765927              -7.742970645310015             0.4579925474905739             0.04641914043726776            6615.910223631121              0.001066043946143604           51.55093531457271              356.8871795409221              255.4910253409644              
49620                          -185.4662867005301             4124.817725759214              5174.691353962624              -7.746835972823533             0.1196403878128264             -0.3806501198639953            6615.962821421177              0.0009925592673640377          51.55109369998274              356.8796141847779              255.068043424686               
49680                          -649.4375770379503             4121.824965814187              5139.079913052715              -7.71251654880892              -0.219370601906114             -0.8059242734600264            6616.133780928549              0.0009080035328410343          51.55166560030344              356.8721160221875              254.5372691731973              
49740                          -1110.207478591753             4098.513266810513              5078.058137621008              -7.640163562020552             -0.5573810247321905            -1.227314151512147             6616.419992413037              0.0008148212751208625          51.55263959603354              356.864758455935               253.9035622753518              
49800                          -1565.503114531936             4054.992390795176              4991.921372259939              -7.530112180581634             -0.8927344022449542            -1.6427470297143               6616.816091969028              0.0007167965432434688          51.55399633630557              356.8576120129207              253.1738414284364              
49860                          -2013.077214723136             3991.471209829133              4881.088590634175              -7.382880567522434             -1.223784823513858             -2.050176269500135             6617.314554393752              0.0006199687727815614          51.55570894056478              356.8507429611786              252.3569800448931              
49920                          -2450.719047378176             3908.256841682993              4746.100541436902              -7.199168154023419             -1.548904623943252             -2.447590943642456             6617.905828034739              0.0005342076095610198          51.55774354475103              356.8442120192983              251.463663904422               
49980                          -2876.265224311231             3805.75332431793               4587.617317841281              -6.979853149003194             -1.866492077147048             -2.8330254232606               6618.578509675765              0.0004747968601382395          51.56005997952494              356.838073181825               250.5062132025278              
50040                          -3287.610333260804             3684.459828970604              4406.415353575867              -6.72598926104641              -2.174979079119699             -3.204568898208391             6619.319556745217              0.0004597398673467225          51.56261256601838              356.8323726813181              249.4983716087245              
50100                          -3682.717349270691             3544.968413040308              4203.383850606989              -6.438801607553896             -2.472838799347957             -3.560374796950337             6620.114533383856              0.0004977419522957982          51.565351012916                356.8271481046709              248.4550661341154              
50160                          -4059.627773962192             3387.961316397867              3979.52064669147               -6.119681788170741             -2.758593267100331             -3.898670064134294             6620.947886178103              0.0005801125834454399          51.5682213973584               356.8224276781444              247.3921416114945              
50220                          -4416.471461983256             3214.207801491293              3735.927526263529              -5.770182091572092             -3.030820864702136             -4.217764258041007             6621.803244704121              0.0006904802389349785          51.57116721128495              356.8182297322258              246.3260747735476              
50280                          -4751.476057119456             3024.560555238594              3473.80500286723               -5.392008840389934             -3.288163667114524             -4.516058391596992             6622.663741318368              0.0008151879595533754          51.57413045388768              356.8145623547086              245.2736728415839              
50340                          -5062.97601656882              2819.951650133471              3194.446571575424              -4.987014838579447             -3.529334605012088             -4.79205348560355              6623.512344202195              0.0009450203445413356          51.57705275086683              356.8114232365836              244.2517625208156              
50400                          -5349.421153717686             2601.388082035533              2899.232458430056              -4.557190929430117             -3.753124387856357             -5.044358754531685             6624.33219711196               0.001073784028690968           51.57987648064229              356.8087997129493              243.2768750588575              
50460                          -5609.384642226604             2369.946904918392              2589.622896621712              -4.104656681473188             -3.958408128606123             -5.271699352341273             6625.10695896783               0.001197042392793788           51.58254588775255              356.8066689979869              242.3649339514095              
50520                          -5841.570439291036             2126.769975990324              2267.150949455252              -3.631650211349076             -4.144151619995982             -5.472923615628702             6625.821136247862              0.001311400442137888           51.58500816395588              356.8049986100775              241.5309512457925              
50580                          -6044.820072522798             1873.058336762793              1933.414916413562              -3.140517183125251             -4.309417199254346             -5.647009727036474             6626.460401081697              0.001414141688818422           51.58721447783412              356.8037469804009              240.7887390844544              
50640                          -6218.118743220291             1610.066256047229              1590.07035858291               -2.633699031109261             -4.453369142645307             -5.793071728029292             6627.011888066359              0.001503049699240034           51.5891209342425               356.8028642355108              240.1506423048468              
50700                          -6360.600701229449             1339.094964833586              1238.821784559193              -2.11372046824207              -4.575278532137556             -5.910364812323843             6627.464463133295              0.001576322727317513           51.59068944572869              356.8022931415473              239.627298161492               
50760                          -6471.553850739496             1061.486116377231              881.4140419371557              -1.583176355960832             -4.674527539735525             -5.998289836266992             6627.80895827863               0.001632535024319577           51.59188849903493              356.8019701949391              239.2274282232356              
50820                          -6550.423550969605             778.6150094780393              519.6234650533103              -1.044718027284293             -4.750613079512799             -6.056396989224226             6628.038366628996              0.00167062122827298            51.59269380106695              356.801826841665               238.9576673104939              
50880                          -6596.815584185106             491.8836024667203              155.248815900807               -0.5010391412839835            -4.803149786673506             -6.084388577776815             6628.147993154388              0.001689871529104639           51.59308879033868              356.8017908044189              238.8224331692236              
50940                          -6610.498259543288             202.7133996344285              -209.897876273824              0.04513874471080508            -4.831872279838759             -6.082120881182212             6628.135557288803              0.001689931056706316           51.59306500173424              356.8017874944344              238.8238400081354              
51000                          -6591.403649822545             -87.46182774656242             -574.0006237724323             0.5910809217685075             -4.836636695404969             -6.049605061048633             6628.001244878339              0.001670800073270878           51.59262227493492              356.8017414823146              238.9616577550632              
51060                          -6539.627936044792             -377.203332626007              -935.2487425562354             1.134054266918477              -4.817421458857718             -5.987007103632009             6627.747708000164              0.001632833434718903           51.59176879927798              356.8015780001446              239.2333180418409              
51120                          -6455.43086910358              -665.0747473674229             -1291.846133067412             1.67134203111241               -4.774327301050048             -5.894646800309812             6627.380012501812              0.001576739192817513           51.59052099105087              356.801224445455               239.6339667232887              
51180                          -6339.234349024703             -949.6493982858699             -1642.020447565921             2.200258442094739              -4.707576516116291             -5.772995778312516             6626.905534347528              0.001503577569257173           51.58890320246554              356.8006118564471              240.1565616883254              
51240                          -6191.620131466576             -1229.517565540559             -1984.03212656778              2.718163060426691              -4.617511475001582             -5.622674603442657             6626.333807087733              0.001414763319717415           51.58694726513364              356.7996763273029              240.7920137323963              
51300                          -6013.32668937266              -1503.293618358462             -2316.183217685958             3.222474726290231              -4.50459242288523              -5.444449001733903             6625.676323992348              0.001312077404991864           51.58469187481652              356.7983603326508              241.5293671431764              
51360                          -5805.245248603182             -1769.623006310958             -2636.82595343677              3.710685035048191              -4.369394589331407             -5.239225240690859             6624.946299388488              0.001197699170553283           51.58218182783119              356.7966139311364              242.3560160559045              
51420                          -5568.415032811587             -2027.189055438735             -2944.371025528022             4.180371226858903              -4.212604653153553             -5.008044731170116             6624.158394723057              0.001074280661231877           51.57946712345227              356.7943958199199              243.2579515376301              
51480                          -5304.017754461636             -2274.719534057544             -3237.295513465956             4.629208413298532              -4.035016608473477             -4.752077914073802             6623.328415620029              0.0009451060016147977          51.57660195019041              356.7916742145783              244.2200341851012              
51540                          -5013.371392839637             -2510.992954613686             -3514.150427546771             5.054981074917195              -3.837527082712698             -4.472617500727392             6622.47298678404               0.0008144222108720363          51.57364357709728              356.7884275323945              245.2262861217696              
51600                          -4697.923310035341             -2734.844576054623             -3773.567824642074             5.455593768702553              -3.621130164738373             -4.171071145013518             6621.609212007932              0.0006881067775155261          51.57065117412575              356.7846448613887              246.2601964396654              
51660                          -4359.24274121952              -2945.172088604693             -4014.267476115619             5.829081023995256              -3.38691179094129              -3.848953609450673             6620.754326676827              0.000574905170435169           51.56768458760936              356.7803262022246              247.3050336606502              
51720                          -3999.012722544889             -3140.940945102377             -4235.06304683167              6.173616380911968              -3.136043753799066             -3.5078785104173               6619.925350230249              0.0004880405237062553          51.56480309870111              356.7754824758808              248.3441589854765              
51780                          -3619.021501528809             -3321.189323965382             -4434.867769274246             6.487520569715841              -2.869777382568705             -3.149549705854248             6619.138745791061              0.0004442782084038951          51.56206419314805              356.7701352956497              249.3613341960745              
51840                          -3221.153480150884             -3485.032705612731             -4612.699593145501             6.769268828857655              -2.589436946008372             -2.775752389230583             6618.410093836445              0.0004540453751679116          51.55952237073956              356.7643165080507              250.3410183851747              
51900                          -2807.379747667838             -3631.668044442818             -4767.685791685202             7.017497364037921              -2.296412827945664             -2.388343954461011             6617.753786301108              0.0005098602616773555          51.55722802188608              356.7580675133185              251.2686479391532              
51960                          -2379.748249427632             -3760.377526427616             -4899.067015265203             7.231008967064344              -1.992154514772326             -1.98924468053435              6617.182746870324              0.0005933331106690113          51.55522639693584              356.7514383816434              252.1308948929554              
52020                          -1940.373643766187             -3870.531901072916             -5006.200781631931             7.408777811795397              -1.678163433525143             -1.580428284227851             6616.708182531234              0.0006884736953258674          51.55355669137591              356.7444867866356              252.9158989711432              
52080                          -1491.42689527013              -3961.593379982331             -5088.564396346187             7.549953449832179              -1.355985672134773             -1.163912379984026             6616.33937068654               0.0007850431370955226          51.55225126684536              356.7372767819427              253.6134695439505              
52140                          -1035.124651728012             -4033.118095780831             -5145.757298867919             7.653864029021462              -1.027204608529553             -0.7417488798258061            6616.083485325443              0.0008768856552911605          51.55133502416382              356.7298774506363              254.2152540365223              
52200                          -573.7184507309609             -4084.758116609388             -5177.502831523736             7.720018756801386              -0.6934334705233124            -0.3160143602338158            6615.945464943239              0.0009602163556809293          51.55082494044273              356.722361459679               254.7148701933493              
52260                          -109.4838006336341             -4116.263012590412             -5183.649430053523             7.748109627787579              -0.3563078442837054            0.1111995821481689             6615.927924079951              0.001032637196088774           51.55072977798589              356.714803553473               255.1080000997654              
52320                          355.2908204660774              -4127.480971627856             -5164.171235620302             7.738012431100122              -0.01747814587590293           0.5377959680522924             6616.031109557189              0.001092627686356496           51.55104996825163              356.7072790211076              255.3924445890543              
52380                          818.3150058476339              -4118.359462658921             -5119.168129032734             7.68978704798912               0.3213979326907941             0.961682052021931              6616.252901726753              0.001139278166237662           51.55177766981175              356.6998621715123              255.5681373446787              
52440                          1277.307449107642              -4088.945445747843             -5048.865190327829             7.603677046843495              0.6586629847890187             1.380778894776773              6616.588860301409              0.001172141376156311           51.55289699512112              356.6926248495157              255.6371185883154              
52500                          1730.006958897403              -4039.385126017154             -4953.611580239586             7.480108568179632              0.9926674767596925             1.793030914254675              6617.032313677742              0.001191141643380826           51.55438439730506              356.6856350228302              255.6034689973267              
52560                          2174.183328981452              -3969.923257259078             -4833.878860559934             7.319688511066447              1.321777285517703              2.196415319563902              6617.574489901815              0.001196512108930104           51.55620920460575              356.678955469072               255.473205141896               
52620                          2607.648134848191              -3880.901988735144             -4690.25874027345              7.123201989789722              1.644381256623869              2.588951514071725              6618.204686949114              0.001188745291106619           51.55833428791356              356.6726425853003              255.2541382625204              
52680                          3028.26532564364               -3772.759262254502             -4523.460266143472             6.891609063453625              1.958898702262891              2.968710365957252              6618.910479244833              0.001168549529855426           51.56071684418859              356.6667453419189              254.9556990017118              
52740                          3433.961603245766              -3646.0267606939               -4334.306460062902             6.626040717475593              2.263786846020683              3.3338233532133                6619.677956859921              0.00113680757641352            51.56330927732719              356.6613043967894              254.588731290336               
52800                          3822.736538803492              -3501.327411808229             -4123.730411881718             6.327794080481843              2.557548187558428              3.682491547857355              6620.491993267805              0.001094535595745012           51.56606015695991              356.6563513820288              254.1652589397108              
52860                          4192.672378394103              -3339.372453397345             -3892.770839127314             5.998326862085539              2.838737757393462              4.012994400687972              6621.336537019293              0.00104284203585678            51.56891523521607              356.6519083719312              253.6982295166345              
52920                          4541.943491241323              -3160.958067280594             -3642.567126653327             5.63925099866689               3.105970229321227              4.323698284713595              6622.194922238496              0.0009828865924178625          51.57181850147749              356.6479875366978              253.2012399493742              
52980                          4868.825412700728              -2966.961591723178             -3374.353862105575             5.25232549893343               3.357926852981031              4.6130647494201                6623.050192411364              0.0009158400921682645          51.57471325551908              356.6445909832168              252.6882494292213              
53040                          5171.703433904158              -2758.33732433831              -3089.454886113796             4.839448487271192              3.593362164808218              4.8796584331524                6623.885431575834              0.0008428466525558936          51.57754318009163              356.6417107810087              252.1732848171914              
53100                          5449.080689602232              -2536.111930509049             -2789.276879946197             4.402648451562594              3.811110431539688              5.122154576393412              6624.68409673091               0.0007649900516051655          51.58025339487045              356.6393291687345              251.6701447363403              
53160                          5699.585701201965              -2301.37947084088              -2475.302511032551             3.944074702972204              4.010091781330192              5.339346079906981              6625.430345097867              0.0006832670095477093          51.58279147476108              356.6374189341947              251.1921079634749              
53220                          5921.979310292977              -2055.296085657034             -2149.083189207553             3.465987107799857              4.189317957370828              5.530150030137376              6626.109349709489              0.0005985714264551812          51.58510841641789              356.6359439588431              250.7516524898138              
53280                          6115.161005545157              -1799.074312966767             -1812.231404018292             2.970745036851344              4.347897680506508              5.693613670875475              6626.707597036193              0.0005116966413299073          51.58715953863717              356.6348599155239              250.3601907308248              
53340                          6278.174521588121              -1533.977150593068             -1466.412791630715             2.460795745095865              4.48504150623693               5.828919692346015              6627.213160156455              0.0004233714913270279          51.5889053021457               356.6341151073983              250.0278269779601              
53400                          6410.212764839531              -1261.311788191391             -1113.337834015624             1.938662040961302              4.600066202582188              5.935390860736615              6627.615941830099              0.0003343756588000975          51.59031203724282              356.6336514333884              249.7631418956462              
53460                          6510.62195650062               -982.4231289357843             -754.7533495561453             1.406929487371626              4.692398542266412              6.012493871600333              6627.907881819567              0.0002459058790974294          51.59135256721683              356.6334054651404              249.5730091712039              
53520                          6578.905003229116              -698.6870879659267             -392.4337583060515             0.868233124905094              4.761578501010283              6.059842415973221              6628.083123784804              0.0001610726669065358          51.59200671782125              356.6333096184819              249.4624481089768              
53580                          6614.724058379541              -411.503720167141              -28.17219109135667             0.3252438393368466             4.807261816712328              6.077199411080416              6628.138137742821              9.380712158450319e-05          51.59226170393696              356.6332934013094              249.4345156374284              
53640                          6617.902256990136              -122.2902142437898             336.2285094921784              -0.2193455304511117            4.829221883160015              6.064478369304123              6628.071795038303              9.751600832789076e-05          51.59211238603772              356.6332847184973              249.4902400742685              
53700                          6588.424612089467              167.5262063490804              698.9648439055987              -0.7628342384156178            4.827350958444984              6.021743888034075              6627.885393830275              0.0001686853066365441          51.59156139067843              356.6332112131658              249.6285980924067              
