ElapsedS                       Sat.EarthMJ2000Eq.X            Sat.EarthMJ2000Eq.Y            Sat.EarthMJ2000Eq.Z            Sat.EarthMJ2000Eq.VX           Sat.EarthMJ2000Eq.VY           Sat.EarthMJ2000Eq.VZ           Sat.Earth.SMA                  Sat.Earth.ECC                  Sat.EarthMJ2000Eq.INC          Sat.EarthMJ2000Eq.RAAN         Sat.Earth.Altitude             
0                              6628.137                       0                              0                              0                              4.8169050670943                6.077421678863729              6628.137000000001              1.181527691164928e-16          51.59999999999999              0                              250.0001381310667              
ElapsedS                       Sat.EarthMJ2000Eq.X            Sat.EarthMJ2000Eq.Y            Sat.EarthMJ2000Eq.Z            Sat.EarthMJ2000Eq.VX           Sat.EarthMJ2000Eq.VY           Sat.EarthMJ2000Eq.VZ           Sat.Earth.SMA                  Sat.Earth.ECC                  Sat.EarthMJ2000Eq.INC          Sat.EarthMJ2000Eq.RAAN         Sat.Earth.Altitude             
60                             6611.787661361473              288.7766323568813              364.3444090254656              -0.5447525966684604            4.805023470350791              6.062381692012069              6628.071294873156              0.0001055357715526328          51.59977463960158              359.9999868286217              250.0465053180733              
120                            6562.820713672847              576.1286634955276              726.885779996913               -1.086804399130834             4.769438179626258              6.017345570037159              6627.886558117496              0.0002107865812831343          51.59914081833736              359.9998982539637              250.1725273594357              
180                            6481.478884298008              860.6386226786004              1085.830375281977              -1.623469593962007             4.710327246073481              5.942539313909215              6627.586423227532              0.0003153760775719292          51.59811074902055              359.999662092181               250.3750611199566              
240                            6368.165278764856              1140.903253656269              1439.402498894694              -2.152090361857714             4.627986206033905              5.838338020102169              6627.176793059069              0.0004188633443257054          51.59670440154325              359.9992089751459              250.6490137497685              
300                            6223.441288451006              1415.540515931886              1785.853381410269              -2.670050589450613             4.522826375712917              5.705263713002211              6626.665723762287              0.0005207189257764498          51.59494911980659              359.9984737557256              250.9874520325602              
360                            6048.023684414613              1683.196464052711              2123.469909840929              -3.174789269894495             4.395372494733824              5.54398234968073               6626.063266441673              0.0006203078386654443          51.5928790964726               359.9973967628085              251.3817511472025              
420                            5842.780919603566              1942.55196581065               2450.583152759217              -3.663813497619973             4.24625974694968               5.355300032990493              6625.381269704072              0.000716880733328825           51.5905347149703               359.9959249700467              251.8217793476024              
480                            5608.728663297167              2192.329226787325              2765.576639226641              -4.134710979697951             4.076230190562548              5.140158473604362              6624.633147013273              0.0008095736922137885          51.5879617706171               359.9940130365047              252.2961145595664              
540                            5347.02460307453               2431.298081252511              3066.894340732645              -4.585161977694533             3.886128639742626              4.899629754464978              6623.833613475828              0.0008974165316445909          51.58521058509597              359.9916242038995              252.7922879258131              
600                            5058.962550301744              2658.282019783484              3353.048318432101              -5.012950619419848             3.676898041526186              4.634910453138385              6622.998397255413              0.0009793489727817678          51.58233503058896              359.9887310305315              253.2970491634824              
660                            4745.965886335033              2872.1639268296                3622.626001588094              -5.415975531604976             3.449574392923044              4.347315179039421              6622.143931282942              0.001054243690790094           51.57939148170098              359.9853159470427              253.7966478668932              
720                            4409.580389437184              3071.891502451486              3874.297064411408              -5.792259752676725             3.205281244647092              4.038269584394937              6621.287031293076              0.001120935042957074           51.57643771489689              359.9813716223529              254.2771250374981              
780                            4051.466492433267              3256.482340766117              4106.819866371817              -6.139959887556991             2.945223843806776              3.709302915322636              6620.444566479026              0.001178252202339408           51.57353177648417              359.9769011308234              254.7246086419063              
840                            3673.391013316018              3425.028647980715              4319.047434130524              -6.457374491323571             2.670682960087456              3.362040159554953              6619.633129145732              0.001225055469934877           51.57073084097203              359.9719179160492              255.1256074372423              
900                            3277.218406268758              3576.701581651123              4509.932961693913              -6.742951670804098             2.383008440980063              2.998193848650847              6618.868709751783              0.001260274678150648           51.56809008214559              359.9664455503275              255.4672971051777              
960                            2864.901580098321              3710.755196180438              4678.53480967554               -6.99529590310858              2.08361253789694               2.619555567871818              6618.166383596954              0.001282948835707077           51.56566157924728              359.9605172929431              255.7377933380467              
1020                           2438.472330915202              3826.529981970809              4824.020987601109              -7.213174076983742             1.773963041131973              2.227987222004877              6617.54001517995               0.001292266509248633           51.56349328022792              359.9541754543001              255.9264065950147              
1080                           2000.031435383408              3923.455987788327              4945.673105924122              -7.395520767952877             1.455576257209866              1.82541209986665               6617.001985898599              0.001287606944304617           51.56162804316921              359.9474705774764              256.0238739235838              
1140                           1551.738450099842              4001.055517774445              5042.889786808671              -7.541442761375817             1.130009857510035              1.413805774355319              6616.562950319561              0.001268582701227641           51.56010277563436              359.9404604520652              256.0225635540155              
1200                           1095.801257958801              4058.945396528074              5115.189525266935              -7.650222839555052             0.7988556196350666             0.9951868655683678             6616.231625706044              0.001235085832089746           51.55894768990301              359.9332089792949              255.9166486334843              
1260                           634.4654277566302              4096.838794071267              5162.212990276074              -7.721322842895761             0.4637320977355656             0.5716077131647559             6616.014618889191              0.001187341765808898           51.55818568989054              359.9257849107905              255.702246997339               
1320                           170.0033790168829              4114.546612724579              5183.724768293269              -7.754386030004737             0.1262772008157639             0.1451449318833                6615.916293830081              0.00112597889813877            51.55783190276542              359.9182604855201              255.3775244501012              
1380                           -295.2965592554141             4111.978423492705              5179.614533568049              -7.749238729131705             -0.2118592743314413            -0.2821100903511889            6615.938682558261              0.001052129017462831           51.55789336565311              359.9107099928621              254.9427596715004              
1440                           -759.1411382559381             4089.142954495281              5149.897648492655              -7.705891295299219             -0.5490231333271377            -0.708060723174891             6616.08144129901               0.0009675872152665128          51.55836887433137              359.9032082915167              254.4003695762258              
1500                           -1219.243275431789             4046.148127841498              5094.71518931131               -7.624538369102657             -0.8835633530694312            -1.130614723034702             6616.34185279881               0.0008750851746694545          51.55924899756928              359.8958293130234              253.7548943050306              
1560                           -1673.33307830522              3983.200643280616              5014.333395366427              -7.505558429977476             -1.213839634824545             -1.547693841097603             6616.714875010703              0.0007787743275001021          51.56051625723565              359.8886445828369              253.0129421545189              
1620                           -2119.168849250014             3900.60510740315               4909.142540274644              -7.349512630510013             -1.538229992935523             -1.957243474216399             6617.19323541999               0.0006850582029929686          51.56214547079367              359.8817217878619              252.1830948191991              
1680                           -2554.547996365043             3798.762706603651              4779.65522296342               -7.157142890853686             -1.855138343064808             -2.357242312804198             6617.767569434039              0.0006037983920045695          51.56410424937208              359.8751234208304              251.2757745544059              
1740                           -2977.317801309922             3678.169426037773              4626.504081563669              -6.929369234027931             -2.163002070034093             -2.745711959879131             6618.426600401899              0.0005490106453970586          51.56635364124421              359.8689055292475              250.3030749692734              
1800                           -3385.386005946348             3539.413815260106              4450.438931210234              -6.667286335055222             -2.460299560020806             -3.120726501466893             6619.157358005654              0.0005358172421521905          51.568848907542                359.863116594665               249.2785583891155              
1860                           -3776.731167691164             3383.174303688397              4252.323329961575              -6.372159257830243             -2.745557669333819             -3.480421992718365             6619.945430997876              0.0005714310488181607          51.57154041425672              359.8577965650225              248.2170227298066              
1920                           -4149.412734071332             3210.216070621536              4033.130579076822              -6.045418354259609             -3.017359098102491             -3.823005819203139             6620.775249535353              0.0006494803245781612          51.57437462220047              359.8529760594591              247.1342421370664              
1980                           -4501.580785524196             3021.387476606444              3793.939166532079              -5.688653303266204             -3.274349631616067             -4.146765885792443             6621.630391721545              0.0007563343342770884          51.57729515464287              359.8486757614977              246.0466855095419              
2040                           -4831.485394859516             2817.616064971329              3535.92766524147               -5.30360627176568              -3.515245207005268             -4.45007957920178              6622.493908422098              0.0008792760035219607          51.58024392084093              359.8449060121893              244.9712182985822              
2100                           -5137.485547009815             2599.904147630227              3260.369104162588              -4.892164191938254             -3.738838755028471             -4.73142244030149              6623.34865996438               0.001008960836609749           51.58316227262717              359.8416666107853              243.9247927669276              
2160                           -5418.057575327171             2369.323983775557              2968.624823534944              -4.456350142415055             -3.944006771878035             -4.989376488820743             6624.177658044401              0.001138801342485435           51.58599217081329              359.8389468260862              242.9241327786776              
2220                           -5671.803044041794             2127.012581725236              2662.137852918192              -3.99831386687401              -4.129715552921777             -5.222638114166506             6624.964405899768              0.001263990991905448           51.58867733787844              359.8367256175229              241.9854193423917              
2280                           -5897.456046486994             1874.166130013352              2342.425820104622              -3.520321423898019             -4.29502704667359              -5.430025479328054             6625.693229867451              0.00138084497581019            51.59116437422239              359.8349720604923              241.1239830401128              
2340                           -6093.889853387549             1612.034092602599              2011.073435427828              -3.024744023231992             -4.439104259476368             -5.610485349907247             6626.349595444776              0.001486428775329285           51.59340381581062              359.8336459668736              240.3540099223801              
2400                           -6260.122865101573             1341.912998812303              1669.724590552908              -2.514046102878942             -4.56121615458426              -5.763099277032438             6626.920401257397              0.001578361248401804           51.59535111246894              359.8326986876316              239.6882670942996              
2460                           -6395.323831051309             1065.139951200011              1320.074101541332              -1.990772695196299             -4.660741996055591             -5.887089071435795             6627.394244781205              0.001654713585434528           51.59696750790616              359.8320740810784              239.1378538067529              
2520                           -6498.816290469801             783.0858925254903              963.8591486028267              -1.457536171436726             -4.737175082043877             -5.981821498764682             6627.76165414501               0.001713959397219662           51.59822080435153              359.8317096273109              238.7119837931978              
2580                           -6570.082201464304             497.1486679723636              602.8504586720984              -0.91700245187523              -4.790125823279409             -6.046812140407999             6628.015281075839              0.0017549515841469             51.59908599717168              359.8315376667089              238.4178035609584              
2640                           -6608.764729178926             208.7459232945247              238.8432826155764              -0.3718767834132225            -4.819324127957741             -6.081728371044268             6628.150050825958              0.00177691272923876            51.59954576730905              359.831486738096               238.2602509617445              
2700                           -6614.670170387106             -80.6921185364379              -126.351778729656              0.175110804587907              -4.824621062446945             -6.086391414552152             6628.16326584323               0.00177943176874477            51.599590822176                359.8314829905338              238.2419571920091              
2760                           -6587.76899870979              -369.7299580381555             -490.9180435201561             0.7212202485514572             -4.805989766259228             -6.060777451400814             6628.054660934331              0.001762463084997484           51.59922007853367              359.8314516412825              238.3631945959405              
2820                           -6528.1960221929               -656.934150885893              -853.0420538948366             1.263716278528701              -4.763525609682607             -6.005017763275177             6627.826408720671              0.00172632626813476            51.59844068388988              359.8313184517938              238.6218714497336              
2880                           -6436.249650367415             -940.8806320330881             -1210.922867973034             1.799883215061698              -4.697445591121654             -5.919397911612281             6627.483075261441              0.001671706343018955           51.59726787598779              359.831011193241               239.0135738620838              
2940                           -6312.390279288694             -1220.161972810214             -1562.78126344075              2.327039585490315              -4.608086984145945             -5.804355963277742             6627.031526815477              0.001599655748266808           51.59572468306782              359.8304610732097              239.5316538273673              
3000                           -6157.237810194549             -1493.39453403661              -1906.868805734869             2.842552454845676              -4.495905254081888             -5.660479788915001             6626.480789771958              0.001511601241552405           51.59384147060694              359.8296040959835              240.1673612990244              
3060                           -5971.568313493166             -1759.225484758997             -2241.476742125154             3.343851382495549              -4.361471265322373             -5.48850346115572              6625.841866746804              0.001409361827485815           51.59165534303946              359.8283823298646              240.9100173306997              
3120                           -5756.309872508305             -2016.339624808347             -2564.944643449888             3.828441861365668              -4.205467820614708             -5.289302805520069             6625.12751283189               0.00129518890420575            51.58920941196589              359.8267450566541              241.747224227156               
3180                           -5512.537641139633             -2263.465978407619             -2875.668751915329             4.29391815749032               -4.028685576399248             -5.063890160195957             6624.351976793027              0.001171849164690002           51.58655194492054              359.824649780582               242.6651079169551              
3240                           -5241.468148035716             -2499.384129544469             -3172.109997768778             4.737975481062499              -3.832018379235389             -4.813408402063456             6623.530712694723              0.001042788100199756           51.58373541101627              359.8220630763629              243.6485872786097              
3300                           -4944.4528933738               -2722.930260261252             -3452.801635665595             5.158421409577715              -3.616458079303581             -4.539124310271275             6622.680068049967              0.00091244215227547            51.58081544208615              359.8189612591531              244.6816643558805              
3360                           -4622.971284012583             -2933.002863459769             -3716.356464748323             5.553186511004349              -3.383088876960879             -4.242421338562072             6621.816955006881              0.0007868068270664765          51.57784972960854              359.8153308624346              245.7477294523542              
3420                           -4278.622956302223             -3128.568103933957             -3961.47359916265              5.920334126433263              -3.13308126010034              -3.92479186977645              6620.95851137553               0.0006743448569798133          51.57489687916568              359.8111689134956              246.8298745466518              
3480                           -3913.119537857394             -3308.664804808837             -4186.944760140022             6.258069285265588              -2.867685589819552             -3.587829025625502             6620.121758430327              0.0005868715468370961          51.57201524517946              359.8064830002193              247.9112088547772              
3540                           -3528.275902993363             -3472.40903911697              -4391.660064039604             6.56474673714252               -2.588225391793868             -3.233218104664312             6619.323262412218              0.0005383599600950081          51.56926176924638              359.8012911270019              248.9751701187806              
3600                           -3126.000960269922             -3618.998316149752             -4574.613293187799             6.838878108700816              -2.29609039562726              -2.862727702206618             6618.578806461371              0.000538188072981333           51.56669084537388              359.7956213616034              250.0058258656936              
3660                           -2708.288068669596             -3747.715332297728             -4734.906611531116             7.079138160036181              -1.992729402723222             -2.478200614468661             6617.903079530926              0.0005828163143265819          51.56435323541778              359.7895112800242              250.9881587715363              
3720                           -2277.205060492577             -3857.931305085246             -4871.754748376003             7.28437021010978               -1.679642972882019             -2.081544514645337             6617.309388185838              0.0006582161276303262          51.56229505633459              359.7830072189033              251.9083313189421              
3780                           -1834.883995085213             -3949.108853393757             -4984.488603948286             7.453590697209104              -1.35837602133142              -1.674722517405145             6616.809396951244              0.0007494804503327205          51.56055686048977              359.776163351269               252.7539248409184              
3840                           -1383.510661913552             -4020.804433425772             -5072.558288762519             7.585992927356422              -1.030510336648763             -1.259743645218244             6616.412902036616              0.0008456128087640674          51.55917282765794              359.7690406036523              253.5141490848782              
3900                           -925.3138676155356             -4072.670326987813             -5135.535592521929             7.680950037207579              -0.6976570373510731            -0.8386532193229218            6616.127642618721              0.0009394118301702273          51.55817008531363              359.761705436463               254.1800188635252              
3960                           -462.5545790463565             -4104.45617384841              -5173.115872414395             7.738017185784599              -0.3614490080812297            -0.4135232274600709            6615.959153159612              0.001026232378955355           51.55756817127241              359.7542285128444              254.7444949607097              
4020                           2.485045223835243              -4116.010050452134             -5185.11936377775              7.756933004378555              -0.02353332412773552           0.01355732022935553            6615.910659342822              0.001103034813885924           51.55737864958655              359.7466832833447              255.2025872340082              
4080                           467.5126886061437              -4107.279094172984             -5171.491912302381             7.737620322597009              0.314436319648313              0.4404920264239877             6615.983019410318              0.001167819949638393           51.55760488742182              359.7391445156221              255.5514183560235              
4140                           930.2369324071584              -4078.309673732274             -5132.305128772827             7.680186184845708              0.6508071638106965             0.8651867177800935             6616.174711800014              0.001219309961166267           51.55824199721425              359.7316867995982              255.7902474990206              
4200                           1388.378291676602              -4029.247107053606             -5067.755968194968             7.584921165917582              0.9839349131662375             1.285559018800051              6616.481869118018              0.001256764181148308           51.55927694489308              359.7243830588968              255.9204536382895              
4260                           1839.680187402293              -3960.334928705801             -4978.165736302901             7.452297989042444              1.312191228495213              1.699547874143744              6616.898357617507              0.001279865897529213           51.560688821439                359.7173030992053              255.9454791551552              
4320                           2281.919824301441              -3871.913707439855             -4863.978524319599             7.282969439756793              1.633971178849247              2.105123015888597              6617.415900528831              0.001288646036045058           51.56244927166508              359.7105122229851              255.8707346268302              
4380                           2712.918899339549              -3764.419422621985             -4725.759083603003             7.077765578512985              1.947700618338627              2.500294329691584              6618.024242735635              0.001283425738258579           51.56452307069694              359.7040699390623              255.7034668247734              
4440                           3130.554150762317              -3638.381394412553             -4564.190133736342             6.837690222540759              2.251843510496314              2.883121148389755              6618.711353621609              0.001264768337240121           51.5668688359188               359.6980287920721              255.4525919944026              
4500                           3532.767656049763              -3494.419780299992             -4380.069120653878             6.563916696953935              2.544909146478303              3.251721404694237              6619.463664105706              0.001233435759281467           51.56943985911604              359.6924333354415              255.1284977067444              
4560                           3917.576844130818              -3333.242646593311             -4174.30443603926              6.257782843772354              2.825459241155252              3.604280622348474              6620.266333291808              0.0011903468822348             51.57218504135359              359.6873192675582              254.7428165577494              
4620                           4283.084220943212              -3155.642603776317             -3947.911084183048             5.920785238079346              3.092114911856623              3.939060751058294              6621.103539704292              0.001136536815275227           51.57504991157855              359.6827127466097              254.3081759603292              
4680                           4627.486677885181              -2962.49304782555              -3702.00585044055              5.554572660867235              3.343563446005104              4.254408726666707              6621.958791352738              0.001073116956934116           51.57797770758273              359.6786298975979              253.8379287249099              
4740                           4949.084422463946              -2754.743984922682             -3437.801942804387             5.160938755871515              3.578564883532971              4.548764788494119              6622.815248837748              0.001001236239147631           51.58091049811917              359.6750765186022              253.3458692015683              
4800                           5246.289424604879              -2533.417478378073             -3156.603156490066             4.741813916317749              3.795958329769819              4.820670447298128              6623.656055153995              0.0009220443662335421          51.58379032343965              359.6720479912449              252.845940813505               
4860                           5517.633359734438              -2299.602721908783             -2859.79756715903              4.299256384861686              3.994667974900548              5.068776073262976              6624.464665874424              0.0008366581074624964          51.58656033204942              359.6695293951468              252.3519403253958              
4920                           5761.774993618749              -2054.450762515267             -2548.850782751115             3.835442590589028              4.173708766734937              5.291848036633779              6625.225173296983              0.000746131871119611           51.5891658916066               359.6674958226127              251.8772251395894              
4980                           5977.506965148449              -1799.168894571696             -2225.298781791189             3.352656748986951              4.332191689370224              5.488775341025524              6625.92261824007               0.0006514338437732119          51.59155565271312              359.6659128859357              251.4344292792648              
5040                           6163.761923940287              -1535.01475023484              -1890.740370451045             2.853279763217309              4.469328599205935              5.658575688137089              6626.54328338882               0.0005534289217994829          51.59368254550924              359.6647374062426              251.0351943191472              
5100                           6319.617982273599              -1263.290114161877             -1546.829294286386             2.339777476630152              4.584436570892173              5.800400914124913              6627.074962429081              0.0004528694661500665          51.59550469047078              359.6639182694747              250.6899207186461              
5160                           6444.303443956809              -985.3344939902001             -1195.26604493126              1.814688339234961              4.676941708045876              5.913541740855256              6627.507199657834              0.0003503945640824523          51.59698620659266              359.6633974323555              250.4075452239322              
5220                           6537.200779001251              -702.5184746285184             -837.7893977067502             1.280610550456825              4.746382379013465              5.997431792157796              6627.831495332569              0.0002465379825577984          51.59809790221937              359.6631110585578              250.1953490275237              
5280                           6597.849809148968              -416.2369095355541             -476.1677478408181             0.7401887935284576             4.792411836627814              6.051650823929312              6628.041472655998              0.000141744388931015           51.59881783593284              359.6629907632462              250.0588011883365              
5340                           6625.950092735434              -127.90195354952               -112.1902515060942             0.1961005899140232             4.814800200583881              6.075927141199729              6628.133003106654              3.639272287790747e-05          51.59913173754849              359.6629649423305              250.0014406845476              
5400                           6621.362478091896              161.063980915415               252.3421245080338              -0.348957548017725             4.813435769419153              6.070139161683677              6628.104287575219              6.917509206208929e-05          51.59903328156688              359.662960161548               250.0247999384428              
5460                           6584.109823891318              449.2353460255513              615.6256462693445              -0.8922841427437124            4.788325654222792              6.034316115994902              6627.955891706857              0.0001746221569486889          51.59852420829715              359.6629025794605              250.1283714810043              
5520                           6514.376875356881              735.1905843605687              975.8628546486617              -1.431186786592676             4.739595722431986              5.96863787104793               6627.690734730273              0.0002795844203278365          51.59761429045539              359.6627193779771              250.3096185707727              
5580                           6412.509300379709              1017.519236227381              1331.271577385635              -1.962996115566736             4.667489855211459              5.873433881602418              6627.314032012845              0.0003836403841206524          51.59632114588199              359.6623401739163              250.5640295236453              
5640                           6279.01189187077               1294.82898137659               1680.093851548545              -2.485079605537559             4.572368527154529              5.749181281881559              6626.833192479109              0.000486285540568268           51.59466989965115              359.6616983853486              250.8852144592947              
5700                           6114.545950186003              1565.752575446027              2020.604706062216              -2.994855090590692             4.454706726111017              5.596502140581375              6626.257672958836              0.0005869133233676124          51.59269270164625              359.6607325272462              251.2650423231053              
5760                           5919.925865178365              1828.954642409385              2351.120755230777              -3.489803908485126             4.315091238308965              5.41615991186014               6625.598792365805              0.0006848039496676491          51.59042810821276              359.6593874119798              251.6938149534435              
5820                           5696.114922921848              2083.138285872349              2670.008556205886              -3.967483585576966             4.154217330636357              5.20905512334319               6624.869509411022              0.0007791218180289432          51.58792033905247              359.6576152317978              252.1604744079523              
5880                           5444.220367142515              2327.05148414742               2975.692686035238              -4.425539982755397             3.97288486766367               4.976220349353061              6624.084168261963              0.0008689214894042623          51.58521842286736              359.6553765022731              252.6528387750259              
5940                           5165.48775014199               2559.493236164987              3266.663496658276              -4.861718833819421             3.771993905806355              4.718814523613857              6623.258217177741              0.0009531617414920598          51.58237524743306              359.6526408480335              253.157861478333               
6000                           4861.294607477418              2779.319431076885              3541.484513540122              -5.273876624845536             3.552539807248905              4.438116645852558              6622.407905649535              0.001030726791659938           51.57944653168546              359.6493876147258              253.6619083060896              
6060                           4533.143513727771              2985.448402589355              3798.799428928758              -5.659990747259997             3.31560793266549               4.135518957620501              6621.549966028314              0.00110045353160686            51.57648973925761              359.6456062944229              254.151046454982               
6120                           4182.6545262919                3176.866169833615              4037.338691758212              -6.018168939894184             3.062367934371993              3.812519614748746              6620.701285752996              0.001161163522572275           51.57356295374656              359.6412967543959              254.611339549635               
6180                           3811.557119532868              3352.631304682192              4255.925618936737              -6.346657924927823             2.7940677385196                3.470714969429415              6619.878576698343              0.001211698490665605           51.57072373788704              359.6364692639808              255.0291425787809              
6240                           3421.681589391624              3511.879448644537              4453.482056759142              -6.643851303471155             2.512027214193668              3.111791458932085              6619.098047872655              0.001250958201118258           51.56802799824789              359.6311443165426              255.3913910751453              
6300                           3014.950030789911              3653.827429748798              4629.0335304732                -6.908296644278362             2.217631612344474              2.737517206589855              6618.375087917266              0.00127793977226915            51.56552887836862              359.6253522491077              255.6858787685551              
6360                           2593.366906355385              3777.776983328607              4781.713886863711              -7.138701802089648             1.91232479333691               2.349733358810417              6617.723963434112              0.001291777814260432           51.56327570222843              359.6191326652844              255.9015185072249              
6420                           2159.009258198513              3883.118061373163              4910.769410719117              -7.333940467517292             1.59760228193056               1.950345207475932              6617.157538957201              0.001291785213811568           51.56131298950024              359.6125336715246              256.0285816342566              
6480                           1714.016610213807              3969.331720451024              5015.562402789058              -7.493056960539264             1.275004181325841              1.54131313798365               6616.687023933741              0.001277495059961884           51.55967956283168              359.6056109407522              256.0589113677052              
6540                           1260.580605067183              4035.992580887602              5095.574210207319              -7.615270283367051             0.9461079714785003             1.124643435031763              6616.321751583595              0.001248705266389951           51.55840776569734              359.5984266211242              255.9861064030802              
6600                           800.9344198511504              4082.770850911188              5150.407701685965              -7.699977447724983             0.6125212129222752             0.7023789732837368             6616.06899390299               0.001205529234211313           51.55752280729683              359.5910481110706              255.8056714287213              
6660                           337.3420035324519              4109.433910632741              5179.789181258755              -7.746756089799569             0.2758741733015552             0.2765898149769603             6615.933816414256              0.001148459058002256           51.55704224848029              359.5835467249132              255.5151318580338              
6720                           -127.9128197764401             4115.847451664938              5183.569735576126              -7.755366382847807             -0.06218760837631733           -0.1506362661807939            6615.91897553373               0.001078453590131336           51.55697563984718              359.575996275851               255.1141107504864              
6780                           -592.5373516720558             4101.976168800824              5161.726010429803              -7.725752252562852             -0.4000108170679001            -0.5772033309752481            6616.024860648023              0.0009970746477241563          51.5573243200452               359.5684716049126              254.6043663695054              
6840                           -1054.241043059792             4067.884001557711              5114.360414441888              -7.65804189670904              -0.7359418779158969            -1.001016841149329             6616.249482162373              0.0009067153658834298          51.55808137893573              359.5610470866224              253.9897897276678              
6900                           -1510.746577742734             4013.733921276935              5041.700744108779              -7.552547598733305             -1.06833454136703              -1.41999330641353              6616.588505954821              0.000811001379412923           51.55923178689244              359.5537951408729              253.2763616917018              
6960                           -1959.800865932125             3939.787266552805              4944.099235110304              -7.409764832841542             -1.395557448503059             -1.832069899418256             6617.035333758498              0.0007154941839749603          51.56075268782198              359.54678478345                252.4720704502406              
7020                           -2399.186009452389             3846.402619816456              4822.031030288084              -7.230370631002876             -1.716001740585268             -2.235214118763114             6617.581228200862              0.0006287993544611277          51.5626138502621               359.5400802435062              251.5867900994181              
7080                           -2826.730119691535             3734.03423057816               4676.092072425511              -7.015221201484444             -2.028088643067684             -2.627433411313705             6618.215480285191              0.0005636436514856283          51.56477826729751              359.5337396776666              250.6321225016973              
7140                           -3240.317978781324             3603.229983055973              4506.996419151038              -6.765348767810227             -2.330277030941777             -3.006784761698482             6618.925616339691              0.0005355275288420887          51.56720289308376              359.5278140066246              249.6212045007387              
7200                           -3637.901485649428             3454.628911455682              4315.572984766583              -6.481957603719703             -2.621070943020642             -3.371384207335                6619.697640622924              0.0005553330523432237          51.56983950082906              359.5223458981239              248.5684839157002              
7260                           -4017.509839382672             3288.958266623719              4102.761714309018              -6.166419237682095             -2.899027016461552             -3.719416241989844             6620.516309059116              0.0006209299280364802          51.5726356446021               359.5173689168638              247.4894676753902              
7320                           -4377.259409343304             3107.030139892267              3869.609197859525              -5.820266803158407             -3.162761806136229             -4.04914306246857              6621.365428902955              0.0007199497478490407          51.57553570524056              359.512906858228               246.4004467625009              
7380                           -4715.363240176581             2909.737652227013              3617.263736049931              -5.445188515328548             -3.410958947895755             -4.358913606068211             6622.228178556973              0.0008388400843401952          51.57848199898889              359.5089732788496              245.3182024624093              
7440                           -5030.140139617819             2698.05071887235               3346.969870377025              -5.043020260669267             -3.642376120084461             -4.647172320575033             6623.087441289222              0.0009671552784209587          51.58141592633114              359.5055712327937              244.259699646158               
7500                           -5320.023289709614             2473.011407610182              3060.06240203364               -4.615737303999042             -3.855851748044243             -4.912467596657065             6623.92614621874               0.001097523496278922           51.58427913774325              359.5026932179834              243.2417725609803              
7560                           -5583.568350573849             2235.728890384781              2757.959899531114              -4.165445087264914             -4.050311413587646             -5.153459813991417             6624.72760978525               0.001224645397344512           51.58701469317998              359.500321332852               242.2808093651656              
7620                           -5819.460957022225             1987.374044995437              2442.157767973197              -3.694369208164937             -4.224773877580437             -5.368928885651841             6625.475870625291              0.001344521817972489           51.58956819172113              359.4984276397236              241.3924418614924              
7680                           -6026.523617468541             1729.173683484647              2114.220850716371              -3.204844521257001             -4.378356701823003             -5.557781282419522             6626.156011140955              0.001454001692654628           51.59188884961762              359.4969747262566              240.5912464610965              
7740                           -6203.72191747138              1462.404474010999              1775.775649030562              -2.699303482608244             -4.51028137603369              -5.71905641900384              6626.754458939747              0.001550538817623736           51.59393050509319              359.4959164535415              239.8904630336292              
7800                           -6350.170013147597             1188.386556106934              1428.502160146925              -2.180263739612626             -4.619877916376573             -5.851932359555241             6627.259261901715              0.001632065694871701           51.5956525305992               359.4951988751893              239.3017374741448              
7860                           -6465.135349159544             908.4769131960998              1074.125415339024              -1.650315096469577             -4.706588865005749             -5.95573075455494              6627.660330982462              0.001696930247871117           51.59702063462088              359.4947613089835              238.8348938568306              
7920                           -6548.04258389222              624.0625145473947              714.4067339708017              -1.112105894955702             -4.769972657043772             -6.02992096690615              6627.94964562663               0.001743865699590622           51.59800753779666              359.4945375396003              238.4977410895881              
7980                           -6598.476681263991             336.5532776287194              351.1347586360106              -0.5683289301717794            -4.809706306501424             -6.074123327110405             6628.121417351515              0.001771977457881234           51.59859351030853              359.4944571287617              238.2959186621456              
8040                           -6616.185146086716             47.37489056285975              -13.88367786749529             -0.02170700514574483           -4.82558737867802              -6.088111477540562             6628.172207973515              0.001780738179118653           51.59876676031892              359.4944468071876              238.2327849062885              
8100                           -6601.079384743457             -242.0384617037811             -378.8327980994184             0.5250217600578369             -4.817535223917758             -6.071813775259114             6628.100999913578              0.001769986237699018           51.59852366607431              359.494431921314               238.3093504695807              
8160                           -6553.235180379155             -530.2514212655108             -741.8971791865064             1.0691187411017                -4.785591457317911             -6.025313735239744             6627.90921705231               0.00173992525066365            51.59786884727418              359.4943379067765              238.5242585021988              
8220                           -6472.892277510798             -815.8347929711829             -1101.271057033424             1.607859634170781              -4.729919677868405             -5.948849506960051             6627.600695674304              0.001691123975929783           51.59681507433367              359.4940917602129              238.8738120453254              
8280                           -6360.453080333571             -1097.3728346279               -1455.167562800756             2.138549146872724              -4.650804431880088             -5.842812392153794             6627.181606133953              0.001624517364287919           51.5953830172576               359.4936234809506              239.3520479938488              
8340                           -6216.480482288928             -1373.470453801946             -1801.827831014023             2.658535429001992              -4.548649439985287             -5.707744429567978             6626.660326965887              0.001541411248579344           51.59360083896004              359.4928674547024              239.9508558146927              
8400                           -6041.694826852499             -1642.760304298624             -2139.529970163008             3.165224197287824              -4.423975098908261             -5.544335061460874             6626.047274097185              0.001443495635019888           51.59150364051526              359.4917637522881              240.6601384243222              
8460                           -5836.970045795039             -1903.909685282014             -2466.597773493764             3.656092343012407              -4.277415305886011             -5.35341694486257              6625.354688924011              0.001332875800324109           51.58913276918541              359.4902593180233              241.4680113064023              
8520                           -5603.328998380659             -2155.627235679709             -2781.409160594288             4.128700986306787              -4.109713641097815             -5.135960952845072             6624.596389768468              0.001212138021658144           51.58653500238203              359.4883090243492              242.3610354989441              
8580                           -5341.938032817771             -2396.669395937909             -3082.404314393649             4.580707908600314              -3.921718944088665             -4.893070412217317             6623.787491958951              0.001084480961982528           51.58376162308215              359.4858765714295              243.3244791871912              
8640                           -5054.100840024951             -2625.846568815147             -3368.093427844751             5.00987922630441               -3.714380356775462             -4.625974671173295             6622.944102552871              0.0009539693413985848          51.58086740497673              359.4829352137531              244.3426020902598              
8700                           -4741.251616450252             -2842.028981523335             -3637.064063048074             5.414100309141945              -3.488741868017766             -4.336022041285706             6622.08299600442               0.0008260051749901956          51.57790952682819              359.4794682984554              245.3989566338514              
8760                           -4404.947607996384             -3044.152197835437             -3887.988058513638             5.791385853371032              -3.245936434048827             -4.024672209043624             6621.221277583252              0.00070812762201703            51.57494643763467              359.4754696041314              246.4766994223                 
8820                           -4046.861057336157             -3231.222277022968             -4119.627980551684             6.139889117875389              -2.987179711894651             -3.693488164045858             6620.376041377142              0.0006110173149382795          51.57203669481883              359.470943472231               247.5589068578302              
8880                           -3668.770657305251             -3402.320528414675             -4330.843055132012             6.457910247931644              -2.71376349867067              -3.344127762450267             6619.564029947313              0.0005483682378679074          51.56923779906914              359.4659047281656              248.6288882838471              
8940                           -3272.552487301087             -3556.607887166344             -4520.594611940844             6.743903760477504              -2.427048875791402             -2.978334923917438             6618.801302275603              0.0005321423175435958          51.56660504860703              359.4603783919038              249.67049101272                
9000                           -2860.170560351691             -3693.32885501177              -4687.950971000218             6.996485116648263              -2.128459162299377             -2.597930595001314             6618.102916755659              0.0005634202500616825          51.5641904367043               359.454399184076               250.6683911140472              
9060                           -2433.666988029727             -3811.815019778501             -4832.091789108509             7.214436441070579              -1.819472690316032             -2.204803495098757             6617.482635309808              0.0006305510677347562          51.56204161450597              359.4480108363327              251.6083649646889              
9120                           -1995.151828993338             -3911.488136420503             -4952.311844953407             7.396711391187512              -1.501615453467738             -1.800900709602641             6616.952654361943              0.0007180334941644434          51.5602009405045               359.4412652196208              252.4775366135655              
9180                           -1546.792680540401             -3991.862762082255             -5048.024254024377             7.542439198309927              -1.176453669989335             -1.388218183136304             6616.523367772765              0.0008134715747454077          51.55870463619863              359.4342213079402              253.2645968254274              
9240                           -1090.8040292712               -4052.548447459097             -5118.763116236059             7.650927918451701              -0.8455862663595937            -0.9687911202620151            6616.203166124203              0.0009085698653943831          51.55758206516978              359.4269439980307              253.9599901959236              
9300                           -629.4364497518393             -4093.251471480881             -5164.18558089979              7.72166690030022               -0.5106373359386503            -0.5446843628850707            6615.998276070763              0.0009979858482501349          51.55685515057676              359.4195028097579              254.5560673181253              
9360                           -164.9656757783334             -4113.776124282203             -5184.073335534595             7.75432850646278               -0.1732485768391135            -0.1179827497406345            6615.912642604983              0.001078243099919916           51.55653794285556              359.4119704936035              255.0471996811821              
9420                           300.3184246990424              -4114.025536838481             -5178.333516805862             7.74876910647242               0.1649282851225127             0.3092185343759704             6615.947856269649              0.001147054532450672           51.55663634638741              359.4044215738036              255.4298556973708              
9480                           764.1228868149304              -4094.002055483045             -5146.999042394496             7.705029354264302              0.5022390461889507             0.7348235659624145             6616.103126495436              0.001202938202078708           51.55714801052939              359.3969308578971              255.7026366965101              
9540                           1224.162705673934              -4053.807164630248             -5090.228367893375             7.62333376456236               0.8370345728888873             1.156745278955911              6616.375301358272              0.001244998282388435           51.5580623868404               359.3895719426863              255.8662727160636              
9600                           1678.171842175115              -3993.640956141595             -5008.304667700238             7.504089587447281              1.16767831816568               1.572915010543623              6616.758933206597              0.001272793631841107           51.55936095090772              359.3824157478035              255.9235781536227              
9660                           2123.914127294623              -3913.801150438965             -4901.634447066544             7.347884985776742              1.49255378902509               1.98129197550257               6617.246388726967              0.001286252004960012           51.56101758359654              359.3755291070376              255.8793684326929              
9720                           2559.194046084529              -3814.681670466546             -4770.745587021297             7.155486505650015              1.810071971092094              2.379872675266753              6617.828001233317              0.001285607776680826           51.56299910332957              359.3689734456208              255.7403390022982              
9780                           2981.867349855031              -3696.770771266556             -4616.284826446063             6.927835827802147              2.118678689459871              2.76670021504464               6618.492262175851              0.001271351501165084           51.56526593788298              359.3628035701333              255.514909124744               
9840                           3389.851447183415              -3560.648731077948             -4439.014689549026             6.666045788760338              2.416861883906336              3.139873500689539              6619.226048137549              0.001244185164061074           51.56777292134441              359.3570665950422              255.2130329370593              
9900                           3781.135535416862              -3406.985108636827             -4239.809865314547             6.371395654306484              2.703158781151928              3.497556292772541              6620.014878941403              0.00120498000436974            51.57047019948747              359.3518010265697              254.8459814993639              
9960                           4153.790425148557              -3236.535574159007             -4019.653049189075             6.045325630639409              2.97616293629294               3.837986082053507              6620.843201902457              0.001154735495454448           51.57330422475255              359.3470360212128              254.4260994194001              
10020                          4505.978010487959              -3050.138323605926             -3779.630259962671             5.689430601444515              3.234531111711751              4.159482745766858              6621.694696763063              0.001094539100705223           51.57621882042065              359.3427908324541              253.9665408811943              
10080                          4835.960352176016              -2848.710078906622             -3520.925635892062             5.305453066058876              3.47698996809982               4.460456951986779              6622.552595487914              0.001025527067472438           51.57915629256273              359.3390744550043              253.4809896165916              
10140                          5142.108288242102              -2633.241707837619             -3244.815754005841             4.895275314682141              3.702342499820663              4.739418226627323              6623.400010670073              0.0009488469679087802          51.58205856723252              359.3358854724652              252.9833685745216              
10200                          5422.909574490986              -2404.793453558334             -2952.66346020816              4.460910795948166              3.909474207422557              4.994982673085267              6624.22026632639               0.0008656229779865432          51.58486833088591              359.3332121091746              252.4875445522584              
10260                          5676.976478044201              -2164.489805042162             -2645.91125093927              4.004494714936257              4.097358938950093              5.225880258433191              6624.997224605332              0.0007769250901969698          51.58753015160605              359.33103248398                252.0070339129734              
10320                          5903.052778225067              -1913.514033196487             -2326.074238614182             3.528273892116105              4.265064351785459              5.430961605382049              6625.715602049078              0.000683743544881757           51.58999155959133              359.3293150594223              251.5547153688713              
10380                          6100.020142207752              -1653.10240801687              -1994.732720972203             3.034595901367095              4.411756954578789              5.609204238964793              6626.361269255746              0.0005869697353852473          51.59220406650331              359.3280192761737              251.1425556228196              
10440                          6266.90382757102               -1384.53812795817              -1653.524394680851             2.525897541397909              4.536706676428861              5.759718221783365              6626.921528053926              0.0004873846927492176          51.59412410455077              359.3270963593977              250.7813539576209              
10500                          6402.877674509091              -1109.144990473512             -1304.136250587985             2.004692696795766              4.639290917977131              5.881751121185386              6627.385360724982              0.0003856559454672795          51.59571386790967              359.3264902806457              250.4805110289944              
10560                          6507.268353089054              -828.2808361129494             -948.2961923322688             1.47355965756388               4.718998041516828              5.974692255035594              6627.743646345738              0.0002823430915021727          51.59694204106773              359.3261388562901              250.2478271865421              
10620                          6579.558835390729              -543.3308010168187             -587.7644230515773             0.9351279763313868             4.775430261781518              6.038076168687719              6627.989339956941              0.0001779118286920082          51.59778440086985              359.3259749612375              250.0893346212097              
10680                          6619.391067485257              -255.7004136797206             -224.3246461775973             0.3920649494627249             4.80830590486854               6.071585303209041              6628.117610989897              7.27555267873763e-05           51.5982242814198               359.3259278347872              250.0091672970602              
10740                          6626.567820901516              33.19142161039589              140.2248655198142              -0.1529381751636913            4.81746100878162               6.075051822799836              6628.12593818758               3.277749151244044e-05          51.59825289351391              359.3259244540822              250.009471514767               
10800                          6601.053712090027              321.9195136717154              504.0802803887266              -0.6971801604845977            4.802850248743585              6.048458581599974              6628.014159131182              0.0001383519163635898          51.59786949294548              359.3258909494944              250.0903592347713              
10860                          6542.975379506674              609.0595267739225              865.4412734861469              -1.237963849086127             4.764547175101147              5.991939215406182              6627.784473368081              0.000243614206095524           51.59708139464316              359.3257540356896              250.2499052155763              
10920                          6452.620818840734              893.1950912326424              1222.52003945432               -1.772610149230909             4.702743762421793              5.905777359354077              6627.441399097929              0.0003481605556233049          51.59590383245439              359.3254424318251              250.4841880213926              
10980                          6330.437882549953              1172.92488076184               1573.550250514692              -2.298471907235126             4.61774927740818               5.790405001676235              6626.991684276949              0.0004515102237867672          51.5943596670306               359.3248882445685              250.7873739800007              
11040                          6177.031951772734              1446.869602812362              1916.795891489337              -2.812947538556728             4.509988477575297              5.646399990581073              6626.444173916858              0.0005530844826039918          51.59247894699994              359.3240282881052              251.151842155622               
11100                          5993.162803059348              1713.67885447701               2250.559911995338              -3.313494305141874             4.379999166510302              5.474482728638622              6625.809636251716              0.0006521931923893836          51.59029833135484              359.3228053164062              251.5683474375546              
11160                          5779.740689265509              1972.037817395622              2573.192662224547              -3.797641169927776             4.228429132461707              5.275512089586741              6625.100551215549              0.0007480298081372707          51.58786038335722              359.3211691442809              252.0262181633934              
11220                          5537.82166454178               2220.673750392987              2883.100060345729              -4.263001136814783             4.05603250680158               5.050480605238817              6624.330865448983              0.0008396750070120189          51.58521274883248              359.3190776356446              252.5135837095422              
11280                          5268.602186120776              2458.36224721658               3178.751450512339              -4.70728300639679              3.863665582654362              4.800508974589253              6623.515718678658              0.000926108562137935           51.58240723385288              359.3164975395484              253.0176272137414              
11340                          4973.413029831391              2683.933228295355              3458.687112497766              -5.128302486843562             3.652282137920096              4.526839952082269              6622.671146866526              0.001006228653422169           51.57949879887156              359.3134051570857              253.5248577609518              
11400                          4653.712559562728              2896.276638174922              3721.525387494937              -5.523992610807081             3.422928309380163              4.230831674966768              6621.813767955919              0.001078877519849002           51.57654448810785              359.3097868252581              254.021396447637               
11460                          4311.079395567031              3094.347822012192              3965.969386886634              -5.892413418720905             3.176737067190089              3.913950492848352              6620.960456360795              0.001142872213584362           51.57360231445371              359.3056392071178              254.4932701513853              
11520                          3947.204514282175              3277.172565168731              4190.813264059997              -6.231760894560631             2.914922328741339              3.577763349133296              6620.128012501669              0.001197039199456317           51.57073012116521              359.3009693809198              254.9267072343382              
11580                          3563.882858429074              3443.851758074176              4394.948002502636              -6.540375104716277             2.638772781706614              3.223929803606084              6619.332833869703              0.001240251620575718           51.56798444269961              359.2957947253267              255.3084290368179              
11640                          3163.00444447556               3593.565700188436              4577.366737149036              -6.816747590924662             2.349645417217859              2.854193696814053              6618.590593828988              0.001271468243268004           51.5654193866262               359.2901426005602              255.6259317309168              
11700                          2746.545095927338              3725.577989145769              4737.16954275836               -7.059527945714072             2.04895887238537               2.470374583053391              6617.915934518096              0.001289773345435716           51.56308555950328              359.2840498312263              255.8677528932094              
11760                          2316.556771820731              3839.239019195555              4873.567719029492              -7.267529645497076             1.738186562998026              2.074358906891396              6617.322179576474              0.001294417228097297           51.56102905782342              359.2775619985998              256.0237180335071              
11820                          1875.157577907199              3933.989058203221              4985.887534871518              -7.439735115316699             1.418849668214558              1.668091002096906              6616.821072303798              0.001284857595670673           51.55929054498009              359.2707325556854              256.0851624093748              
11880                          1424.52148804642               4009.360900975692              5073.573429269528              -7.575300051246409             1.092509981776676              1.253563931317091              6616.4225442447                0.001260802967177799           51.55790443327669              359.2636217814249              256.0451241729306              
11940                          966.8678512748916              4064.982086245293              5136.19065383621               -7.673557005244246             0.7607626750374701             0.8328102240639014             6616.134518700435              0.001222260779617525           51.5568981882307               359.2562955947178              255.89850538071                
12000                          504.4506826464763              4100.576681337411              5173.427361959544              -7.734018264043829             0.4252289575251029             0.4078924949002388             6615.962752914996              0.001169595458748675           51.55629176978607              359.2488242509153              255.642197993152               
12060                          39.54781196327872              4115.966622351871              5185.096130295332              -7.756378019539339             0.08754867269266291            -0.01910601010566507           6615.910722085047              0.001103606483764323           51.55609722261505              359.2412809473281              255.2751726214574              
12120                          -425.5500782161633             4111.072608527228              5171.134911360875              -7.740513842245713             -0.2506271668053405            -0.4460909328828053            6615.979547511472              0.001025645385150285           51.5563184244731               359.2337403658217              254.7985283135849              
12180                          -888.5504821066461             4085.914547196586              5131.607413356711              -7.686487458919822             -0.5876438930633689            -0.8709663741327025            6616.167970418956              0.0009378075014863672          51.55695099834174              359.2262771822895              254.2155024703343              
12240                          -1347.170125921848             4040.611546667423              5066.702904518179              -7.594544830297559             -0.9218507365843109            -1.291644502781618             6616.472372125682              0.0008432652022934914          51.55798239065007              359.2189645736281              253.5314403722678              
12300                          -1799.146007067891             3975.381454847478              4976.735439945472              -7.465115518829658             -1.251608410057921             -1.706055191314626             6616.886840385061              0.0007468566033754382          51.55939211435436              359.211872753035               252.7537247696946              
12360                          -2242.246370746036             3890.539942752116              4862.142510631648              -7.298811332024801             -1.575296708061754             -2.11215565830242              6617.403280847297              0.0006560636434539109          51.56115215214021              359.2050675639348              251.891666284313               
12420                          -2674.281588913657             3786.499130841163              4723.483112746323              -7.096424218274541             -1.891322114919096             -2.507940107409691             6618.011571740495              0.0005822277169322863          51.56322751165615              359.1986091614274              250.9563563014472              
12480                          -3093.114885201203             3663.765759857255              4561.435240325342              -6.858923393808129             -2.198125394592086             -2.891449329017257             6618.699759012231              0.0005404218478714101          51.5655769214122               359.192550808565               249.9604846378352              
12540                          -3496.672864622311             3522.938907216959              4376.792803507935              -6.587451673529648             -2.494189144108838             -3.260780240127155             6619.454288377292              0.0005441652036603022          51.56815365307101              359.1869378119682              248.9181246659145              
12600                          -3882.955797319186             3364.707252635545              4170.461977975162              -6.283320980333969             -2.778045280990193             -3.614095324323131             6620.260269958611              0.0005959170402728606          51.57090645321836              359.181806618411               247.8444897198533              
12660                          -4250.047611489722             3189.845895811677              3943.456990094352              -5.948007003973076             -3.048282435048948             -3.949631933399271             6621.101770529581              0.0006856390681742375          51.57378056553141              359.1771840903466              246.7556645464128              
12720                          -4596.125536719118             2999.212735583666              3696.895350854082              -5.583142992843581             -3.303553200129552             -4.26571139379101              6621.962127739588              0.0007993784085326114          51.57671882237886              359.1730869747388              245.6683168839745              
12780                          -4919.469349163131             2793.744418953444              3431.992550247125              -5.190512661255337             -3.542581204228413             -4.560747864588713             6622.824280209773              0.0009255565401128592          51.57966278365812              359.1695215752271              244.5993940037288              
12840                          -5218.470164443976             2574.451872594376              3150.056229207965              -4.77204220551299              -3.764167947975004             -4.833256883431169             6623.671106982764              0.001055903777036161           51.58255389979831              359.1664836335207              243.5658102504749              
12900                          -5491.638724820088             2342.415432328221              2852.479849847435              -4.329791431700267             -3.967199357974786             -5.081863532380786             6624.485769536615              0.001184545613491211           51.58533467553642              359.1639584215737              242.5841312305201              
12960                          -5737.61312770518              2098.779589362984              2540.735888915856              -3.865944009661101             -4.150651998496467             -5.30531015230244              6625.252049436563              0.001307120964979855           51.58794981121909              359.1619210418351              241.6702612644303              
13020                          -5955.165942238724             1844.74737760416               2216.368586423088              -3.382796884476649             -4.313598882019207             -5.502463530850636             6625.954674699249              0.001420236558465848           51.59034729897786              359.1603369287764              240.8391401442877              
13080                          -6143.210675816844             1581.574413042254              1880.986264304276              -2.88274885846475              -4.455214828727143             -5.672321500963537             6626.579628145727              0.001521167671522916           51.59247945233118              359.1591625408773              240.1044558139874              
13140                          -6300.807508194946             1310.562660482512              1536.253311907043              -2.368288486319529             -4.574781290838719             -5.814018845929728             6627.114431172999              0.001607701224300955           51.59430384869458              359.1583462289568              239.4783790040246              
13200                          -6427.168314010565             1033.053875015401              1183.881771932698              -1.841981190499428             -4.671690635290496             -5.926832500947849             6627.548397158516              0.001678056064788658           51.59578416721863              359.1578292627914              238.9713255602792              
13260                          -6521.660859599754             750.4228624911877              825.6227112575923              -1.306455885315647             -4.745449777659385             -6.010185920901641             6627.872848852309              0.001730844172564168           51.59689090494444              359.1575469959384              238.5917520268649              
13320                          -6583.81220582385              464.0704952516263              463.2572960390513              -0.7643910097870205            -4.795683172183104             -6.063652618537208             6628.081295317006              0.001765053126484262           51.5976019582974               359.157430145366               238.3459888056022              
13380                          -6613.31124842508              175.4165923417236              98.58771053398002              -0.2185002036074821            -4.822135089623794             -6.086958790958962             6628.169564448584              0.001780039062692114           51.59790305830811              359.1574061610288              238.2381149771536              
13440                          -6610.010392303127             -114.1073172004792             -266.5720564307506             0.3284823067885431             -4.824671167200724             -6.079985015683089             6628.135888277721              0.001775524276091504           51.59778805152021              359.157400658654               238.2698775835524              
13500                          -6573.926344055679             -403.0653054895475             -630.4055030394043             0.8738164962635879             -4.803279209801472             -6.042766992055482             6627.980939180397              0.001751596437066642           51.5972590212017               359.1573388880054              238.4406572633752              
13560                          -6505.240014929119             -690.0243809095989             -991.1029198989431             1.414771370327632              -4.75806923178615              -5.975495316972862             6627.707816205304              0.001708708242643909           51.59632624654941              359.1571472082618              238.747481064891               
13620                          -6404.295535791899             -973.5618029602446             -1346.870653083035             1.948639714464041              -4.689272740438567             -5.878514298504349             6627.321981813684              0.001647677801034043           51.59500800065444              359.1567545420343              239.1850821438911              
13680                          -6271.598392607013             -1252.272331602769             -1695.940267496333             2.472752641475874              -4.597241271806845             -5.752319823302668             6626.831150403516              0.001569691618102079           51.5933301910462               359.156093779877               239.7460048963512              
13740                          -6107.812698928466             -1524.775365532297             -2036.577552967022             2.984493817056364              -4.482444200006734             -5.597556306745395             6626.245131034547              0.001476314213440423           51.59132584963599              359.155103108046               240.4207531514821              
13800                          -5913.757621380002             -1789.72193629061              -2367.091331225276             3.481313271458871              -4.34546584490066              -5.41501275911333              6625.575627726706              0.001369511905247292           51.58903448168934              359.1537272335283              241.1979779105804              
13860                          -5690.403008269119             -2045.80148620143              -2685.841973474609             3.960740637574637              -4.187001930774807             -5.205618037448428             6624.836001695696              0.001251704582582001           51.58650128652468              359.1519184823398              242.0647003732101              
13920                          -5438.864217664178             -2291.748447746454             -2991.249650322467             4.420397830393041              -4.007855413604261             -4.97043530518246              6624.041000468627              0.001125870857297308           51.58377626445387              359.1496377489906              243.0065653058637              
13980                          -5160.39622634458              -2526.348528359972             -3281.802194122118             4.858010976842097              -3.808931756416182             -4.710655803830249             6623.206459768855              0.0009957533556305726          51.58091322775959              359.1468552782392              244.0081189614793              
14040                          -4856.387034651879             -2748.444709186                -3556.062584436136             5.271421608787392              -3.591233686526166             -4.427591979395511             6622.348984332991              0.0008662460789990679          51.57796873459727              359.1435512628537              245.0531057625949              
14100                          -4528.350427644667             -2956.942911408576             -3812.675998923044             5.658597036677614              -3.355855500463774             -4.122670048483376             6621.485614352946              0.0007440794451374563          51.57500096690891              359.1397162449122              246.1247772245033              
14160                          -4177.918138041175             -3150.817309653791             -4050.376404343357             6.017639877316339              -3.103976970896011             -3.797422073535076             6620.633484399072              0.000638815866386984           51.57206857448575              359.1353513117832              247.2062069635094              
14220                          -3806.831463738975             -3329.115269118543             -4267.992658959065             6.346796710823932              -2.836856913156999             -3.453477620757647             6619.809481779934              0.0005633818257203349          51.56922950818528              359.1304680819984              248.280605244734               
14280                          -3416.932392318413             -3490.961887848854             -4464.454103634323             6.644465856835113              -2.555826465959884             -3.092555070248163             6619.029911211749              0.0005312349337477511          51.56653986573582              359.1250884804719              249.3316271279009              
14340                          -3010.154285407546             -3635.564128582943             -4638.795622756828             6.909204270498626              -2.262282137760937             -2.716452643695995             6618.310172464732              0.0005478442131182915          51.56405277342169              359.1192443067626              250.3436681873336              
14400                          -2588.512175469828             -3762.214527538194             -4790.162159860868             7.139733568000579              -1.957678666000653             -2.327039209538412             6617.664457306986              0.0006050231295512781          51.56181732638399              359.1129766044252              251.3021425425577              
14460                          -2154.09272676713              -3870.294470208847             -4917.812676237621             7.334945198496506              -1.643521731491814             -1.926244919064989             6617.105471605916              0.000687423930423968           51.55987760918529              359.1063348436653              252.1937381141997              
14520                          -1709.04390831452              -3959.277027104089             -5021.123544381544             7.49390478523607               -1.321360562834404             -1.516051717533595             6616.644187879948              0.0007813104597941835          51.55827181671786              359.0993759334837              253.0066448294674              
14580                          -1255.56444281917              -4028.72934109493              -5099.591366887673             7.6158556556412                -0.9927804729450216            -1.098483783546164             6616.289632954047              0.0008771553569705692          51.55703149358148              359.0921630834612              253.7307518707566              
14640                          -795.8930461130625             -4078.314569265194             -5152.835224615173             7.70022159783646               -0.6593953297010621            -0.6755978989455056            6616.048714595001              0.0009688029383233353          51.55618090744923              359.0847645378615              254.3578109050013              
14700                          -332.2975482677019             -4107.793368326552             -5180.598342052459             7.746608852756887              -0.322840014369075             -0.249473817350307             6615.926090295848              0.001052270360146229           51.55573656941831              359.0772522087572              254.881562660441               
14760                          132.9361118733584              -4117.024929750841             -5182.749177410269             7.754807376239363              0.01523715381248479            0.1777953961839694             6615.924080467908              0.001124943659010792           51.55570691096278              359.0697002355294              255.2978250503165              
14820                          597.5149198311262              -4105.967557852342             -5159.281930868546             7.724791377356488              0.3531819733441852             0.6041129863395535             6616.042627509124              0.001185114764588946           51.55609212402084              359.0621835014153              255.6045415911149              
14880                          1059.14983048415               -4074.678796844705             -5110.316478895356             7.65671915515522               0.6893419048214383             1.027388100036188              6616.279301292358              0.00123171963393416            51.55688416706611              359.0547761373269              255.8017895030753              
14940                          1515.566803310933              -4023.315104953183             -5036.097732669223             7.550932234180179              1.022073608993103              1.445545356145992              6616.629350785717              0.001264184316264858           51.55806693666189              359.047550043453               255.8917477290079              
15000                          1964.517748674191              -3952.131077302585             -4936.99442444231              7.407953800216729              1.349750441525261              1.856534345213052              6617.085800659307              0.001282327447817734           51.55961660042401              359.0405734595582              255.8786253776761              
15060                          2403.791362983651              -3861.47822033186              -4813.497325847247             7.228486431809904              1.670769907881658              2.258339062907477              6617.639590882683              0.00128629193722742            51.5615020839572               359.0339096127483              255.7685522083057              
15120                          2831.223806382385              -3751.803280520202             -4666.216902716714             7.013409117560584              1.983561062277092              2.648987256266417              6618.279756550871              0.001276491481811859           51.56368570116336              359.0276154699959              255.569432880101               
15180                          3244.709179716843              -3623.646131255305             -4495.880412270439             6.763773545833433              2.286591834276227              3.026559661237435              6618.993644424949              0.001253564348012092           51.56612391442254              359.0217406201828              255.2907678689326              
15240                          3642.209756677315              -3477.637222773701             -4303.328449957754             6.480799651392357              2.578376262715116              3.389199105095356              6619.767161999125              0.00121833050679542            51.56876820858977              359.0163263074828              254.9434439323459              
15300                          4021.765923398963              -3314.494602679376             -4089.51095659724              6.165870405428253              2.857481610254546              3.735119439322765              6620.585054294389              0.001171750262967006           51.57156606056273              359.0114046345122              254.5394982400103              
15360                          4381.50579586166               -3135.020507541868             -3855.482687263241             5.820525820258413              3.122535341135927              4.062614279947156              6621.431203097628              0.001114883719564411           51.57446198458586              359.0069979497588              254.0918600994664              
15420                          4719.654426189001              -2940.097554099045             -3602.398179998572             5.446456193727808              3.372231896997873              4.370065473217999              6622.288942805842              0.001048851176267868           51.57739863173001              359.0031184305787              253.6140754855769              
15480                          5034.542608981451              -2730.684516672641             -3331.506207465578             5.045494538535402              3.60533927512549               4.655951290659652              6623.141386925455              0.0009747950424219652          51.58031792192477              358.9997678677053              253.1200191562712              
15540                          5324.615194302638              -2507.811724760125             -3044.143756616652             4.619608235485249              3.820705332832028              4.918854257637583              6623.971758830235              0.0008938441951828959          51.58316218579284              358.9969376544857              252.6236003425392              
15600                          5588.43887973316               -2272.57608984496              -2741.729548659805             4.170889905070917              4.017263786630317              5.157468575461767              6624.76372042064               0.000807081930454175           51.5858752941323               358.9946089791249              252.1384674511837              
15660                          5824.709431933893              -2026.135782586325             -2425.757127366557             3.701547519721184              4.194039855863739              5.370607073676139              6625.501692286273              0.0007155187764726417          51.58840375322026              358.9927532147213              251.6777181064035              
15720                          6032.258292828488              -1769.704583334114             -2097.787545940753             3.213893787787448              4.350155501694372              5.557207630967718              6626.171159130969              0.0006200714535167973          51.59069774511337              358.9913324980544              251.2536201902085              
15780                          6210.058528002067              -1504.545931663283             -1759.441686097344             2.710334851445829              4.484834212760961              5.716339003909993              6626.758954470872              0.0005215491430107084          51.59271209336799              358.9903004847502              250.8773500778789              
15840                          6357.230077710359              -1231.96670355598              -1412.392246656912             2.193358352422516              4.597405290247752              5.847206004850782              6627.253519004955              0.000420647965100583           51.59440713624253              358.9896032653206              250.5587534158794              
15900                          6473.044274471064              -953.3107476169852             -1058.35544237569              1.665520930800276              4.687307587939654              5.949153974109802              6627.64512755329               0.000317954143083823           51.59574949133032              358.9891804238458              250.3061339299393              
15960                          6556.927595596746              -669.9522136328933             -699.0824560753599             1.12943523163722               4.754092667081875              6.02167249724623               6627.92608006288               0.0002139557725121739          51.59671269770273              358.9889662186744              250.1260747407841              
16020                          6608.464622882438              -383.2887124788093             -336.3506942444541             0.5877565101668563             4.797427330388135              6.064398324257247              6628.090852880214              0.0001090624661305794          51.59727772396571              358.9888908625675              250.0232963919907              
16080                          6627.400189673471              -94.73434172773354             28.04510974850828              0.04316892200712996            4.817095507964105              6.077117458140353              6628.13620728019               3.634174811892967e-06          51.59743333314272              358.9888818780908              250.0005546822995              
16140                          6613.640698077401              194.2873853648979              392.3018965554891              -0.5016284053878671            4.812999472737651              6.059766386587419              6628.06125307608               0.0001020026945280281          51.5971762978529               358.9888655029227              250.0585807386451              
16200                          6567.254597012151              482.3506527358271              754.6173161985713              -1.04393538926271              4.785160371857484              6.012432442592781              6627.867466050857              0.0002074934001161961          51.59651146200019              358.9887681189361              250.1960646658972              
16260                          6488.472016447614              768.0344844646587              1113.198782522613              -1.58106504525785              4.733718068500457              5.935353288063713              6627.558658844782              0.0003124533352737381          51.59545164781952              358.9885176785747              250.4096831832421              
16320                          6377.683565130893              1049.929833386024              1466.272440056462              -2.110357390798177             4.658930299515239              5.82891553150284               6627.140905914411              0.0004164241814469239          51.59401741003141              358.9880451020767              250.694170562917               
16380                          6235.438296925827              1326.646616787597              1812.092044817256              -2.629193173926712             4.561171158229356              5.693652492120373              6626.622424043826              0.0005188542943933457          51.59223664139649              358.9872856195402              251.0424313155345              
16440                          6062.440862513305              1596.820636177709              2148.947679573056              -3.135007284669555             4.440928922341755              5.530241138813161              6626.013410812511              0.0006190830701951144          51.59014403676838              358.9861800327154              251.4456919431923              
16500                          5859.547868556335              1859.120346789103              2475.174260386505              -3.625301763958967             4.298803254374384              5.339498240703938              6625.325844237015              0.0007163335782809338          51.58778042523718              358.9846758726107              251.8936884440272              
16560                          5627.763470276397              2112.253441722531              2789.159790395632              -4.097658328505881             4.135501807454184              5.122375772596572              6624.57324757957               0.0008097138128700394          51.58519198248283              358.9827284307395              252.3748852092322              
16620                          5368.23422899556               2354.973215553954              3089.353316824846              -4.549750335436308             3.951836275145459              4.87995562610537               6623.770423980282              0.0008982263301100659          51.58242933767992              358.9803016438415              252.8767206465081              
16680                          5082.243270242468              2586.084675315697              3374.272551217004              -4.979354122411999             3.748717928173673              4.613443682190723              6622.933166154457              0.0009807855683306973          51.57954659142191              358.9773688143857              253.3858739852212              
16740                          4771.203781538707              2804.450369426823              3642.511116333829              -5.384359670306178             3.527152683812317              4.324163304302306              6622.077946861197              0.001056241823328006           51.57660026295621              358.9739131519781              253.8885477647045              
16800                          4436.651889780588              3008.995909107443              3892.745388199937              -5.762780549223363             3.288235753857316              4.013548311237854              6621.221596195532              0.001123410670190218           51.57364818655248              358.969928123938               254.3707598716692              
16860                          4080.238976353849              3198.715150479684              4123.740894220216              -6.112763103049718             3.033145928900132              3.683135503879672              6620.380972025139              0.001181106568448193           51.57074837818521              358.965417606951               254.8186393017359              
16920                          3703.72343382892               3372.675040281997              4334.358270855611              -6.432594897388427             2.763139515783863              3.334556766803492              6619.572629861515              0.001228179453833492           51.56795789408153              358.9603958347672              255.2187196346895              
16980                          3308.961978849983              3530.020067866758              4523.558710934916              -6.720712349082529             2.47954402160789               2.969530864883882              6618.812498712915              0.001263553249136904           51.56533170406131              358.9548871421633              255.5582243811605              
17040                          2897.900502858682              3669.976345675458              4690.408927918218              -6.975707606115179             2.183751579304209              2.589854927315538              6618.115568994075              0.001286265492353578           51.56292160147996              358.948925507825               255.8253388800067              
17100                          2472.564542651487              3791.855284084853              4834.085595769211              -7.196334645019205             1.877212177825835              2.197395699777477              6617.495598582354              0.001295507608106309           51.56077517197598              358.9425539040858              256.0094634846182              
17160                          2035.049399915594              3895.056856906029              4953.879260216836              -7.38151461007533              1.561426718160352              1.794080591333782              6616.964842621241              0.001290665868920442           51.55893484192313              358.9358234648744              256.1014434450508              
17220                          1587.509984468641              3979.072440754261              5049.197701810381              -7.530340394527027             1.237939945124912              1.381888579560256              6616.533812297254              0.001271363870798555           51.55743702634151              358.9287924877763              256.093771263656               
17280                          1132.150379253715              4043.487233222722              5119.56875677448               -7.642080501531987             0.9083332456146203             0.9628409616332377             6616.211067164943              0.001237508616038447           51.55631139384491              358.9215252886269              255.9807579470935              
17340                          671.2132107508414              4087.982232326181              5164.642575385127              -7.716182178916607             0.5742173619854322             0.5389920134526817             6616.003045093945              0.001189344466673219           51.55558026437449              358.9140909316597              255.7586700533611              
17400                          206.9688399019698              4112.335777721589              5184.193318747075              -7.752273849991218             0.2372250165240283             0.112419551613041              6615.913933141031              0.00112752313032698            51.55525815254401              358.9065618600617              255.425830089458               
17460                          -258.2955549965797             4116.424645802681              5178.120285619389              -7.750166842628802             -0.1009965189243629            -0.3147845583134848            6615.945581930905              0.001053205094546112           51.55535146662876              358.8990124550314              254.9826784627194              
17520                          -722.2869908675781             4100.224698453794              5146.448469254494              -7.709856425857978             -0.4387929186604446            -0.7405239601667125            6616.097465311437              0.0009682216493665026          51.55585836989552              358.8915175522367              254.4317956907389              
17580                          -1182.717730312842             4063.811080130625              5089.328538868361              -7.631522147783167             -0.774510343130151             -1.162707405035902             6616.366686235792              0.0008753522345215278          51.55676880767308              358.8841509463533              253.7778844191662              
17640                          -1637.316323099161             4007.357962489588              5007.036245883565              -7.515527470017747             -1.106503010044421             -1.579258371278852             6616.74802894923               0.0007788145796770505          51.5580646999884               358.8769839145908              253.027711200074               
17700                          -2083.838624949257             3931.137831693447              4899.971249145441              -7.36241867848904              -1.433140806896786             -1.988124718705546             6617.234056720058              0.0006851061348161505          51.55972029618808              358.8700837892575              252.1900088274097              
17760                          -2520.07870910028              3835.520320271143              4768.655363580022              -7.172923058164104             -1.752816901842436             -2.387288321748372             6617.81525344753               0.0006042089753093282          51.56170268437756              358.8635126094787              251.2753405682597              
17820                          -2943.879652526758             3720.970581949623              4613.730230817554              -6.947946305487434             -2.063955355802599             -2.774774684092663             6618.480206664893              0.000550228260657781           51.56397244534572              358.8573258794386              250.2959284193494              
17880                          -3353.144143792324             3588.047210255194              4435.954414185656              -6.688569152667238             -2.365018709953572             -3.148662500997405             6619.215828620549              0.0005381852893384917          51.56648443756907              358.8515714586687              249.2654478638287              
17940                          -3745.844863781314             3437.39970325322               4236.199922387662              -6.396043177135229             -2.65451552201162              -3.507093134578234             6620.007611359843              0.0005749456230460669          51.56918869715763              358.8462886069931              248.1987927505616              
18000                          -4120.034589740316             3269.765478448242              4015.448168318989              -6.071785770334638             -2.931007819782077             -3.84827996112148              6620.839911005305              0.0006538444565578584          51.5720314342657               358.8415072032874              247.1118138970915              
18060                          -4473.855971643781             3085.966443866752              3774.785372063377              -5.717374242974047             -3.1931184348425               -4.170517542512711             6621.696255810925              0.0007612062392538279          51.5749561055576               358.8372471535192              246.0210363035239              
18120                          -4805.550928514176             2886.905133771627              3515.397420236681              -5.334539049225195             -3.439538173560454             -4.472190566858218             6622.559672018474              0.0008843842147256887          51.57790454085867              358.8335179994546              244.9433596712597              
18180                          -5113.469611487913             2673.560420181591              3238.564197332749              -4.925156119759792             -3.669032777528252             -4.751782497120362             6623.413021111567              0.001014101371209007           51.58081810113937              358.8303187352324              243.895748132215               
18240                          -5396.078879848821             2446.982814584391              2945.653408824486              -4.491238303302095             -3.880449620906205             -5.007883861059532             6624.239341748729              0.001143812944707979           51.58363884448746              358.8276378346782              242.8949147365602              
18300                          -5651.970239677454             2208.289374582034              2638.113916155143              -4.03492592195236              -4.072724091085139             -5.239200114578418             6625.022189486185              0.001268738412694587           51.58631067675839              358.8254534879478              241.9570072429851              
18360                          -5879.867179717367             1958.658248744033              2317.468627543422              -3.558476486941262             -4.244885584786462             -5.444558993587764             6625.745967313343              0.001385210787423893           51.58878046389741              358.823734042032               241.0973013019275              
18420                          -6078.631884811269             1699.322854675791              1985.306939123915              -3.064253555108098             -4.396063083931409             -5.622917308554051             6626.396240269983              0.001490310160549184           51.59099908431209              358.8224386353284              240.3299074891602              
18480                          -6247.271236518739             1431.565758743115              1643.276815380155              -2.554714854026721             -4.525490221134181             -5.773367070850018             6626.960027447994              0.001581669266939352           51.59292240023355              358.8215180133574              239.6674985523123              
18540                          -6384.942092135771             1156.712254642393              1293.076505912042              -2.032399675004561             -4.632509805701767             -5.895140913899871             6627.42606534309               0.001657373567516152           51.59451212957057              358.8209155086488              239.1210625512367              
18600                          -6490.955784083305             876.1236926070844              936.4459657126415              -1.499915644837233             -4.71657774461693              -5.987616728978696             6627.785036894683              0.001715911759926307           51.59573660118441              358.8205681652826              238.6996876403264              
18660                          -6564.781809443119             591.1905920104646              575.1580214362863              -0.959924957716914             -4.777266315461285             -6.050321463234776             6628.029761340867              0.001756152701860755           51.5965713791685               358.8204079857091              238.4103831354405              
18720                          -6606.050679759191             303.3255780646255              211.0093361575721              -0.4151301699321943            -4.814266750925058             -6.082934031465609             6628.155340789378              0.001777335659740946           51.59699974416554              358.8203632753676              238.2579411338265              
18780                          -6614.555908154358             13.9561849217354               -154.1887730209431             0.131740331877091              -4.827391102952148             -6.085287304050053             6628.159260335578              0.001779066727203932           51.59701302256716              358.8203600589013              238.2448417658943              
18840                          -6590.255117677862             -275.4824308642751             -518.6196082400497             0.6779470712141455             -4.816573363539704             -6.057369144986802             6628.041439551475              0.001761317610841567           51.59661075734218              358.8203235404932              238.3712043762434              
18900                          -6533.270262618138             -563.5548190719692             -880.4703945634531             1.220754304337119              -4.781869829274117             -5.999322486973237             6627.804234223965              0.001724425065513841           51.59580071725465              358.8201795801172              238.634785732118               
18960                          -6443.886957559846             -848.8325765014814             -1237.941575368276             1.757444829937761              -4.723458704006534             -5.911444438920456             6627.45238828634               0.001669090804104649           51.59459874423813              358.8198561571732              239.0310253210937              
19020                          -6322.552929872882             -1129.90161264651              -1589.255989742944             2.285334584783048              -4.641638952707208             -5.794184447660132             6626.992937023384              0.00159638320625994            51.59302844193837              358.8192847932636              239.5531366484402              
19080                          -6169.875595120751             -1405.369356899416             -1932.667952339476             2.801787021553082              -4.536828414760817             -5.648141524432932             6626.435063589                 0.001507744035843987           51.59112071111896              358.8184019064678              240.1922424480372              
19140                          -5986.618784091494             -1673.871815032461             -2266.472119661198             3.304227063922183              -4.409561207897046             -5.474060581031944             6625.789911979051              0.001405006351619457           51.5889131409111               358.8171500707542              240.9375505952557              
19200                          -5773.698655863855             -1934.080440333132             -2589.01209962618              3.790154547922551              -4.260484463162238             -5.272827929162316             6625.070360498284              0.001290434946902755           51.58644926756645              358.8154791558375              241.7765667317417              
19260                          -5532.178803291891             -2184.708814747978             -2898.688798323034             4.257157120568736              -4.090354414575464             -5.045465973797465             6624.290760481397              0.001166810116641895           51.58377771464323              358.8133473247085              242.695338834078               
19320                          -5263.264621174249             -2424.519054606272             -3193.968397692156             4.702922422657601              -3.90003191392264              -4.793127194300658             6623.466645933609              0.001037593170758971           51.5809512316247               358.8107218690122              243.6787281294301              
19380                          -4968.296957521315             -2652.32794155037              -3473.389965104418             5.125249551321469              -3.690477408057649             -4.517087460844877             6622.614420128256              0.0009072427417310589          51.57802564934831              358.8075798650459              244.7107006617653              
19440                          -4648.745102175189             -2867.012735514937             -3735.572641500507             5.522059723708976              -3.462745439957557             -4.218738765845663             6621.751025738997              0.0007817905423236908          51.57505877283092              358.8039086367643              245.7746330600785              
19500                          -4306.199160509949             -3067.516644881744             -3979.222377666289             5.891406105010684              -3.217978729735252             -3.899581442657425             6620.893605319497              0.0006697592128224858          51.57210923328216              358.7997060157379              246.8536263639608              
19560                          -3942.361863228781             -3252.853930320513             -4203.138190076581             6.231482773788505              -2.957401892567002             -3.561215944517086             6620.0591590736                0.0005830397900524687          51.56923532212576              358.794980392045               247.9308213234426              
19620                          -3559.039864510881             -3422.114622204                -4406.217912059063             6.540632810256209              -2.682314848940759             -3.205334254446831             6619.264206831401              0.0005356089850923686          51.56649383036746              358.7897505541887              248.9897091722951              
19680                          -3158.134580683706             -3574.468834937741             -4587.463420409286             6.817355504928464              -2.39408597937391              -2.833710992425405             6618.524460976303              0.0005366163206795358          51.56393891670025              358.7840453204333              250.0144317325057              
19740                          -2741.632623400446             -3709.170663757691             -4745.985320456396             7.060312693289597              -2.094145073230804             -2.448194282762082             6617.854516767529              0.0005821527819262384          51.56162102732245              358.7779029682882              250.9900654513949              
19800                          -2311.595887570084             -3825.561651236934             -4881.007074910886             7.268334228083608              -1.783976121561349             -2.050696444838552             6617.267566083127              0.0006580185137705428          51.55958588953588              358.7713704732077              251.90288413299                
19860                          -1870.1512977288               -3923.073827278441             -4991.86858116205              7.440422631581012              -1.465109958577939             -1.64318451233703              6616.775140000059              0.0007493663000208857          51.55787359953056              358.7645025708227              252.7405959607695              
19920                          -1419.480372200623             -4001.232286840566             -5078.029156130711             7.575756899321212              -1.139116864149898             -1.22767072415478              6616.386885213476              0.0008453220706061656          51.55651782361312              358.7573606631745              253.4925505578885              
19980                          -961.8085039013996             -4059.657340163266             -5139.069969623674             7.673695550889                 -0.8075990474132217            -0.8062028839377601            6616.110378235912              0.0009387864021034308          51.55554512862683              358.7500115889393              254.1499130552838              
20040                          -499.3941345446092             -4098.06619924164              -5174.695885208383             7.733778893390578              -0.4721831280986625            -0.3808547369554932            6615.950980923256              0.001025186668509407           51.55497445588431              358.7425262848113              254.7058021544426              
20100                          -34.51779317524915             -4116.274216766935             -5184.736728197043             7.755730552126236              -0.1345125801595642            0.04628368141411333            6615.911739780896              0.001101534898577008           51.55481674902752              358.7349783645061              255.1553902427868              
20160                          430.5289301471033              -4114.19567049121              -5169.147973760773             7.739458276134301              0.2037598283876533             0.4731156824595593             6615.993330801369              0.001165870502834948           51.55507474338746              358.7274426451538              255.4959641383002              
20220                          893.4544381804865              -4091.844094136886             -5128.010857604968             7.685054034382799              0.5409795916672188             0.8975475363116051             6616.194050650632              0.001216945869186094           51.55574292085759              358.719993651481               255.7269456142549              
20280                          1351.978165034321              -4049.332155321639             -5061.531910998548             7.592793410482932              0.8754980075949813             1.317498045845975              6616.509854181179              0.001254044657666931           51.55680763079958              358.7127041286423              255.8498717225375              
20340                          1803.841557410681              -3986.871081665489             -4970.041922837013             7.463134298105306              1.205679695155097              1.730908069464111              6616.934437375009              0.001276869814107105           51.55824737398811              358.7056435942638              255.8683352732696              
20400                          2246.81895651813               -3904.76963685344              -4853.994332216262             7.296714893626296              1.529910076717382              2.13574997879215               6617.459363986042              0.001285467760047372           51.56003324318228              358.6988769592427              255.7878868543376              
20460                          2678.728337867001              -3803.432649215207             -4713.963056040063             7.094350977715226              1.8466028126531                2.530037034492223              6618.074233348181              0.001280171097689163           51.56212951066665              358.6924632451792              255.6158999449526              
20520                          3097.441867534838              -3683.359095748214             -4550.639756634499             6.857032472656414              2.154207174126989              2.911832661515711              6618.766886060281              0.001261550517569582           51.56449435012613              358.6864544239998              255.3614018224916              
20580                          3500.896229569824              -3545.139745976584             -4364.830556331745             6.585919260493907              2.451215334016499              3.279259597612984              6619.523643559336              0.001230371051045372           51.56708067753853              358.6808944025711              255.0348729761299              
20640                          3887.102676387239              -3389.454372701717             -4157.452209453271             6.2823362487878                2.736169550234021              3.630508881816929              6620.329576956374              0.001187550269998986           51.56983709345374              358.6758181718441              254.648018963233               
20700                          4254.156766059665              -3217.068533516807             -3929.527737791356             5.947767662382463              3.007669220657054              3.963848655629395              6621.168799985641              0.001134117457818505           51.57270890724523              358.6712511362671              254.2135184977978              
20760                          4600.247728573532              -3028.82993574089              -3682.18154741254              5.583850556028023              3.264377768686822              4.277632724637435              6622.024780420072              0.001071173646414809           51.57563922236233              358.6672086356156              253.7447527924251              
20820                          4923.667422746482              -2825.664392489847             -3416.634037845033             5.192367533586558              3.50502932878082               4.570308841095427              6622.880663981018              0.0009998529762086615          51.57857006077926              358.6636956670804              253.2555208714739              
20880                          5222.818830125025              -2608.57138590566              -3134.195725647293             4.775238677676485              3.728435186020255              4.840426649254158              6623.719604488166              0.0009212862201755426          51.581443504254                358.6607068115327              252.7597467040323              
20940                          5496.224042111748              -2378.619251923748             -2836.260902023485             4.334512693528391              3.933489927536924              5.086645239989714              6624.525093871102              0.0008365675668810519          51.58420283001455              358.6582263637508              252.2711835409391              
21000                          5742.531692375851              -2136.940005899425             -2524.300850524269             3.872357284635521              4.119177257421731              5.307740253890651              6625.281285639298              0.0007467259141505811          51.58679361889765              358.6562286624489              251.8031217528151              
21060                          5960.523789400929              -1884.723830651448             -2199.856653631728             3.39104878712546               4.284575426367653              5.502610471784281              6625.973305504464              0.0006527019668768923          51.5891648147477               358.6546786122393              251.3681058283219              
21120                          6149.121905788999              -1623.213251515792             -1864.531620821998             2.892961101305633              4.428862226868414              5.670283831508144              6626.587543077565              0.0005553323537264597          51.59126971508925              358.6535323861339              250.9776667866718              
21180                          6307.392683595521              -1353.69702592926              -1519.983374329313             2.380553970466913              4.551319505822385              5.809922811397757              6627.111918907645              0.0004553417527511763          51.59306687459862              358.6527382939947              250.6420754342289              
21240                          6434.552618254546              -1077.503778056126             -1167.915632529573             1.856360668846376              4.651337148697345              5.920829124248352              6627.536121591973              0.0003533436361958371          51.59452090471078              358.6522377995074              250.370122102493               
21300                          6529.972088605882              -795.995408880515              -810.0697306153634             1.322975166402205              4.728416493831178              6.002447671288009              6627.851810265026              0.0002498497172607656          51.59560315477757              358.6519666657462              250.1689275104927              
21360                          6593.178600436023              -510.560328974543              -448.2159394209235             0.7830388752910104             4.782173136500519              6.054369708159733              6628.052778429507              0.0001452875574246118          51.59629226240693              358.6518562073045              250.0437891967404              
21420                          6623.859229040393              -222.6065242356382             -84.14459617305899             0.2392270177051248             4.812339098839988              6.076335193789862              6628.135075892719              4.002535745285552e-05          51.59657456319415              358.6518346252454              249.998066834044               
21480                          6621.862231081654              66.4454699628602               280.3428564331725              -0.3057652180725792            4.818764331709911              6.068234284199316              6628.097086344434              6.560122303268624e-05          51.59644435242542              358.6518283998562              250.0331091917596              
21540                          6587.197823594855              355.1696761046923              643.4429096504533              -0.8492366876550432            4.801417539779417              6.030107961543533              6627.939559046729              0.0001712496692508522          51.59590399417379              358.6517637152592              250.1482243334785              
21600                          6520.038119784286              642.1418071834709              1003.359035068438              -1.388494332135116             4.76038631750599               5.962147786798313              6627.665593996141              0.0002765478209212177          51.59496387582423              358.6515678894589              250.3406938004182              
21660                          6420.71622419732               925.9463861243022              1358.310689053674              -1.920867150058505             4.695876597369897              5.864694780831936              6627.280580869557              0.0003810582085845704          51.59364220887885              358.6511707833304              250.6058304067765              
21720                          6289.72449411864               1205.183812835484              1706.542225704933              -2.443719998547765             4.608211418567421              5.738237447262703              6626.79209296703               0.0004842553437406728          51.59196467953775              358.6505061623602              250.9370783777204              
21780                          6127.711980650293              1478.477337042972              2046.331665574149              -2.954467119652791             4.497829032681955              5.58340896113351               6626.209738289806              0.0005855078675291482          51.58996395534359              358.6495129857079              251.3261534456942              
21840                          5935.481068831556              1744.479898159665              2375.99927149422               -3.450585297399632             4.365280370446051              5.40098355675612               6625.544970720675              0.0006840688379343709          51.58767905670445              358.6481365982732              251.7632198395013              
21900                          5713.983341623896              2001.880794749114              2693.915884676122              -3.929626558049344             4.211225900451923              5.191872156423866              6624.810865070968              0.0007790745926774241          51.58515460465195              358.6463298030109              252.2371000312114              
21960                          5464.314697566044              2249.412148173738              2998.510976958375              -4.389230335292934             4.036431916455901              4.95711728875048               6624.021860458649              0.0008695521019047644          51.58243995852126              358.644053792671               252.7355127557994              
22020                          5187.709754260946              2485.855128979613              3288.280380171098              -4.827135035494444             3.841766293137113              4.697887349076935              6623.193477084467              0.0009544342246328164          51.5795882593693               358.6412789224642              253.2453339047934              
22080                          4885.535589223395              2710.045904653178              3561.793641673764              -5.241188926148508             3.6281937645849                4.415470272992635              6622.342012021086              0.001032581914828183           51.57665539702763              358.637985308002               253.7528748410368              
22140                          4559.284820156656              2920.881312327417              3817.70101031232               -5.629360360311631             3.396770744836222              4.111266647164091              6621.484219862947              0.00110281221960596            51.57369891979387              358.634163235402               254.2441722127824              
22200                          4210.568129161238              3117.324182026852              4054.739961825461              -5.989747211716528             3.148639781092207              3.786782375974817              6620.636984645605              0.00116393079757445            51.57077690809592              358.629813374828               254.7052831701758              
22260                          3841.106219163597              3298.408334620671              4271.741293531822              -6.320585583415411             2.885023646598522              3.443620911125095              6619.816989237735              0.001214767747760678           51.56794683325664              358.6249467912107              255.1225802123399              
22320                          3452.721284003248              3463.243208167532              4467.634732097369              -6.620257727403112             2.607219143444016              3.083475135099074              6619.040388701852              0.001254215634188048           51.56526442393402              358.6195847506694              255.4830396518691              
22380                          3047.328011824559              3611.018111190984              4641.454052882237              -6.887299199367478             2.316590638662866              2.708118927594158              6618.322493854584              0.001281268817233543           51.56278256243298              358.6137583244961              255.774518239602               
22440                          2626.924199245492              3741.00607398636               4792.341676565031              -7.120405225360449             2.014563394674508              2.3193984930441                6617.677471169945              0.001295063503767605           51.56055023321935              358.6075077973965              255.9860126033709              
22500                          2193.580997046211              3852.56729839088               4919.552744010736              -7.318436312295654             1.702616710710791              1.919223469626115              6617.118064735734              0.001294918382089486           51.55861154475274              358.6008818899536              256.1078968080965              
22560                          1749.43284388408               3945.152190400549              5022.458651235514              -7.480423104995639             1.382276913311666              1.509557868150623              6616.655345610528              0.001280376380951342           51.55700484483461              358.5939368097788              256.1321335825614              
22620                          1296.667130766578              4018.303968299277              5100.550036369179              -7.605570506385796             1.055110220122491              1.092410871326742              6616.298493399979              0.001251249167103847           51.55576194785066              358.5867351493297              256.0524555096135              
22680                          837.5136400490403              4071.66083935378               5153.439211064756              -7.69326107547623              0.722715498124942              0.6698275200689391             6616.054614265773              0.00120766781056616            51.55490749019521              358.5793446518362              255.8645128836752              
22740                          374.2338018927664              4104.957739272011              5180.862030250194              -7.743057715929478             0.3867169334036071             0.2438793084964346             6615.928598911678              0.001150146257427416           51.55445842764577              358.5718368698037              255.5659856191887              
22800                          -90.89018930330323             4118.027629542652              5182.679195293544              -7.754705664654348             0.04875662636933617            -0.1833452946178471            6615.923023357952              0.001079670160723993           51.5544236855964               358.5642857430408              255.1566571981102              
22860                          -555.5663579072259             4110.802348550112              5158.876986602249              -7.728133785307016             -0.2895128772152982            -0.609750384549786             6616.038094529345              0.0009978347720232272          51.55480396991915              358.5567661250903              254.638449193988               
22920                          -1017.503982443442             4083.313013089157              5109.567422832301              -7.663455166537076             -0.6264361057286186            -1.033242201697513             6616.271641859023              0.000907076604613916           51.55559174286761              358.5493522883219              254.015415710156               
22980                          -1474.424660946109             4035.689966238109              5034.98784229523               -7.560967015933962             -0.9603622364620651            -1.451738760247672             6616.619155269389              0.0008110805698909575          51.55677136499885              358.5421164381522              253.2936974394061              
23040                          -1924.073319023875             3968.16227217836               4935.499910075183              -7.42114984418879              -1.289652682701924             -1.863179469478905             6617.073868993663              0.0007154921815828197          51.55831940045825              358.5351272677916              252.4814361111648              
23100                          -2364.229184422324             3881.056751037087              4811.588041405858              -7.24466591005005              -1.612688729830593             -2.265534792623515             6617.626889900455              0.0006290309174596777          51.56020507972263              358.5284485822988              251.5886501869381              
23160                          -2792.716609480462             3774.796560527942              4663.857253685464              -7.032356920342172             -1.927879150922618             -2.656815854787591             6618.267368029798              0.0005645358553024482          51.56239091023441              358.5221380214961              250.6270740055788              
23220                          -3207.4157600475               3649.899316237372              4493.030436353206              -6.785240942141735             -2.233667829588352             -3.035084033116256             6618.982706335162              0.0005374881610928054          51.56483342262595              358.5162459069445              249.6099624675253              
23280                          -3606.273081607069             3506.974757909563              4299.945050869552              -6.504508512339326             -2.528541335243267             -3.39846045900073              6619.758805744866              0.0005584850881034362          51.56748403706803              358.5108142371503              248.5518647720446              
23340                          -3987.311509962837             3346.721962575614              4085.549263065208              -6.19151791320213              -2.811036433204712             -3.74513540862697              6620.580340969921              0.0006250449371783188          51.57029003200236              358.505875850999               247.4683705979187              
23400                          -4348.6403728459               3169.926109965261              3850.897516616006              -5.847789590480692             -3.07974749214225              -4.073377533327895             6621.431061819154              0.0007246785119708519          51.57319559538827              358.5014537761131              246.375833435919               
23460                          -4688.464930378829             2977.454807562218              3597.145558806845              -5.474999694412383             -3.333333747883147             -4.381542876895645             6622.294114206748              0.0008438847756333341          51.57614293699714              358.4975607747976              245.2910756127621              
23520                          -5005.095501343951             2770.25398528602               3325.54493311611               -5.074972730713425             -3.570526377254239             -4.668083620530755             6623.152374570831              0.0009722921580132816          51.57907343915553              358.4941990960688              244.2310807726681              
23580                          -5296.956123663121             2549.343371093168              3037.436954785243              -4.649673314323058             -3.790135332419985             -4.931556492244665             6623.988791075153              0.001102579335613039           51.58192882271566              358.4913604379671              243.2126792477375              
23640                          -5562.59268330258              2315.811573378193              2734.246204425998              -4.201197051197597             -3.991055871596907             -5.1706307602087               6624.786724701838              0.001229477475158225           51.58465230474208              358.4890261201826              242.2522328483237              
23700                          -5800.680491327656             2070.81076404418               2417.473532890099              -3.731760517472882             -4.172274753055864             -5.384095766932973             6625.530283389914              0.001349007335766291           51.58718972517479              358.4871674623908              241.3653249248846              
23760                          -6010.031208274792             1815.551025129009              2088.688660317169              -3.243690444553743             -4.332875996091607             -5.570867885882309             6626.204642199958              0.001458033252415239           51.58949061970188              358.4857463604143              240.5664625941527              
23820                          -6189.599119738984             1551.294338675063              1749.522343957548              -2.739412065918002             -4.472046190097891             -5.729996874999394             6626.796343001264              0.001554023055419562           51.591509218317                358.4847160475951              239.86879692006                
23880                          -6338.48666923813              1279.3482992417                1401.658218334679              -2.221436780074891             -4.589079257937228             -5.860671513496236             6627.293567238452              0.001634923385159593           51.59320534959431              358.4840220261012              239.2838675617004              
23940                          -6455.949246094607             1001.059538016368              1046.824294266866              -1.692349118280419             -4.683380649914031             -5.962224491425554             6627.686376123056              0.001699097020658001           51.59454523360358              358.483603149089               238.8213771232167              
24000                          -6541.399167086886             717.8069227771565              686.7842001769585              -1.154793156710632             -4.754470900732177             -6.034136471067921             6627.966913041123              0.001745292907652414           51.59550214793614              358.4833928323401              238.4890005868574              
24060                          -6594.408829315707             430.9945628443329              323.3282035774366              -0.6114584519299859            -4.80198851345363              -6.076039277169055             6628.129563856426              0.001772632952815791           51.59605695419577              358.4833203714495              238.2922339626639              
24120                          -6614.713007663428             142.0446621165047              -41.73593163587476             -0.06506561056392335           -4.825692134213189             -6.087718173822475             6628.171071635446              0.001780606863634649           51.59619847488766              358.483312338845               238.2342857955246              
24180                          -6602.21027833556              -147.6097364124084             -406.5921963293931             0.4816483911741208             -4.825461991155724             -6.069113198264334             6628.090603309784              0.001769070324815759           51.59592371356272              358.4832940335089              238.3160139577521              
24240                          -6556.963557083691             -436.5320699475921             -769.4256385413543             1.025945017171192              -4.80130058051888              -6.020319533997168             6627.889766816033              0.001738244199102634           51.59523791401366              358.4831909553688              238.5359092646149              
24300                          -6479.199748057938             -723.2895935639681             -1128.431659305                1.565098986734683              -4.753332592751521             -5.941586918383885             6627.572578338813              0.001688714102962146           51.59415445740115              358.4829302758822              238.8901262806958              
24360                          -6369.308506663292             -1006.460690695923             -1481.82524412977              2.096412972044632              -4.681804081718248             -5.83331809272029              6627.145380363999              0.001621431167695208           51.59269459924258              358.4824422764119              239.3725605650279              
24420                          -6227.840127989719             -1284.642109873306             -1827.850071382071             2.617232054243783              -4.587080890645936             -5.696066316229879             6626.616712319768              0.001537716506037897           51.59088705124238              358.4816617265421              239.974970604485               
24480                          -6055.502572878404             -1556.456093852074             -2164.787454870611             3.12495784188207               -4.46964635358214              -5.530531971004779             6625.997136582125              0.00143927442035749            51.58876741582962              358.480529175477               240.6871415234345              
24540                          -5853.157672627662             -1820.55732943112              -2490.965031188303             3.617062089414258              -4.330098314981171             -5.337558317309174             6625.299023652919              0.00132822366721029            51.5863774843812               358.4789921313268              241.497086836107               
24600                          -5621.816517696549             -2075.639723661421             -2804.765198793498             4.091099804214708              -4.169145489628344             -5.118126427823809             6624.536301020281              0.001207163816423545           51.58376441224436              358.477006104809               242.391283691094               
24660                          -5362.634084596003             -2320.44293104548              -3104.633215194937             4.544721685609354              -3.987603220711519             -4.873349379322189             6623.724171121437              0.001079308187590229           51.58097978671383              358.4745354965829              243.3549362445692              
24720                          -5076.903148266463             -2553.758601358111             -3389.084915185778             4.975685831536381              -3.786388691753368             -4.604465774538086             6622.878804376161              0.0009487408271351727          51.57807860604851              358.4715543102689              244.372261458604               
24780                          -4766.04749603664              -2774.436342766041             -3656.714043608126             5.381868702275891              -3.566515626720825             -4.312832638160224             6622.017013633732              0.0008208941418973283          51.57511818917963              358.468046676124               245.4267911969455              
24840                          -4431.614522624657             -2981.389339983879             -3906.199129029078             5.761275236613116              -3.329088556782911             -3.999917789902427             6621.155916884401              0.000703358529652776           51.57215703791433              358.4640071744756              246.5016841502993              
24900                          -4075.267238081302             -3173.599621622462             -4136.309891737095             6.112048124187672              -3.075296697829764             -3.667291750527925             6620.312595098483              0.0006068892465579867          51.56925367395845              358.4594409514262              247.5800414089272              
24960                          -3698.775746387066             -3350.122949233445             -4345.913153068047             6.43247620432164               -2.806407498774064             -3.316619257987989             6619.503752150752              0.0005452250342008113          51.56646547408372              358.4543636237262              248.6452191874596              
25020                          -3304.008246473214             -3510.093310705062             -4533.978225696063             6.721001986192663              -2.523759913614704             -2.949650461115464             6618.745383643272              0.0005301862962990347          51.5638475268422               358.4488009738466              249.6811328781523              
25080                          -2892.921608323604             -3652.727002954902             -4699.581767471687             6.976228294011968              -2.228757447261227             -2.568211854281817             6618.052461176329              0.0005624935892648745          51.56145153398848              358.4427884406455              250.6725465386698              
25140                          -2467.551576330479             -3777.326291736191             -4841.912085022675             7.196924049335305              -1.922861020677036             -2.174197010548565             6617.438638227951              0.0006302351737953626          51.55932477898651              358.4363704152792              251.6053427417974              
25200                          -2030.00265230914              -3883.282638704372             -4960.272876310192             7.382029208620783              -1.607581696658405             -1.76955716530326              6616.915983301282              0.0007179123438484735          51.55750918371758              358.4295993561675              252.4667678906253              
25260                          -1582.437698373896             -3970.079490464551             -5054.086406706212             7.530658882400168              -1.284473294240276             -1.356291685273091             6616.494745384632              0.0008132461114680598          51.55604047272891              358.4225347405506              253.2456489707556              
25320                          -1127.067342607862             -4037.294617115921             -5122.896105597129             7.642106648788778              -0.955124946121734             -0.9364384916461036            6616.183156128904              0.0009080527190670818          51.55494746233534              358.4152418744132              253.932578024368               
25380                          -666.1391681364673             -4084.602010077157             -5166.368595057591             7.715847109673035              -0.6211535755244797            -0.5120644063139491            6615.987272294045              0.0009970710301092946          51.55425148895452              358.4077905840703              254.5200615897593              
25440                          -201.926810066162              -4111.77332100819              -5184.295131926579             7.751537685771802              -0.284196369046775             -0.08525551856485571           6615.910861352797              0.001076882087952157           51.55396598863125              358.4002538175826              255.0026326728384              
25500                          263.2810590295001              -4118.67885193254              -5176.592475297955             7.749019689951136              0.05409678477112936            0.3418924668896545             6615.955332165631              0.00114524100780136            51.55409623605389              358.3927061838856              255.3769237049601              
25560                          727.1917698782103              -4105.288090247409             -5143.303174425651             7.708318684558747              0.3920708481818315             0.7672838459551796             6616.119711863156              0.001200698418825555           51.55463924825702              358.3852224605138              255.6416995267909              
25620                          1187.519708358493              -4071.669791261244             -5084.595280908405             7.629644136348993              0.7280731873951928             1.188832506757634              6616.400669152842              0.001242384530585547           51.55558385457976              358.377876100304               255.7978500054314              
25680                          1641.997321103968              -4017.991607818535             -5000.761486648074             7.513388371224661              1.060461105249004              1.604471469958709              6616.792583437988              0.001269879253084435           51.55691093097614              358.37073776806                255.8483427531364              
25740                          2088.386038172711              -3944.519268763558             -4892.217691145192             7.360124827558046              1.387609347003915              2.0121623691829                6617.28765825657               0.00128312710088697            51.55859379329579              358.3638739370186              255.7981367374377              
25800                          2524.487069704943              -3851.615308168028             -4759.501002169247             7.170605600899989              1.707917566945402              2.409904855262753              6617.876076757838              0.001282375141162707           51.56059874085391              358.3573455735976              255.6540586198043              
25860                          2948.152033727378              -3739.737348087755             -4603.267174922426             6.945758268615425              2.019817741506664              2.795745905386383              6618.546196148988              0.001268122532248775           51.56288573853295              358.35120693677                255.4246437913607              
25920                          3357.293371475143              -3609.435938569261             -4424.287496078236             6.686681979896103              2.321781511203995              3.167789013818333              6619.284777330914              0.001241075643847135           51.56540922288472              358.3455045157647              255.1199452381716              
25980                          3749.89450318011               -3461.351960829327             -4223.445122004278             6.394642797072806              2.61232742772051               3.524203233382177              6620.077245284971              0.001202105718668937           51.56811901526917              358.3402761266717              254.7513133453904              
26040                          4124.019692306734              -3296.21359470588              -4001.730873881457             6.071068262050041              2.890028089762527              3.863232045685972              6620.907975229595              0.001152207723465665           51.57096132317515              358.3355501847989              254.3311509505329              
26100                          4477.823544756829              -3114.832867976905             -3760.238514751951             5.717541193007528              3.153517116560652              4.183201995334775              6621.760598997174              0.001092460055067002           51.57387980902701              358.3313451663541              253.872647815082               
26160                          4809.560112368974              -2918.101795142752             -3500.159519408793             5.335792696516507              3.40149593525739               4.482531057252416              6622.618325763634              0.00102398541071556            51.57681670493517              358.3276692684015              253.389499840795               
26220                          5117.591582984095              -2706.988097332763             -3222.777327490098             4.927694351389148              3.632740364422171              4.759736712784994              6623.464271040123              0.0009479135561387908          51.57971395143602              358.3245202719094              252.8956179724801              
26280                          5400.396427822176              -2482.530566002156             -2929.46116373902              4.495249660994954              3.84610688874322               5.013443605264311              6624.281787362783              0.0008653470427024804          51.58251433707017              358.3218856098399              252.4048329527714              
26340                          5656.577061264265              -2245.834027401428             -2621.659369476576             4.040584669534882              4.040538654430335              5.242390808281682              6625.054790530423              0.000777331071988807           51.58516261753769              358.3197426362068              251.9306013143096              
26400                          5884.86688410551               -1998.063979396834             -2300.892340518923             3.565937864807532              4.215071074510109              5.445438570943381              6625.768074828709              0.0006848288235725058          51.58760659223139              358.3180590902161              251.4857190762796              
26460                          6084.1367106684                -1740.440895966091             -1968.745065950638             3.073649347649959              4.368837027974613              5.621574518928475              6626.407611189357              0.0005887034886687102          51.58979811812734              358.3167937447027              251.0820487175488              
26520                          6253.400523807456              -1474.234234795329             -1626.859314790968             2.566149331812686              4.501071593263999              5.769919238340453              6626.960822403086              0.0004897080842652151          51.59169404195998              358.3158972253364              250.7302655572676              
26580                          6391.820521162516              -1200.756175973601             -1276.925507535296             2.045946029628153              4.611116270594199              5.889731186776845              6627.416829961209              0.0003884837784422438          51.59325703343078              358.3153129840039              250.4396287597974              
26640                          6498.711417824468              -921.3551237870367             -920.6743145517853             1.515612992483349              4.698422649346753              5.980410878732185              6627.766667644868              0.0002855669688386668          51.59445630420346              358.3149784071481              250.2177822506083              
26700                          6573.543975032605              -637.4090061133454             -559.8680263117811             0.9777759854239382             4.762555481220761              6.041504298516721              6628.003457622022              0.0001814047493304219          51.5952681996437               358.3148260376419              250.0705897869884              
26760                          6615.947729657812              -350.3184070558409             -196.2917416888575             0.4350994823101095             4.803195125594503              6.072705501420634              6628.122545546736              7.637785586516452e-05          51.59567665265369              358.3147848869402              250.0020080824506              
26820                          6625.712903991504              -61.49957837834773             168.2555670952129              -0.1097271092527737            4.820139339353535              6.073858372064434              6628.121591965964              2.917486514226066e-05          51.59567349148713              358.3147818128292              250.0140007597047              
26880                          6602.791483989044              227.6226504192921              531.9700870465197              -0.6540034295607258            4.813304393783781              6.044957520271669              6628.00061821396               0.0001349104098199093          51.59525859608598              358.3147429370679              250.1064951915741              
26940                          6547.297455731967              515.6219880475115              893.052198742456               -1.195032184788111             4.78272550396271               5.986148302363095              6627.762005872265              0.0002404727221314249          51.59443990014498              358.3145950766126              250.2773831839731              
27000                          6459.506198990781              801.0778262322452              1249.715515598399              -1.730133177983739             4.728556569133042              5.897725966830698              6627.410449814941              0.0003454426635562262          51.59323323888946              358.3142671618943              250.5225655267686              
27060                          6339.853044956495              1082.58232832063               1600.195820687679              -2.256657164899447             4.651069229299494              5.780133938027429              6626.952865786068              0.0004493197837906288          51.59166204528309              358.3136916158288              250.8360393278153              
27120                          6188.931011307594              1358.747445073386              1942.759880281398              -2.771999477544061             4.550651253718015              5.633961259846457              6626.39825437351               0.0005515014937016759          51.58975690011722              358.3128056678686              251.2100262036174              
27180                          6007.487724048133              1628.21182470981               2275.714092559882              -3.273613330491342             4.427804277040435              5.459939222530857              6625.757524073741              0.0006512710286743468          51.58755494395532              358.3115525783682              251.6351383093797              
27240                          5796.421557123444              1889.6475589246                2597.412898800843              -3.759022682031249             4.283140916636277              5.258937219812719              6625.043276998244              0.000747793918381906           51.58509916158843              358.3098827499989              252.100578582148               
27300                          5556.777014354981              2141.766740611088              2906.266927009262              -4.225834591176296             4.117381303402254              5.03195787951945               6624.2695614754                0.0008401230157428326          51.58243755198726              358.3077547047667              252.5943705658437              
27360                          5289.739387029221              2383.327796827538              3200.750822913982              -4.67175099451324              3.931349066013175              4.780131521082382              6623.45159644152               0.000927211620766385           51.57962219892875              358.3051359073783              253.103612958028               
27420                          4996.62872381909               2613.141565500102              3479.41072964554               -5.094579842476488             3.725966812052443              4.504709997236761              6622.605473055894              0.001007933836856413           51.57670825950389              358.3020034183122              253.6147531595434              
27480                          4678.893152999346              2830.077087045478              3740.871380939988              -5.492245546081684             3.502251152012471              4.207059980018597              6621.74783939474               0.001081111040941008           51.57375288942962              358.2983443629062              254.1138742462908              
27540                          4338.101598087535              3033.067085689354              3983.842777304606              -5.862798698135633             3.261307312372916              3.888655750976505              6620.895574379532              0.001145543229071225           51.57081412550049              358.2941562060242              254.5869891661823              
27600                          3975.935940835467              3221.113112003273              4207.126410984925              -6.204425033031707             3.004323391595792              3.551071565183527              6620.065457302928              0.001200043994763763           51.56794974668863              358.2894468255893              255.02033636531                
27660                          3594.182650302831              3393.290341460872              4409.621033602457              -6.515453636984918             2.732564285768063              3.195973622608139              6619.273839285969              0.001243477998932002           51.56521613578784              358.2842343816006              255.4006708573515              
27720                          3194.723970591651              3548.751985963536              4590.327915443489              -6.794364356049202             2.447365360082466              2.825111745355645              6618.536323114357              0.001274799960329367           51.56266716437631              358.2785469821621              255.7155450245864              
27780                          2779.528651271458              3686.733334071975              4748.355615382191              -7.039794459346258             2.150125861909606              2.440310753539839              6617.867457468986              0.001293094487369437           51.56035312287166              358.2724221507251              255.9535739635403              
27840                          2350.642348034993              3806.555372374559              4882.924206113087              -7.250544502549356             1.842302169569319              2.043461661069908              6617.280451583759              0.001297616449593626           51.55831971782354              358.2659061047364              256.1046802001101              
27900                          1910.177647787037              3907.628012989258              4993.36898425022               -7.425583467826648             1.525400843232149              1.636512646410034              6616.786915630835              0.001287832191599592           51.55660715638808              358.2590528575021              256.1603135087698              
27960                          1460.303835363273              3989.452890401703              5079.143623209742              -7.564053144831763             1.200971556701061              1.221459899515738              6616.396631942325              0.001263462798090477           51.55524933740885              358.2519231612058              256.113641691446               
28020                          1003.236410679913              4051.625733442034              5139.822776377465              -7.665271791524104             0.8705999074966708             0.8003383406183029             6616.117361424953              0.001224532146695306           51.55427316585337              358.2445833109847              255.9597090177585              
28080                          541.2264086670501              4093.838302554946              5175.104120030573              -7.728737082049089             0.5359001301753707             0.3752122425067284             6615.954688927227              0.0011714251404634             51.55369800524945              358.2371038337942              255.6955594471219              
28140                          76.54956342558864              4115.879887321503              5184.809831150478              -7.754128352845334             0.1985077269307975             -0.05183422592125092           6615.91191060822               0.001104966342645234           51.55353527993075              358.2295580882752              255.3203224231092              
28200                          -388.5046414991688             4117.638359639274              5168.887495875825              -7.741308153291953             -0.1399279725920826            -0.4787065195378045            6615.989965575713              0.001026538299143594           51.5537882358525               358.2220208039867              254.8352596770983              
28260                          -851.643995060977              4099.100778623176              5127.41044519317               -7.690323102012252             -0.4777513121660524            -0.9033092870832933            6616.187413253404              0.0009382759784876617          51.55445186544406              358.2145665898521              254.2437720005883              
28320                          -1310.584607770203             4060.353544224691              5060.577515808011              -7.601404044967124             -0.8133078587139302            -1.323555975904139             6616.500457091569              0.0008434049772772262          51.55551299851074              358.20726844253                253.5513657854926              
28380                          -1763.061968377888             4001.582094375009              4968.712230401852              -7.47496549945398              -1.144952007719842             -1.737378478806359             6616.923014393121              0.0007468382948970174          51.55695055775598              358.2001962851361              252.7655794592702              
28440                          -2206.841898706138             3923.070150470573              4852.261407666295              -7.311604383299986             -1.471054584222839             -2.142736746599612             6617.446831089281              0.0006561625154375026          51.55873597375915              358.1934155675464              251.8958710954284              
28500                          -2639.731470249872             3825.198498549766              4711.793183722797              -7.112097983298373             -1.790010504066875             -2.537628445689344             6618.061639579686              0.0005828402062257967          51.56083375132999              358.1869859554732              250.9534684202181              
28560                          -3059.589728728234             3708.443317741901              4547.994465649888              -6.877401164603266             -2.100246398129633             -2.920098537443655             6618.755356733871              0.0005419884507573937          51.56320217537263              358.1809601369721              249.9511839451443              
28620                          -3464.338261608118             3573.374044153508              4361.667800934793              -6.60864276763438              -2.400228237195147             -3.288248824300926             6619.514318528881              0.0005469273455858521          51.56579414205948              358.1753827695063              248.9031977079258              
28680                          -3851.971486253713             3420.650790189698              4153.727693029574              -6.307121201285736             -2.688468875337003             -3.640247358776926             6620.323546852069              0.0005997437356120894          51.56855809787314              358.1702895899689              247.8248116716641              
28740                          -4220.566689026679             3251.021300474734              3925.196338232439              -5.974299160916877             -2.963535537963878             -3.974337745106703             6621.167043558611              0.0006901925001774922          51.57143906770919              358.1657067043039              246.732179415666               
28800                          -4568.293690549061             3065.31747326012               3677.198825451027              -5.611797494694858             -3.224057161299736             -4.288848216294574             6622.028106008316              0.0008043358295792311          51.57437975058289              358.1616500716657              245.6420163961693              
28860                          -4893.424138120474             2864.451436583612              3410.957785495246              -5.221388164028823             -3.468731578629493             -4.582200478108854             6622.889658040244              0.0009306715846139471          51.57732166099988              358.1581251921949              244.5712955189447              
28920                          -5194.340330453973             2649.411209337879              3127.787531941165              -4.804986327076052             -3.696332472898308             -4.852918219245785             6623.73458975468               0.001060989026533424           51.58020629257782              358.155127004476               243.5369342035774              
28980                          -5469.543554680438             2421.255945133083              2829.087691968743              -4.364641514989104             -3.905716067006653             -5.09963524991083              6624.546099383375              0.001189449714027327           51.58297628081164              358.1526399935013              242.5554785077547              
29040                          -5717.661859387848             2181.110789689017              2516.336369260811              -3.902527939896126             -4.095827477567362             -5.321103176303728             6625.308030261475              0.001311715227304874           51.5855765415679               358.1506385064025              241.6427910133207              
29100                          -5937.45722948896              1930.161359409968              2191.082850294981              -3.420933934973708             -4.265706686746958             -5.516198553421546             6626.005196040947              0.00142440882655234            51.58795536292028              358.1490872686596              240.8137484483095              
29160                          -6127.832085547323             1669.647893772336              1854.939923824179              -2.922250620505872             -4.414494051825295             -5.683929418205091             6626.623687318434              0.00152482013242834            51.59006542855924              358.1479420900009              240.0819558055564              
29220                          -6287.835101081855             1400.859068630516              1509.575797898225              -2.408959771140094             -4.541435325442898             -5.823441167659297             6627.151153380833              0.001610750148097743           51.5918647532156               358.1471507450705              239.4594826515831              
29280                          -6416.666256943205             1125.125540938388              1156.705706933958              -1.883621027232415             -4.645886102157067             -5.934021680950614             6627.577052996919              0.001680432365366628           51.59331751155406              358.1466540112922              238.9566278144957              
29340                          -6513.681114676909             843.813239016407               798.0832277626499              -1.348858491907273             -4.727315655984667             -6.015105642392932             6627.892868975944              0.001732494249855988           51.59439474477768              358.146386843025               238.5817174032409              
29400                          -6578.394269095927             558.3164436614042              435.4913637660177              -0.807346821867853             -4.785310118622209             -6.066278006021058             6628.092281866229              0.001765939675518503           51.59507493131743              358.1462796588659              238.3409409637279              
29460                          -6610.481954057829             270.0506979712125              70.73344630667705              -0.2617969114315709            -4.819574961227559             -6.087276558814364             6628.171299057372              0.001780141697740107           51.59534441075515              358.1462597168863              238.2382293816381              
29520                          -6609.783779620981             -19.55440912847065             -294.3760885300877             0.2850587126366841             -4.829936749015292             -6.077993548431766             6628.12833646822               0.001774839878679228           51.59519765285597              358.1462525510694              238.2751774860089              
29580                          -6576.3035872307               -309.062542514278              -658.020992532679              0.8304806682163213             -4.81634414832596              -6.03847635451247              6627.964251058504              0.001750139187014059           51.59463736665487              358.1461834411273              238.4510130905055              
29640                          -6510.209416204976             -597.0379581916679             -1018.392509288107             1.371737543435384              -4.778868175112968             -5.968927194590424             6627.682323440515              0.00170650932260149            51.59367444748325              358.1459788873186              238.7626132263595              
29700                          -6411.832582326279             -882.0528327269415             -1373.69863156875              1.906120646970551              -4.717701684016339             -5.869701868650224             6627.288190967388              0.001644784795274425           51.59232776293559              358.1455680617823              239.2045671960013              
29760                          -6281.66587673111              -1162.694539448487             -1722.173254939503             2.430958561140811              -4.633158107306957             -5.74130755908245              6626.789732746052              0.001566167662025052           51.59062378181409              358.1448842083118              239.7692849120031              
29820                          -6120.360900807684             -1437.572826427936             -2062.085171094756             2.943631379528161              -4.525669462980067             -5.584399715308804             6626.19690906273               0.001472237003529412           51.58859605308201              358.1438659633791              240.4471480827224              
29880                          -5928.724559091196             -1705.3268540735               -2391.746848258188             3.441584520544924              -4.395783660044088             -5.399778063060787             6625.521558683623              0.001364972775926144           51.58628454473754              358.1424585725883              241.2267006230131              
29940                          -5707.714731857456             -1964.632058330883             -2709.522956267155             3.922342029115173              -4.244161132633057             -5.188381781997642             6624.777158358301              0.001246808018074337           51.58373485516538              358.1406149785166              242.094874124381               
30000                          -5458.435188320691             -2214.206768688397             -3013.838549203907             4.383519217086408              -4.071570864556109             -4.951283935808231             6623.978549748245              0.001120735194126308           51.58099731244334              358.1382967584805              243.0372430260259              
30060                          -5182.129735843604             -2452.818601718381             -3303.186931149199             4.822834670297704              -3.878885823392288             -4.689685177958713             6623.14163941237               0.0009905140750053798          51.57812597851049              358.1354748929289              244.0383041989862              
30120                          -4880.17568438528              -2679.290547207572             -3576.137103399297             5.238121465310418              -3.667077881495814             -4.404906837504384             6622.283078277495              0.0008610643325121772          51.57517757802861              358.1321303488982              245.0817746332232              
30180                          -4554.07666332108              -2892.506735869667             -3831.340780474543             5.627337580592144              -3.437212273193882             -4.098383448099016             6621.419927224014              0.0007391595365784168          51.57221037285099              358.1282544661743              246.1509009663368              
30240                          -4205.454834727591             -3091.417865422478             -4067.538947158854             5.988575471497846              -3.190441641094312             -3.771654788574418             6620.569315657222              0.0006344305426084217          51.56928300427466              358.1238491375361              247.2287746232932              
30300                          -3836.042559182893             -3275.046257555356             -4283.567923965239             6.320070777659327              -2.927999731038291             -3.426357511902859             6619.748100030008              0.0005598711390732646          51.56645332623287              358.118926778687               248.2986460186776              
30360                          -3447.673565381994             -3442.490527397938             -4478.364919706778             6.62021015429163               -2.651194789355326             -3.064216430993777             6618.972529183811              0.0005288773571294895          51.56377725281853              358.1135100875824              249.344231926324               
30420                          -3042.273676172388             -3592.929849182917             -4650.97305255898              6.887538227754087              -2.361402713625194             -2.687035526347084             6618.257923154359              0.0005466077386248506          51.56130764344088              358.1076315972127              250.3500099883577              
30480                          -2621.851143312335             -3725.627804748149             -4800.545824738657             7.120763684791228              -2.060060004018852             -2.29668873500941              6617.618371736803              0.0006045439544402511          51.55909324828678              358.1013330301846              251.30149516438                
30540                          -2188.486642945736             -3839.935804089941             -4926.351039177436             7.318764511783893              -1.748656557765516             -1.895110574299742             6617.066458636402              0.0006872637873106599          51.55717773564498              358.0946644676511              252.1854930401787              
30600                          -1744.322983652043             -3935.296069543332             -5027.77414957458              7.480592405336298              -1.428728344711881             -1.484286647797337             6616.613016456598              0.0007811299231758464          51.55559882105785              358.0876833491349              252.9903257888955              
30660                          -1291.554554596683             -4011.244181066212             -5104.321041653211             7.60547638466754               -1.101849979901548             -1.066244052887235             6616.266917097652              0.000876734403073451           51.55438751615143              358.0804533230922              253.7060269516924              
30720                          -832.4166288753793             -4067.411165167384             -5155.62022835615              7.692825609178234              -0.7696272680074872            -0.6430417847000358            6616.034901483837              0.0009680126627151939          51.55356751280406              358.0730429727276              254.3245018760927              
30780                          -369.1744665559874             -4103.525145221734             -5181.424478906292             7.742231460201367              -0.4336896676387815            -0.2167610688109285            6615.921451586675              0.001051046063126152           51.55315471493194              358.0655244416523              254.8396514629485              
30840                          95.88765687215367              -4119.412533423659             -5181.611862092461             7.753468877588729              -0.09568275081262795           0.2105042813307263             6615.928707056093              0.001123267042844277           51.5531569276932               358.0579719890182              255.2474572698875              
30900                          560.477489680982               -4114.998770868227             -5156.186212226863             7.726496980539731              0.2427393552003535             0.636657499132268              6616.056427811123              0.001183002788506572           51.55357371015123              358.0504605034296              255.5460268417855              
30960                          1022.30585024777               -4090.308613997039             -5105.277018118273             7.661458982092863              0.579921519532772              1.059608461175669              6616.302003084358              0.001229217168733039           51.55439639410276              358.0430640066419              255.7355987868941              
31020                          1479.097654663808              -4045.465968489842             -5029.138737549278             7.558681403767488              0.9142151546681879             1.477283247152356              6616.660506563601              0.001261358757850087           51.55560826822818              358.0358541776228              255.8185076406817              
31080                          1928.602874165399              -3980.69327077515              -4928.149539721466             7.418672589208666              1.243985741826607              1.887633641585831              6617.12479641011               0.001279264248193996           51.55718492324753              358.0288989273827              255.7991094486597              
31140                          2368.6073822348                -3896.310418894502             -4802.809479651245             7.242120511516866              1.567620325113543              2.288646564411358              6617.685658107742              0.001283090479460305           51.55909475039267              358.0222610535327              255.6836692781299              
31200                          2796.943648703855              -3792.733254981691             -4653.738109300305             7.029889863955176              1.88353496107594               2.678353412633363              6618.331987310361              0.001273260996137958           51.56129958235342              358.0159970016338              255.4802129453446              
31260                          3211.501235324247              -3670.471603200206             -4481.671532372543             6.78301842158202               2.190182105574904              3.054839289230779              6619.051009115736              0.001250419721381845           51.56375546296812              358.0101557579432              255.1983453371495              
31320                          3610.237064548498              -3530.126862152207             -4287.45890290042              6.502712647395052              2.486057929447482              3.416252106970241              6619.828529553636              0.001215387933563071           51.56641352951318              358.0047778948966              254.8490388624496              
31380                          3991.185365519077              -3372.389173988885             -4072.058399974076             6.190342560074992              2.769709500506841              3.760811488612176              6620.649214352428              0.001169122754016902           51.56922098888717              357.9998947881724              254.4443956015666              
31440                          4352.4673407744                -3198.034147812735             -3836.53264867478              5.847435789166556              3.039741868789238              4.086817506515013              6621.496889793892              0.001112676533832665           51.57212216817668              357.9955280185151              253.9973876488721              
31500                          4692.300403314635              -3007.919182707095             -3582.043651104194             5.475670878704711              3.294824944023985              4.392659123752344              6622.354859675794              0.001047157286471889           51.57505961759151              357.99168897016                253.521580455711               
31560                          5009.007030705521              -2802.979363641647             -3309.847192001637             5.076869757820486              3.533700196594013              4.676822372355155              6623.206232477239              0.0009736907841929076          51.57797524433256              357.9883786310269              253.0308443271151              
31620                          5301.023106558577              -2584.222982648843             -3021.286790904495             4.65298945551549               3.755187077917161              4.93789814034535               6624.034252224849              0.0008933852924237995          51.5808114543181               357.9855875979672              252.5390598811327              
31680                          5566.905764958081              -2352.726670222805             -2717.787181485161             4.206113007629643              3.958189161241141              5.174589566286994              6624.822626805056              0.000807300112165046           51.58351228000694              357.9832962845624              252.0598229959196              
31740                          5805.340658021502              -2109.630173171012             -2400.847367517174             3.738439609114514              4.141699929530622              5.385718950852191              6625.555847254754              0.0007164192245305936          51.58602447229143              357.9814753262825              251.6061555764818              
31800                          6015.148611570758              -1856.130796141463             -2072.033279029084             3.252274032617523              4.304808168332735              5.570234132949389              6626.219491827703              0.0006216313197562404          51.5882985358031               357.9800861735761              251.1902277902582              
31860                          6195.2916249752                -1593.477532693603             -1732.970063508963             2.750015356994628              4.446702913289707              5.727214268592054              6626.800508868249              0.0005237173491592723          51.59028968815375              357.9790818602715              250.8230979568716              
31920                          6344.87817532564               -1322.96491408546              -1385.334049763538             2.234145059802539              4.566677904269357              5.855874954088496              6627.287472925907              0.0004233464432190973          51.59195872530999              357.9784079315404              250.5144754115763              
31980                          6463.167789685                 -1045.926606755464             -1030.844425429509             1.70721453917637               4.664135500829199              5.955572639127101              6627.670809049735              0.0003210805869292652          51.59327277720814              357.9780035129879              250.2725117953414              
32040                          6549.57485330858               -763.7287924873591             -671.2546727585134             1.171832141916447              4.738590017679638              6.025808280850968              6627.942980813818              0.0002173878639273573          51.59420593986295              357.9778025000733              250.1036251986188              
32100                          6603.671627410276              -477.7633641480116             -308.3438056711998             0.6306497776594492             4.789670444800216              6.06623019774076               6628.098638338051              0.000112663496637613           51.59473977258148              357.977734845123               250.0123613036649              
32160                          6625.190452447585              -189.4409843961939             56.09253073146463              0.08634923081188781            4.817122520487203              6.076636088140425              6628.134723347161              7.269232789623927e-06          51.59486365135442              357.9777279176546              250.0012945570315              
32220                          6614.025125033108              99.81596856996677              420.251066955543               -0.4583717589766985            4.820810138425433              6.05697419264918               6628.05052918182               9.850290707532926e-05          51.59457497216665              357.9777079125656              250.0709717242444              
32280                          6570.231434118011              388.580517046528               782.3299566628206              -1.000813523403046             4.800716070416524              6.007343582700745              6627.84771455981               0.0002042564431350457          51.59387920060354              357.9776012800264              250.2198990935876              
32340                          6494.026855719152              675.4282172414923              1140.537808598851              -1.538288486936326             4.756942000297765              5.927993574682712              6627.530270815668              0.0003096075350028613          51.59278976687823              357.9773361505693              250.4445736480075              
32400                          6385.789409331983              958.9442779068822              1493.102662106091              -2.06813509418797              4.689707871702899              5.819322276932535              6627.104443288034              0.0004140793877366526          51.59132780817682              357.9768437289482              250.7395574503598              
32460                          6246.055683197565              1237.730621475672              1838.280852322879              -2.587731536060883             4.599350558542834              5.68187428564721               6626.578608430184              0.0005170975206732275          51.58952176290667              357.9760596308347              251.097593606014               
32520                          6075.518045401323              1510.412842647044              2174.365708653032              -3.094509166142595             4.486321877622284              5.516337559128541              6625.963109100663              0.0006179753483123016          51.58740682408323              357.9749251372842              251.5097610431294              
32580                          5875.021061276287              1775.647029453276              2499.696042974464              -3.585965521760423             4.35118596885598               5.323539506443102              6625.270051331717              0.0007159082594804308          51.58502426172416              357.9733883432362              251.9656647446755              
32640                          5645.557143585123              2032.126408959957              2812.664380700502              -4.05967686365845              4.194616075362949              5.104442335208767              6624.513066611913              0.0008099762912441108          51.58242062648797              357.9714051779782              252.4536570016553              
32700                          5388.261466658628              2278.587782699537              3111.724891746458              -4.513310159505765             4.017390761166904              4.860137709633863              6623.707044397805              0.0008991550598165174          51.57964684911278              357.9689402776191              252.9610849934979              
32760                          5104.406179839048              2513.817719336968              3395.400981678672              -4.94463444714372              3.820389608529009              4.591840774905343              6622.867840133868              0.0009823341826140336          51.57675725226147              357.9659676920908              253.4745590984385              
32820                          4795.393958785435              2736.658474886194              3662.292507037371              -5.35153152518577              3.604588439751292              4.300883607073092              6622.011964517327              0.001058342132562957           51.57380849319055              357.9624714120378              253.9802364350717              
32880                          4462.750937045657              2946.013612747296              3911.082581474713              -5.732005928656216             3.371054110700631              3.988708150197552              6621.156260088301              0.001125976310602807           51.57085845719806              357.9584457041546              254.464113463413               
32940                          4108.119063506337              3140.853298629322              4140.543943037102              -6.084194158685163             3.120938924465834              3.656858703512002              6620.317571445363              0.001184037088970137           51.56796512299615              357.9538952470313              254.9123218603199              
33000                          3733.247924737636              3320.219252660469              4349.544861762598              -6.40637315398957              2.855474707003826              3.306974012248836              6619.512415464523              0.001231364647108884           51.56518542189652              357.9488350632073              255.3114216083941              
33060                          3339.986072309884              3483.229340211917              4537.05456585186               -6.696967994990641             2.5759665846215                2.94077901313195               6618.75665788236               0.001266877577028052           51.56257411315868              357.9432902470323              255.6486855661014              
33120                          2930.271949261998              3629.081765865204              4702.148145618298              -6.954558804976904             2.283786538493692              2.560076331413054              6618.065202559613              0.001289612473577451           51.56018269814235              357.937295492772               255.9123701088129              
33180                          2506.124378872349              3757.058894396865              4844.010963395493              -7.177886921497324             1.980366714740027              2.166737499322891              6617.451699218798              0.001298764090097495           51.55805839451698              357.9308944296475              256.0919667279195              
33240                          2069.632727879247              3866.530654336448              4961.942518284108              -7.365860289674371             1.667192570184024              1.762693999666067              6616.928275405126              0.001293726135146311           51.55624319193987              357.9241387765848              256.1784299574601              
33300                          1622.946771879334              3956.957525585966              5055.359768701695              -7.517558111671682             1.345795870238345              1.349928154144962              6616.505297760253              0.00127413358805533            51.55477300852369              357.9170873322191              256.1643774717177              
33360                          1168.266296713829              4027.893105170283              5123.799906643455              -7.632234771000305             1.01774755545203               0.9304638768408009             6616.191167197308              0.001239908689629613           51.55367696567761              357.9098048193495              256.044258826415               
33420                          707.8304878129748              4078.98624106718               5166.922573228957              -7.709323040162236             0.6846505025295658             0.5063573254870101             6615.992151943183              0.001191314972202639           51.5529767967341               357.9023606066485              255.814489776526               
33480                          243.907148248247               4109.98272889821               5184.511510716435              -7.748436584385619             0.3481321943588535             0.07968746875508806            6615.912261720447              0.001129027655614249           51.55268640204734              357.8948273330574              255.4735497956235              
33540                          -221.218212525561              4120.726566415996              5176.475646446769              -7.749371769122575             0.009837311773662566           -0.3474534142581792            6615.953165577971              0.001054236109459833           51.55281156029224              357.8872794626382              255.0220410170095              
33600                          -685.2533775731874             4111.160761416962              5142.849605069071              -7.712108774051865             -0.3285797423953989            -0.7729692886546066            6616.114155083151              0.0009688080308506627          51.55334980246266              357.8797917993373              254.4627073850097              
33660                          -1145.910468582177             4081.327689196352              5083.793645988766              -7.636812010441223             -0.6654623784297989            -1.194769961026453             6616.392153755478              0.0008755709074138939          51.55429045166493              357.872437992123               253.8004135831898              
33720                          -1600.916988002499             4031.368997155163              4999.593025391661              -7.523829834989217             -0.9991593977958972            -1.610780698141969             6616.781772754633              0.0007788092192636519          51.55561482827509              357.8652890614587              253.042083770516               
33780                          -2048.026844386523             3961.525051144718              4890.656776630737              -7.373693539071846             -1.328032625346281             -2.01895187962771              6617.275412001531              0.0006851149230358596          51.55729661662259              357.8584119770732              252.1966009167836              
33840                          -2485.031266026771             3872.133926065018              4757.515916616124              -7.187115604143227             -1.650464545072932             -2.417268619855265             6617.863404984668              0.0006045906312023264          51.55930238573007              357.8518683172057              251.2746682800389              
33900                          -2909.76959580927              3763.629938894075              4600.821076322894              -6.964987196409328             -1.964865950544139             -2.803760371329971             6618.534204713124              0.0005514282262777006          51.56159225355656              357.845713036309               250.2886349301607              
33960                          -3320.139940657387             3636.541714872886              4421.33954506219               -6.708374855795536             -2.26968360406979              -3.176510499460561             6619.274607499921              0.000540541506248734           51.56412068131039              357.8399933661983              249.2522881295245              
34020                          -3714.109548396511             3491.489808239789              4219.951761575941              -6.41851639254705              -2.56340782016693              -3.53366572226888              6620.070010315571              0.0005784457779697054          51.56683738109255              357.8347478741043              248.1806160409687              
34080                          -4089.724960407002             3329.183855913811              3997.647222619005              -6.096815914204573             -2.844580014477583             -3.873445462901061             6620.904697022149              0.0006581877105888305          51.56968831875818              357.8300056951321              247.0895445127881              
34140                          -4445.121806923086             3150.419292152775              3755.519850795078              -5.744838005988115             -3.111800120243001             -4.194150991989313             6621.762147882323              0.0007660504684124434          51.5726167910087               357.8257859554172              245.9956528281928              
34200                          -4778.534242003403             2956.073617281023              3494.762813300658              -5.36430101713435              -3.36373386627618              -4.494174349561643             6622.625366427537              0.000889458007503095           51.57556455505416              357.8220973963901              244.9158731540438              
34260                          -5088.303945656429             2747.102236519185              3216.662815440975              -4.957069454150895             -3.599119854186194             -4.772006967564757             6623.477217222864              0.001019200548769758           51.57847298783612              357.8189382072652              243.8671796282606              
34320                          -5372.888642661552             2524.533881434328              2922.593887345014              -4.525145478143294             -3.816776384710461             -5.026247929194197             6624.30076780178               0.001148776046640889           51.58128425148046              357.8162960682739              242.8662726582988              
34380                          -5630.870084577404             2289.465630734022              2614.010687778171              -4.070659516445239             -4.01560797698648              -5.255611794267998             6625.079627867996              0.00127343017036053            51.58394244166642              357.8141484029352              241.929265002771               
34440                          -5860.961443530074             2043.057549273159              2292.441351581245              -3.595860008831916             -4.19461152310101              -5.458935918501244             6625.798278836777              0.001389514015723187           51.58639469611497              357.8124628334814              241.071375644131               
34500                          -6062.01406053752              1786.526976249997              1959.479922829654              -3.1031023386047               -4.352882013333553             -5.6351871872654               6626.442386886083              0.001494122542897546           51.58859224127416              357.8111978296547              240.3066381681247              
34560                          -6233.023514146187             1521.142475946673              1616.778392520315              -2.594836972028582             -4.489617783900123             -5.783468103860774             6626.999093024059              0.001584902600073403           51.59049135686191              357.8103035372393              239.6476295389311              
34620                          -6373.134954817439             1248.217486036026              1266.038387892518              -2.073596878965887             -4.60412522294897              -5.903022154446037             6627.457274028789              0.001659954121315893           51.59205423941512              357.8097227695333              239.105225394359               
34680                          -6481.647653947843             969.1037222413852              909.002590305537               -1.541984359781589             -4.695822872752611             -5.993238377089293             6627.807768677355              0.001717781052505222           51.59324974804395              357.8093921418799              238.6883873059305              
34740                          -6558.018759265715             685.1843327141776              547.4458740923668              -1.002657285274619             -4.764244901960938             -6.053655102114019             6628.043564504733              0.001757268329951469           51.59405401836091              357.8092433266478              238.4039866247294              
34800                          -6601.866204334217             397.8668752332821              183.1662614399687              -0.4583149150554682            -4.809043888652013             -6.083962796736548             6628.159941002516              0.001777671984076818           51.59445093262558              357.8092044041484              238.2566691728844              
34860                          -6612.970757707773             108.57614708896                -182.0242679582139             0.08831661824293005            -4.829992887812941             -6.084005984810568             6628.154566168908              0.001778615304775623           51.59443243719932              357.809201283132               238.248763759163               
34920                          -6591.277194195856             -181.2530870796078             -546.3090541584575             0.634499038367312              -4.826986757907978             -6.053784215437892             6628.027544320535              0.001760087320241593           51.59399870131261              357.809159163329               238.3802367436929              
34980                          -6536.894579006686             -470.1834244174831             -907.8760634517675             1.177496746135184              -4.800042731701568             -5.993452067581242             6627.781414109228              0.001722441905210036           51.59315811408819              357.8090040117814              238.6486936744641              
35040                          -6450.095663006489             -756.7821644208236             -1264.927166174271             1.714591607587461              -4.749300226621015             -5.90331819071037              6627.421096784566              0.001666397376185612           51.59192711987306              357.8086640244613              239.0494279532386              
35100                          -6331.315394743061             -1039.62861542262              -1615.687328326968             2.243097586783522              -4.675019900103952             -5.78384339432808              6626.953795819955              0.001593037924725338           51.59032989497772              357.8080710449162              239.5755154272747              
35160                          -6181.148562224766             -1317.32132199117              -1958.413660489442             2.760375103907018              -4.577581965358126             -5.635637811695807             6626.388850073597              0.001503820153407842           51.58839787193644              357.8071619124298              240.2179526113023              
35220                          -6000.346582171472             -1588.485172676875             -2291.404273346476             3.263845011613007              -4.457483790857578             -5.459457172492051             6625.737543646983              0.001400590967853267           51.5861691203019               357.8058797133801              240.9658354598496              
35280                          -5789.813473540014             -1851.778330940931             -2613.006869158777             3.75100205706086               -4.315336823825418             -5.256198241788502             6625.012876564702              0.001285628306091206           51.58368759591436              357.8041749112729              241.8065743983107              
35340                          -5550.60102555623              -2105.89898314908              -2921.627061574359             4.219427798268882              -4.151862863821584             -5.026893459993025             6624.229301098765              0.001161725785084081           51.58100227278334              357.8020063328539              242.7261409958473              
35400                          -5283.90322268653              -2349.591827086101             -3215.73632996155              4.666802819786016              -3.967889749778947             -4.772704871470735             6623.402429425316              0.001032360236838699           51.57816617465217              357.7993419906255              243.709340569827               
35460                          -4991.049958419813             -2581.654288537461             -3493.879593763038             5.090918219660819              -3.764346505616787             -4.494917400407489             6622.548718729016              0.0009020122245082357          51.57523532493136              357.7961597248901              244.7401048907368              
35520                          -4673.500069660416             -2800.94244224654              -3754.682378213398             5.489686326046831              -3.542257989339813             -4.194931532887074             6621.685140288887              0.000776749548894759           51.57226763543265              357.7924476517099              245.8017988024094              
35580                          -4332.83377029171              -3006.376584284028             -3996.857508181967             5.861150556233876              -3.302739122706218             -3.874255507055233             6620.828839471737              0.0006651549015226846          51.56932175615795              357.7882044073781              246.8775341923947              
35640                          -3970.74450886662              -3196.94645500199              -4219.211330017372             6.203494433771381              -3.046988740114238             -3.534497059696521             6619.996793502451              0.0005791949920779112          51.56645590871172              357.7834391833596              247.9504852132022              
35700                          -3589.030313615282             -3371.716081180417             -4420.649424642268             6.515049729734275              -2.776283119425449             -3.17735481041555              6619.205473955592              0.000532847729233812           51.56372672685609              357.778171550279               249.0041982973726              
35760                          -3189.5846752489               -3529.828221755768             -4600.181794444807             6.794303728584357              -2.491969245634155             -2.804609348032041             6618.470520694678              0.000535029386715991           51.56118812755629              357.772431073621               250.0228912820703              
35820                          -2774.387019932402             -3670.508402577988             -4756.927507966987             7.03990562514408               -2.195457855863427             -2.418114080468242             6617.806433676102              0.0005814626491640719          51.55889023544336              357.766256728192               250.9917358929051              
35880                          -2345.492824164486             -3793.068528416095             -4890.11878988463              7.250672066960827              -1.888216309545003             -2.019785903209218             6617.226288600552              0.0006577830862430903          51.55687838264964              357.759696122599               251.8971187159823              
35940                          -1905.023420057927             -3896.910063377961             -4999.104547356066             7.425591862787567              -1.571761320874183             -1.611595732577153             6616.741481850328              0.0007492069552045513          51.55519220451497              357.7528045490388              252.7268759678955              
36000                          -1455.155557244168             -3981.52676910156              -5083.353322451447             7.563829874836308              -1.247651598899573             -1.195558960671836             6616.361509532009              0.0008449828236390124          51.5538648498129               357.7456438777636              253.4704982228468              
36060                          -998.1107173840722             -4046.50700632557              -5142.455677394087             7.664730137765737              -0.9174803857211495            -0.7737258182964124            6616.09378466494               0.0009381125780658958          51.55292232157247              357.738281317897               254.1193017792784              
36120                          -536.1443095521821             -4091.535578014597             -5176.125991382017             7.727818198501356              -0.5828679744125104            -0.3481717496883989            6615.943495915036              0.001024095550634806           51.55238296231791              357.7307880712892              254.666563879171               
36180                          -71.53472695620702             -4116.395127585654             -5184.203685024351             7.752802726032447              -0.2454541785908165            0.07901223833032153            6615.9135102931                0.001099995072857017           51.55225709395427              357.723237906171               255.1076198557093              
36240                          393.4276776159678              -4120.967084406616             -5166.653865333966             7.739576398023119              0.09310922215362381            0.5057292220519658             6616.004321482748              0.001163888894323198           51.55254681962285              357.7157056802935              255.4399208264313              
36300                          856.4516384338815              -4105.232154736697             -5123.567391911631             7.688216076088725              0.431166037240742              0.9298859715589625             6616.214044588069              0.001214559396343439           51.55324599130515              357.7082658443516              255.6630511335452              
36360                          1315.256015583641              -4069.270359727346             -5055.160367874712             7.598982279855388              0.7670632190765301             1.349402524579689              6616.538457179301              0.001251314338985173           51.55434034339793              357.7009909563906              255.778705589496               
36420                          1767.580781167088              -4013.260620519171             -4961.77305785423              7.47231796068034               1.099158404196061              1.762221708138848              6616.971085690287              0.0012738760637914             51.55580778900455              357.6939502377448              255.7906269575387              
36480                          2211.197910825702              -3937.479891518362             -4843.868236607957             7.308846570971694              1.425827430902301              2.166318593835098              6617.503335368157              0.001282306175629802           51.55761887227112              357.6872081999658              255.7045050755351              
36540                          2643.9221380767                -3842.301843626943             -4702.02897271842              7.10936942007061               1.745471820867984              2.559709869993265              6618.124661179813              0.00127694836539081            51.55973736686768              357.6808233704681              255.5278392480577              
36600                          3063.621532162007              -3728.195098873612             -4536.955851298453             6.874862301354659              2.056526212193983              2.940463113669743              6618.822776333639              0.001258380245697701           51.56212100776998              357.6748471422389              255.269766626373               
36660                          3468.227832561917              -3595.721026653692             -4349.463652094894             6.60647138847011               2.357465707934733              3.306705916540225              6619.583894333381              0.001227369455175665           51.56472234069587              357.6693227704732              254.9408594085344              
36720                          3855.746552656479              -3445.531090263875             -4140.477468262826             6.305508351008984              2.646813159362838              3.656634886063832              6620.39299999607               0.001184831704382467           51.56748967175901              357.6642845345616              254.5528946625245              
36780                          4224.266724531321              -3278.36377344277              -3911.028309934482             5.973444721738963              2.923146295096533              3.988524410974987              6621.234144083684              0.00113178984749221            51.57036809724778              357.6597570821746              254.1186009105704              
36840                          4571.970312489677              -3095.04107319667              -3662.248174110526             5.61190545778623               3.185104718487206              4.300735216088915              6622.090756015722              0.001069333916080614           51.57330059297156              357.6557549660922              253.6513861445846              
36900                          4897.141199636963              -2896.4645853007               -3395.364619226523             5.222661720226686              3.431396699962754              4.591722614801373              6622.945968556597              0.0009985826196683084          51.57622914095071              357.6522823820555              253.1650524418174              
36960                          5198.173729855544              -2683.61118229654              -3111.6948453266               4.807622844939369              3.660805745179602              4.860044433419313              6623.782948280623              0.0009206471855454837          51.57909587127351              357.649333110828               252.6735026065726              
37020                          5473.580732472996              -2457.52831253574              -2812.639319806815             4.368827537598325              3.8721968748465                5.104368527773006              6624.58522536185               0.000836598674110942           51.5818441965491               357.6468906642147              252.1904447676061              
37080                          5722.001002502547              -2219.328927809983             -2499.674959910787             3.908434288348933              4.064522583265166              5.323479850033913              6625.337016333036              0.0007474400377955297          51.58441991716565              357.6449286303782              251.7291006247215              
37140                          5942.206181485682              -1970.186065506479             -2174.347907786199             3.428711042915654              4.236828419070815              5.516286996061289              6626.023533498536              0.000654084226468274           51.58677227617554              357.6434112103825              251.3019236588989              
37200                          6133.106997175057              -1711.327108457694             -1838.265929765025             2.932024166901115              4.388258139746558              5.681828173845338              6626.631274947408              0.000557339535883193           51.58885494393171              357.642293934278               250.9203329108568              
37260                          6293.758821097469              -1444.027749533794             -1493.090476394025             2.420826753495636              4.518058391017653              5.819276533744964              6627.148289465254              0.0004579031418951319          51.59062691413067              357.6415245419071              250.5944683270427              
37320                          6423.366505756957              -1169.60569245802              -1140.528445202577             1.897646339290029              4.625582863960074              5.927944804174328              6627.564411113251              0.0003563633523211947          51.59205329474372              357.6410440107729              250.3329727462815              
37380                          6521.288472662981              -889.4141096095053             -782.323674215806              1.365072078287963              4.710295890811035              6.007289185956439              6627.871458843657              0.0002532105541203247          51.59310597946421              357.6407877108493              250.1428055796723              
37440                          6587.040007112241              -604.8349302254078             -420.2482613752295             0.8257415296905726             4.771775428393024              6.056912448806123              6628.063397138287              0.0001488562572174489          51.5937641873706               357.6406866641841              250.0290922166778              
37500                          6620.295763038939              -317.2719276158379             -56.09367050567791             0.2823270201577952             4.809715419839764              6.076566216076255              6628.136454553602              4.366038730040028e-05          51.59401486140668              357.640668885366               249.9950126454987              
37560                          6620.891431166917              -28.14371970619638             308.338229302317               -0.2624781779460757            4.82392748471929               6.066152387233543              6628.089197722836              6.205478225966409e-05          51.59385291827957              357.6406607778094              250.0417318507616              
37620                          6588.824576379284              261.1233382650331              671.2442175054964              -0.8059738657926403            4.814341935810108              6.02572369513559               6627.922559390262              0.0001679271336923944          51.5932813455163               357.6405885598096              250.1683735595498              
37680                          6524.254634148944              549.1022684560571              1030.828741625938              -1.345466916810721             4.781008106909127              5.955483389711354              6627.639819916581              0.0002735824493566378          51.59231114394738              357.640379693951               250.3720379554825              
37740                          6427.502063948003              834.3726245778025              1385.312942365852              -1.878285286585075             4.724093992032432              5.855784046858201              6627.246542612953              0.000378565539919048           51.59096111658306              357.639964293366               250.6478629914263              
37800                          6299.046669959916              1115.527574667128              1732.943544795605              -2.401791798043697             4.643885202375396              5.727125522910136              6626.750464228917              0.0004823291609739308          51.58925750773105              357.6392764787072              250.9891278143623              
37860                          6139.525102345726              1391.18090932223               2072.001611955384              -2.91339767133188              4.540783258255514              5.570152078069912              6626.161342778352              0.0005842167176612186          51.58723349875984              357.6382556604856              251.3873960363289              
37920                          5949.727554891861              1659.973931766519              2400.811106333248              -3.410575695061479             4.415303236459015              5.385648700052541              6625.490765742097              0.0006834539408663664          51.58492856955175              357.636847722547               251.8326954753247              
37980                          5730.593691372073              1920.582179693779              2717.74719747155               -3.89087292878486              4.268070807896316              5.174536677857795              6624.75192249215               0.0007791491797197664          51.58238773726548              357.6350060841408              252.3137304410893              
38040                          5483.20781407507               2171.721966254865              3021.24430011863               -4.351922901368996             4.099818690647878              4.937868459289589              6623.959345396121              0.000870302088659635           51.57966068606423              357.6326926197908              252.8181218068394              
38100                          5208.793329740451              2412.156676929295              3309.803765753265              -4.791457182491882             3.911382572947184              4.676821867665428              6623.128624797781              0.0009558200359587976          51.57680080409096              357.6298784188734              253.3326695492206              
38160                          4908.706535772436              2640.702813652948              3582.001217474981              -5.20731631202508              3.703696540314609              4.392693721863202              6622.276103425902              0.001034541251801885           51.57386414538001              357.6265443692322              253.8436322959324              
38220                          4584.429768909224              2856.235752230651              3836.493487340041              -5.597460031535718             3.477788053736923              4.086892922020127              6621.418556227043              0.001105263533759724           51.5709083362534               357.6226815523786              254.3370177689121              
38280                          4237.563962960873              3057.695184432321              4072.025122243563              -5.959976778533085             3.234772528271748              3.760933065501817              6620.572861876592              0.001166777263125406           51.56799144704498              357.6182914412366              254.7988783698265              
38340                          3869.820671305642              3244.090217991687              4287.434427245224              -6.293092413532086             2.975847566355142              3.416424663479928              6619.755672365788              0.001217901526813117           51.56517085097062              357.6133858951978              255.2156056849763              
38400                          3483.013568518765              3414.504132854502              4481.659044735702              -6.59517820013953              2.70228686868475               3.055066986183111              6618.98308697427               0.001257522275877434           51.56250209214848              357.6079869505748              255.5742183594703              
38460                          3079.049510805166              3568.098755466919              4653.741025246845              -6.864757996558636             2.415433888226409              2.678639622058828              6618.270336992065              0.00128463165384567            51.56003778545114              357.6021264093582              255.8626375739113              
38520                          2659.919179571576              3704.118449157027              4802.831388504586              -7.100514685202389             2.11669525069623               2.288993779230684              6617.631487195374              0.001298367949877496           51.55782657004846              357.5958452325933              256.06994503036                
38580                          2227.687368859776              3821.893701029351              4928.194153054082              -7.301295837065862             1.807533986567713              1.888043386646205              6617.079159827939              0.001298056078237522           51.55591213799102              357.5891927492266              256.1866186269708              
38640                          1784.482963597167              3920.844296835681              5029.209826004054              -7.466118627647848             1.489462606045485              1.477756034086816              6616.62428637227               0.001283249169520526           51.55433235776542              357.5822256950477              256.2047415436155              
38700                          1332.488601305314              4000.48208529263               5105.378354167146              -7.594174036035262             1.16403600526982               1.06014373494307               6616.27589183164               0.001253772944682793           51.55311851090111              357.575007099199               256.1181809839272              
38760                          873.9301828984909              4060.413297058967              5156.321501454718              -7.684830296128833             0.8328443123947238             0.6372536509759162             6616.040915806922              0.001209776390664442           51.55229465815921              357.5676050418585              255.92273336979                
38820                          411.0661123316804              4100.340447403371              5181.784682559378              -7.737635671284145             0.4975055735290719             0.2111586494672218             6615.924073698716              0.001151795509021734           51.55187714829074              357.5600913051858              255.6162334131695              
38880                          -53.8235599460467              4120.063787758647              5181.63821831916               -7.752320512644919             0.1596583875370793             -0.2160521670685134            6615.927760911718              0.001080842932063932           51.55187428050394              357.5525399467452              255.1986250787322              
38940                          -518.4480917056403             4119.482315537944              5155.878024416533              -7.728798630064152             -0.1790455302893253            -0.6422829849025227            6616.052001960563              0.0009985475321093301          51.55228612790863              357.5450258237288              254.6719930794388              
39000                          -980.5170990401623             4098.594336802885              5104.625726689538              -7.66716797029113              -0.516948874391046             -1.065440879665838             6616.294445624176              0.0009073894473514949          51.55310452614809              357.5376230975724              254.0405542030257              
39060                          -1437.751593670078             4057.497575128181              5028.128200468123              -7.567710592903241             -0.8523963074333021            -1.483445419884007             6616.65040644074               0.0008111132493176807          51.55431322789817              357.5304037508237              253.310608366196               
39120                          -1887.895021093789             3996.388824880464              4926.756530967772              -7.430891930776707             -1.183742081807668             -1.894238310972477             6617.112951969653              0.0007154490177374167          51.55588822041586              357.5234361459848              252.490449964499               
39180                          -2328.72422646268              3915.563145083333              4801.004393894982              -7.257359315548869             -1.509357690398787             -2.295793035533178             6617.673034377244              0.0006292304847543769          51.55779819983807              357.5167836565777              251.5902408080046              
39240                          -2758.060284565658             3815.412598982761              4651.485866223277              -7.047939758829682             -1.827639517160475             -2.686124451772772             6618.31966400823               0.0005654075288489722          51.56000519246577              357.5105033989178              250.6218464603699              
39300                          -3173.779216908731             3696.424526327585              4478.932649621685              -6.80363693644956              -2.137016519176295             -3.063298386665779             6619.040121908452              0.0005394363916515777          51.56246531061235              357.5046450895796              249.5986384722828              
39360                          -3573.822469976036             3559.179361807345              4284.19073042155               -6.525627375927307             -2.435957858318321             -3.425441120036457             6619.820207299308              0.0005616242813066865          51.56512962718905              357.4992500530047              248.5352658698257              
39420                          -3956.207153251746             3404.347994382203              4068.216469721054              -6.215255803349766             -2.72298048823531              -3.770748763941692             6620.644515434354              0.0006291409623030589          51.56794515124781              357.4943503985456              247.447399408733               
39480                          -4319.035970108355             3232.688674372634              3832.072136094732              -5.874029630592879             -2.996656649545148             -4.097496476391789             6621.496740529148              0.0007293811696945509          51.5708558844408               357.4899683835047              246.3514533232628              
39540                          -4660.50679159917              3045.043474552432              3576.920891702706              -5.503612562074312             -3.255621233894936             -4.404047458196565             6622.359997923164              0.0008488964255137827          51.57380393683863              357.4861159745111              245.2642891577079              
39600                          -4978.921819891345             2842.334314480676              3304.021246574309              -5.105817307827079             -3.498578970435712             -4.688861673184276             6623.217159163704              0.0009773890165871639          51.57673067945422              357.4827946154047              244.2029074712809              
39660                          -5272.696287538413             2625.558560243763              3014.720999598356              -4.682597398515629             -3.724311383440979             -4.950504226467936             6624.051193360955              0.001107588011795574           51.57957791021288              357.4799952055209              243.1841328866331              
39720                          -5540.366638559588             2395.78421523822               2710.450689152749              -4.236038109167022             -3.931683465629965             -5.187653330811705             6624.845507948862              0.00123425521893702            51.58228900999049              357.4776982879742              242.2242989845154              
39780                          -5780.598139963155             2154.144719282827              2392.716578275032              -3.768346507153487             -4.119650010427463             -5.399107789984                6625.584281920324              0.001353431552020004           51.58481006572833              357.4758744433287              241.3389390158673              
39840                          -5992.191870022679             1901.833379437436              2063.093207101401              -3.281840658232064             -4.287261541957392             -5.583793923422016             6626.252784668309              0.00146199700788769            51.58709093841166              357.474484880039               240.5424891494622              
39900                          -6174.091028617791             1640.097467309158              1723.215559752131              -2.778938053310632             -4.433669778709377             -5.740771854553512             6626.837673777033              0.001557433685358382           51.58908625489698              357.4734822092684              239.8480102703497              
39960                          -6325.386544263019             1370.231986966168              1374.770852607395              -2.262143266901002             -4.558132589231318             -5.869241110588333             6627.327265570471              0.001637702573954319           51.5907563044961               357.472811388064               239.2669344809037              
40020                          -6445.321910107306             1093.573173535802              1019.490023785734              -1.73403497344989              -4.660018364775508             -5.968545445798067             6627.711772598042              0.001701181478804619           51.59206782268377              357.4724108120545              238.8088418790358              
40080                          -6533.297224236449             811.4917489243487              659.1389588912191              -1.197252389376241             -4.738809768377346             -6.038176840742437             6627.983503027902              0.001746635198776089           51.59299464700666              357.4722135358309              238.4812726771361              
40140                          -6588.872403895939             525.3859682977732              295.5094974962137              -0.654481229022665             -4.794106817580062             -6.077778628182442             6628.137017649194              0.001773202228211223           51.59351823260985              357.4721485970223              238.2895788423739              
40200                          -6611.769544575924             236.6745038990662              -69.58971893259519             -0.1084392926803865            -4.825629261405419             -6.087147702415125             6628.169241089844              0.001780389373563175           51.59362801756036              357.4721424182204              238.2368188138189              
40260                          -6601.874406141515             -53.21079188172243             -434.342503443105              0.4381382001365551             -4.83321822439894              -6.066235783945519             6628.079524824908              0.001768069635830609           51.59332163099524              357.4721202595515              238.3236976502785              
40320                          -6559.237014330323             -342.8321996044918             -796.9344270979433             0.9825134112737773             -4.816837099214121             -6.015149722789441             6627.869660602833              0.001736481087875636           51.59260494014745              357.4720076938066              238.548554065319               
40380                          -6484.071373285293             -630.7534766472475             -1155.562111700258             1.521960694845905              -4.77657167914718              -5.934150836438711             6627.543843989785              0.001686226127247887           51.59149193533992              357.4717320756463              238.9073946386679              
40440                          -6376.754292023879             -915.5471866743055             -1508.442454565863             2.053781295849474              -4.712629532082024             -5.823653291191184             6627.108588815982              0.001618271945709273           51.59000445509975              357.4712239764982              239.3939743696837              
40500                          -6237.823337742249             -1195.801964391714             -1853.821722244642             2.575317806365552              -4.625338629026069             -5.68422155080357              6626.5725943852                0.001533954776804037           51.58817175662076              357.4704185573592              239.9999217227278              
40560                          -6067.973923209953             -1470.129692356696             -2189.984483907484             3.083968303235113              -4.515145242067548             -5.516566915517314             6625.94656827528               0.00143499301803181            51.58602993958075              357.4692568527194              240.7149052679961              
40620                          -5868.055572549333             -1737.17250463506              -2515.262279102965             3.577199980656564              -4.382611154432725             -5.321543215891738             6625.243008622631              0.001323518660231035           51.58362123456358              357.4676869405433              241.5268379589797              
40680                          -5639.067377808019             -1995.609620529288             -2828.0420242495               4.052562262085742              -4.228410209802633             -5.100141696745404             6624.475950479919              0.001202144289012289           51.58099316946408              357.4656649750675              242.4221145773317              
40740                          -5382.152678808816             -2244.163958687515             -3126.774096683793             4.507699283644212              -4.053324242541131             -4.853485149992222             6623.660681640198              0.00107409757489275            51.57819762992742              357.4631560616486              243.3858769657854              
40800                          -5098.59303575254              -2481.608467772729             -3409.980019382936             4.940361623855497              -3.85823845842175              -4.58282139145482              6622.813434022806              0.0009434815901757437          51.57528983237285              357.4601349561156              244.4023010974825              
40860                          -4789.801502376251             -2706.772184314438             -3676.259759834818             5.348417299267772              -3.64413629481432              -4.289516117346856             6621.951056957178              0.0008157589237537257          51.57232722926175              357.4565865738006              245.4549001079304              
40920                          -4457.315272153499             -2918.545959382321             -3924.298573264067             5.72986192636078               -3.412093832750908             -3.975045237697771             6621.090679218792              0.0006985712226097427          51.56936836841767              357.4525062975183              246.5268366184255              
40980                          -4102.787738497735             -3115.887839477705             -4152.873373810839             6.082828038230346              -3.163273811179466             -3.640986751176087             6620.249366717735              0.0006027484482208138          51.56647172895623              357.4479000774529              247.6012382613162              
41040                          -3727.980021914202             -3297.8280777658               -4360.858606274482             6.405593534207127              -2.898919299830539             -3.289012234082742             6619.443782783389              0.000542072690735449           51.56369455708506              357.4427843200544              248.6615098853636              
41100                          -3334.752016384828             -3463.473756775994             -4547.231597330333             6.69658925556983               -2.62034708390011              -2.920878011409615             6618.689857847638              0.0005282182674141822          51.56109172521985              357.43718556735                249.691636668208               
41160                          -2925.053007365207             -3612.013006792258             -4711.077369061521             6.954405690757313              -2.328940810328886             -2.538416072982818             6618.002475055638              0.0005615441609064712          51.55871463753527              357.4311399723617              250.6764722404887              
41220                          -2500.911911835904             -3742.718807431173             -4851.592901694215             7.177798822592635              -2.026143940059697             -2.143524790404614             6617.39517793305               0.0006298840087773513          51.55661020425177              357.424692580592               251.6020068185508              
41280                          -2064.427201653457             -3854.952359174722             -4968.090832151736             7.365695130789459              -1.713452554030611             -1.738159494749861             6616.879905741954              0.0007177468075989048          51.55481990571312              357.4178964318272              252.4556104376506              
41340                          -1617.75652905024              -3948.166025493497             -5060.002590130567             7.517195786859138              -1.39240802585824              -1.32432292970722              6616.466761495756              0.0008129715019661932          51.55337896534623              357.4108114997649              253.2262473795836              
41400                          -1163.106155453363             -4021.905824684003             -5126.880951024157             7.631580040925877              -1.064589628634079             -0.9040556657612313            6616.163817020155              0.0009074854349314503          51.55231564875895              357.4035034917702              253.9046580457252              
41460                          -702.7201748047122             -4075.813482230948             -5168.402018703851             7.708307850759125              -0.7316070604281597            -0.4794264535892968            6615.97695855078               0.0009961081995632979          51.55165070313718              357.396042532471               254.4835055942121              
41520                          -238.8696139442067             -4109.628030535229             -5184.36662621007              7.747021758842126              -0.3950929348036079            -0.05252257527802813           6615.909775663203              0.001075477859905711           51.55139694856302              357.3885017588748              254.9574849886185              
41580                          226.158560945643               -4123.186957833831             -5174.701158263994             7.747548043296993              -0.05669524123423185           0.3745598014374816             6615.963495427673              0.001143391432384852           51.55155902943578              357.3809558557965              255.3233929170719              
41640                          690.0724851514095              -4116.426904168823             -5139.457795550664             7.709897155782262              0.2819302093253351             0.7997252469066909             6616.136962830252              0.00119843187998876            51.55213333085397              357.3734795619492              255.5801576943131              
41700                          1150.586441369972              -4089.383903910175             -5078.814182571989             7.634263455620484              0.619127343190695              1.220888658006387              6616.426667634022              0.001239755215560895           51.55310806129162              357.3661461775554              255.7288288002119              
41760                          1605.431868681475              -4042.193174873073             -4993.072521573476             7.52102424345896               0.9532473770590938             1.635984798407237              6616.826816977366              0.001266962143021463           51.55446349938119              357.3590261041816              255.7725265622203              
41820                          2052.368292480942              -3975.088454672959             -4882.658095837449             7.370738092033846              1.282656355162356              2.042977777006171              6617.329452174463              0.001280013633432049           51.55617239916432              357.3521854466647              255.7163528408009              
41880                          2489.194132989016              -3888.400885620208             -4748.117226513879             7.184142466374035              1.60574265864134               2.439870448682968              6617.92460735981               0.001279169086113435           51.55820054487853              357.3456847054493              255.5672645807927              
41940                          2913.757349367795              -3782.557450236812             -4590.114668207679             6.962150621475305              1.920924472783281              2.824713718103393              6618.600506853345              0.001264935841757795           51.56050744329142              357.3395775855274              255.3339122673606              
42000                          3323.965873006167              -3658.078961316183             -4409.430451088395             6.705847764238284              2.226657192359387              3.195615720419497              6619.343797404166              0.001238024169554496           51.56304713882627              357.3339099454845              255.0264464490338              
42060                          3717.79780164663               -3515.577605434383             -4206.956169947359             6.416486452304722              2.521440755403954              3.550750864666214              6620.139810859141              0.001199304770825151           51.56576913446217              357.3287189067361              254.6562954836409              
42120                          4093.311264935018              -3355.754059569002             -3983.690750349152             6.095481242286372              2.803826846338909              3.888368665610309              6620.972852121376              0.0011497675119792             51.56861939903163              357.3240321402847              254.2359188943574              
42180                          4448.653980462342              -3179.394167101346             -3740.735673683161             5.744402530132869              3.072425986195866              4.206802382750678              6621.826506986655              0.001090481094388057           51.57154144071137              357.3198673430155              253.7785404799297              
42240                          4782.072390349461              -2987.365203503327             -3479.289705921606             5.364969616477111              3.3259144271692                4.504477363592748              6622.683963817743              0.001022554018685496           51.57447742459939              357.3162319132683              253.2978665886894              
42300                          5091.920371176773              -2780.611728962775             -3200.643127296982             4.959042963755634              3.563040841435823              4.779919076251965              6623.528342938893              0.0009470976218769792          51.57736931237395              357.3131228299316              252.8077945504629              
42360                          5376.667450780066              -2560.151049395346             -2906.171494070362             4.528615663549103              3.782632745994324              5.031760758667017              6624.3430273435                0.00086519225780627            51.58016000144721              357.3105267360481              252.3221173481297              
42420                          5634.906490435278              -2327.068300557017             -2597.328953642137             4.075804122655991              3.983602620621026              5.258750630534557              6625.111988315451              0.0007778578680380111          51.58279444155306              357.3084202235711              251.854230073619               
42480                          5865.360785352049              -2082.511175533361             -2275.641141611266             3.602837992151453              4.16495366904261               5.459758606184237              6625.820099619224              0.0006860302509215994          51.58522070733951              357.3067703122367              251.4168445135738              
42540                          6066.890539040392              -1827.684318513281             -1942.69769256856              3.112049374185857              4.325785173271139              5.633782447072337              6626.453434115733              0.0005905442727053686          51.5873910066694               357.3055351119343              251.0217174986547              
42600                          6238.498669547454              -1563.84341075082              -1600.144400058367             2.605861352892136              4.465297391509583              5.779953293866095              6626.999536979632              0.0004921250519554991          51.58926260577568              357.304664654671               250.679399107079               
42660                          6379.33590943522               -1292.288975916862             -1249.675062565988             2.086775904267291              4.582795952457792              5.897540521675024              6627.447670133482              0.0003913877780751403          51.59079865417392              357.3041018793153              250.3990059099178              
42720                          6488.705160604373              -1014.359943791932             -893.0230672513718             1.557361268202003              4.677695698141771              5.985955862795812              6627.78902305097               0.0002888463125238762          51.59196889420353              357.3037837497228              250.1880245102884              
42780                          6566.065080813974              -731.4269944832936             -531.9527411046785             1.020238839136458              4.749523941071562              6.044756757053027              6628.016885767614              0.0001849301224168984          51.59275024241673              357.3036424846197              250.0521495633529              
42840                          6611.032869891767              -444.8857303342946             -168.2505312111462             0.4780696844487894             4.797923095731545              6.073648885636334              6628.126780637763              8.000903905953951e-05          51.59312723229869              357.3036068758942              249.9951600926088              
42900                          6623.386239148469              -156.149697487846              196.2839568552299              -0.06645924441087085           4.822652659749549              6.07248786111096               6628.116550220033              2.559792222638418e-05          51.59309231044183              357.3036036704927              250.0188368580166              
42960                          6603.064544298685              133.3566733361873              559.846973321368               -0.6106490500259452            4.823590518324563              6.04128004959548               6627.986399524567              0.0001315127692922461          51.59264598086268              357.3035589901567              250.122922714032               
43020                          6550.169082693165              422.2051891598369              920.6396685680407              -1.151802915177006             4.800733566809321              5.980182522287603              6627.738891809213              0.0002373966814087723          51.59179679500307              357.3033997626414              250.3051268537438              
43080                          6464.962547713264              708.971043066023               1276.877120002729              -1.687240118188135             4.754197643237136              5.889502131855071              6627.378898002285              0.0003428092273791224          51.59056118755933              357.3030551379082              250.5611728447775              
43140                          6347.867646050537              992.2399295531289              1626.797267119454              -2.214309898677787             4.684216774579293              5.769693726741579              6626.913500765821              0.0004472292463044983          51.58896316104586              357.3024578629928              250.8848893933373              
43200                          6199.464889604327              1270.61509639471               1968.669716600484              -2.730405090702665             4.591141750125649              5.621357525292788              6626.351855140063              0.000550029747157236           51.58703382477839              357.301545589914               251.2683416702639              
43260                          6020.489578926666              1542.724291194893              2300.804365418752              -3.232975422387258             4.475438041947537              5.445235680965136              6625.705008548559              0.000650467096387303           51.58481079650499              357.3002620920187              251.7020003306134              
43320                          5811.828000965394              1807.226564251054              2621.559794564806              -3.719540392038894             4.337683099784211              5.242208078584611              6624.985683757714              0.0007476789094203797          51.58233747748692              357.2985583656256              252.1749442569271              
43380                          5574.512869000871              2062.818891167731              2929.351388647825              -4.187701639510933             4.178563053923473              5.013287408984811              6624.20802910359               0.0008406904399488273          51.57966221419657              357.2963935956739              252.6750926953864              
43440                          5309.718037611668              2308.2425805281                3222.659139273827              -4.635154741059051             3.998868865045598              4.759613575626835              6623.387340930096              0.0009284289074399019          51.57683736199943              357.2937359663359              253.1894614746534              
43500                          5018.752528323721              2542.289435547106              3500.035094844544              -5.059700369032862             3.799491963180134              4.482447490061879              6622.539763705951              0.001009744850894142           51.57391826815234              357.2905633001715              253.7044380098341              
43560                          4703.053903967919              2763.807641115128              3760.110422707769              -5.459254768835698             3.581419419904209              4.183164314955529              6621.681973698567              0.001083439371567879           51.57096219314548              357.2868635123527              254.2060690198123              
43620                          4364.181039181803              2971.707345619132              4001.602047625726              -5.831859508462919             3.34572870394332               3.863246220865411              6620.830852396158              0.001148296028723307           51.5680271908868               357.2826348698875              254.6803552308684              
43680                          4003.806334014445              3164.965914442351              4223.31883998803               -6.175690475809615             3.093582068872515              3.524274719950242              6620.00315602671               0.001203116166750452           51.56517096922239              357.2778860493478              255.1135468209577              
43740                          3623.707389686693              3342.632848062445              4424.167345710172              -6.489066132639755             2.826220599872799              3.167922610341682              6619.215187508237              0.001246756559890282           51.56244975273373              357.2726359900264              255.4924340203079              
43800                          3225.758239022865              3503.834319601482              4603.15700625533               -6.77045497071442              2.54495799503705               2.795945630023647              6618.482477267259              0.001278168435809789           51.55991717059432              357.2669135443718              255.8046269142505              
43860                          2811.9201335355                3647.777341813943              4759.404881238002              -7.018482217437409             2.251174090252531              2.410173829066747              6617.819478948287              0.001296437233058249           51.55762319131701              357.2607569304867              256.0388194159132              
43920                          2384.231958736174              3773.753535270061              4892.139842127753              -7.231935772095129             1.946308181481399              2.012502729613419              6617.239285919845              0.001300822831191842           51.55561312612161              357.2542129963913              256.185032248055               
43980                          1944.800314488876              3881.142491126618              5000.706230756553              -7.409771393038555             1.631852170001679              1.604884305015612              6616.75337398058               0.001290800593569705           51.55392672127385              357.2473363093661              256.2348306831673              
44040                          1495.789306297464              3969.414718013455              5084.566972039021              -7.55111714844972              1.309343558465817              1.189317812901483              6616.371375212467              0.001266104487440142           51.55259735821662              357.2401880875485              256.1815129614461              
44100                          1039.410091278336              4038.134164779616              5143.306133004376              -7.655277145068855             0.9803583202045932             0.7678405100211567             6616.100887334772              0.001226775091580625           51.55165137829513              357.2328349944718              256.0202661405374              
44160                          577.9102217394756              4086.960312060696              5176.630921750943              -7.721734547886759             0.6465036600144592             0.3425182715374275             6615.947322259558              0.001173217999405457           51.55110754644623              357.2253478203378              255.7482865186121              
44220                          113.5628267317872              4115.649826685566              5184.373121138156              -7.750153900881399             0.3094106797039982             -0.08456386863731276           6615.91379683069               0.001106283039443228           51.55097666544044              357.2178000764024              255.3648624996222              
44280                          -351.3443183541104             4124.057773118642              5166.489952879101              -7.740382754014547             -0.02927303374329961           -0.5113112337626214            6616.001067954508              0.001027383949940538           51.55126134918778              357.2102665311038              254.8714183593383              
44340                          -814.5198000668297             4112.138378944099              5123.064370291657              -7.692452599668708             -0.3678908927742615            -0.9356290703268867            6616.207513509804              0.0009386955484323866          51.55195596028604              357.20282171772                254.2715179713796              
44400                          -1273.679637500431             4079.945347655531              5054.304772137794              -7.606579106766224             -0.704784876636172             -1.355432175628736             6616.529159610505              0.0008434969829589148          51.55304671364414              357.1955384438317              253.5708281871721              
44460                          -1726.558291887279             4027.631717907807              4960.544144053267              -7.483161650836356             -1.038303112481419             -1.768654499166736             6616.959753870839              0.0007467766402178532          51.55451194428816              357.1884863346384              252.7770423965785              
44520                          -2170.919673560721             3955.449264780954              4842.238618412194              -7.322782114694412             -1.366807532995806             -2.173258794998339             6617.490883532679              0.0006562262509534237          51.55632253423622              357.1817304385899              251.8997650391657              
44580                          -2604.568034312854             3863.747441518654              4699.965457617644              -7.126202942951065             -1.688681547019062             -2.567246243365455             6618.112136399068              0.0005834289208878384          51.5584424897474               357.1753299251884              250.9503590246459              
44640                          -3025.35872347972              3752.971860460116              4534.420460628536              -6.894364423563915             -2.002337722801796             -2.948666038989245             6618.811301708372              0.00054354147542901            51.56082965718021              357.1693369013328              249.9417581208199              
44700                          -3431.208757056186             3623.662313222906              4346.414796031862              -6.628381169301688             -2.306225458884372             -3.315624912308886             6619.574607282372              0.0005496783820878843          51.56343656276455              357.1637953704437              248.8882475703722              
44760                          -3820.107151003044             3476.450331683731              4136.871266764065              -6.329537771498824             -2.598838614868027             -3.666296546498335             6620.38698853137               0.00060355427030343            51.56621135904331              357.1587403554092              247.8052162394588              
44820                          -4190.124968293911             3312.056293136261              3906.820014024725              -5.999283600246798             -2.878723068696147             -3.998930846084999             6621.232384229727              0.0006947224927401851          51.56909885857399              357.1541972028717              246.7088848404874              
44880                          -4539.425027805361             3131.286075181446              3657.393670787915              -5.639226729098886             -3.144484161288758             -4.311863005972983             6622.094053376783              0.0008092626343072194          51.57204163376925              357.1501810824577              245.6160146615957              
44940                          -4866.271222010649             2935.02726842412               3389.821978590179              -5.251126968470429             -3.39479398380069              -4.603522323042391             6622.954906966499              0.0009357489212856887          51.57498116050988              357.1466966904345              244.5436024451465              
45000                          -5169.0373880985               2724.244959108548              3105.425886562413              -4.836888002498022             -3.628398456430008             -4.872440685174198             6623.797848103443              0.001066029368039048           51.57785898238962              357.1437381630302              243.5085667782578              
45060                          -5446.215688976145             2499.977088069611              2805.611143712292              -4.398548616804367             -3.844124152684576             -5.117260678405083             6624.606113682904              0.00119430166079427            51.58061787230731              357.1412892002301              242.5274323725871              
45120                          -5696.424424541618             2263.329421908973              2491.861434943054              -3.938273067717493             -4.040884791486867             -5.336743217100063             6625.363610632516              0.00131625025577008            51.58320296798377              357.1393233969869              241.6160182887297              
45180                          -5918.415252088451             2015.470137595655              2165.731063951799              -3.458340581212402             -4.217687361553972             -5.529774651246539             6626.055239900223              0.001428515193954121           51.58556285920616              357.137804774111               240.7891366117674              
45240                          -6111.079753754968             1757.62404812153               1828.837222017319              -2.961134029052494             -4.373637809158678             -5.695373266635043             6626.667201438151              0.001528400690580602           51.58765060532792              357.1366884977243              240.060307820414               
45300                          -6273.455291743482             1491.066512531303              1482.851901306501              -2.449127866601693             -4.50794622057555              -5.832695096302144             6627.187273751627              0.001613722044117406           51.58942466303004              357.1359217724777              239.4414990577352              
45360                          -6404.730127187016             1217.11704038108               1129.493467241595              -1.924875359670595             -4.619931458213928             -5.941038993015024             6627.605062157455              0.001682727572741711           51.5908497065486               357.1354448903181              238.942890955429               
45420                          -6504.247747862268             937.1326452600824              770.5179625678998              -1.390995220935932             -4.709025185427512             -6.019850888161917             6627.912210416209              0.001734060366675655           51.59189732441862              357.135192413957               238.5726783476675              
45480                          -6571.51038164131              652.5009708403093              407.710174525173               -0.850157722674088             -4.774775241953609             -6.068727193084248             6628.102571213662              0.001766740695206995           51.59254657944561              357.1350944716468              238.3369092570993              
45540                          -6606.181663024672             364.6332362717836              42.8745265548564               -0.3050704030794963            -4.816848326399729             -6.087417295131527             6628.172331807314              0.001780158590601887           51.59278442120975              357.1350781379447              238.2393660056459              
45600                          -6608.088432603932             74.95704219928139              -322.1741517812094             0.2415365229361378             -4.83503195521612              -6.075825116771993             6628.120092102736              0.001774070898461422           51.59260594322714              357.1350688736378              238.2814911003607              
45660                          -6577.221655280517             -215.0909184741001             -685.6199197750376             0.7869249290606966             -4.829235675924711             -6.034009717189861             6627.946893459929              0.001748599859793617           51.59201447988918              357.1349919969547              238.4623596963838              
45720                          -6513.736450350665             -504.0721999087471             -1045.655027686221             1.328363596085707              -4.79949152216864              -5.962184928416161             6627.656197594623              0.001704232109451697           51.59102154132396              357.1347741576525              238.7786992549272              
45780                          -6417.951233471935             -790.5539484201398             -1400.48916975                 1.863142962265428              -4.745953707976472             -5.860718030380914             6627.253816022201              0.001641818448922375           51.58964658738132              357.1343447855136              239.2249559172869              
45840                          -6290.345981738073             -1073.11619929214              -1748.358620285041             2.388589667676236              -4.66889757100304              -5.730127485969661             6626.747791584029              0.001562576335785783           51.58791664505182              357.1336374852335              239.7934060590733              
45900                          -6131.559626836621             -1350.359106316173             -2087.535228872189             2.902080823187533              -4.568717776477616             -5.571079755345231             6626.148234574162              0.001468099217651804           51.58586577642036              357.132591350536               240.4743104428226              
45960                          -5942.386617847079             -1620.910014155038             -2416.3351635781               3.401057807202638              -4.445925820379726             -5.384385250728958             6625.467117076745              0.001360380452421484           51.58353440754635              357.1311521719213              241.2561072792078              
46020                          -5723.772653195331             -1883.430392038722             -2733.127425110939             3.883039600701227              -4.301146849395319             -5.170993453249452             6624.718029813523              0.001241865959482143           51.58096853071902              357.1292735140393              242.125640035274               
46080                          -5476.809651650624             -2136.622526848168             -3036.342007536935             4.345635454474763              -4.135115862540586             -4.931987286996159             6623.91590681891               0.001115561743350569           51.57821879588504              357.1269176414305              243.0684145329633              
46140                          -5202.729962212061             -2379.235997307402             -3324.477732539022             4.786556918617974              -3.94867331718155              -4.668576777236751             6623.076723630249              0.0009852443970674917          51.57533950835547              357.1240562735985              244.0688800448697              
46200                          -4902.899890074576             -2610.073850286801             -3596.109662257326             5.203629086522588              -3.742760213954252             -4.382092096446736             6622.217175448261              0.0008558589874593065          51.57238755275755              357.1206711541187              245.1107279318076              
46260                          -4578.812565031549             -2827.998475226824             -3849.896087028053             5.594801051622612              -3.518412702271441             -4.073976051112411             6621.354341886277              0.0007342221212549158          51.56942126409138              357.1167544215288              246.1772018510665              
46320                          -4232.0802087217               -3031.937140629156             -4084.585045882455             5.958155523841641              -3.276756267276751             -3.745776089781499             6620.505345233637              0.0006300331616222389          51.56649926835751              357.1123087738579              247.2514128588791              
46380                          -3864.425850622109             -3220.887170584457             -4299.020354943524             6.291917585516466              -3.018999553296881             -3.399135903426282             6619.68700918138               0.0005563524972211475          51.56367931583932              357.1073474225896              248.3166533619624              
46440                          -3477.67454479673              -3393.920741158079             -4492.147121352221             6.594462576125053              -2.746427877767241             -3.035786687255379             6618.91552487117               0.0005265108656230452          51.56101713048766              357.1018938361288              249.3567035535962              
46500                          -3073.744139718824             -3550.189279608618             -4663.016724375508             6.864323105921773              -2.460396486583286             -2.657538128630907             6618.206130895832              0.000545352898798306           51.55856529867949              357.0959812771442              250.3561247963116              
46560                          -2654.635651967192             -3688.927452729891             -4810.791249456728             7.10019520824011               -2.162323596916556             -2.266269178954893             6617.572813517508              0.000604032962392938           51.55637221995857              357.0896521424361              251.3005343622963              
46620                          -2222.423302085501             -3809.456730685356             -4934.747361580742             7.300943642871311              -1.853683274628694             -1.863918668624479             6617.028032902227              0.0006870608322613351          51.5544811412567               357.0829571182866              252.1768568414664              
46680                          -1779.244246420336             -3911.188522671935             -5034.279615337574             7.465606380727102              -1.535998171556158             -1.452475795447473             6616.582480555296              0.0007809001143563953          51.55292929434118              357.0759541678662              252.9735478095417              
46740                          -1327.288071662707             -3993.626870947435             -5108.90318887008              7.593398282500618              -1.210832166862226             -1.03397054192963              6616.244872531241              0.0008762618579602374          51.5517471543383               357.0687073714119              253.6807860788649              
46800                          -868.7860950495409             -4056.37070102933              -5158.256041597412             7.683714001319903              -0.8797829356091494            -0.6104640491989273            6616.021782196717              0.0009671718852040225          51.55095783453892              357.0612856428178              254.2906314310085              
46860                          -406.0005046762443             -4099.115625899579             -5182.100495117838             7.736130135073187              -0.5444744575920138            -0.1840389628559247            6615.917515557998              0.001049775220818408           51.55057662985986              357.0537613488197              254.7971454475082              
46920                          58.78660561550012              -4121.655298642934             -5180.324233727646             7.750406643862292              -0.2065494905397916            0.2432102193276211             6615.934031327832              0.001121550347862043           51.55061071827447              357.0462088594552              255.1964736019563              
46980                          523.2842577754457              -4123.88231235512              -5152.940726230524             7.726487550084793              0.1323379745658317             0.6691867760903832             6616.07090704348               0.00118085944319536            51.55105902610032              357.0387030598694              255.4868875376569              
47040                          985.2036388802105              -4105.788647584338             -5100.089071219147             7.664500933513254              0.4705302748815334             1.091801366554263              6616.325351660836              0.00122669404515097            51.55191225955446              357.0313178540084              255.6687870127653              
47100                          1442.26912660386               -4067.465665766356             -5022.03326726362              7.564758224845589              0.8063736368238923             1.508981587585885              6616.692264211569              0.001258524996738754           51.5531531014821               357.0241246911876              255.7446617873611              
47160                          1892.229251546055              -4009.103649216789             -4919.160911320204             7.427752797460701              1.138225728829941              1.918681473921584              6617.164337222819              0.001276206750624141           51.5547565686643               357.017191145691               255.719014141212               
47220                          2332.867553868257              -3930.990888490528             -4791.981329226926             7.254157851148854              1.464463194334922              2.318890925753526              6617.732202800109              0.001279909728969677           51.55669052176372              357.0105795782805              255.5982436697996              
47280                          2762.013291451976              -3833.512318684632             -4641.123143163627             7.044823576979709              1.783489151538788              2.707645045657983              6618.384618476216              0.001270066914481428           51.55891631682898              357.0043459065236              255.3904962273327              
47340                          3177.551956031977              -3717.147707156893             -4467.331282161663             6.800773588999167              2.093740643380539              3.083033362561576              6619.108689200802              0.001247327415071662           51.56138958442609              356.9985385083069              255.1054799749345              
47400                          3577.435550454062              -3582.469397113632             -4271.463444489404             6.523200608236958              2.393696015432471              3.44320891324913               6619.890121172449              0.001212513285637873           51.56406111994634              356.9931972798904              254.754251544452               
47460                          3959.692594372941              -3430.139607568015             -4054.486014859463             6.213461373316896              2.68188220634294               3.786397159931015              6620.713502649367              0.001166577877458501           51.56687786663893              356.9883528662087              254.3489764784899              
47520                          4322.437782373265              -3260.907306274724             -3817.469462557965             5.873070783334589              2.956881898893833              4.110904678347858              6621.562606282821              0.001110565164593146           51.56978397096189              356.9840260779219              253.902668028094               
47580                          4663.881289884734              -3075.604648754647             -3561.583212347613             5.503695230000822              3.217340529158031              4.415127610064028              6622.420707245097              0.001045570226575911           51.5727218891271               356.9802275047996              253.4289094829428              
47640                          4982.33762896429               -2875.143015190776             -3288.090034852041             5.107145155681469              3.461973076777402              4.697559783924833              6623.270910915451              0.0009727015638003095          51.57563352229828              356.9769573321311              252.9415650128449              
47700                          5276.234058180009              -2660.508634321829             -2998.339942710327             4.685366790072871              3.689570632714727              4.956800498676644              6624.096483918092              0.0008930462381341104          51.57846135843007              356.9742053614775              252.454484934211               
47760                          5544.118459511851              -2432.757828583604             -2693.763641654264             4.240433112385364              3.899006668066062              5.191561873167529              6624.881182003001              0.0008076390526001238          51.5811495981374               356.9719512342219              251.9812109490485              
47820                          5784.666652852648              -2193.011891468113             -2375.865552566243             3.774534043348517              4.089242968144986              5.400675719040807              6625.609568435685              0.0007174370755600247          51.58364524308595              356.9701648517561              251.5346876681679              
47880                          5996.689099753095              -1942.451620203199             -2046.216437121263             3.289965900787137              4.25933517932264               5.583099871688249              6626.267316667418              0.0006233007877455044          51.58589912617851              356.9688069828066              251.1269860772873              
47940                          6179.136953442129              -1682.31152849427              -1706.445661343516             2.789120161285212              4.408437918498735              5.737923918864882              6626.841491351306              0.0005259829609453355          51.58786686420949              356.9678300449708              250.769045113293               
48000                          6331.107415055359              -1413.873767044459             -1358.233134978478             2.274471582114923              4.535809396395183              5.864374268828207              6627.320802170823              0.0004261260492620703          51.58950971531647              356.967179044496               250.470436644192               
48060                          6451.848359437186              -1138.461782852334             -1003.300968502876             1.748565749783611              4.640815508373931              5.961818503867634              6627.695825462729              0.0003242683948396658          51.59079532549053              356.9667926556527              250.2391592678614              
48120                          6540.762199167247              -857.4337485331873             -643.4048895671147             1.214006127589815              4.722933351337026              6.029768971647116              6627.959189243305              0.0002208589708364971          51.59169835059193              356.9666044187307              250.0814653052412              
48180                          6597.408957745938              -572.1758002117881             -280.3254697205267             0.6734406935120389             4.781754128258766              6.067885571845977              6628.105717954208              0.0001162800418538643          51.59220094264721              356.9665440337853              250.0017250792016              
48240                          6621.50853116846               -284.0951209233494             84.14079030281525              0.1295482607390723             4.816985410496972              6.075977706521543              6628.132534045922              1.090665174834293e-05          51.5922930917323               356.9665387257236              250.0023314325072              
48300                          6612.942122058233              5.387093260235096              448.1904684303996              -0.4149754230951757            4.828452734623987              6.054005371217954              6628.039114380467              9.504152161672448e-05          51.59197281738236              356.9665146552237              250.083646779206               
48360                          6571.752835821605              294.8427409332045              810.0222664258965              -0.9574316881294542            4.816100517426684              6.00207937350218               6627.827300326374              0.0002010792523074321          51.59124620612577              356.9663983492711              250.2439938551652              
48420                          6498.145435706769              582.8439579550878              1167.846042766024              -1.495132963925023             4.779992282116218              5.920460676965023              6627.501261354435              0.0003068410965192912          51.59012729450018              356.9661181248047              250.479690413219               
48480                          6392.485256498557              867.970259361468               1519.891788000747              -2.025416715176225             4.720310194876336              5.809558875984258              6627.067412861446              0.0004118302635804302          51.58863779960839              356.9656054790535              250.785127076294               
48540                          6255.29629098098               1148.815620477164              1864.418467454266              -2.54565915229115              4.637353923630337              5.669929825603742              6626.534289899318              0.0005154487579949762          51.58680670211136              356.964796420704               251.1528865008013              
48600                          6087.258460363752              1423.995478291662              2199.722707787801              -3.053288657672151             4.531538834795077              5.502272450440261              6625.91237931327               0.0006169836824760509          51.5846696890275               356.9636327169114              251.5739012389677              
48660                          5889.204090902908              1692.153603274746              2524.147265793295              -3.545798814885641             4.403393553075157              5.307424771882412              6625.213913659661              0.0007156026877313332          51.58226846643559              356.9620630325471              252.0376465787895              
48720                          5662.113622694913              1951.968806438138              2836.089236472939              -4.020760960436076             4.253556915579665              5.086359198534456              6624.452630995211              0.0008103580240179894          51.57964995450038              356.9600439397685              252.532364229126               
48780                          5407.110581576758              2202.161446382677              3134.007957719511              -4.47583618355931              4.082774357099491              4.840177131520861              6623.643505301484              0.000900198719210567           51.5768653795467               356.9575407781415              253.0453117060997              
48840                          5125.455849223084              2441.499703418533              3416.432572162587              -4.908786710145338             3.891893767767644              4.57010294110357               6622.802452863723              0.0009839900540398528          51.57396927993886              356.954528348055               253.5630322399584              
48900                          4818.541272456169              2668.805588737263              3681.969208282905              -5.317486615209956             3.681860869106859              4.27747737656565               6621.946020378063              0.00106053924793959            51.57101844433568              356.9509914230613              254.0716391970409              
48960                          4487.882640676311              2882.960670053767              3929.307759020852              -5.699931839106577             3.453714146029328              3.963750458617832              6621.091060850817              0.001128626142911349           51.56807080225081              356.9469250698231              254.5571093556919              
49020                          4135.112098672139              3082.91147041917               4157.228207584641              -6.054249444455128             3.208579397578753              3.630473938022668              6620.254403664958              0.001187037647057425           51.56518428835933              356.942334768251               255.0055787340852              
49080                          3761.970026177172              3267.674532446188              4364.606492524641              -6.378706120761268             2.947663943165093              3.279293366576673              6619.45252515868               0.001234604789840127           51.56241570237353              356.9372363277988              255.4036353180645              
49140                          3370.296406589433              3436.34113681683               4550.419899296374              -6.671715941296337             2.672250511592161              2.911939814850781              6618.701226029294              0.001270241398948574           51.55981958670412              356.9316555995859              255.7386028284136              
49200                          2962.021789182137              3588.081628460446              4713.751926429843              -6.931847318607693             2.383690894462789              2.53022134355338               6618.015321896793              0.001292983644448766           51.55744714465079              356.925627989207               255.998810048316               
49260                          2539.15782857157               3722.149368612497              4853.796647910026              -7.157829221758823             2.08339935780209               2.136014216798624              6617.408352819636              0.001302030067131979           51.55534522043077              356.9191977775691              256.1738408433321              
49320                          2103.787486353454              3837.884279895964              4969.862535940186              -7.348556629511149             1.772845872388558              1.731253935691629              6616.892317426719              0.001296782207919313           51.55355536213332              356.9124172624357              256.2547600607722              
49380                          1658.054925391281              3934.715981373616              5061.375742133724              -7.50309524588007              1.453549181243715              1.317926114102792              6616.477436720615              0.001276886763560767           51.55211298685711              356.905345736558               256.2343114065006              
49440                          1204.155143005821              4012.166503420541              5127.882827335908              -7.620685490247121             1.127069729757699              0.898057228347975              6616.171952107054              0.001242281489851583           51.55104666550098              356.898048322044               256.1070836142408              
49500                          744.3233861787002              4069.852574781966              5169.052933260167              -7.700745775537424             0.7950024779922699             0.4737052649415467             6615.98196155613               0.001193249315843511           51.55037754236687              356.8905946838461              255.8696420521474              
49560                          280.8243911390829              4107.487475235932              5184.679390430013              -7.74287508549155              0.4589696108743971             0.04695028594713523            6615.911297103081              0.001130489162593595           51.55011890205091              356.8830576480345              255.52062334331                
49620                          -184.0585124099753             4124.88244815019               5174.680757897825              -7.746854858120921             0.1206131577502034             -0.3801150736152204            6615.961446140179              0.001055219456894629           51.55027589310572              356.8755117527317              255.0607912814485              
49680                          -648.0343837623657             4121.947667606603              5139.101291302692              -7.712650177433894             -0.2184124630909236            -0.8053951562680138            6616.131518146141              0.0009693445035662428          51.55084541471101              356.8680317613754              254.493052955555               
49740                          -1108.815706962235             4098.692756750456              5078.110837314377              -7.640410271542423             -0.5564479715049356            -1.226800875540952             6616.418257662077              0.0008757401278384293          51.55181616916395              356.8606911686908              253.8224345652507              
49800                          -1564.129453627064             4055.226850830061              4992.00414801947               -7.530468301813504             -0.8918368265318886            -1.642259353787095             6616.816103489266              0.0007787580090266417          51.5531688795818               356.8535607299254              253.0560170905701              
49860                          -2011.72806628744              3991.758206215042              4881.199624223983              -7.38334044050791              -1.222932843891738             -2.04972353114666              6617.317293149754              0.0006850851840386962          51.55487666847592              356.8467070447292              252.2028327849921              
49920                          -2449.400418973643             3908.593346205741              4746.237472245064              -7.199724198037829             -1.548107890822261             -2.447181819269635             6617.912010908261              0.000604944774816741           51.55690558984273              356.8401912233222              251.2737236776074              
49980                          -2874.982613645679             3806.135748942017              4587.777290692025              -6.980495994696712             -1.865759571081765             -2.832667688977561             6618.588576669296              0.0005526124809947343          51.55921530368812              356.8340676639184              250.2811645784232              
50040                          -3286.368626741719             3684.884071626926              4406.595079079782              -6.726707936384376             -2.174318924184563             -3.204269218938451             6619.333672366658              0.0005428878582538138          51.56175987932885              356.828382965456               249.2390530084149              
50100                          -3681.520732658801             3545.429914177273              4203.579677378005              -6.439583772371862             -2.472258094697078             -3.560138547637246             6620.132601643483              0.0005819331012448165          51.56448871089336              356.8231749981166              248.1624698036539              
50160                          -4058.479659993285             3388.455124179842              3979.728642079465              -6.12051400678874              -2.758097944412219             -3.898501191938379             6620.969577931017              0.0006625111212251286          51.56734752626446              356.8184721501471              247.0674140982474              
50220                          -4415.374428485273             3214.728647759359              3736.143568380614              -5.7710501403837               -3.030415569763004             -4.217665182696022             6621.828035421996              0.0007708674862651427          51.57027946881649              356.8142927658595              245.9705176313691              
50280                          -4750.431813904843             3025.102933304107              3474.024871093909              -5.392898024354609             -3.287851681538603             -4.516029961574628             6622.69095690165               0.00089449736185193            51.5732262299174               356.8106447855662              244.8887431651219              
50340                          -5061.985387241298             2820.509897733353              3194.666040450358              -4.987910315575354             -3.529117798655684             -4.792094977090801             6623.541211984802              0.001024257994290894           51.57612920925611              356.8075255939973              243.8390729641251              
50400                          -5348.48407215343              2601.956469707212              2899.447395086801              -4.558078035339756             -3.753003201502018             -5.044467910939472             6624.361899006574              0.00115369005265187            51.5789306796189               356.8049220794581              242.8381929496763              
50460                          -5608.500177738891             2370.519717383236              2589.829345066983              -4.105521225152838             -3.958381596736642             -5.271872473126367             6625.136683691306              0.001278065581196028           51.58157493293852              356.8028109016037              241.9021790713177              
50520                          -5840.736833065408             2127.341594618771              2267.345213060703              -3.632478750677487             -4.144217418330018             -5.473155674294377             6625.850127616684              0.001393754005766226           51.58400938467013              356.8011589618607              241.046191988492               
50580                          -6044.034784785508             1873.623324860562              1933.593640942107              -3.141297282079613             -4.309571713920892             -5.647294512717949             6626.487999711928              0.001497865408031249           51.58618561484075              356.7999240662302              240.284186709373               
50640                          -6217.378524196512             1610.619429086911              1590.230592514197              -2.634419461817955             -4.45360756883829              -5.793402016381593             6627.037564328833              0.001588060977093811           51.588060325569                356.7990557666255              239.6286430244509              
50700                          -6359.90166818527              1339.631459558401              1238.961035777779              -2.114371385625201             -4.575594985530174             -5.910732544984198             6627.487839722058              0.001662455308524561           51.58959619615473              356.7984963638135              239.0903230060385              
50760                          -6470.891575203945             1062.001451875253              881.5303221839948              -1.583749433466732             -4.674915181545436             -5.998686307777679             6627.829821493393              0.001719567750038842           51.59076261941042              356.7981820517288              238.6780606468474              
50820                          -6549.793153364955             779.1051389301787              519.7153211595592              -1.045206554418025             -4.751064251212346             -6.056813035199838             6628.056666202604              0.001758299428458712           51.59153630506711              356.7980441805328              238.3985886310384              
50880                          -6596.211831707205             492.3449653087997              155.3153608865564              -0.5014381052483196            -4.803656149238402             -6.0848147584942               6628.16383117789               0.001777923207641895           51.59190173869789              356.7980106136677              238.2564060390123              
50940                          -6609.915671136759             203.1429439050316              -209.8569700048558             0.04483264658185079            -4.832424961540615             -6.08254766126134              6628.1491674975                0.001778079601733428           51.59185148742672              356.7980071524719              238.2536901791063              
51000                          -6590.836598406874             -87.06660166077859             -573.9851033548655             0.5908692378879898             -4.837226437464075             -6.050022978570322             6628.012964115611              0.001758774946196888           51.59138634660471              356.7979590007671              238.3902545203446              
51060                          -6539.070753576557             -376.8443645128945             -935.2577981138427             1.133936821687934              -4.81803876708737              -5.987406931570227             6627.757942162623              0.001720380179421686           51.59051532465052              356.7977922411132              238.6635537523007              
51120                          -6454.877949049136             -664.753404681511              -1291.878412711626             1.671316949195052              -4.7749625974201               -5.895019698746681             6627.389199536752              0.001663630121946548           51.58925546632586              356.7974352942356              239.0687358401919              
51180                          -6338.680247114068             -949.3664749337332             -1642.074084013133             2.200322196559442              -4.708220292524315             -5.773333439057273             6626.914106987105              0.001589624637839693           51.58763151778443              356.7968203334085              239.5987398311581              
51240                          -6191.059663317361             -1229.273289949485             -1984.104772255871             2.718310540995052              -4.618154448451966             -5.622969387488562             6626.342157913498              0.001499834985493486           51.58567543965721              356.7958846263273              240.2444371752645              
51300                          -6012.755020550071             -1503.087675386641             -2316.272093409532             3.222699337065758              -4.505225689029286             -5.444694066526405             6625.684775145404              0.001396121692507795           51.5834257775                  356.7945717782875              240.9948131941474              
51360                          -5804.657985550802             -1769.454557286665             -2636.927891000556             3.710978794442553              -4.370009778809999             -5.239414666479757             6624.955078866672              0.001280775575750968           51.58092690167396              356.792832852275               241.8371846134096              
51420                          -5567.808297311063             -2027.056781354288             -2944.482534502412             4.180724917854759              -4.213194078207516             -5.008173629135228             6624.167620562031              0.001156603268424297           51.57822813096776              356.7906273435165              242.7574482648497              
51480                          -5303.388254471638             -2274.621678681453             -3237.41284361147              4.629611743128497              -4.035573405555129             -4.752142528402556             6623.338088742404              0.001027096794314674           51.57538275728638              356.7879239890868              243.7403552824944              
51540                          -5012.716482498359             -2510.927377150641             -3514.269638563452             5.055422863380417              -3.838045343621705             -4.472615295918598             6622.482992559015              0.0008967583264521701          51.57244699007392              356.7847013957957              244.7698050632498              
51600                          -4697.241034078466             -2734.808813947904             -3773.684863818414             5.456062166639356              -3.621605049568442             -4.171000871867395             6621.619329939349              0.0007716915424324427          51.56947884129769              356.7809484732571              245.8291524718643              
51660                          -4358.531869850583             -2945.16342314476              -4014.378255350416             5.829563748129894              -3.387339623302006             -3.848815353224524             6620.764247088672              0.0006605391645518752          51.56653697296842              356.7766646626687              246.9015221824257              
51720                          -3998.272769870983             -3140.956473532254             -4235.163523577849             6.174100969989823              -3.136422090108991             -3.507673712167721             6619.934696311198              0.000575343265511492           51.56367953013827              356.7718599558559              247.9701235343164              
51780                          -3618.252727469666             -3321.226035211605             -4434.954028268124             6.487994653768562              -2.870105052158746             -3.149281154889157             6619.147099056041              0.0005300802922242481          51.56096298276861              356.7665547033267              249.0185599878096              
51840                          -3220.356876348377             -3485.087557159779             -4612.767926397233             6.769720403198627              -2.589714059920219             -2.775424185738784             6618.417020901666              0.0005334287871127161          51.55844099983781              356.7607792143534              250.0311270299417              
51900                          -2806.557008174083             -3631.738038285422             -4767.732774806724             7.017915059673904              -2.296640755420588             -2.387961442415877             6617.758864881141              0.0005807451265313529          51.556163378598                356.7545731565071              250.9930932383804              
51960                          -2378.901729082902             -3760.4597817904               -4899.089578091101             7.231382308551656              -1.992335829014499             -1.988814353886316             6617.185589087732              0.0006575074531824342          51.55417505081687              356.7479847661954              251.8909593245507              
52020                          -1939.506289904604             -3870.623726424347             -5006.19627594825              7.409097461589302              -1.678301817116327             -1.579957654275137             6616.708453945592              0.0007489990435149692          51.55251518633251              356.7410698855691              252.7126907944412              
52080                          -1490.542180740708             -3961.692334307759             -5088.530650752311             7.550211417874958              -1.356085803671348             -1.163409832208899             6616.336803950341              0.0008445911579436419          51.55121641255774              356.7338908458324              253.447920176417               
52140                          -1034.226474612898             -4033.222046638445             -5145.692668366887             7.654053855996607              -1.027272008346844             -0.7412234908274178            6616.077887852101              0.0009373862205573761          51.55030416573013              356.7265152186964              254.0881157364629              
52200                          -572.8110486200799             -4084.865283597258             -5177.406231518502             7.720135650570591              -0.6934743431144009            -0.3154757224630687            6615.936720610766              0.001022954879359102           51.54979618751166              356.7190144629081              254.6267138251287              
52260                          -108.5716500159278             -4116.37200312756              -5183.520361793308             7.748150562931901              -0.3563289001315519            0.1117415518780947             6615.915989482818              0.001098411342175663           51.54970217692549              356.7114624925439              255.0592130716495              
52320                          356.2031138068044              -4127.590806190519             -5164.009800290085             7.737976206701012              -0.01748641073734714           0.5383312275622743             6616.01600586255               0.001161871395581322           51.55002360474987              356.7039341972274              255.3832289987795              
52380                          819.2228213302596              -4118.469588023386             -5118.975029215584             7.689674302369788              0.3213953143779079             0.9622006337211221             6616.234703579898              0.001212147160674733           51.55075369385804              356.6965039448423              255.5985083947735              
52440                          1278.206265011997              -4089.055735723886             -5048.641718743721             7.603490230641502              0.6586589448383655             1.381271099237413              6616.567683478484              0.001248570240759758           51.55187756544483              356.6892440978247              255.7069034729211              
52500                          1730.892443035492              -4039.495872604295             -4953.359601073236             7.479851885144293              0.9926551973037036             1.793487475971105              6617.008303255405              0.001270882084491033           51.55337254762551              356.6822235731222              255.7123063649788              
52560                          2175.051458030786              -3970.035148704744             -4833.600775088638             7.319367818962844              1.321750387974777              2.196827591505954              6617.547810702885              0.001279159142661303           51.55520863947985              356.675506475417               255.620545359714               
52620                          2608.495283182157              -3881.016078825405             -4689.957446304757             7.122824675716029              1.644333960481869              2.589311617148508              6618.175517693367              0.001273755799070599           51.55734912039684              356.6691508311439              255.4392445891926              
52680                          3029.088352407859              -3772.876930001788             -4523.139107785785             6.891183891715689              1.9588259736984                2.969011330248981              6618.879011500535              0.001255256130861998           51.55975129162972              356.6632074485158              255.1776499158468              
52740                          3434.757933748599              -3646.149660239948             -4333.969167444031             6.625577650872467              2.263684532850968              3.334059248100259              6619.644399366401              0.001224429863192625           51.56236733437626              356.6577189258218              254.8464238628767              
52800                          3823.504221844586              -3501.457418931691             -4123.381039681924             6.327304088445758              2.557413126219182              3.682657585168649              6620.4565815615                0.001182190270479889           51.56514526631992              356.6527188272285              254.4574135866314              
52860                          4193.410144561144              -3339.511602286404             -3892.413693538978             5.997821701636246              2.838567870218123              4.013087033724408              6621.299547763002              0.00112955315736945            51.56802997714853              356.6482310408153              254.0233958131257              
52920                          4542.65079806799               -3161.108480699807             -3642.206685115099             5.638742974194738              3.105764601011139              4.323715290031452              6622.15669098837               0.001067596909249667           51.57096432173202              356.6442693307812              253.5578036638599              
52980                          4869.502465527289              -2967.125411631711             -3373.99469488028              5.251827213976307              3.357685776777669              4.613005280449419              6623.011133030656              0.0009974241576534313          51.57389024893532              356.6408370910516              253.0744405546366              
53040                          5172.351198483044              -2758.516636789571             -3089.101570140104             4.83897257509886               3.593087169339924              4.879523058216047              6623.846055183185              0.0009201259737036674          51.57674994389868              356.6379273031763              252.5871864550545              
53100                          5449.700881443429              -2536.308694384238             -2788.933917493396             4.402207303783234              3.810804275335542              5.121945285456452              6624.645027774544              0.0008367497561953018          51.57948696113403              356.6355226980845              252.1097026553762              
53160                          5700.180762436903              -2301.595445897045             -2474.974246130653             3.943680188258387              4.009758421671035              5.339066266880431              6625.392332191886              0.0007482721030007645          51.58204732682714              356.6335961165935              251.6551406107092              
53220                          5922.552380115857              -2055.532751258807             -2148.773710060261             3.465650266695179              4.188962497100956              5.529804452960707              6626.073269047381              0.0006555779731798066          51.58438058908805              356.6321110604828              251.2358612360213              
53280                          6115.715845890447              -1799.332820332698             -1811.944487759262             2.970475839825888              4.347526260857574              5.693208353956068              6626.67444645157               0.0005594473157759076          51.58644079636765              356.6310224221261              250.8631702457451              
53340                          6278.715458366648              -1534.25824732289              -1466.151809591263             2.460602799799102              4.484661193526815              5.828461821577505              6627.184042784578              0.0004605500473637484          51.58818738603457              356.6302773774956              250.5470754764801              
53400                          6410.744592870802              -1261.615775265741             -1113.105696926073             1.938552371655486              4.599684827328856              5.934888626013443              6627.592038716323              0.0003594498337740009          51.5895859665442               356.6298164248166              250.2960712666063              
53460                          6511.14983772741               -982.7498237012364             -754.5524570821121             1.406908341442137              4.692024515752715              6.011956283167218              6627.890413897546              0.0002566165678599836          51.59060897900883              356.6295745485108              250.1169549002298              
53520                          6579.43435862328               -699.0357856342534             -392.2659435235285             0.8683037990578895             4.761220612912007              6.059279096713629              6628.073304444581              0.0001524469594404346          51.59123622632382              356.6294824860757              250.0146790322569              
53580                          6615.260445418227              -411.8731828117434             -28.03869715022357             0.3254075866084333             4.806929009858613              6.076620362488568              6628.137118018672              4.729646260203365e-05          51.59145526014531              356.6294680739721              249.9922436412126              
53640                          6618.451245529858              -122.6786707463944             336.3270420390207              -0.2190895401339863            4.828923020920705              6.063893726988634              6628.080604275184              5.854311789790069e-05          51.5912616190621               356.6294576472476              250.050629870645               
53700                          6588.991659912167              167.1210513647531              699.0283813199557              -0.7624889049889054            4.827094591554888              6.021163673789662              6627.90487924218               0.0001646589821158166          51.59065891361041              356.6293774668871              250.1887772793079              
