ElapsedS                       Sat.EarthMJ2000Eq.X            Sat.EarthMJ2000Eq.Y            Sat.EarthMJ2000Eq.Z            Sat.EarthMJ2000Eq.VX           Sat.EarthMJ2000Eq.VY           Sat.EarthMJ2000Eq.VZ           Sat.Earth.SMA                  Sat.Earth.ECC                  Sat.EarthMJ2000Eq.INC          Sat.EarthMJ2000Eq.RAAN         Sat.Earth.Altitude             
0                              6628.137                       0                              0                              0                              4.8169050670943                6.077421678863729              6628.137000000001              1.181527691164928e-16          51.59999999999999              0                              250.0001381310667              
ElapsedS                       Sat.EarthMJ2000Eq.X            Sat.EarthMJ2000Eq.Y            Sat.EarthMJ2000Eq.Z            Sat.EarthMJ2000Eq.VX           Sat.EarthMJ2000Eq.VY           Sat.EarthMJ2000Eq.VZ           Sat.Earth.SMA                  Sat.Earth.ECC                  Sat.EarthMJ2000Eq.INC          Sat.EarthMJ2000Eq.RAAN         Sat.Earth.Altitude             
60                             6611.787671546511              288.7766181111473              364.3441690086502              -0.5447519838793012            4.805022966085025              6.062373600364396              6628.059866894983              0.0001056624078292475          51.59974042484284              359.9999852615817              250.0465015750042              
120                            6562.820822978305              576.128601069241               726.8848023969612              -1.086801389184038             4.769437077502486              6.017329059388378              6627.862771419929              0.0002111931899340513          51.59907143237738              359.9998919613629              250.1725222411333              
180                            6481.479295543259              860.6384783300695              1085.828157107245              -1.623462198795016             4.710325655145879              5.942514541919283              6627.549721789909              0.0003162044781436334          51.59800628844823              359.9996478631322              250.3750787474728              
240                            6368.166316313459              1140.903007397239              1439.398562482524              -2.152076546273817             4.627984480797889              5.838305678409053              6627.127070846128              0.0004202329723569666          51.59656597045186              359.9991838839388              250.6491077392584              
300                            6223.443395797041              1415.540176893605              1785.847306943326              -2.670028448056153             4.522825132650035              5.705225035958828              6626.603379449663              0.0005227164590892869          51.59477873381297              359.9984353485037              250.987710839112               
360                            6048.027410912659              1683.196085954796              2123.461367060739              -3.174757209346514             4.395372598783625              5.543939078427163              6625.989232700379              0.0006229784889190881          51.5926795426976               359.9973432425649              251.3823004639044              
420                            5842.786896377215              1942.551660851053              2450.571929369729              -3.663770407784149             4.246262266865952              5.355254334185755              6625.297013508723              0.0007202222481696136          51.59030937714001              359.9958553203293              251.8227812742825              
480                            5608.737566545552              2192.329178924159              2765.562666870593              -4.134656382193655             4.076236323219463              5.140112813763431              6624.54063911479               0.0008135338642255385          51.58771443056366              359.9939270919674              252.2977633054807              
540                            5347.037120320339              2431.298543438937              3066.877698788921              -4.585096110515132             3.886139618399989              4.899586749934639              6623.735266928964              0.0009018946847409476          51.58494521348833              359.9915226558294              252.7948021337961              
600                            5058.979334533325              2658.283315381691              3353.029240929303              -5.012874485926211             3.676915022921836              4.634872690398041              6622.896976514574              0.0009842015691177823          51.58205557989998              359.9886153695494              253.3006610661696              
660                            4745.987504371075              2872.166446025772              3622.604875516635              -5.415890890447086             3.449598335397998              4.347285022077544              6622.042435935968              0.001059293799293686           51.57910169444315              359.9851883464706              253.8015897532532              
720                            4409.607282009984              3071.89568421539               3874.274407459894              -5.792169028895869             3.205312798440618              4.038248997246521              6621.188559896254              0.001125985108880522           51.5761409589895               359.9812347706576              254.2836136120823              
780                            4051.498938246618              3256.48865141295               4106.79629805929               -6.139866028412333             2.945263256415997              3.709293304769851              6620.3521672509                0.001183099317777234           51.57323091737854              359.9767580243508              254.7328281231139              
840                            3673.429103341635              3425.037554829152              4319.02363854637               -6.457280771266438             2.670730009003276              3.362042254858515              6619.549645364704              0.001229508165342639           51.57042815770335              359.9717716267367              255.1356922369805              
900                            3277.262030909225              3576.713523675889              4509.909644427196              -6.742861460459834             2.383062401890219              2.998207629740018              6618.79662826831               0.001264170162896429           51.56778723137623              359.9662989839836              255.479315108204               
960                            2864.950430830955              3710.770553956939              4678.512652088047              -6.995212420947182             2.083672193446578              2.619580249481818              6618.107694948028              0.001286169604718631           51.56535960804897              359.9603729545183              255.751730711173               
1020                           2438.525916836216              3826.549049408786              4824.000601908263              -7.21310014453025              1.774026731723441              2.228021296503686              6617.496093360619              0.001294755300662696           51.56319268502029              359.9540352365645              255.9421550994794              
1080                           2000.089113802913              3923.478948124496              4945.654994559662              -7.395458589651531             1.455641971446642              1.825453436396339              6616.973494922797              0.001289379172751165           51.56132886912484              359.9473355869274              256.0412215087945              
1140                           1551.799469113056              4001.082426035804              5042.87430925456               -7.541393748508361             1.130075356120196              1.413851766909522              6616.549783340256              0.001269735691588034           51.55980474818904              359.9403308842774              256.0411889292263              
1200                           1095.864812740069              4058.97616969541               5115.176874315152              -7.650187493089904             0.7989185869701485             0.9952346227053385             6616.23288074312               0.001235804419997734           51.55865036797427              359.9330840518846              255.9361202719456              
1260                           634.530704937883               4096.873212640203              5162.203182759586              -7.721300710889208             0.4637902931573434             0.5716542542655799             6616.028613209527              0.001187900071587232           51.55788862906039              359.9256628581759              255.7220268000801              
1320                           170.0696137501196              4114.584329063849              5183.71764491977               -7.754375734833648             0.1263286176982149             0.1451873993906823             6615.94061693524               0.001126738237405432           51.55753481639704              359.918138616132               255.3969760685395              
1380                           -295.2300068955296             4112.018980084365              5179.609772139816              -7.749238069164872             -0.2118162474006953            -0.2820742101407496            6615.970285538518              0.001053531745030954           51.55759627217031              359.9105848049946              254.9611612628723              
1440                           -759.0747659909622             4089.185811583079              5149.894790099814              -7.705897413801127             -0.5489896155759623            -0.7080334554842406            6616.116758287841              0.0009701451547858631          51.55807222019751              359.9030756388247              254.4169303695389              
1500                           -1219.177394224441             4046.192695495033              5094.713671629886              -7.624547970287802             -0.8835398837040619            -1.130597467459856             6616.37694848633               0.0008793574570184623          51.55895374755096              359.8956846101752              253.7687744644427              
1560                           -1673.267790280061             3983.24631811239               5014.332593484473              -7.505568028426587             -1.213826135647349             -1.54768729523564              6616.745610667155              0.0007853181991123588          51.5602239459533               359.8884830369575              253.023274829774               
1620                           -2119.104049340038             3900.651308951864              4909.141808890063              -7.34951880823311              -1.538225784523697             -1.957247623139408             6617.215444896156              0.0006943077044212408          51.56185821255688              359.881538641184               252.1890095899771              
1680                           -2554.483385687634             3798.808911226917              4779.653937324415              -7.157142541041393             -1.85514220475394              -2.357256473243608             6617.777236045623              0.000615775092261106           51.56382470627257              359.8749141893484              251.2764210081586              
1740                           -2977.252907665549             3678.215197585804              4626.50167624007               -6.929359774232657             -2.163012336173276             -2.745734870787518             6618.420025589823              0.0005627973679923281          51.56608495240597              359.8686662231968              250.2976455330727              
1800                           -3385.320222064772             3539.458827595624              4450.434930369547              -6.667265867086636             -2.460314253311707             -3.120756463089838             6619.131313209888              0.000549209845368598           51.56859458515693              359.8628439078257              249.2663091997474              
1860                           -3776.66379269564              3383.218356090418              4252.317370350721              -6.372126666636949             -2.745574651648829             -3.480457030429683             6619.897285152932              0.0005817760844221763          51.57130421407317              359.857488022875               248.1972918408192              
1920                           -4149.343028122683             3210.259089953185              4033.122417764481              -6.045373329103468             -3.017376235753236             -3.823043869122458             6620.703066065887              0.0006551390962651111          51.57416039776663              359.8526301191122              247.1064640953955              
1980                           -4501.508012397157             3021.429514275275              3793.928683359458              -5.688596296174754             -3.274364946070972             -4.1468049662727               6621.532990612644              0.0007569394957792737          51.57710670512491              359.848291860119               246.0104020056815              
2040                           -4831.408866508366             2817.657282495779              3535.914851862191              -5.303538386204757             -3.515257011320893             -4.450117948976694             6622.370890845066              0.0008751327753860292          51.58008484246002              359.8444845639243              244.9260843386519              
2100                           -5137.404657959549             2599.944795627879              3260.354045479662              -4.892087019732728             -3.738845758666365             -4.731458721677892             6623.200394876635              0.001000597037170683           51.58303582278273              359.8412089558695              243.8705784189033              
2160                           -5417.971822838666             2369.36437859225               2968.607676564471              -4.456265569484898             -3.94400814492079              -4.989409744636299             6624.005232917038              0.001126794327363244           51.58590115263854              359.8384551384949              242.8607206714287              
2220                           -5671.712043464258             2127.0530735851                2662.11881503141               -3.998223850821205             -4.129710953312959             -5.222667882884965             6624.769545493668              0.001248921238334542           51.5886240111718               359.8362027797883              241.9127980691483              
2280                           -5897.359527890819             1874.207074798266              2342.405101685537              -3.520227781590337             -4.295016600084689             -5.430051754816501             6625.478188539195              0.001363286623631              51.59115039618231              359.8344215159624              241.0422372559206              
2340                           -6093.787645755049             1612.075827153846              2011.051236545916              -3.024648242526662             -4.439088498920984             -5.610508514297115             6626.117029209643              0.001466945739059367           51.59343021265212              359.8330715600987              240.2633076995517              
2400                           -6260.014872956236             1341.955817817329              1669.701078986884              -2.513949187129044             -4.561195928444554             -5.763119996842205             6626.673226554509              0.001557500822097643           51.59541828058099              359.8321045033485              239.5888453437938              
2460                           -6395.210001906568             1065.184091867934              1320.049399829448              -1.990675061852228             -4.660718350955896             -5.887108164315904             6627.135492859688              0.001632997003893922           51.59707524130091              359.8314642908742              239.030002678368               
2520                           -6498.696578084309             783.131526556439               963.8333293752883              -1.457437609165629             -4.737149132867039             -5.981839785489771             6627.494328944511              0.001691870568482869           51.59836834343879              359.8310883513964              238.596030820102               
2580                           -6569.956528351522             497.1959014212672              602.8235489630758              -0.9169021384386069            -4.790098621961665             -6.046830295886406             6627.742227915037              0.001732925465775773           51.59927209273023              359.8309088559164              238.2940984448733              
2640                           -6608.632951936122             208.7948040573211              238.8152768047418              -0.3717733607416924            -4.819296542415338             -6.081746787789346             6627.873842311302              0.001755324635352116           51.59976875307508              359.8308540787431              238.1291516419187              
2700                           -6614.532050979529             -80.64158829564202             -126.3809006849067             0.1752191099369195             -4.82459367552567              -6.08641009027082              6627.886110118215              0.001758588594168158           51.59984868961655              359.830849832175               238.1038178460831              
2760                           -6587.624184151377             -369.6777987797381             -490.9482852306815             0.7213354583442952             -4.805962802269509             -6.060795909593843             6627.778335848363              0.001742597120395183           51.59951054812969              359.8308209451961              238.2183559786763              
2820                           -6528.044034976917             -656.8803854068174             -853.0733759713301             1.263840486211326              -4.763498893856512             -6.005035012954678             6627.552223811339              0.001707591981829474           51.59876126852146              359.8306927562052              238.4706538476976              
2880                           -6436.089890747507             -940.8252579806662             -1210.955152950884             1.800018392748504              -4.69741854390237              -5.919412448264247             6627.211861722238              0.001654180230190419           51.59761593362328              359.830392589977               238.8562727739964              
2940                           -6312.222037914879             -1220.104940869378             -1562.814288262146             2.327187410557999              -4.60805864801243              -5.804365807920761             6626.763653970209              0.00158333910583388            51.59609745773705              359.8298511901625              239.368538249877               
3000                           -6157.060288387788             -1493.335730611783             -1906.902220118754             2.84271416398277               -4.49587434754214              -5.660482558543992             6626.216205116079              0.001496425537031356           51.59423612247127              359.8290040798219              239.9986744759399              
3060                           -5971.380654248164             -1759.164712119387             -2241.510043807259             3.344027647611889              -4.361436261243743             -5.488496467309852             6625.580155425417              0.001395196228825819           51.59206897003943              359.8277928245321              240.735979499379               
3120                           -5756.111198349983             -2016.276587246154             -2564.977160928113             3.828632708210066              -4.205427039932557             -5.289283170056712             6624.867971530312              0.001281849607464659           51.5896390667822               359.8261661746607              241.5680369498577              
3180                           -5512.327093319932             -2263.400277370517             -2875.69963830967              4.294122934026552              -4.028637286590785             -5.06385493545122              6624.093696487185              0.001159110634445079           51.58699465172752              359.8240810660823              242.4809595047382              
3240                           -5241.244927155709             -2499.315263364492             -3172.138230209238             4.738192865708055              -3.831960891200255             -4.813354688155314             6623.272664597594              0.001030397851093776           51.58418818687546              359.8215034612786              243.4596586673661              
3300                           -4944.216298358761             -2722.85762944677              -3452.82602139776              5.158649456766533              -3.616389834804741             -4.539049360453105             6622.421187301078              0.000900144862305477           51.58127532739675              359.8184090156817              244.4881349876778              
3360                           -4622.720750837222             -2932.925778721265             -3716.375650426354             5.553422722322828              -3.383008523275213             -4.242322649288363             6621.556217223629              0.0007743940781539028          51.57831383117728              359.8147835574192              245.5497825448565              
3420                           -4278.358079962325             -3128.485805486534             -3961.486094113855             5.920575555680614              -3.132987697100032             -3.924667237584375             6620.69499796724               0.0006617674840101422          51.57536242786766              359.8106233712997              246.6277014672942              
3480                           -3912.840100916999             -3308.576475243187             -4186.948951495258             6.258312636069614              -2.867578005317567             -3.587676591778515             6619.854707718267              0.0005744573128538231          51.57247966876236              359.8059352821523              247.7050121026414              
3540                           -3527.981891234842             -3472.313821995593             -4391.654239148777             6.564988468378894              -2.588103271566815             -3.233036370954913             6619.052104637408              0.0005270168833194473          51.56972277842085              359.8007365348756              248.7651648051278              
3600                           -3125.692583979803             -3618.895330178575             -4574.595656808682             6.839114522283067              -2.295953523551838             -2.862515538029824             6618.303182045702              0.0005290874780347494          51.56714652964509              359.7950544728414              249.7922395071946              
3660                           -2707.965758632912             -3747.603692921935             -4734.875312817777             7.079365488629835              -1.992577831654925             -2.477957230897215             6617.622841009469              0.0005765615972202834          51.56480216288761              359.7889260194544              250.771229529134               
3720                           -2276.869476764201             -3857.810137591075             -4871.707898010208             7.284584672439337              -1.67947699768264              -2.081269445440509             6617.024587390027              0.0006546379931437286          51.5627363707039               359.7823969711608              251.6883046641397              
3780                           -1834.536023573145             -3948.977307267401             -4984.42429383353              7.453788538849836              -1.358196139911725             -1.674415588882916             6616.520259743512              0.0007480849976145517          51.56099036707473              359.775521113944               252.5310489679268              
3840                           -1383.15141135259              -4020.661693443104             -5072.474608857839             7.586170440187106              -1.030317211955477             -1.259404950983314             6616.119793573726              0.0008459082345209611          51.5595990601532               359.7683591788359              253.2886693174587              
3900                           -924.9446677376623             -4072.515621811492             -5135.430645997986             7.681103562256134              -0.6974514641177315            -0.8382831040935809            6615.831026438492              0.0009409954501736503          51.55859034531953              359.7609776547039              253.9521713975237              
3960                           -462.1769778200363             -4104.288783068671             -5172.987790459471             7.738143105569606              -0.3612318852053963            -0.413122280263979             6615.659547444719              0.001028783939507947           51.55798453370585              359.7534474806213              254.5145003315265              
4020                           2.86928370403092               -4115.829310210925             -5184.966320343423             7.757027729861401              -0.02330563526883993           0.01398826118880667            6615.608593530149              0.001106293587523502           51.55779392888822              359.7458426423208              254.970643832864               
4080                           467.9015854291811              -4107.084401888004             -5171.312139485676             7.737680280456808              0.3146735166709829             0.4409518576148425             6615.678993912516              0.00117156611019318            51.55802256181077              359.7382387001466              255.3176963827573              
4140                           930.6282945310463              -4078.100492438065             -5132.096933462456             7.680207810167028              0.6510527393524858             0.8656740447796252             6615.869163064482              0.001223352342600128           51.55866609099058              359.7307112776714              255.5548835707741              
4200                           1388.769712440054              -4029.022969816868             -5067.517750459986             7.584900904254642              0.984187661243287              1.286072124356902              6616.175141628612              0.001260932694261669           51.55971187174899              359.7233345418526              255.6835463650359              
4260                           1840.06905213891               -3960.095442652299             -4977.896008739677             7.452232308807132              1.312449860798785              1.700084687873165              6616.590683798141              0.001284006777037271           51.56113919470189              359.7161797061455              255.7070857311819              
4320                           2282.303292941743              -3871.658562750928             -4863.675939043364             7.282854865712276              1.634234298556573              2.105681063146446              6617.107388822902              0.001292618639112033           51.56291968998742              359.7093135886013              255.6308686388347              
4380                           2713.293944903102              -3764.148392295023             -4725.422448186123             7.077598718356893              1.947966732777685              2.500870735126424              6617.714873632066              0.001287100126610186           51.56501789036325              359.7027972547167              255.462097137196               
4440                           3130.917538003201              -3638.094346482739             -4563.818443791105             6.837467826346822              2.252110999831021              2.883712590626836              6618.400982636179              0.001268023235630206           51.56739194183314              359.6966847767384              255.2096428247614              
4500                           3533.115953499847              -3494.116686424225             -4379.661587783306             6.563635715978788              2.545176257187971              3.252324109540883              6619.152030515892              0.001236156734634925           51.56999444813932              359.6910221340596              254.8838495740838              
4560                           3917.906455464689              -3332.92358362842              -4173.860506534857             6.257440479408331              2.825724094551869              3.604890382579454              6619.953073051562              0.001192424735166893           51.57277343131735              359.6858462805424              254.4963081765409              
4620                           4283.391384913105              -3155.307768040808             -3947.43047316219              5.920379015437132              3.09237549061191               3.939672926398646              6620.788200737139              0.001137866274886792           51.57567338795906              359.6811843990872              254.059606749136               
4680                           4627.767499219945              -2962.142758936203             -3701.488561411909             5.554100480476132              3.343817603745697              4.255018280522571              6621.640849706327              0.001073595796882343           51.57863641873384              359.6770533593412              253.5870618109711              
4740                           4949.334891459096              -2754.378695746836             -3437.248293339452             5.160398952987231              3.578810346040961              4.549366321490533              6622.494124201367              0.001000764947252655           51.58160340667575              359.6734593904225              253.0924348535882              
4800                           5246.505445929264              -2533.037781891699             -3156.013797827941             4.741205309159168              3.796192702077704              4.821258244905969              6623.331124718177              0.0009205264684950592          51.58451521870484              359.6703979751741              252.5896400134043              
4860                           5517.81078272943               -2299.209358238712             -2859.173501552654             4.298578317597801              3.994888748104544              5.069344158841357              6624.135275894725              0.0008340012180019177          51.5873139043663               359.6678539673476              252.0924485753185              
4920                           5761.909644989973              -2054.04462556664              -2548.193377478492             3.834694970188878              4.173913324956735              5.292390229282651              6624.890648221125              0.0007422495079786258          51.58994386597042              359.6658019279402              251.6141962704132              
4980                           5977.594683507808              -1798.75103848638              -2224.609779904649             3.351840077113164              4.332377316655723              5.489285316657723              6625.582267733003              0.0006462480615434476          51.59235297518276              359.6642066719501              251.1674994222294              
5040                           6163.798596375179              -1534.586395237936             -1890.021897548269             2.85239516322905               4.469492487135038              5.659047043270018              6626.196408013996              0.0005468739395503214          51.59449361262507              359.6630240120564              250.7639859037963              
5100                           6319.599582284919              -1262.8526522193               -1546.083861776818             2.338826717306406              4.584575827480379              5.800827231565701              6626.720859068199              0.0004448969610148387          51.59632360909949              359.6622016814866              250.4140466877916              
5160                           6444.226071957563              -984.8894910919225             -1194.496545801341             1.813673849662042              4.677053370196547              5.913916658486684              6627.1451679541                0.0003409831356006474          51.59780706963135              359.6616804147339              250.1266134027328              
5220                           6537.060701306391              -702.0676764208948             -836.9991034221421             1.27953543871634               4.746463427026084              5.997749071442793              6627.460846471332              0.0002357178532325727          51.5989150644377               359.6613951615888              249.9089668056404              
5280                           6597.643499229037              -415.7822432072537             -475.3602976270727             0.7390568550905905             4.792459214988786              6.051904421872334              6627.661541704185              0.0001297131619123717          51.59962617421418              359.6612764077304              249.7665805050028              
5340                           6625.674272168942              -127.4455326582939             -111.3696427674244             0.1949163171004623             4.814810844276077              6.076111283523418              6627.743165848218              2.606331656997089e-05          51.59992688065914              359.6612515733629              249.7030033512638              
5400                           6621.014158743152              161.5198620977769              253.1715611950501              -0.350188982520787             4.813406637604116              6.070248418180786              6627.703982358516              8.610036502609608e-05          51.59981179641902              359.6612464606563              249.7197832727334              
5460                           6583.686348034244              449.6882113567987              616.459265300007               -0.8935568975191228            4.788253768804653              6.034345474198719              6627.544646306244              0.00019237103856348            51.5992837323875               359.6611867203501              249.816434182434               
5520                           6513.875954974566              735.6377818292208              976.6957238108258              -1.432494386294548             4.739478211781375              5.968582807686491              6627.268197629979              0.0002985196842036068          51.59835360350551              359.6609993084992              249.9904467111028              
5580                           6411.929053803852              1017.957945868346              1332.098509401486              -1.964331500097291             4.667324000260172              5.873290427984674              6626.880006896323              0.0004037506508846648          51.59704017744063              359.6606139052681              250.2373424555908              
5640                           6278.350876993498              1295.256225810116              1680.909439084997              -2.486435195143577             4.572151807286057              5.748946079870791              6626.387674137551              0.0005074760839147566          51.59536967342838              359.6599642692547              250.5507704459224              
5700                           6113.803194655991              1566.165231078106              2021.403357200951              -2.996222862214498             4.454436862706636              5.596172486700417              6625.800882323853              0.0006090463084029362          51.59337522118758              359.6589895028168              250.9226435655328              
5760                           5919.100886526788              1829.34946073149               2351.896740733778              -3.491175498820061             4.31476622832453               5.415733780282778              6625.131207987636              0.000707709196977648           51.5910961920065               359.6576352060821              251.343311802395               
5820                           5695.207750501136              2083.51190453043               2670.756042543788              -3.968850378930638             4.15383547632325               5.208531176607933              6624.391892591205              0.0008026010749010312          51.58857741635644              359.655854500036               251.8017683513945              
5880                           5443.2315481449                2327.400452322064              2976.405784577279              -4.426893225061798             3.972444787824966              4.975597919026929              6623.597578931696              0.0008927511159206231          51.58586830340601              359.6536089015385              252.2858840657309              
5940                           5164.418362700852              2559.814026186093              3267.3362934293                -4.863049714239637             3.771494543903309              4.718093581927866              6622.764017610007              0.0009770954321103456          51.58302187986145              359.6508690363495              252.7826649829158              
6000                           4860.14626188113               2779.60845875638               3542.111107479308              -5.275176361251151             3.551980422718747              4.437297752157352              6621.907749988247              0.001054499087142662           51.58009376571323              359.6476151786488              253.2785275651913              
6060                           4531.918337480975              2985.702053244103              3799.373974596831              -5.661250664112205             3.314988073432708              4.134603178663548              6621.045774223002              0.00112378455755805            51.57714110588535              359.6438376090043              253.7595857632841              
6120                           4181.355167234685              3177.080807536575              4037.855418334171              -6.019380491542725             3.061687417447233              3.811508454645471              6620.195201259332              0.001183765229630993           51.57422147686222              359.6395367854576              254.2119440393299              
6180                           3810.186729385298              3352.803291996404              4256.37885956219               -6.347812712067649             2.793326614769338              3.469610280193374              6619.372908098124              0.001233282559651839           51.57139178746017              359.6347233252429              254.6219905075286              
6240                           3420.24382224703               3512.005156399892              4453.866262804564              -6.644941043180596             2.511225746205236              3.110595369856911              6618.595195795366              0.001271245644836551           51.56870719309025              359.6294177976718              254.9766844291353              
6300                           3013.449036168754              3653.903250006463              4629.343287293666              -6.909313119392677             2.216770255047997              2.736232060497509              6617.877459542328              0.001296672175473405           51.56622004258333              359.623650331729               255.2638326188089              
6360                           2591.807326681606              3777.799341041673              4781.943925688405              -7.139636785245893             1.911404188846256              2.348361670806504              6617.233877918718              0.001308730071718664           51.56397887617815              359.6174600447483              255.47234951066                
6420                           2157.396232139279              3883.083425931959              4910.914618476922              -7.334785628356697             1.596623273429371              1.948889653166162              6616.677127937393              0.00130677960549428            51.56202749260446              359.6108943014698              255.5924962036024              
6480                           1712.355781809465              3969.236618702992              5015.617832214735              -7.493803767460697             1.273967848728925              1.539776575187407              6616.218131908208              0.001290416552244474           51.56040410229799              359.6040078156303              255.6160941207208              
6540                           1258.878138609648              4035.833612988803              5095.535092313258              -7.615909912344217             0.9450156901990129             1.123028961004623              6615.865841375539              0.001259518101030816           51.55914058264403              359.5968616090548              255.5367094842049              
6600                           799.1970196891555              4082.544710379679              5150.269462712847              -7.700500711478907             0.6113747348117534             0.7006900163321876             6615.627062499658              0.001214295219555001           51.55826184972712              359.5895218459888              255.3498053170943              
6660                           335.5769332862035              4109.137409984481              5179.547466191276              -7.747153400424923             0.2746757235868812             0.2748302524683501             6615.506326267582              0.001155358601884907           51.55778535936027              359.582058562855               255.0528582387988              
6720                           -129.697701993683              4115.47755373647               5183.220438891675              -7.755627757586517             -0.06343521005625463           -0.1524619535807988            6615.505805869772              0.001083811529800146           51.55772074819172              359.5745443165279              254.6454379184615              
6780                           -594.333578818118              4101.530026508545              5161.265317566877              -7.725867374906167             -0.4013040437499998            -0.5790899102046824            6615.625282477111              0.001001394368713169           51.55806962332489              359.5670527748537              254.1292475544105              
6840                           -1056.039530671597             4067.359002965656              5113.784850492691              -7.658000231427263             -0.7372763864225788            -1.002958178321484             6615.86215959783               0.0009107260648640864          51.55882550644512              359.5596572773806              253.5081245450083              
6900                           -1512.537597996346             4013.127743029757              5041.007234083944              -7.552338567702734             -1.069705057654192             -1.421982207637644             6616.211525078677              0.0008157214745260536          51.55997393543883              359.5524293929925              252.7880008733327              
6960                           -1961.574062594761             3939.097931390726              4943.285170034857              -7.409378040399024             -1.396957696903228             -1.834098004489964             6616.666258862778              0.0007222957672052784          51.56149272357003              359.545437503408               251.9768235803558              
7020                           -2400.930415527749             3845.628558263263              4821.094339750566              -7.229796132905409             -1.717424395681952             -2.237271821843241             6617.217183671434              0.0006393836783826207          51.56335237305293              359.5387454411801              251.084436318848               
7080                           -2828.434192489156             3733.174344522252              4675.03130065215               -7.014449803511615             -2.029525320085309             -2.629509829586023             6617.853254929509              0.0005796520835463644          51.56551663646829              359.532411210749               250.1224234457914              
7140                           -3241.96965423395              3602.283708524226              4505.810801202969              -6.764372336922342             -2.331718319285984             -3.008867758715195             6618.561785602697              0.0005574840146345245          51.56794321633522              359.5264858192829              249.1039191636528              
7200                           -3639.488251225622             3453.59627806105               4314.262519651957              -6.480769373623816             -2.622506483549147             -3.373460472543202             6619.328700990871              0.0005817323443799946          51.57058458987642              359.5210122427158              248.0433844717963              
7260                           -4019.01882470083              3287.839951106999              4101.327231675386              -6.165014090295444             -2.90044562046803              -3.721471424524801             6620.138818100645              0.0006491457404911416          51.57338894307188              359.5160245496252              246.9563556723579              
7320                           -4378.677492516487             3105.827511395317              3868.05241517188               -5.818641508850648             -3.164151610875414             -4.051161953173353             6620.976143900548              0.0007478496193283217          51.57630119542099              359.5115472024505              245.8591686675763              
7380                           -4716.677166969892             2908.452807331125              3615.587303635562              -5.443341917692808             -3.412307600686545             -4.360880358019818             6621.824186531397              0.0008652061574766811          51.57926409455474              359.507594551805               244.768663918373               
7440                           -5031.336653418534             2696.686503784624              3345.177400865477              -5.04095339334092              -3.643670982036292             -4.649070696955647             6622.666273256509              0.0009913795429977547          51.58221935803373              359.5041705354495              243.7018774927747              
7500                           -5321.089260186101             2471.571432302522              3058.158490178569              -4.613453445186844             -3.857080100162621             -4.914281224334943             6623.485869710595              0.001119315906903477           51.58510883832519              359.5012685890132              242.67572412544                
7560                           -5584.490911115193             2234.217525278303              2755.950120241857              -4.162949734849644             -4.051460664224611             -5.155172441235815             6624.266895011378              0.001243885318066171           51.58787568688877              359.4988717701873              241.7066783954615              
7620                           -5820.227637216056             1985.796405760069              2440.048659538766              -3.691669990681532             -4.225831753254667             -5.370524621146052             6624.994026814305              0.001361195364970937           51.59046549211116              359.4969530945882              240.8104607356108              
7680                           -6027.122463281175             1727.535610929723              2112.019891935067              -3.201951066264812             -4.379311409376244             -5.559244800148387             6625.652991064658              0.001468175839930439           51.59282736772363              359.4954760752829              240.0017346463092              
7740                           -6204.141610537639             1460.712495147245              1773.491212433436              -2.696227226952                -4.511121739636835             -5.720373132669435             6626.230830537143              0.00156234823658578            51.59491496845724              359.494395454555               239.2938216930797              
7800                           -6350.399969516994             1186.647849225496              1426.143470252388              -2.177017738139475             -4.620593472834058             -5.853088545579032             6626.716149559162              0.00164170250855969            51.59668741219029              359.4936581116381              238.6984406621923              
7860                           -6465.165811455761             906.6992613013163              1071.702491977152              -1.646913812983373             -4.707169928139788             -5.956713636417513             6627.099330246824              0.00170463303314881            51.5981100898713               359.4932041266975              238.2254765464377              
7920                           -6547.864699925684             622.2542576519265              711.9303339983682              -1.108565007908191             -4.770410348887176             -6.030718757583736             6627.372716325547              0.001749906692447456           51.59915534701149              359.4929679782617              237.8827848439714              
7980                           -6598.08257168875              334.7232639973063              348.6163161545277              -0.5646651638074408            -4.809992562358277             -6.07472523798046              6627.530761474864              0.001776648103876511           51.59980302368416              359.4928798487433              237.6760355621891              
8040                           -6615.567962950967             45.53242823515052              -16.4321110644163              -0.01793799609829558           -4.825714934272881             -6.088507703669994             6627.570139552829              0.001784333692370036           51.60004084311613              359.4928670107927              237.6086006516998              
8100                           -6600.233363242136             -243.8836523194293             -381.3986107773213             0.5288775555254641             -4.817497594201276             -6.071995468767608             6627.489814582875              0.001772790054490044           51.59986464232151              359.4928552661015              237.68148748776                
8160                           -6552.155685955576             -532.0892549421458             -744.4672590562727             1.073042101932143              -4.785382916599639             -6.025272978631978             6627.291068937046              0.00174219432785985            51.59927844157256              359.4927704077506              237.8933199500871              
8220                           -6471.575851343086             -817.654862664592              -1103.831843254628             1.611830587019886              -4.729535250907633             -5.948579298532212             6626.977488742277              0.00169307585305601            51.59829435278746              359.4925396773048              238.2403675051401              
8280                           -6358.897486773702             -1099.164452643571             -1457.705095935514             2.142546949429133              -4.650239904636885             -5.842306654408715             6626.554906181903              0.001626319813526725           51.59693233009356              359.4920931885621              238.7166215300176              
8340                           -6214.684752053212             -1375.222707500923             -1804.327820896955             2.662538565637157              -4.54790138973417              -5.706998040069597             6626.031299027969              0.001543175198021746           51.59521976871574              359.4913652910654              239.3139170007444              
8400                           -6039.659304136919             -1644.462102761898             -2141.977851934502             3.169210354774692              -4.423040951059408             -5.543343916249414             6625.416648465602              0.001445271919797861           51.59319096103972              359.4902958480369              240.0220966359375              
8460                           -5834.696440650124             -1905.549806498149             -2468.978763816041             3.66003839688261               -4.276293417610608             -5.352178054852241             6624.722757096559              0.001334656198314515           51.59088642132995              359.4888314055494              240.8292134535195              
8520                           -5600.82042894463              -2157.194392843591             -2783.708337301869             4.132583044238799              -4.108403397245877             -5.134472555113759             6623.963029665586              0.001213861080048126           51.58835209228715              359.4869262317773              241.7217672201896              
8580                           -5339.199074111631             -2398.152297081531             -3084.606687279272             4.584501371576823              -3.920220871700052             -4.891332105493898             6623.152219998379              0.001086043579196672           51.58563844889461              359.4845432078693              242.6849691450025              
8640                           -5051.137559708819             -2627.233991924931             -3370.184028385189             5.013558915249723              -3.712696236946238             -4.623987549078993             6622.306148361159              0.0009552463978214356          51.58279951635076              359.4816545545713              243.7030290334978              
8700                           -4738.071607242301             -2843.309850952638             -3639.028035420934             5.417640632686946              -3.486874844049183             -4.333788823212428             6621.441394242124              0.000826882872427678           51.57989182019638              359.4782423815351              244.7594585488869              
8760                           -4401.560002765802             -3045.315670938431             -3889.810763195417             5.794761031807757              -3.243891097777786             -4.022197346530652             6620.574970267858              0.0007085628086562778          51.57697328779897              359.4742990492198              245.8373841507109              
8820                           -4043.276541558349             -3232.257828294089             -4121.295094879345             6.143073434115192              -2.984962171589984             -3.690777928095082             6619.723983591439              0.0006111396203486586          51.57410212112349              359.4698273363167              246.9198632588041              
8880                           -3665.001440919154             -3403.218049490083             -4332.340693815942             6.460878351139646              -2.711381395417091             -3.341190270340339             6618.905291592785              0.0005486026343980211          51.5713356612365               359.4648404087185              247.9901973315727              
8940                           -3268.612289960874             -3557.357771048906             -4521.909428596722             6.746630952673771              -2.42451138382951              -2.975180151661167             6618.135159132916              0.0005331825421350463          51.5687292654094               359.4593615895784              249.0322357901878              
9000                           -2856.074555139603             -3693.92209042166              -4689.070273054716             6.99894765876077               -2.125776932550322             -2.594570323739826             6617.428924690958              0.0005659042303364944          51.5663352173509               359.4534239325847              250.0306652540166              
9060                           -2429.431735690421             -3812.243276986737             -4833.003643304519             7.216611832199888              -1.816657761742378             -2.201251223150128             6616.8006828891                0.0006347919926531006          51.56420169141796              359.4470696050831              250.9712787670669              
9120                           -1990.795202162909             -3911.743845648231             -4953.005175165147             7.398578613123723              -1.498681135765956             -1.797171534422336             6616.26299056161               0.0007240781429793726          51.56237179063586              359.4403490902941              251.8412205190907              
9180                           -1542.333751432722             -3991.939188824888             -5048.488936870307             7.543978925686703              -1.173414384196959             -1.384328635694242             6615.826603170089              0.000821237917569665           51.56088267758219              359.4333202213529              252.6292019989232              
9240                           -1086.262980316905             -4052.439750810834             -5118.990057957272             7.652122664828531              -0.8424573936724011            -0.9647590149671976            6615.500247818863              0.0009179142253825842          51.55976481623473              359.4260470644298              253.3256860933488              
9300                           -624.8344578250201             -4092.95275753457              -5164.166790347756             7.722501121754568              -0.5074350467366122            -0.5405286263696059            6615.290438170402              0.001008723658652258           51.55904134074667              359.4185986697125              253.9230364842088              
9360                           -160.3247869038078             -4113.283489033259             -5183.801986611552             7.754788655517305              -0.1699896597455965            -0.1137232523986398            6615.201335753764              0.001090155962651858           51.55872756558155              359.4110477138683              254.4156300927607              
9420                           304.9754070023504              -4113.336098279351             -5177.804000345704             7.748843642455642              0.1682265706585769             0.3135611158991868             6615.234660962046              0.001159895873491994           51.55883064873429              359.4034690597334              254.799931083523               
9480                           768.7725294842031              -4093.113977823674             -5146.207010798023             7.704708724190914              0.5055591104137639             0.7392278780401462             6615.389655890844              0.001216440332128747           51.55934941699413              359.3959382612763              255.0745255429601              
9540                           1228.781063232574              -4052.719674350735             -5089.170772401055             7.622610364835048              0.8403586065836576             1.161189384932955              6615.663099941637              0.001258880765468331           51.56027435907198              359.3885300441809              255.2401165366609              
9600                           1682.734566975759              -3992.354352989864             -5006.979791990685             7.502957723126682              1.170988375813037              1.577376453703621              6616.049377848253              0.001286772169696432           51.56158778892458              359.3813167934819              255.299479854657               
9660                           2128.39658406035               -3912.316813828296             -4900.041937323365             7.346340838307158              1.495831853869128              1.985747824796348              6616.540598512895              0.00130004697375054            51.56326417792655              359.3743670803668              255.2573813632262              
9720                           2563.571428377611              -3813.002061541455             -4768.886478463785             7.153528117891502              1.813300003830546              2.384299557512758              6617.12676180532               0.001298951666314921           51.56527065078625              359.3677442598433              255.1204574478434              
9780                           2986.114794827461              -3694.899432062509             -4614.161567718977             6.925463114662456              2.12183866294547               2.771074337938309              6617.795969299013              0.001283994690386863           51.56756763623923              359.3615051703181              254.8970606444373              
9840                           3393.944140558388              -3558.590285229216             -4436.63117018385              6.66326058414666               2.419935803962133              3.144170667899399              6618.5346738605                0.001255899682763169           51.57010965977479              359.3556989641941              254.5970730641593              
9900                           3785.048832064674              -3404.745257710762             -4237.171437876684             6.368201781578481              2.706128718303017              3.501751943025497              6619.327962233102              0.001215561165034574           51.57284626247542              359.3503660952456              254.2316909787451              
9960                           4157.49997146754               -3234.121092590937             -4016.766549440514             6.041728997650333              2.979011064241309              3.842055347389333              6620.159863959731              0.001164001511526764           51.5757230265007               359.3455374863415              253.8131840789611              
10020                          4509.459875106015              -3047.557049623063             -3776.504021031347             5.685439307628204              3.237239762189487              4.163400541082024              6621.013679608353              0.001102329028167075           51.57868268533166              359.341233896043               253.3546340247212              
10080                          4839.19115317686               -2845.970907371265             -3517.569503469691             5.301077523363046              3.479541696798079              4.464198088987965              6621.872320963394              0.001031697601537369           51.58166629466428              359.3374654983797              252.8696568043288              
10140                          5145.065342439396              -2630.354570065355             -3241.241082766695             4.890528343331749              3.704720183690756              4.742957576760408              6622.718655791086              0.000953268765534513           51.58461443832411              359.3342316849897              252.372114251968               
10200                          5425.571043941974              -2401.769294654339             -2948.883104532448             4.45580770483622               3.911661154851394              4.998295355356079              6623.535849911082              0.0008681772791948363          51.58746844274407              359.3315210935597              251.8758202426197              
10260                          5679.321518280988              -2161.340556388733             -2641.939546395279             3.999053352909273              4.099339014011937              5.228941852317448              6624.307699607251              0.0007775014496908309          51.59017157341053              359.3293118611259              251.3942473823781              
10320                          5905.0616931529                -1910.252572972407             -2321.92696472357              3.522514649518538              4.266822112766419              5.433748387395813              6625.018947864402              0.000682239505023472           51.59267018726184              359.3275720955137              250.9402401791876              
10380                          6101.674531025272              -1649.742521190605             -1990.427059567442             3.02854167920964               4.41327779153211               5.611693422304785              6625.655578467688              0.0005832933920187861          51.59491481617395              359.3262605532665              250.5257406906139              
10440                          6268.186739621154              -1381.094443485385             -1649.07885529671              2.519573644583669              4.537976954818669              5.76188820559235               6626.205082777698              0.0004814616522287382          51.59686115890274              359.3253275075323              250.1615324908589              
10500                          6403.77374653376               -1105.632922315622             -1299.570596707642             1.998126703661566              4.640298104905463              5.88358171866745               6626.65669452793               0.0003774445463741064          51.59847096054852              359.3247157857672              249.8570086163854              
10560                          6507.76393967256               -824.7165156370614             -943.6313526250839             1.46678124658134               4.719730818721885              5.976164903586508              6627.001589013107              0.0002718724547158528          51.59971276235189              359.3243619530744              249.6199686911814              
10620                          6579.642129597129              -539.7309998153959             -583.022386527335              0.928168714760509              4.775878620631801              6.039174114258497              6627.233043677656              0.000165425091656456           51.6005625073476               359.3241976146085              249.456449748197               
10680                          6619.052207266539              -252.0824637959605             -219.5283503379015             0.3849580650595433             4.808461218919738              6.072293751881769              6627.34655790932               6.008180496932539e-05          51.60100399096373              359.3241508083673              249.3705948225916              
10740                          6625.79898188011               36.80971264152084              145.0516565075729              -0.1601580360235161            4.817316084831639              6.075358059245665              6627.339930643201              5.55274413505123e-05           51.60102914944217              359.3241474583888              249.364562280708               
10800                          6599.849184860045              325.5199551958858              508.9131098899821              -0.7044771847266876            4.802399357016216              6.048352053905188              6627.213295052869              0.0001609107896868569          51.60063818248187              359.3241128578845              249.4384781052404              
10860                          6541.33163307868               612.6236251479939              870.255113735363               -1.245301275465842             4.763786062633497              5.99141159096054               6626.969110287552              0.0002679677320695652          51.59983951013649              359.3239731520785              249.5904322771812              
10920                          6450.53655067237               896.7041421895632              1227.28943039219               -1.779950495195298             4.701669654271287              5.904822556191193              6626.61211082919               0.0003744568661342179          51.59864956739388              359.3236567913373              249.8165193778259              
10980                          6327.914054833695              1176.360059437058              1578.249437177252              -2.305777174455974             4.616360869498921              5.789019200030761              6626.149214618418              0.0004796539638157525          51.59709244302467              359.3230959266185              250.1109224826587              
11040                          6174.071818812747              1450.212047384971              1921.398954336822              -2.820179389718605             4.508285928668776              5.644581634053562              6625.589391647999              0.0005828893262648026          51.59519937217558              359.3222277212413              250.4660383987175              
11100                          5989.771923784766              1716.90975855453               2255.04090859564               -3.320614242652835             4.377984088496254              5.472232513622156              6624.943495210824              0.0006834219998125211          51.59300809460489              359.3209955551741              250.8726413785207              
11160                          5775.92693548232               1975.138512230422              2577.525756030946              -3.804610684823367             4.226104588635552              5.272832956109085              6624.224058564212              0.0007804127744261443          51.59056209283403              359.3193501008798              251.3200814592674              
11220                          5533.595213062445              2223.625796853928              2887.25966099633               -4.269781869963536             4.053403010673049              5.047377719890385              6623.445060168385              0.0008729211775971887          51.5879097259003               359.317250252326               251.7965130548682              
11280                          5263.975506633121              2461.147520950286              3182.712344458725              -4.71383689564648              3.860737105079909              4.796989716761142              6622.621660918539              0.0009599143841249093          51.58510327622454              359.3146638920334              252.2891485579194              
11340                          4968.400864002611              2686.534006215034              3462.424593751203              -5.13459191955958              3.649062117617635              4.522913898164819              6621.769917780891              0.001040284608677909           51.58219792787069              359.3115684839419              252.7845313703092              
11400                          4648.331888250389              2898.675687778503              3725.015390002176              -5.529980587595956             3.419425661874985              4.226510575519497              6620.906478723929              0.001112873228749212           51.57925069540411              359.3079514830608              253.268822592775               
11460                          4305.349394899998              3096.528491313354              3969.188615500201              -5.89806372541338              3.172962189368396              3.909248240653005              6620.048263775581              0.001176500327933554           51.57631932292313              359.3038105559802              253.728095125769               
11520                          3941.146509253442              3279.118868345751              4193.739317902853              -6.237038272764321             2.910887101800034              3.572695943287814              6619.212137752769              0.00122999847980538            51.57346117304169              359.2991536093464              254.1486292748341              
11580                          3557.52025091337               3445.548468759561              4397.559505327251              -6.545245440759476             2.634490552904217              3.218515286039628              6618.414580583762              0.001272249704230556           51.57073212554847              359.2939986264815              254.5172038382952              
11640                          3156.362652407747              3594.99843322681               4579.643451099662              -6.821178083929916             2.345130984733815              2.848452093931055              6617.671361436437              0.001302224689647101           51.56818550521371              359.2883733153042              254.8213770063039              
11700                          2739.651459052519              3726.733290904287              4739.092490249848              -7.063487287641011             2.044228440258782              2.464327811493214              6616.997223069647              0.00131902361685155            51.56587105771958              359.2823145737001              255.0497517223794              
11760                          2309.440459774788              3840.10444945839               4875.119292065558              -7.270988177362876             1.733257692339148              2.068030678129548              6616.405582911628              0.001321918291662309           51.56383399200326              359.2758677814278              255.1922205800201              
11820                          1867.849475437938              3934.553272011656              4987.051602159287              -7.442664971518615             1.413741208290528              1.661506705823605              6615.908257277319              0.001310395879425831           51.56211410628715              359.2690859301759              255.2401858363182              
11880                          1417.054108492865              4009.613718767432              5074.335427531691              -7.577675268892365             1.087242020851729              1.246750548960753              6615.515215009667              0.001284205491140756           51.5607450142549               359.2620286073892              255.1867506373537              
11940                          959.2752010291674              4064.914569787652              5136.537684417908              -7.675353630630624             0.7553564586919401             0.8257962062342379             6615.234366235301              0.001243410491854641           51.55975348575447              359.2547608498241              255.0268781591258              
12000                          496.7681411857934              4100.181200329015              5173.348275003223              -7.735214431443041             0.4197068249870065             0.4007076670932745             6615.071391571814              0.001188452259590562           51.55915891557921              359.2473518883397              254.757515913012               
12060                          31.81201320723052              4115.236917897842              5184.581604383567              -7.756954018971594             0.08193400435906864            -0.02643052259497444           6615.029616185506              0.001120236300298641           51.55897293124622              359.2398738056207              254.37768309272                
12120                          -433.3013890294234             4110.003854593954              5170.177529874883              -7.740452185220154             -0.2563100069299516            -0.4535227819400685            6615.109932236713              0.001040261203441877           51.55919914875744              359.232400131028               253.8885194229815              
12180                          -896.2785780125283             4084.503408218109              5130.201736130825              -7.685772947921856             -0.5933695913923641            -0.8784720322197426            6615.310772176024              0.00095082860859863            51.5598330827928               359.2250044000002              253.2932946182418              
12240                          -1354.835438939104             4038.856233629794              5064.845537529449              -7.59316464521789              -0.9275930590922998            -1.299189297287673             6615.628134121699              0.0008554028887456781          51.56086221487188              359.2177587047336              252.5973780352424              
12300                          -1806.708273518988             3973.281779908913              4974.425103384486              -7.463059329112333             -1.257340224508362             -1.713603328305461             6616.055659308875              0.00075922919172429            51.56226622010552              359.2107322652492              251.8081689314085              
12360                          -2249.664786713221             3888.097372142881              4859.380105048681              -7.296071440848547             -1.58099000784969              -2.119670247482706             6616.584760251952              0.0006703021437506127          51.56401734992173              359.2039900496378              250.9349880873724              
12420                          -2681.51497186776              3783.716836723763              4720.271784252102              -7.092995744298331             -1.896948047625938             -2.515383193252365             6617.204796973163              0.0006003826931481031          51.56608096486595              359.1975914720335              249.9889323630578              
12480                          -3100.121848887984             3660.648669968903              4557.78044323683               -6.854804488901229             -2.203654307341663             -2.898781944219816             6617.903297381621              0.0005642509536815305          51.56841620826601              359.1915891958335              248.982694277287               
12540                          -3503.412008301113             3519.493751066688              4372.702358814516              -6.582643771031796             -2.499590653693911             -3.267962492201635             6618.666216735884              0.0005738707051763191          51.5709768083234               359.1860280679535              247.9303493332127              
12600                          -3889.385914046738             3360.94260105483               4165.946123401112              -6.277829060743578             -2.783288378844331             -3.621086528532022             6619.478230117344              0.0006299711579433463          51.57371199315855              359.1809442074183              246.8471144433088              
12660                          -4256.12790056872              3185.772198331666              3938.528427517865              -5.941839876282284             -3.053335621456777             -3.956390785473963             6620.323050984009              0.0007221567581194578          51.57656750046179              359.1763642687169              245.7490814248495              
12720                          -4601.815851698588             2994.842339895964              3691.569270503386              -5.576313548317207             -3.308384674115298             -4.272196215454004             6621.183768377717              0.0008370185559219775          51.57948666141951              359.172304895966               244.652930001128               
12780                          -4924.730448057944             2789.091582694944              3426.286644987118              -5.183038104902112             -3.547159085515915             -4.566916892298356             6622.043194562812              0.0009634893824260186          51.58241153592469              359.1687723810783              243.5756254749649              
12840                          -5223.263969006699             2569.532763810839              3143.990694012959              -4.763944243753456             -3.768460534207156             -4.839068603951302             6622.884215251503              0.001093573861739235           51.58528407542812              359.1657625332004              242.5341066755545              
12900                          -5495.92859747421              2337.248108263262              2846.077353064396              -4.321096383700564             -3.971175419329305             -5.087277067065699             6623.690135147218              0.001221527735828759           51.58804728892723              359.163260762368               241.5449698222073              
12960                          -5741.364147280621             2093.383961326751              2534.021525274542              -3.856682847041947             -4.154281089221193             -5.310285663871626             6624.445010964177              0.001343062719534175           51.59064638703399              359.1612423758701              240.6241549552724              
13020                          -5958.34518955094              1839.145145872079              2209.369791219741              -3.373005162599275             -4.316851668954754             -5.506962651482197             6625.133965046981              0.001454843646561251           51.59302988015062              359.1596730803262              239.7866409903845              
13080                          -6145.787491303924             1575.78900746088               1873.732734360258              -2.872466605289262             -4.458063399243988             -5.676307734635662             6625.743472153988              0.001554205615096199           51.59515060699764              359.1585096786094              239.0461561039065              
13140                          -6302.753768827996             1304.619125389451              1528.776854969113              -2.357559935523959             -4.577199466728737             -5.817457975664796             6626.261615577885              0.001639001295553831           51.59696667278509              359.1577009454024              238.4149095200537              
13200                          -6428.458666352247             1026.978773967485              1176.216180905859              -1.830854510490532             -4.673654237516701             -5.929692933224664             6626.6783083712                0.001707520066885922           51.59844227740987              359.1571886622924              237.9033508808889              
13260                          -6522.272951456168             744.2441382366633              817.8035811280403              -1.294982793196032             -4.746936867953339             -6.012438997161724             6626.985475716914              0.001758445760196093           51.59954841735284              359.1569087895649              237.5199626051508              
13320                          -6583.726884401291             457.8173349400691              455.3218472591309              -0.7526263796036876            -4.796674243772515             -6.065272859905039             6627.177196155667              0.001790834798592963           51.60026344767571              359.1567927494198              237.2710901493056              
13380                          -6612.512737168304             169.1192781003763              90.57459375392794              -0.2065016466818723            -4.822613215819709             -6.087924086059458             6627.249800293967              0.001804104773292703           51.60057349390527              359.1567687933385              237.1608142248506              
13440                          -6608.486442898423             -120.4175665762642             -274.6229667565677             0.340654863533046              -4.824622107725581             -6.080276751267915             6627.201926470644              0.001798028084206212           51.60047270697358              359.1567634250873              237.1908680976985              
13500                          -6571.668363099995             -409.3565003950567             -638.4533242327163             0.8861012185835069             -4.802691479774788             -6.042370132509157             6627.034533628852              0.001772727952537013           51.59996335782056              359.1567028503459              237.3606020346979              
13560                          -6502.243166577453             -696.2639276291081             -999.1059771210213             1.427104889581854              -4.756934141684378             -5.974398443401109             6626.750872301105              0.001728675854033306           51.59905577162926              359.1565144240515              237.6669958504672              
13620                          -6400.558823404771             -979.7166714766407             -1354.786696012875             1.960957461009512              -4.687584418037638             -5.876709621413314             6626.356415167625              0.001666690806775143           51.59776810490097              359.1561280673254              238.1047192995456              
13680                          -6267.124724631709             -1258.309219333018             -1703.726680923016             2.484989129202419              -4.594996678948895             -5.749803185544781             6625.858749105546              0.001587942416006515           51.59612597161816              359.1554776271532              238.6662389528356              
13740                          -6102.608930419255             -1530.660878961067             -2044.191588620054             2.996582925845829              -4.479643146656676             -5.594327179472132             6625.267430933766              0.001493961603438639           51.59416192721181              359.1545021536137              239.3419690888886              
13800                          -5907.8345920085               -1795.422750733137             -2374.490310872752             3.49318846266166               -4.342111021634414             -5.411074259422654             6624.59380950843               0.001386666328590381           51.59191482197123              359.1531470717892              240.1204629092572              
13860                          -5683.775552522256             -2051.284530986347             -2692.983522343265             3.972335204585723              -4.183098946820992             -5.20097695047643              6623.850816904752              0.001268415611704854           51.58942903702296              359.1513652276395              240.9886398175877              
13920                          -5431.551173658978             -2296.981075683758             -2998.091909372299             4.431645122086707              -4.003412859946096             -4.965102137587239             6623.052731805908              0.001142116410913974           51.58675361815322              359.1491177898863              241.9320433032381              
13980                          -5152.420422566714             -2531.298699325906             -3288.304048404232             4.86884466488465               -3.803961277003973             -4.704644847146045             6622.2149184331                0.001011428563955848           51.58394132403554              359.1463749926784              242.9351237008304              
14040                          -4847.775262415488             -2753.081175065874             -3562.183891655925             5.281775988246339              -3.585750057573952             -4.420921384741766             6621.353544658714              0.0008811473402112629          51.58104760653567              359.1431167065795              243.9815394420602              
14100                          -4519.133393198739             -2961.235406528191             -3818.377823449782             5.668407377722828              -3.349876705393589             -4.115361897900275             6620.485283288879              0.0007578774940448326          51.57812954164513              359.1393328283864              245.0544702478983              
14160                          -4168.130392172329             -3154.736745100218             -4055.621254831284             6.026842830575902              -3.097524259519445             -3.789502434751251             6619.627000880321              0.0006510228897450983          51.57524473017627              359.135023483159               246.1369356113546              
14220                          -3796.511307623754             -3332.633928852625             -4272.74472720668              6.355330762838848              -2.829954833642198             -3.444976572157516             6618.795438872309              0.0005733861798768587          51.57245018773314              359.1301990348223              247.2121119904987              
14280                          -3406.121746479769             -3494.053629249511             -4468.679508114585             6.652271835428515              -2.548502850034037             -3.08350667232677              6618.006892202378              0.0005386087153986946          51.5698012435209               359.1248799044778              248.2636424281309              
14340                          -2998.898538760274             -3638.204575469915             -4642.462642484392             6.916225868076339              -2.254568042886156             -2.706894863119681             6617.276891069348              0.000552883242779472           51.56735046780972              359.1190961990964              249.2759325720381              
14400                          -2576.859996167295             -3764.381261001975             -4793.241465409201             7.145917878924403              -1.949608255446984             -2.317013772280577             6616.619891709231              0.0006087563599140946          51.56514664709996              359.112887155427               250.2344276890408              
14460                          -2142.095846253948             -3871.967209029842             -4920.277548233624             7.340243239371991              -1.635132097888912             -1.915797100480994             6616.048982443316              0.0006909997072659032          51.56323382603949              359.1063004078917              251.1258657620783              
14520                          -1696.756862002797             -3960.437798874487             -5022.950081022688             7.49827198347462               -1.312691484206336             -1.50523005563976              6615.575611288098              0.0007855905028830014          51.56165043400814              359.0993910914125              251.9385023950408              
14580                          -1243.044297732032             -4029.362633503554             -5100.758668244574             7.619252271915012              -0.983874127757953             -1.087339749250426             6615.209341490937              0.0008826710723348367          51.56042851371171              359.0922207946625              252.6623038301104              
14640                          -783.1991009408879             -4078.407464374764             -5153.325557418254             7.702613075415734              -0.6502959681607122            -0.6641855190942721            6614.957640949662              0.0009758271553750313          51.55959306717658              359.0848563800901              253.2891053097856              
14700                          -319.4910073008692             -4107.335656737641             -5180.397281432942             7.747966080262985              -0.3135935971436284            -0.2378492639013798            6614.825711209887              0.001060885943515551           51.55916153349665              359.0773686921701              253.812732401746               
14760                          145.7924611665253              -4116.009201505263             -5181.845722519386             7.755106856198617              0.02458331635804673            0.1895742102586221             6614.816360996116              0.001135091723654676           51.55914341027068              359.0698311767448              254.2290838063172              
14820                          610.3570461998239              -4104.389273023008             -5157.668597880126             7.724015309115429              0.3625795847012121             0.6159868103249559             6614.929928409761              0.001196628956640926           51.55954002842441              359.0623184372938              254.5361747016823              
14880                          1071.9128096115                -4072.536334066816             -5107.989369407366             7.654855437811231              0.6987420340167525             1.039296731237133              6615.164254929319              0.001244353171032563           51.56034448734305              359.0549047559751              254.7341403782521              
14940                          1528.18515445457               -4020.609789856799             -5033.056580497688             7.547974407081632              1.031427003491493              1.457427976335759              6615.5147131474                0.001277633543025432           51.56154175418045              359.0476626088364              254.8252005019376              
15000                          1976.925770200536              -3948.867193262034             -4933.242623481306             7.403900941791262              1.359007805379079              1.868329815131881              6615.974288842082              0.001296253463999726           51.5631089278822               359.0406612056406              254.8135849328528              
15060                          2415.923462511089              -3857.663003421553             -4809.041941246276             7.223343038160498              1.679882140220212              2.269986170872825              6616.533716522344              0.001300340564104682           51.56501566494681              359.0339650849933              254.7054226114078              
15120                          2843.014818624124              -3747.446902482502             -4661.068669994481             7.007184985290151              1.992479453034372              2.66042491920026               6617.181666057981              0.001290311172410097           51.56722476028298              359.0276327951955              254.5085955554823              
15180                          3256.094683420281              -3618.761670628243             -4490.053723889716             6.756483673759878              2.295268230938046              3.037727097378523              6617.904976543188              0.001266821378489183           51.56969287300681              359.0217156896455              254.232560574018               
15240                          3653.126386478249              -3472.24062642186              -4296.841331765066             6.472464175890059              2.586763213376548              3.400035986715167              6618.688932103197              0.001230720773464468           51.57237138338029              359.0162568641268              253.8881417405                 
15300                          4032.151677739529              -3308.604639288444             -4082.385035487729             6.156514577373846              2.86553249410758               3.745566040715104              6619.517573122708              0.001183007170001426           51.57520736385317              359.0112902602345              253.4872974069895              
15360                          4391.300336523948              -3128.658717511442             -3847.743155119876             5.810180031118269              3.13020449418401               4.072611631449124              6620.374035362687              0.001124781920564468           51.57814464433286              359.0068399555935              253.0428655582054              
15420                          4728.799396932384              -2933.288183761123             -3594.073737418957             5.435156020649256              3.379474763946566              4.379555560125052              6621.240908608121              0.001057206272786036           51.58112494918452              359.0029196576991              252.5682923840441              
15480                          5042.98194548148               -2723.4544483862               -3322.629001743229             5.03328081866377               3.612112576187813              4.664877283080441              6622.100605997634              0.0009814597278102943          51.58408908163579              358.9995324133394              252.077348742856               
15540                          5332.295441996781              -2500.190394524453             -3034.749302399108             4.60652713730921               3.826967264356441              4.927160794190499              6622.935734966351              0.0008987016899733946          51.5869781299078               358.9966705406478              251.5838399521353              
15600                          5595.309515420279              -2264.595391806151             -2731.856629925638             4.15699297720771               4.022974256035223              5.165102100359189              6623.729460821723              0.0008100378711155455          51.58973466877051              358.9943157855724              251.1013144310191              
15660                          5830.723186972914              -2017.829958495712             -2415.447677710285             3.686891694581798              4.19916074932768               5.377516223794577              6624.465854355989              0.0007164929529815039          51.59230393027441              358.9924396992897              250.6427769408301              
15720                          6037.371473221991              -1761.110097069608             -2087.086506865999             3.198541322939477              4.35465097771755               5.563343662585696              6625.130215549379              0.0006189909400975558          51.59463491813965              358.9910042279236              250.2204122649937              
15780                          6214.231333623833              -1495.701318874402             -1748.396830270838             2.694353175641477              4.488671016986374              5.721656251084274              6625.70936634295               0.000518344514542965           51.59668144180903              358.9899625009836              249.8453250709044              
15840                          6360.426904445253              -1222.912407701326             -1401.053980329329             2.176819828266896              4.600553070820515              5.851662341832686              6626.191906459015              0.0004152548393283905          51.59840304789886              358.9892598006086              249.5273015903922              
15900                          6475.233998255421              -944.0889413432093             -1046.776585410428             1.64850252804086               4.689739200759234              5.952711266416356              6626.568427570199              0.0003103249813795852          51.59976582971135              358.9888346895383              249.274598314576               
15960                          6558.083837420608              -660.6065978166854             -687.3179897734947             1.112018098391                 4.755784460367323              6.024297025862511              6626.83168236609               0.0002041027043054766          51.6007430983241               358.9886202725409              249.0937625492797              
16020                          6608.565986565613              -373.8642906090751             -324.4574741839865             0.5700254451805408             4.79835939357984               6.066061162227133              6626.976706348913              9.731247754904574e-05          51.60131590203202              358.9885455634544              248.9894889001025              
16080                          6626.430461958516              -85.27719601807058             40.00864225296169              0.02521180989811785            4.817251869713846              6.077794779817005              6627.000891467791              1.86470628906613e-05           51.60147338454716              358.988536928069               248.9645152300745              
16140                          6611.589015888288              203.730333766052               404.2760265353012              -0.5197212140403999            4.812368247481568              6.059439706802317              6626.904011945107              0.000120753381792677           51.60121297632956              358.9885195719672              249.0195605211384              
16200                          6564.11557549344               491.731898934891               766.5413895912573              -1.062071735053212             4.78373384907177               6.011088777131867              6626.68820358524               0.0002283291910745017          51.6005404167823               358.9884190421888              249.1533063213556              
16260                          6484.245839523781              777.3061829629771              1125.011528249112              -1.599151585921679             4.731492747317916              5.932985239050296              6626.357898818226              0.000335563149891245           51.59946960898153              358.9881627119069              249.3624223464149              
16320                          6372.376037188959              1059.04405486586               1477.912311551614              -2.128300229691096             4.655906873124329              5.825521301456893              6625.91972039996               0.0004417515633689719          51.59802231197143              358.9876812183837              249.6416357979024              
16380                          6229.060857562924              1335.55559957323               1823.497556628117              -2.646898443885741             4.557354456324172              5.689235837427671              6625.382337219794              0.0005462489595202021          51.59622767888732              358.9869098261121              249.9838429287329              
16440                          6055.010568909219              1605.477030590858              2160.057736345158              -3.152381676991499             4.436327823629268              5.52481127754221               6624.756286040929              0.0006483327642992406          51.59412165213299              358.9857896892432              250.3802604017192              
16500                          5851.087348575004              1867.477453425975              2485.928479052213              -3.642253002426226             4.293430580626249              5.333069729145753              6624.053763197067              0.0007471798449099805          51.59174622932382              358.9842689899526              250.8206130000526              
16560                          5618.300847199685              2120.265445520591              2799.498817391257              -4.114095594805028             4.129374208472077              5.114968362385513              6623.288390393137              0.0008418651308715315          51.58914861588595              358.9823039323452              251.2933535820175              
16620                          5357.803018934981              2362.595415323516              3099.219139418256              -4.565584652392341             3.944974112521864              4.871594112181204              6622.47495853467               0.0009313708468209257          51.5863802819011               358.9798595745899              251.7859102723251              
16680                          5070.882265676361              2593.273698812582              3383.608790239872              -4.994498686806716             3.741145172300857              4.604157760773839              6621.629153660471              0.001014603308127043           51.58349594236375              358.9769104854963              252.2849554756258              
16740                          4758.956910116202              2811.164388230404              3651.263317621155              -5.398730174158902             3.518896818882324              4.313987434314091              6620.767269499981              0.001090415679812482           51.58055248061605              358.9734412148958              252.7766907866389              
16800                          4423.568057030923              3015.194846004445              3900.861303346417              -5.776295488386116             3.279327696369754              4.002521587301811              6619.9059103999                0.001157635501052358           51.57760783567713              358.9694465709045              253.2471417867382              
16860                          4066.371879988104              3204.360887612306              4131.170760476237              -6.125344099654978             3.023619947642314              3.671301526344154              6619.06168864007               0.001215095934661601           51.57471987416662              358.964931700354               253.6824563393357              
16920                          3689.131378529269              3377.731611681826              4341.055069945934              -6.44416701465386              2.753033168531406              3.321963529892384              6618.250920267377              0.001261669842480491           51.57194526759795              358.9599119721657              254.0692003687282              
16980                          3293.707652054808              3534.453858476369              4529.47843360987               -6.731204444631969             2.468898073486038              2.95623061896201               6617.489323694448              0.001296305958431829           51.56933839541824              358.9544126666641              254.3946450677395              
17040                          2882.050736957967              3673.756280692979              4695.510824367925              -6.98505269535698              2.172609913614719              2.575904030886067              6616.791725476564              0.001318066656060598           51.56695029358766              358.9484684770198              254.6470398975134              
17100                          2456.190053693521              3794.953012877085              4838.332417029987              -7.204470280018689             1.865621685302743              2.182854444566507              6616.171777878157              0.00132616711700504            51.56482766763248              358.9421228321023              254.8158661324269              
17160                          2018.224508260321              3897.446928365554              4957.237486829426              -7.388383262521469             1.549437162871898              1.779012999539376              6615.641693033916              0.001320016169908157           51.56301198801732              358.9354270528984              254.8920661953107              
17220                          1570.312304935629              3980.732471812506              5051.637761724378              -7.535889837824551             1.225603794262805              1.366362158141686              6615.21199868135               0.001299259811989255           51.56153868442736              358.9284393576812              254.8682445998302              
17280                          1114.660493653528              4044.398064989995              5121.065226005485              -7.646264172908392             0.8957054709979061             0.9469264246354359             6614.891320482658              0.001263829682041476           51.56043645387517              358.9212237332665              254.7388369257833              
17340                          653.5143093731494              4088.128074453788              5165.174362062427              -7.718959513757701             0.5613552045226634             0.5227629619073445             6614.686195978687              0.001214000970378827           51.55972669597138              358.9138486926796              254.5002438667698              
17400                          189.1463619002614              4111.704335826105              5183.743824984746              -7.753610572355674             0.2241877384560996             0.09595214293106349            6614.600925008844              0.001150468294601266           51.55942308660937              358.9063859418794              254.1509281007602              
17460                          -276.154304829714              4115.007234975179              5176.677550717206              -7.750035212961973             -0.114147905472893             -0.3314119660466418            6614.637461039156              0.001074455591143605           51.55953129899124              358.8989089795685              253.6914722979236              
17520                          -740.093249488638              4098.016339790828              5144.005290565554              -7.708235439392275             -0.451995941576649             -0.7572311825115298            6614.795347345324              0.0009878901812294893          51.56004887859054              358.8914916560075              253.1245973378691              
17580                          -1200.38167318774              4060.810580336305              5085.882571431834              -7.628397687406366             -0.7877013476060296            -1.179412785498158             6615.071701178722              0.0008936968469491591          51.56096527586109              358.8842067190351              252.4551403958903              
17640                          -1654.747497424145             4003.567974880847              5002.59007773905               -7.510892415836381             -1.119617452687538             -1.595879153473874             6615.461248123362              0.0007963080859478123          51.56226203767453              358.877124374239               251.6899931513708              
17700                          -2100.946359267122             3926.564902471586              4894.53245877681               -7.356272991616502             -1.446113519676862             -2.004577378248352             6615.956407662089              0.0007025147605346655          51.56391315530917              358.8703108890518              250.8380011328054              
17760                          -2536.772542912424             3830.174917884914              4762.236555755248              -7.165273844133314             -1.765582356680597             -2.403488897785475             6616.54742972096               0.0006226105358726545          51.56588556382863              358.8638272680303              249.9098256453653              
17820                          -2960.069767774513             3714.867110853245              4606.349052922788              -6.938807870541194             -2.076447918179877             -2.790639097007459             6617.222580523147              0.0005707744510322491          51.56813978436354              358.8577280272565              248.9177704759322              
17880                          -3368.741801155162             3581.204008915314              4427.633552758572              -6.677963061478437             -2.377172887790573             -3.164106865266245             6617.968374650711              0.0005614855773907218          51.57063069776729              358.852060093493               247.8755760678951              
17940                          -3760.76283288039              3429.839030707496              4226.967085458616              -6.383998326276747             -2.666266207994896             -3.522034065628876             6618.769848737842              0.0006007115749683659          51.57330843500416              358.846861851957               246.7981845147242              
18000                          -4134.187592333634             3261.513483967676              4005.33604608156               -6.058338468768675             -2.942290548849272             -3.862634904097367             6619.610870936649              0.0006814230627735069          51.576119367133                358.8421623631727              245.701479135264               
18060                          -4487.161138643437             3077.053115664631              3763.831570558103              -5.702568289170927             -3.203869665771639             -4.18420513452595              6620.474479009188              0.0007901164945788458          51.57900717506904              358.8379807666425              244.6020030690752              
18120                          -4817.928244789534             2877.364237843462              3503.644382477993              -5.318425818898248             -3.44969558318439              -4.485131018940685             6621.34323874306               0.0009143261429318666          51.58191397708032              358.8343258852368              243.5166618526764              
18180                          -5124.8423735431               2663.429416916063              3226.059095446143              -4.907794628549841             -3.678535592362367             -4.763898026457515             6622.199613707631              0.001044817086137801           51.58478149104139              358.8311960389292              242.4624151180678              
18240                          -5406.374150689286             2436.302758888041              2932.448014607574              -4.47269524088195              -3.889238978640703             -5.019099163853583             6623.02633758108               0.001175012623002385           51.58755220687675              358.8285790729382              241.4559633491881              
18300                          -5661.119317135108             2197.104782689264              2624.264428208586              -4.015275608971649             -4.080743445275465             -5.249442894931539             6623.80677972225               0.00130008646078636            51.59017054481512              358.8264525997695              240.5134353295707              
18360                          -5887.806048981134             1947.016947840087              2303.035475859041              -3.53780076946455              -4.252081128839108             -5.453760518143546             6624.525294568566              0.001416339462511711           51.59258397436189              358.8247844508064              239.6500829795477              
18420                          -6085.301660466355             1687.275809735072              1970.354559772381              -3.042641611107778             -4.402384192787184             -5.631012983606086             6625.16754567263               0.001520842555693473           51.5947440708215               358.8235333272569              238.879989244122               
18480                          -6252.618596688547             1419.166864876797              1627.873380349655              -2.532262878774454             -4.530889904588721             -5.780297032627863             6625.720796807549              0.001611243867996223           51.59660748662868              358.8226496367644              238.2157956458868              
18540                          -6388.919686972807             1144.018106233588              1277.293622704821              -2.009210461370177             -4.636945150435004             -5.90085060263304              6626.174164986358              0.001685667120939892           51.59813681761026              358.8220764971904              237.6684551469343              
18600                          -6493.5226162269               863.1933259900017              920.3583426566619              -1.476098052184316             -4.720010332451446             -5.992057429860717             6626.518829162721              0.00174265867901981            51.59930134612694              358.8217508859928              237.247015967615               
18660                          -6565.903579518849             578.0852041619679              558.8431020490561              -0.9355932799320885            -4.779662602299526             -6.053450793925701             6626.748190936364              0.001781159898248253           51.60007764612845              358.8216049104251              236.9584413001458              
18720                          -6605.700091331904             290.1082240724392              194.5469062985865              -0.3904034191274067            -4.81559839333432              -6.084716359134043             6626.857985084256              0.001800492058471077           51.60045003833858              358.8215671714212              236.8074691813645              
18780                          -6612.712927654205             0.6914557771149972             -170.7170029782677             0.1567392074481598             -4.82763522277803              -6.085694079379525             6626.846339205959              0.001800347036237768           51.60041088719633              358.8215641923784              236.7965159429459              
18840                          -6586.907186572561             -288.7287356837766             -535.1304276846316             0.7030919894263522             -4.815712745226232             -6.05637914681675              6626.713783171924              0.001780780241563053           51.59996073473152              358.8215218830617              236.9256256758863              
18900                          -6528.412459422151             -576.7160468530487             -896.8795515885571             1.24591689544731               -4.779893049395288             -5.996921975687552             6626.463210294964              0.001742204439200856           51.5991082700725               358.8213670086535              237.1924671086172              
18960                          -6437.522114158262             -861.8415558311966             -1254.164208968191             1.782495217677143              -4.720360199505776             -5.90762722918105              6626.099793206096              0.001685384612847549           51.59787013682031              358.821028634353               237.592378136379               
19020                          -6314.691693200434             -1142.691022699757             -1605.20710468149              2.310142192708497              -4.637419030212888             -5.788951900875583             6625.630858197749              0.001611435471904927           51.59627058374315              358.8204395170204              238.1184571889153              
19080                          -6160.536450418125             -1417.872068843469             -1948.262857793833             2.826221277504662              -4.531493221241597             -5.641502489880488             6625.065722420537              0.001521825015465571           51.59434096749005              358.8195374170095              238.761699389911               
19140                          -5975.828036295215             -1686.021239105973             -2281.626873571028             3.328158062712483              -4.403122672058277             -5.466031296163841             6624.415498578527              0.001418390353768084           51.59211911854014              358.8182663053972              239.5111744632768              
19200                          -5761.490365301505             -1945.81087861888              -2603.643958381241             3.81345367536747               -4.252960215789154             -5.263431889849804             6623.692871966826              0.001303376875681986           51.58964858429002              358.8165774444153              240.3542424397065              
19260                          -5518.594696069695             -2195.955794306892             -2912.716640126779             4.279697600728325              -4.081767711658008             -5.034733806319917             6622.911854602686              0.001179520813331331           51.58697776505458              358.814430321685               241.2768021440961              
19320                          -5248.353961502847             -2435.21966469202              -3207.313148978529             4.724579846914427              -3.890411560781706             -4.781096526173117             6622.087521051222              0.001050211856242217           51.58415896053775              358.8117934219775              242.2635669992114              
19380                          -4952.116390373802             -2662.421164551737             -3485.975017029759             5.145902387412978              -3.679857693804644             -4.503802803383653             6621.23573029051               0.0009198012411730411          51.58124734553959              358.8086448234476              243.2983619438282              
19440                          -4631.358465393679             -2876.439774255928             -3747.324259729432             5.541589828357028              -3.451166081169253             -4.204251407610237             6620.372837700352              0.0007941576903124459          51.57829989461468              358.8049726086447              244.3644349826536              
19500                          -4287.677265576029             -3076.221246701783             -3990.070105961637             5.909699258659744              -3.20548481820469              -3.88394934804347              6619.515401015713              0.0006815503544499152          51.57537427593714              358.8007750839471              245.4447766772491              
19560                          -3922.782244585373             -3260.782707124404             -4213.015246742784             6.248429250555111              -2.944043838848469             -3.544503647967671             6618.679883912497              0.0005935154038542769          51.57252773486235              358.7960608044671              246.522440852068               
19620                          -3538.48648604865              -3429.217370055509             -4415.061583588417             6.556127999284975              -2.668148302553565             -3.187612726917633             6617.882360777118              0.000543766615009693           51.56981598750635              358.7908484045968              247.5808599875136              
19680                          -3136.69751662469              -3580.698842027659             -4595.215438928865             6.831300566162254              -2.37917172548042              -2.815057481486333             6617.138226310198              0.0005417919642306372          51.56729214459458              358.7851662381172              248.6041489621794              
19740                          -2719.407688400252             -3714.485015562224             -4752.592235698874             7.072615260613412              -2.078548875040727             -2.42869208814809              6616.461913569603              0.0005846334901790391          51.5650056846818               358.7790518339919              249.5773913721077              
19800                          -2288.684218170503             -3829.921525232098             -4886.420611470103             7.278909136062147              -1.767768498521007             -2.030434618352404             6615.866624408089              0.0006587588720491029          51.56300149558169              358.7725511780414              250.4869030993268              
19860                          -1846.658918141045             -3926.44476511734              -4996.04596706344              7.449192629036228              -1.4483659153635               -1.622257502653907             6615.364076388801              0.0007493674715859846          51.5613190013292               358.7657178328395              251.3204684068432              
19920                          -1395.517677918027             -4003.584457832751             -5080.933438753243             7.58265335546836               -1.121915517381578             -1.206177899628602             6614.964270536172              0.0008453616891017716          51.55999139087854              358.7586119113939              252.0675445741863              
19980                          -937.4897369070929             -4060.96577292507              -5140.670292233946             7.678659092108003              -0.7900232025285427            -0.7842480013649251            6614.67528445334               0.0009393999566133232          51.55904496308163              358.7512989224504              252.7194317874219              
20040                          -474.8368067305464             -4098.31098909119              -5174.967732875257             7.736759964131572              -0.454318778812334             -0.3585453213776571            6614.503095456792              0.001026708481467953           51.55849860079743              358.7438485080841              253.2694057057824              
20100                          -9.842083592869272             -4115.440700618677             -5183.662133773187             7.756689868418877              -0.1164483569546162            0.06883701216042606            6614.451438355777              0.001104135208452971           51.55836338486615              358.7363330961502              253.7128109157193              
20160                          455.2008021580955              -4112.274567515406             -5166.715682141525             7.738367156741591              0.2219332479069237             0.4957999326528355             6614.521702311737              0.00116958182322686            51.55864235644751              358.7288264922924              254.0471141707785              
20220                          917.9988558255363              -4088.831610380821             -5124.21644650131              7.681894601103919              0.5591700910829427             0.9202480629480952             6614.712870874094              0.001221683292964205           51.55933043368859              358.7214024377635              254.2719170537421              
20280                          1376.270764993516              -4045.230051774403             -5056.377868005667             7.587558658700717              0.8936126386003326             1.340099280917333              6615.021508698016              0.001259624483974376           51.56041448595402              358.7141331605146              254.3889283649787              
20340                          1827.757881347716              -3981.686706429725             -4963.537679981463             7.455828048033321              1.223625264084117              1.753294211611462              6615.441797632184              0.001283028934946982           51.56187356592766              358.7070879477415              254.4018971836149              
20400                          2270.235093922316              -3898.515923704513             -4846.156261166742             7.287351642069877              1.547593692660946              2.157805633656101              6615.965623791366              0.00129188465634163            51.56367929682347              358.7003317682965              254.3165081784482              
20460                          2701.521571055579              -3796.128081661975             -4704.814422514778             7.082955668317925              1.863932397356413              2.551647806080878              6616.58271596599               0.001286488225201382           51.56579640889687              358.6939239726822              254.1402412987591              
20520                          3119.491276522503              -3675.027647674237             -4540.210649036251             6.843640229056928              2.171091899312279              2.932885653998501              6617.280834181275              0.001267397192699044           51.56818341597847              358.6879170983798              253.8821985603918              
20580                          3522.083298854405              -3535.810793739639             -4353.157780736304             6.570575094079864              2.46756601830722               3.2996438700027                6618.046005852338              0.00123538557405229            51.57079342025407              358.6823558046229              253.5529011110848              
20640                          3907.311879923705              -3379.162585809489             -4144.579160283557             6.265094775079396              2.751899004328128              3.650115843517096              6618.862805239143              0.001191399881690854           51.57357502993843              358.6772759607173              253.1640602282459              
20700                          4273.276137794975              -3205.853744792002             -3915.504244729417             5.928692842836613              3.022692556168069              3.982572423979816              6619.714670549693              0.001136514780327782           51.57647337228504              358.6727039074785              252.7283265119568              
20760                          4618.169415504264              -3016.736994946232             -3667.063703187752             5.563015481621711              3.278612681312675              4.295370459351302              6620.584251570959              0.001071888484263915           51.57943118171442              358.6686559087782              252.2590215482296              
20820                          4940.28822657915               -2812.743003315569             -3400.484006094039             5.169854251066964              3.518396374720795              4.586961080221549              6621.453779606127              0.0009987187166763717          51.58238994115092              358.6651378057376              251.76985724105                
20880                          5238.04074050441               -2594.875925744059             -3117.081527490256             4.751138050729897              3.740858068254505              4.855897667863301              6622.305450519993              0.0009182005486644736          51.58529105306444              358.6621448821145              251.27464774276                
20940                          5509.95476202801               -2364.208573925569             -2818.256180138103             4.308924284066649              3.944895805269539              5.100843448111034              6623.121811102062              0.0008314877583482089          51.58807701585641              358.6596619447172              250.7870195452842              
21000                          5754.68515648621               -2121.87722149462              -2505.484607839055             3.845389231008874              4.129497089149039              5.320578646100102              6623.886138689151              0.0007396595214738937          51.59069258090911              358.6576636179612              250.320125264403               
21060                          5971.020674264697              -1869.076070333232             -2180.312963342416             3.36281765148189               4.293744351753775              5.514007133766164              6624.582804095756              0.00064369424285801            51.59308586588632              358.6561148469505              249.8863667479554              
21120                          6157.890128578606              -1607.051402637006             -1844.349305737265             2.863591658652908              4.436819986182199              5.680162500532961              6625.197608375929              0.0005444521455258396          51.59520940072966              358.6549715988314              249.4971331092656              
21180                          6314.367887989156              -1337.095440865373             -1499.255646733363             2.350178902811286              4.558010892652824              5.818213483314668              6625.718084790179              0.00044266784117517            51.5970210842887               358.6541817477824              249.1625590848826              
21240                          6439.678635743986              -1060.539959047547             -1146.739702462844             1.825120156006366              4.656712479352072              5.927468684654723              6626.133758457343              0.0003389535762859945          51.59848503134342              358.653686125046               248.8913088719228              
21300                          6533.201373723617              -778.7496600730639             -788.5463703271772             1.291016340606989              4.732432081247642              6.007380533243775              6626.436357650331              0.0002338134888749788          51.59957229245505              358.6534197117453              248.6903901243195              
21360                          6594.472627096824              -493.1153871964165             -426.4490186776027             0.7505151537017009             4.784791745452896              6.057548426118764              6626.619972215224              0.0001276721692290311          51.60026143163888              358.6533129493438              248.5650022833133              
21420                          6623.188845140313              -205.0471554170894             -62.24057182781004             0.2062972880368548             4.813530366350183              6.077721031201405              6626.681156408546              2.109908083915529e-05          51.60053895037852              358.6532931401015              248.5184227225836              
21480                          6619.207959004888              84.03289746050258              302.2754820967699              -0.3389375296946205            4.818505129745672              6.067797705168254              6626.618975072547              8.641657113108866e-05          51.60039954947079              358.6532859082753              248.551933421094               
21540                          6582.550102102738              372.6976281399888              665.2941451065115              -0.8824846274013609            4.799692265147264              6.027829027161791              6626.434993873209              0.0001935022873162959          51.59984622413983              358.6532166916356              248.6647899955296              
21600                          6513.397483412511              659.5220442124612              1025.017987379066              -1.421648513970618             4.757187098415901              5.958016441254216              6626.133215827269              0.0003002048994522308          51.59889019124651              358.653012232614               248.8542340132481              
21660                          6412.093415457683              943.0904313546855              1379.666162886599              -1.9537568830833               4.69120340890856               5.858711017752662              6625.719967718779              0.0004060362341745751          51.59755065098183              358.6526020386774              249.1155485002446              
21720                          6279.14050786799               1222.00342421843               1727.483328281166              -2.476174415266351             4.602072107120511              5.730411356130402              6625.203741158902              0.0005104296352376326          51.59585438898165              358.651919782502               249.4421556109346              
21780                          6115.198041521038              1494.884978122826              2066.748410958477              -2.986316274008516             4.490239254809087              5.573760660699043              6624.594993867983              0.0006127097946269897          51.5938352279444               358.6509046141089              249.8257544329708              
21840                          5921.078544377515              1760.38920294262               2395.783177821776              -3.481661205596264             4.35626345675952               5.389543028856578              6623.905917337069              0.0007120856611363002          51.59153334086126              358.6495023592407              250.2564960002455              
21900                          5697.743595251636              2017.20702250675               2712.960558867372              -3.959764162237507             4.200812658864785              5.178678998454773              6623.150177321244              0.0008076535995517752          51.58899444060871              358.6476665808779              250.7231917528088              
21960                          5446.298885715619              2264.072625536739              3016.712683281712              -4.41826837957062              4.024660390938303              4.94222040524841               6622.342633535673              0.0008984089335969713          51.58626886291241              358.6453594837797              251.2135509337631              
22020                          5167.988580711446              2499.769670900025              3305.538581975754              -4.854916839906759             3.82868150004189               4.68134461070835               6621.499044504867              0.0009832645817093274          51.58341056161879              358.6425526453271              251.7144417965201              
22080                          4864.188991763594              2723.13723821111               3578.011545341837              -5.267563111141129             3.61384740097243               4.397348134577199              6620.63576399081               0.001061075402907186           51.58047603650129              358.6392275593354              252.2121710850761              
22140                          4536.401650556406              2933.075455587434              3832.786052590021              -5.654181446577579             3.381220920957575              4.09163979338573               6619.769434288633              0.001130666892315381           51.57752321543158              358.6353759838947              252.6927756847681              
22200                          4186.2457816892                3128.550822281444              4068.604294715822              -6.012876194833068             3.13195075135175               3.765733360001214              6618.916680973694              0.001190867005212615           51.5746103124186               358.6310000872856              253.142320523415               
22260                          3815.450215695572              3308.60119500641               4284.302252768045              -6.341890481508628             2.867265546263207              3.421239796200796              6618.093813407414              0.001240540046254381           51.57179468368617              358.6261123901367              253.5471964301023              
22320                          3425.844839902652              3472.340391025975              4478.815274993634              -6.639614098930591             2.58846774607008               3.059859159100887              6617.316534893454              0.001278621802664737           51.56913170415505              358.6207355066244              253.8944117948813              
22380                          3019.351571731889              3618.962427580469              4651.183176882889              -6.904590664326258             2.296927120695647              2.683372173485539              6616.59966566293               0.001304155411793097           51.56667368510362              358.6149016898095              254.1718723625609              
22440                          2597.974935283225              3747.745361598332              4800.554820950597              -7.135524005698331             1.994074093142856              2.293631548057519              6615.956881810417              0.001316327784144326           51.5644688536354               358.608652190858               254.3686434224664              
22500                          2163.792276053514              3858.054723636004              4926.192169538745              -7.331283790240886             1.681392868271415              1.892553067059797              6615.400472972446              0.001314506871180251           51.56256041293307              358.6020364447215              254.4751894418278              
22560                          1718.943660577879              3949.346534481042              5027.473797366953              -7.490910399686749             1.360414397480769              1.482106496179371              6614.941121506232              0.00129828071909667            51.56098570078202              358.5951110980341              254.4835864987263              
22620                          1265.621505945749              4021.169895385274              5103.897853715902              -7.613619060585555             1.032709205865549              1.064306336349008              6614.587705927753              0.001267500294845048           51.55977546201791              358.5879388977856              254.3877035474252              
22680                          806.0599836284053              4073.1691443964                5155.084466027653              -7.698803238498727             0.6998801053383547             0.6412024551361488             6614.34713144689               0.001222329854469082           51.55895324848193              358.5805874618131              254.183349162834               
22740                          342.5242425012504              4105.085572529863              5180.777578346787              -7.746037304941723             0.3635548149626288             0.2148706225598201             6614.224190535204              0.001163311833520972           51.5585349577952               358.5731279543195              253.8683810886023              
22800                          -122.700509188214              4116.758695030723              5180.846219786146              -7.755078485268045             0.02537850363134453            -0.212597029520769             6614.221456528583              0.001091459209473052           51.55852851980338              358.5656336913344              253.4427766115969              
22860                          -587.3200188336256             4108.127072887262              5155.285198243264              -7.725868091536401             -0.312993728761505             -0.6391016038915386            6614.339213268789              0.001008399589200773           51.55893373694843              358.5581787025051              252.9086624710435              
22920                          -1049.042042783238             4079.228682247445              5104.215218216198              -7.65853204464062              -0.6499044065375836            -1.062547058453357             6614.575423650339              0.0009166164714820084          51.55974228203934              358.5508362768108              252.2703038194259              
22980                          -1505.587434624013             4030.200828646822              5027.882418901558              -7.553380681493512             -0.9837012862272942            -1.480849870935276             6614.925739654447              0.000819869808991471           51.56093785410456              358.5436775194193              251.5340522480938              
23040                          -1954.701174264144             3961.279605460531              4926.657334805486              -7.410907844232137             -1.312744968104334             -1.891948685234159             6615.383555964859              0.0007239225530190929          51.56249649001781              358.5367699483883              250.7082538247487              
23100                          -2394.163340780204             3872.798893560364              4801.033274982802              -7.231789234688349             -1.635416532564465             -2.293813965405323             6615.940108581703              0.0006376514101161969          51.56438702676143              358.5301761579059              249.8031186487433              
23160                          -2821.799952769475             3765.188904027399              4651.624125692035              -7.016880022276815             -1.950125163745024             -2.684457609050395             6616.584618915808              0.0005740166183247795          51.56657170616047              358.5239525749894              248.830553940249               
23220                          -3235.493645927864             3638.974263575671              4479.161577054593              -6.767211681827643             -2.255315754297724             -3.061942511259385             6617.304482784582              0.0005483854161552374          51.5690069111667               358.5181483343416              247.8039636765143              
23280                          -3633.194136733497             3494.77164491837               4284.491778243255              -6.483988037768965             -2.549476467004169             -3.424392047217269             6618.085502442586              0.0005709304250966058          51.57164402004071              358.5128042942818              246.7380179544125              
23340                          -4012.928424317546             3333.286945361719              4068.571426982246              -6.1685804884485               -2.8311462274141               -3.769999439567139             6618.912158430639              0.0006388189639930607          51.57443036228604              358.5079522140791              245.6483961371705              
23400                          -4372.810680546759             3155.312018692996              3832.46330148466               -5.822522384691554             -3.098922115570798             -4.097036968888254             6619.767916605375              0.0007395277397085469          51.5773102579578               358.5036141099862              244.5515082177417              
23460                          -4711.051776853631             2961.720967530599              3577.331245683992              -5.447502539299069             -3.351466618655696             -4.403864977841947             6620.635564304059              0.0008596198244170514          51.5802261200581               358.4998018038203              243.4641993292653              
23520                          -5025.968393387106             2753.466007000118              3304.434623408567              -5.045357851702692             -3.587514698703531             -4.688940610061464             6621.497568069783              0.0009887324282847698          51.58311959815988              358.4965166741926              242.4034427715796              
23580                          -5315.99166651615              2531.57290567479               3015.122250630084              -4.618065025253922             -3.805880632133285             -4.950826227934921             6622.336444882535              0.001119502257825647           51.58593274047876              358.4937496161823              241.3860271870226              
23640                          -5579.675300178144             2297.136032601886              2710.825844805556              -4.167731403281162             -4.005464549964747             -5.188197419816172             6623.135137995458              0.001246600404142937           51.58860915076929              358.4914812112691              240.4282439045355              
23700                          -5815.70310447129              2051.313021956914              2393.053007343683              -3.696584922530315             -4.185258631359327             -5.399850536328566             6623.877387462144              0.001365989901150188           51.5910951165968               358.4896821046631              239.5455804631292              
23760                          -6022.895920068484             1795.319061988886              2063.379749255812              -3.206963181442454             -4.344352896391539             -5.584709686882233             6624.548085091958              0.00147449020796352            51.59334068589197              358.4883135829514              238.752426413057               
23820                          -6200.217836328857             1530.420878456281              1723.442651886233              -2.7013017512688               -4.48194050279842              -5.741833079838955             6625.133603378879              0.00156954260555343            51.59530066898196              358.4873283411326              238.061797534765               
23880                          -6346.781709250749             1257.930388094492              1374.930632038968              -2.182121686711255             -4.59732252611457              -5.870418678601055             6625.622091495017              0.00164908869325025            51.5969355462144               358.486671423054               237.485084161246               
23940                          -6461.853895139034             979.1981007794867              1019.576413864904              -1.652016398885186             -4.689912133438103             -5.969809065245354             6626.003729326581              0.001711509226924155           51.59821226181411              358.486281316644               237.0318290142432              
24000                          -6544.85818397712              695.6062836287814              659.1477251510983              -1.113637937130012             -4.75923811507426              -6.039495467791783             6626.270932818565              0.001755594180242028           51.59910488767986              358.4860911815151              236.7095395671176              
24060                          -6595.378894134969             408.5619348623571              295.4382800215829              -0.5696828001187326            -4.80494772431915              -6.079120892053834             6626.418505639504              0.001780528139539055           51.59959514338837              358.486030183863               236.5235390496973              
24120                          -6613.163104448542             119.4896089200109              -69.7413983783933              -0.02287739059346722           -4.826808790732638             -6.088482317926129             6626.44373391521               0.001785882377328236           51.59967276172674              358.4860249113409              236.4768596280646              
24180                          -6598.122005977621             -170.1758627698387             -434.5732581842681             0.5240367623111337             -4.82471108189266              -6.067531932544907             6626.346422662093              0.001771609044122937           51.59933569238783              358.4860008389595              236.5701802972362              
24240                          -6550.331363329069             -458.996709804943              -797.2410438402968             1.068317885023097              -4.798666899719762             -6.01637738698278              6626.128874417589              0.00173803541766265            51.59859013988761              358.4858838160849              236.8018110715448              
24300                          -6470.031083257742             -745.5395732554989             -1155.939606861009             1.607238816390415              -4.748810908844916             -5.935281077633074             6625.795812338454              0.001685857906638091           51.59745043526547              358.4856015442926              237.1677240132358              
24360                          -6357.623896280656             -1028.382822193433             -1508.884143609935             2.138101712428601              -4.675399205808721             -5.824658467725723             6625.354251629702              0.001616137051625099           51.59593874462492              358.4850850161386              237.6616305679463              
24420                          -6213.673159454189             -1306.123800240424             -1854.319314438724             2.658252495431295              -4.578807644875965             -5.685075472528384             6624.813324479929              0.001530296543351508           51.59408462088876              358.4842698858831              238.2751036548543              
24480                          -6038.899811178764             -1577.385932435731             -2190.528156886431             3.165094886600563              -4.45952945594022              -5.517244958655817             6624.184064766161              0.001430131874439075           51.59192440855357              358.4830977448099              238.9977417976415              
24540                          -5834.178495328768             -1840.825679985816             -2515.840777420084             3.656103975771945              -4.318172185014292             -5.322022397833997             6623.479159408377              0.001317838574352793           51.5895005139492               358.4815172758697              239.8173718527541              
24600                          -5600.532876067971             -2095.13930402416              -2828.642773010414             4.128839239261841              -4.155453992094559             -5.100400722340912             6622.712673597566              0.001196077838789774           51.58686055611335              358.4794852648833              240.7202858970468              
24660                          -5339.130211827291             -2339.069362847585             -3127.383289220879             4.580956856712124              -3.972199375506038             -4.853504474811306             6621.899757302875              0.001068111940993493           51.58405641623185              358.4769674489527              241.691506954633               
24720                          -5051.27519523053              -2571.410956721929             -3410.582732463544             5.010221352493871              -3.769334349583184             -4.5825832858278               6621.056339968481              0.0009380676301025325          51.58114320468082              358.4739391856789              242.7150781012406              
24780                          -4738.403123596417             -2791.017660808957             -3676.840063311438             5.414516457017674              -3.547881141648971             -4.289004766548753             6620.19882001004               0.0008114229402957242          51.57817816678057              358.4703859307974              243.7743684856487              
24840                          -4402.072440688919             -2996.807127905914             -3924.839648862128             5.791855166344845              -3.30895245638008              -3.974246878266118             6619.343754972881              0.0006958172273843952          51.57521954913337              358.4663035156062              244.8523899908605              
24900                          -4043.956699728892             -3187.766335386622             -4153.357643284424             6.140388970129891              -3.053745360028427             -3.639889846597236             6618.507557482182              0.0006020026819444859          51.57232544900221              358.4616982195316              245.9321178621167              
24960                          -3665.835998143579             -3362.956455053788             -4361.267871176277             6.458416230236469              -2.783534834786062             -3.287607684849164             6617.706201333453              0.0005434584524705146          51.56955266932358              358.4565866372214              246.9968087820071              
25020                          -3269.58793532257              -3521.517327565125             -4547.547192143665             6.744389701072714              -2.499667051339418             -2.919159387958782             6616.954941329211              0.0005312551094049882          51.56695560161634              358.4509953434964              248.030310032319               
25080                          -2857.178143931953             -3662.671526221326             -4711.28032895666              6.996923190700665              -2.203552404186488             -2.536379853741464             6616.268049817975              0.0005652788505304804          51.5645851583134               358.4449603633122              249.0173536911288              
25140                          -2430.650454771609             -3785.72799459854              -4851.664141609874             7.214797362759631              -1.896658358067607             -2.141170592907399             6615.658572387425              0.0006334832790146272          51.56248777498723              358.4385264576878              249.9438302432318              
25200                          -1992.116716557506             -3890.085256530365             -4968.011345986858             7.396964704851482              -1.580502123118424             -1.735490249569544             6615.138104741724              0.0007207897803011859          51.5607045012844               358.4317462393857              250.7970365889878              
25260                          -1543.74637761281              -3975.234173142794             -5059.75364880732              7.542553646722814              -1.25664323499014              -1.321345029484892             6614.716592710915              0.0008153520698532791          51.5592701980622               358.4246791365504              251.5658938757524              
25320                          -1087.755814383854             -4040.76026015524              -5126.444314891712             7.650871879208403              -0.9266760255557017            -0.9007790164351562            6614.402157094318              0.0009092543161763672          51.55821285555724              358.4173902234713              252.2411315005029              
25380                          -626.3974993736379             -4086.345547707695             -5167.760147501158             7.721408868525808              -0.5922220445129931            -0.4758644534449362            6614.200945237404              0.0009973694312285849          51.55755304569519              358.4099489417398              252.8154341503896              
25440                          -161.9490384861775             -4111.769985135301             -5183.502885787466             7.753837594250824              -0.2549224445644995            -0.04869200418474359           6614.117011302271              0.001076329375433031           51.55730351884159              358.4024277361177              253.2835496073167              
25500                          303.2978728880727              -4116.912388347367             -5173.600018072207             7.748015528079142              0.08356964570736858            0.3786389752513047             6614.152227366224              0.001143889576623418           51.55746895274525              358.3949006314313              253.6423557772696              
25560                          767.0485301813968              -4101.750929682969             -5138.105012333745             7.703984870978214              0.4215967426027084             0.8040301309134504             6614.306227669211              0.00119856949897274            51.55804585860263              358.38744177786                253.8908861780083              
25620                          1227.016292326681              -4066.363171120447             -5077.19696654067              7.621972063951733              0.7575046055887397             1.225393751761419              6614.576388411571              0.001239449259995144           51.55902264627355              358.3801239927075              254.0303138717891              
25680                          1680.93360359821               -4010.925642618127             -4991.179682598045             7.502386584383009              1.08964979911897               1.640662339044807              6614.957845457773              0.001266049388218854           51.56037984771584              358.3730173269061              254.0638945552391              
25740                          2126.562921663985              -3935.712968222524             -4880.480168769112             7.345819035985312              1.416407205180705              2.04779808805881               6615.443552045644              0.001278253964580037           51.56209049472873              358.3661876841856              253.9968702374772              
25800                          2561.707507140889              -3841.096543957218             -4745.64657725763              7.153038537018059              1.736177472794266              2.444802264676526              6616.02437810114               0.001276255850131346           51.56412064413855              358.359695520009               253.8363355899874              
25860                          2984.222055839494              -3727.54276565157              -4587.345575352248             6.924989393272302              2.04739440929343               2.829724481894396              6616.689252068125              0.00126051249595451            51.56643004083317              358.3535946456274              253.5910696808114              
25920                          3392.02306201236               -3595.610827979518             -4406.359181019502             6.662787082770078              2.348532248573193              3.200671795090463              6617.425345082583              0.001231706080690956           51.56897290585168              358.3479311621076              253.2713364337596              
25980                          3783.09897346471               -3445.950076737347             -4203.581038215319             6.36771349364529               2.638112856140011              3.555817689062767              6618.218296433763              0.001190704643693864           51.57169883504657              358.3427425442345              252.888657547016               
26040                          4155.520008770317              -3279.296939848841             -3980.012168817134             6.041211439908835              2.914712787590541              3.893410851987028              6619.052477730323              0.001138522615391067           51.57455379062783              358.3380568941996              252.4555623744081              
26100                          4507.447628525425              -3096.471438132116             -3736.756202931569             5.684878425823999              3.176970202635633              4.211783737477866              6619.911291988259              0.001076280263086489           51.57748116647962              358.3338923798764              251.9853192172704              
26160                          4837.143611203935              -2898.373285776706             -3475.01410207753              5.300459645412154              3.423591601934039              4.509360872463403              6620.777502432526              0.001005162351504619           51.58042290631973              358.3302568695132              251.4916534348376              
26220                          5142.978685195161              -2685.977593041107             -3196.078392971408             4.889840207792424              3.653358349762172              4.784666863390034              6621.633584466293              0.0009263769216689535          51.58332065256868              358.3271477706888              250.9884574785965              
26280                          5423.440670976744              -2460.330185006377             -2901.326931259341             4.455036582740143              3.865132942252619              5.03633404924268               6622.46209306457               0.0008411155698649991          51.58611690300906              358.3245520772706              250.489498555402               
26340                          5677.142086675269              -2222.542552999536             -2592.216218101686             3.998187269334524              4.057864975508712              5.263109743337401              6623.246036848434              0.0007505170002530728          51.58875615202486              358.3224466238494              250.0081295513401              
26400                          5902.827170741932              -1973.786458169446             -2270.274296146946             3.521542701013346              4.230596763836433              5.463863001104338              6623.969249374158              0.0006556359397397534          51.59118599339552              358.3207985429009              249.5570088979493              
26460                          6099.378278253875              -1715.288207428739             -1937.09325228276              3.027454408294292              4.382468556809044              5.637590849465498              6624.616747787813              0.000557419809194251           51.59335816232065              358.319565915732               249.1478349807194              
26520                          6265.821598674996              -1448.322639758526             -1594.321377324776             2.518363502148476              4.512723294474568              5.783423903093673              6625.175068948683              0.000456696159556745           51.59522949540905              358.3186986043299              248.7911004763364              
26580                          6401.332174565336              -1174.206826914061             -1243.654988848137             1.99678848457155               4.620710862966503              5.900631319799229              6625.6325736025                0.0003541762525275695          51.59676278931746              358.3181392473254              248.4958716422616              
26640                          6505.238163148305              -894.2935455919085             -886.8299916304145             1.465312503041003              4.705891783712544              5.988625014655043              6625.97970982391               0.0002504927923018326          51.5979275403253               358.3178244001687              248.2695972124075              
26700                          6577.024320840568              -609.9645396458651             -525.6132002814395             0.9265701002745897             4.767840299997401              6.046963088739904              6626.209228206641              0.0001463874347971001          51.59870054995788              358.3176857964283              248.1179509254698              
26760                          6616.334677114927              -322.6236282703987             -161.7934962337988             0.3832335892324095             4.806246816095391              6.075352420532437              6626.316342677005              4.532707646076185e-05          51.59906638431                 358.3176517047714              248.0447111349422              
26820                          6622.974385708219              -33.68967444251973             202.8271620125915              -0.1620008896642773            4.820919665192889              6.073650391891829              6626.29883258604               6.994415838023919e-05          51.59901767794749              358.3176483542032              248.0516800664                 
26880                          6596.910731126187              255.4105252000426              566.4427969894739              -0.7064274788626338            4.811786178087035              6.041865718711092              6626.157083565799              0.0001730723358010262          51.59855527627602              358.3176013988565              248.1386446196366              
26940                          6538.273286409083              543.2493945908896              927.25249466219                -1.247344779907871             4.778893043905083              5.980158378932374              6625.894066655566              0.0002774631055068495          51.59768821375726              358.3174373928262              248.3033796103973              
27000                          6447.353221344973              828.4057328102651              1283.469455468801              -1.782069976228835             4.722405961558731              5.888838640759266              6625.515257143998              0.000381331869078686           51.59643352866791              358.3170852454543              248.541693472529               
27060                          6324.601767791974              1109.471826682061              1633.329960435156              -2.307952788038027             4.642608591433853              5.76836520741522               6625.028496439557              0.0004840011931517111          51.5948159184974               358.3164776279307              248.8475155321466              
27120                          6170.627855478948              1385.060479937305              1975.102200155562              -2.822389150668289             4.539900826550558              5.619342506929085              6624.443801929778              0.0005848206548744355          51.59286724328494              358.3155523031812              249.2130230397706              
27180                          5986.194937932734              1653.811918909573              2307.094916467211              -3.322834516148311             4.414796411106622              5.442517166139362              6623.773131197679              0.0006830495025421704          51.59062588730624              358.3142533526658              249.6288053000499              
27240                          5772.217033881983              1914.400536628874              2627.665809273888              -3.806816688457996             4.267919941610071              5.238773716974111              6623.030108049339              0.0007778327732109016          51.58813599234522              358.3125322758976              250.0840614520239              
27300                          5529.754013610303              2165.541440327982              2935.22966511796               -4.271948116634017             4.10000329085583               5.009129588974512              6622.229718523899              0.0008682032933451632          51.5854465783066               358.3103489411653              250.5668277384138              
27360                          5260.006169035953              2405.996764838736              3228.266161273834              -4.715937573263819             3.911881502324245              4.75472945118473               6621.387985048603              0.0009530969584503416          51.58261056911211              358.3076723690226              251.0642295086391              
27420                          4964.308099264694              2634.581728840672              3505.327317163316              -5.136601180975649             3.704488197803872              4.476838959250331              6620.521627738633              0.001031376840165215           51.57968374363202              358.3044813335771              251.5627527257666              
27480                          4644.121952416569              2850.170403327142              3765.04455568024               -5.531872742563833             3.478850545740198              4.176837969770214              6619.647721110882              0.001101863439102649           51.57672363274642              358.3007647703152              252.0485293784523              
27540                          4301.030082673889              3051.701157310899              4006.135332253536              -5.899813328900204             3.236083848392413              3.856213297392348              6618.783353687281              0.001163369006137349           51.57378838465603              358.2965219832909              252.5076309390624              
27600                          3936.727123977579              3238.181786354341              4227.409338475479              -6.238620158207626             2.977385762386923              3.516551032212472              6617.945297264111              0.001214734224051223           51.57093562050112              358.291762647838               252.9263640018253              
27660                          3553.011611412642              3408.694253927034              4427.774196766505              -6.546634665800769             2.704030255395948              3.159528551482857              6617.149691994826              0.001254865880865368           51.56822130345687              358.2865066105746              253.2915620737604              
27720                          3151.7770569473                3562.399103576557              4606.240715429023              -6.822349898877895             2.41736123894657               2.786906145146457              6616.41175188636               0.001282774602163686           51.56569864216181              358.28078348958                253.5908678451588              
27780                          2735.002688242929              3698.539442840064              4761.92758692322               -7.064417086068104             2.118786027905205              2.400518451485074              6615.745495009508              0.001297612118728694           51.56341705087399              358.2746320853725              253.8130003255137              
27840                          2304.743770891751              3816.444550172746              4894.065590831934              -7.271651504153232             1.809768568798243              2.002265625556532              6615.163501134563              0.0012987081233156             51.56142118519885              358.2680996130962              253.9480016377947              
27900                          1863.121591839595              3915.53306978995               5002.001260069504              -7.443037605315822             1.491822487260939              1.594104305726407              6614.676699063599              0.001285607443913763           51.55975007199091              358.2612407717023              253.9874587461063              
27960                          1412.313182832945              3995.315776858263              5085.199991096536              -7.577733398730133             1.166504003256454              1.178038440339671              6614.294185207352              0.001258109276427183           51.55843634989445              358.2541166690145              253.9246957681125              
28020                          954.5408052356602              4055.397915625094              5143.248602137885              -7.675074112962568             0.8354047189730491             0.7561099800684198             6614.023074356165              0.0012163118340796             51.55750563448595              358.2467936233425              253.754933212118               
28080                          492.0612054736399              4095.481106020205              5175.857334041887              -7.734575148087009             0.5001442731315487             0.3303894280111293             6613.868383297012              0.001160668554928494           51.55697601974125              358.2393418642358              253.475411026704               
28140                          27.15474776010663              4115.364801593551              5182.861276231707              -7.755934301732705             0.1623629242134731             -0.09703367257974796           6613.832947832048              0.001092067120205251           51.55685772521856              358.2318341583158              253.0854730501351              
28200                          -437.8855841151575             4114.94730254254               5164.221222124906              -7.739033284199817             -0.1762859589753223            -0.5240603404770703            6613.917373589992              0.001011952178988238           51.55715289534261              358.224344385617               252.5866111278583              
28260                          -900.7652463170049             4094.226315521602              5120.023946216335              -7.683938513144676             -0.5141434655498852            -0.9485918051405662            6614.120021128688              0.0009225310425085309          51.55785555461313              358.2169460939691              251.9824679055573              
28320                          -1359.199231532075             4053.299057141762              5050.481899857603              -7.590901181852423             -0.8495527689301292            -1.36853920048247              6614.437025862201              0.000827134983557432           51.55895171968358              358.2097110586324              251.2787980160347              
28380                          -1810.923125518925             3992.361900338639              4955.93232770719               -7.460356596417832             -1.180866772115952             -1.781833253689237             6614.862353367774              0.0007308577263921682          51.56041966635749              358.2027078751639              250.4833881900759              
28440                          -2253.704123186416             3911.709560101944              4836.835800468791              -7.292922764607576             -1.506455787968705             -2.186433988471239             6615.387890622392              0.0006415981069996523          51.56223034685466              358.1960006117347              249.6059374603001              
28500                          -2685.351927330404             3811.733818948791              4693.774167442443              -7.089398224368821             -1.824715213802292             -2.580340390553589             6616.003573513332              0.0005712549964418769          51.56434794983339              358.1896475473395              248.6578994147822              
28560                          -3103.729502264981             3692.921790272437              4527.447927678038              -6.850759089380796             -2.134073193881416             -2.961600026099131             6616.697550662846              0.0005351566800768956          51.5667305930809               358.183700020095               247.6522892419753              
28620                          -3506.763612117818             3555.85372650848               4338.673031321909              -6.578155302831396             -2.432998230012725             -3.32831856208281              6617.45638302632               0.0005458391235676383          51.56933113608726              358.1782014085561              246.6034587625372              
28680                          -3892.455120347383             3401.20037026771               4128.377109843445              -6.272906068624732             -2.720006732098999             -3.678669176762715             6618.265278068809              0.0006037646321509513          51.57209809758453              358.1731862659293              245.5268435653497              
28740                          -4258.888987433105             3229.719855776479              3897.595147002676              -5.936494444930801             -2.993670467998783             -4.010901807910812             6619.108356366855              0.0006977230039577693          51.57497666083641              358.168679624911               244.438686671705               
28800                          -4604.243918559854             3042.254167164901              3647.464600854662              -5.570561080993102             -3.252623879051615             -4.323352195149821             6619.968947443956              0.0008138480725387882          51.57790974765993              358.164696487528               243.3557439243768              
28860                          -4926.801609432206             2839.725162858849              3379.219990685717              -5.176897082617134             -3.495571220532661             -4.61445066393978              6620.829910322582              0.0009410444264295397          51.58083914059465              358.1612415109598              242.2949764790965              
28920                          -5224.955537639903             2623.130177930934              3094.186966114018              -4.757435997563499             -3.721293481195166             -4.882730592524297             6621.673973177944              0.001071433741260908           51.58370663143472              358.1583088966133              241.2732363494106              
28980                          -5497.219246707751             2393.537219157798              2793.775879277122              -4.314244920286939             -3.928655031374072             -5.126836497580972             6622.484086035995              0.00119937730354941            51.58645517366545              358.1558824856568              240.306951073002               
29040                          -5742.234070211356             2152.079770698458              2479.474885045248              -3.849514725213134             -4.11660994471384              -5.345531669115225             6623.243778618283              0.001320640850403479           51.58903001593553              358.1539360602734              239.4118137319647              
29100                          -5958.776243748168             1899.951232345544              2152.842599306937              -3.365549451180221             -4.284207934891268             -5.537705281015726             6623.937514589396              0.001431895141806033           51.59137979378549              358.1524338457716              238.6024845869979              
29160                          -6145.763356320966             1638.399013747983              1815.500347081551              -2.864754869315176             -4.430599848052982             -5.702378903227443             6624.55103195524               0.001530447422158355           51.59345755727873              358.1513312046648              237.8923104198257              
29220                          -6302.260095511543             1368.718307866777              1469.124031957502              -2.349626275516904             -4.555042652578742             -5.838712343125632             6625.071662092667              0.001614104168347941           51.59522171376027              358.1505755094859              237.2930674303752              
29280                          -6427.483227037254             1092.245601923519              1115.435703071352              -1.822735623694235             -4.656903855013561             -5.946008730534228             6625.488617885901              0.001681104330440845           51.59663686602612              358.1501071777324              236.814733170585               
29340                          -6520.805798151118             810.3519191327039              756.1948119775664              -1.286718000716552             -4.735665309596106             -6.023718804939388             6625.793241981988              0.001730089366280535           51.59767452861882              358.1498608486379              236.4652923091608              
29400                          -6581.76050765343              524.4358544475239              393.1892418548412              -0.7442575869404123            -4.790926354136158             -6.071444325494749             6625.979207531161              0.001760091663390488           51.59831370688265              358.1497666786434              236.2505805083001              
29460                          -6610.042216631816             235.9164611032662              28.22618212778799              -0.1980732408878639            -4.822406231321537             -6.088940557527246             6626.042665103865              0.001770531194024321           51.59854132643201              358.1497517296622              236.1741698584874              
29520                          -6605.509590470788             -53.77400486423938             -336.8771416227096             0.3490962411238012             -4.829945772766613             -6.076117808777001             6625.982331141106              0.001761214840651108           51.59835250389848              358.1497414221917              236.2372983436708              
29580                          -6568.185848518974             -343.197409830298              -700.3027898904561             0.8945070113733071             -4.813508315617885             -6.033041984392837             6625.799515065644              0.001732335560315686           51.59775065279678              358.1496610239182              236.4388448955033              
29640                          -6498.258619411518             -630.9171010556744             -1060.241437092862             1.435425090117914              -4.773179844560295             -5.959934156203561             6625.498084269691              0.001684470455489269           51.59674742205271              358.1494371435668              236.775350735943               
29700                          -6396.078903627832             -915.5052504404687             -1414.901644138673             1.969141183211917              -4.709168360396853             -5.857169153238092             6625.084368208302              0.001618578422012488           51.59536246812018              358.1489991995687              237.241086386849               
29760                          -6262.159153272995             -1195.550137496502             -1762.519017584961             2.492985269417651              -4.621802488603338             -5.725273195741209             6624.567004836186              0.001535999833677878           51.5936230651789               358.1482808335749              237.8281629857656              
29820                          -6097.170486592681             -1469.663326617686             -2101.365199007661             3.004340835787585              -4.511529352315217             -5.564920608676883             6623.956734449213              0.001438463227279621           51.59156356130158              358.1472212399565              238.5266854422753              
29880                          -5901.939062977644             -1736.486693954102             -2429.756628846319             3.500658646625737              -4.378911744930955             -5.37692966403365              6623.266147572058              0.001328108061422095           51.58922469173268              358.1457663841729              239.3249440975278              
29940                          -5677.441639915402             -1994.699274670951             -2746.063048335293             3.979469968448474              -4.224624638564961             -5.162257601111676             6622.509394748853              0.001207539977212719           51.58665276328971              358.1438700851167              240.2096407941954              
30000                          -5424.800379987048             -2243.023854024526             -3048.715645376914             4.438399094576632              -4.049451099219202             -4.921994921031806             6621.701867110087              0.001079948704400167           51.58389872704124              358.1414949397285              241.1661443995754              
30060                          -5145.276886233994             -2480.233341466554             -3336.214892515811             4.875175237312861              -3.854277619307373             -4.657358966404202             6620.85985674267               0.0009493437277853562          51.58101715760782              358.1386130706972              242.1787706305067              
30120                          -4840.265591468227             -2705.15680384943              -3607.137925581967             5.287643562382443              -3.640088979248162             -4.36968693694006              6620.000206449464              0.0008210024356380801          51.57806516094927              358.1352066829826              243.2310800824489              
30180                          -4511.286477594003             -2916.685207273394             -3860.145524147229             5.673775470356968              -3.40796264558074              -4.060428346476591             6619.139957673988              0.0007022503696874783          51.57510123214528              358.1312684175416              244.3061885245252              
30240                          -4159.977218505014             -3113.776797298963             -4093.988608753208             6.031678015385958              -3.15906279171777              -3.731137035148086             6618.29600511019               0.0006034976358956623          51.57218408690034              358.1268014959148              245.3870832158536              
30300                          -3788.084778705992             -3295.462113943027             -4307.514251454943             6.359602480871706              -2.894633981648712             -3.383462787232397             6617.484765417608              0.0005383201487677028          51.56937149016195              358.1218196529887              246.4569388320924              
30360                          -3397.456523672719             -3460.848618406776             -4499.671172696155             6.655952100100118              -2.615994569551087             -3.01914262251014              6616.721866437089              0.0005190814093347442          51.56671910545029              358.1163468598593              247.4994269964072              
30420                          -2990.030892506234             -3609.124916390844             -4669.514707308864             6.919288927050378              -2.324529860272133             -2.639991818148174             6616.021862087403              0.0005476217532812644          51.56427938780548              358.1104168428302              248.4990134016225              
30480                          -2567.82768359487              -3739.564564896827             -4816.21122504557              7.14833986735623               -2.021685071470956             -2.247894712654666             6615.397976888545              0.0006126389543723633          51.56210054224879              358.1040724086683              249.4412369615138              
30540                          -2132.938003277784             -3851.529451723094             -4939.041993964555             7.342001883126163              -1.708958133609512             -1.844795337472373             6614.8618828718                0.0006985125255369839          51.56022556818615              358.0973645900237              250.3129658309481              
30600                          -1687.513930701087             -3944.472738144852             -5037.406476770984             7.499346386033867              -1.387892362555663             -1.432687919933246             6614.423510563509              0.0007926785388376004          51.55869140836004              358.0903516284533              251.1026256314963              
30660                          -1233.757917900681             -4017.941363176571             -5110.825058771569             7.619622843790617              -1.06006901165214              -1.013607265583206             6614.090894781407              0.0008867687602373859          51.55752821869897              358.0830978150546              251.8003958631934              
30720                          -773.9120642921224             -4071.578087395054             -5158.941185464906             7.702261587877254              -0.7270997941065551            -0.5896191355234699            6613.870055359193              0.0009754304803385654          51.55675877333415              358.0756722133                 252.3983709127688              
30780                          -310.2471414594986             -4105.123101908975             -5181.522936699749             7.746875885556255              -0.3906192743170656            -0.1628104884489877            6613.764912193791              0.001055196163198413           51.55639801565231              358.0681472866914              252.890683163575               
30840                          154.9483794111809              -4118.415166110382             -5178.464002185428             7.753263233218878              -0.05227729703284753           0.2647201971380269             6613.777234005773              0.001123782729501867           51.55645276442435              358.0605974615914              253.2735858735123              
30900                          619.3794306911315              -4111.392297936072             -5149.78408259605              7.721405921528611              0.2862686565656874             0.6908726623852615             6613.906619849994              0.00117969699131321            51.55692158016952              358.0530976506508              253.5454947084372              
30960                          1080.755410570157              -4084.09200327622              -5095.628706693283             7.651470860760083              0.6233610769035888             1.113554530775718              6614.150512670927              0.001222013487781464           51.55779479442413              358.0457217678274              253.7069873056735              
31020                          1536.801263019561              -4036.651048207155             -5016.268466615808             7.543808673259881              0.9573500564996724             1.530690967647946              6614.50424429655               0.001250243953382215           51.5590547013401               358.0385412624622              253.7607610841615              
31080                          1985.268436655467              -3969.304776001261             -4912.097679748314             7.398952060337375              1.28660085749275               1.940234228652214              6614.961111446163              0.001264254931399859           51.56067590788417              358.0316237026952              253.7115502400511              
31140                          2423.94574828455               -3882.385970234202             -4783.632477784427             7.217613438855307              1.609501450312766              2.34017313965188               6615.512482494361              0.001264210573011067           51.56262583604394              358.0250314349452              253.5660036528097              
31200                          2850.670072245075              -3776.323268828509             -4631.508332528112             7.000681849454514              1.92446998047554               2.728542453456563              6616.147934732216              0.001250528335560423           51.56486536740964              358.0188203464657              253.3325261016334              
31260                          3263.336833903588              -3651.639129809874             -4456.477020428875             6.749219124371936              2.229962161174405              3.103432079546792              6616.85542180586               0.001223840889090474           51.56734961786854              358.0130387551924              253.0210858845239              
31320                          3659.910234566481              -3508.947360894605             -4259.403044371194             6.464455322431752              2.524478550089408              3.462996134208761              6617.621470702647              0.00118496055440613            51.57002882733835              358.0077264494913              252.64299257943                
31380                          4038.433204611222              -3348.950207784416             -4041.259506526412             6.147783400083269              2.806571718093671              3.805461819012767              6618.431407332301              0.001134844307380176           51.57284934750729              358.0029138965776              252.2106492456624              
31440                          4397.036979079152              -3172.435030168067             -3803.123473560201             5.800753152865409              3.074853238948126              4.129138039146867              6619.269608974542              0.001074558439028689           51.57575470786181              357.9986216365663              251.73728394724                
31500                          4733.950318903272              -2980.270551425099             -3546.170815719821             5.425064373316321              3.328000521686015              4.432423786222535              6620.119781335875              0.001005242661963315           51.5786867394266               357.9948598737435              251.2366657441835              
31560                          5047.508287576982              -2773.40270781321              -3271.670556423371             5.022559249638874              3.564763419845306              4.713816203002232              6620.965256841842              0.000928074006402427           51.58158673358594              357.9916282742985              250.722810960584               
31620                          5336.160543152952              -2552.850112308432             -2980.978753463096             4.595214007382343              3.783970584905633              4.97191828847587               6621.789309877739              0.0008442313102151025          51.58439661277927              357.9889159748612              250.209685309318               
31680                          5598.479112130791              -2319.699142398079             -2675.531925270799             4.145129786304858              3.984535532583264              5.205446202901734              6622.575483690873              0.0007548615313099873          51.58706008952457              357.9867018019193              249.7109081750441              
31740                          5833.165591979577              -2075.0986745597               -2356.840053523867             3.674522773386348              4.165462371893641              5.413236110042429              6623.307922641501              0.0006610495618073551          51.5895237901892               357.9849546980288              249.2394648115269              
31800                          6039.057739817614              -1820.254486241864             -2026.479190515623             3.185713612986443              4.325851151368396              5.59425049949376               6623.97170263729               0.0005637937966064009          51.59173832056194              357.9836343463595              248.8074324909003              
31860                          6215.135404817595              -1556.423349771379             -1686.08370429079              2.681116127371477              4.464902773754543              5.747583928716385              6624.553151909066              0.0004639908730984821          51.59365925140423              357.9826919809624              248.4257262264791              
31920                          6360.525764253336              -1284.906845556443             -1337.338198184761             2.163225392823324              4.581923429932122              5.872468124198838              6625.040153860406              0.000362436735177834           51.5952480037552               357.9820713662432              248.1038693656647              
31980                          6474.507825557585              -1007.044926721924             -981.9691473327405             1.634605232772357              4.676328503144421              5.968276382396575              6625.422423603864              0.0002598683704512032          51.59647261582381              357.9817099255786              247.8497938712935              
32040                          6556.516165356157              -724.209257184591              -621.7362815877096             1.097875177693453              4.747645901172745              6.034527218884294              6625.691750040292              0.0001571904794469475          51.59730837584166              357.9815399958515              247.6696744703695              
32100                          6606.143866071315              -437.7963873209625             -258.4237979003385             0.5556970290863955             4.79551876584295               6.070887207688399              6625.842195873296              5.806412924618684e-05          51.59773830793375              357.9814901821246              247.5678001840397              
32160                          6623.144642561489              -149.2207674945343             106.1685967290063              0.01076105021972794            4.819707537293515              6.07717298316654               6625.870248975735              6.055830407995045e-05          51.59775350147248              357.9814867845436              247.5464858841733              
32220                          6607.434129297806              140.092334623982               470.2347268423035              -0.534228062863799             4.820091335038619              6.053352363227187              6625.774919705234              0.0001596210238050419          51.59735327745277              357.9814552682132              247.6060257168829              
32280                          6559.09032147612               428.7139794710091              831.971031711397               -1.076565334109571             4.796668640079132              5.999544578263879              6625.557780354253              0.0002616238569909649          51.59654518905144              357.9813217459833              247.7446892879652              
32340                          6478.353167179652              715.2187166107979              1189.585630121989              -1.61355965961201              4.749557269347059              5.916019600397609              6625.222944669009              0.0003632489719256491          51.59534485704123              357.9810144439771              247.958760563527               
32400                          6365.623312601037              998.1917284200983              1541.307324863975              -2.142547861012157             4.67899364317289               5.803196578398786              6624.776987245834              0.0004637229437282163          51.59377564417479              357.9804651202563              248.2426185403247              
32460                          6221.460011599036              1276.235904416546              1885.394481407938              -2.660908507764507             4.585331357736294              5.661641399487999              6624.228804544365              0.0005624457347890114          51.59186817603779              357.9796104082311              248.5888578229697              
32520                          6046.578211910485              1547.978816593343              2220.143743528576              -3.166075421629335             4.469039081139657              5.492063405664521              6623.589421101197              0.0006587623184431008          51.58965971891202              357.9783930581597              248.9884464328488              
32580                          5841.844846939237              1812.079541513471              2543.898518371009              -3.65555073638349              4.330697807208408              5.295311313617927              6622.871746309909              0.0007519099931331698          51.58719342823591              357.9767630525119              249.4309173842003              
32640                          5608.274357593607              2067.235302763426              2855.057198389491              -4.126917444968172             4.170997502495574              5.072368386401805              6622.090288613502              0.0008410066971278332          51.5845174835927               357.9746785737439              249.9045899283037              
32700                          5347.023479063804              2312.187894560111              3152.081071934874              -4.577851350459648             3.990733191275796              4.824346917546072              6621.260834854394              0.0009250579221096742          51.58168412833194              357.9721068062496              250.3968157920281              
32760                          5059.385329975833              2545.729854792226              3433.501883851134              -5.00613236015387              3.790800526704218              4.552482091591819              6620.400103858066              0.00100297576375506            51.57874863368338              357.9690245578834              250.8942453110485              
32820                          4746.782842603797              2766.71035964672               3697.929012407111              -5.409655078101377             3.572190897199082              4.258125285455211              6619.52538401516               0.001073606795628905           51.57576820844843              357.9654186902376              251.3831080222017              
32880                          4410.761588443448              2974.040805923162              3944.056222004949              -5.78643864858495              3.33598612652399               3.942736887041156              6618.654164097412              0.001135766277756194           51.57280087613447              357.9612863508818              251.8495020755718              
32940                          4052.982024616515              3166.700072568809              4170.667981893488              -6.134635856977292             3.083352803558121              3.607878676707456              6617.803766564001              0.001188276533710914           51.56990434144871              357.9566350044394              252.279686804899               
33000                          3675.211219527759              3343.739429392253              4376.645312915911              -6.452541457091172             2.815536297193823              3.255205843429928              6616.990992133964              0.001230007614971698           51.56713486823757              357.9514822636402              252.6603726656376              
33060                          3279.31410273856               3504.28707733682               4560.971144451803              -6.738599728622102             2.533854498391765              2.886458689021095              6616.231783498038              0.001259918738175362           51.56454619022456              357.9458555252036              252.9790030975582              
33120                          2867.244295216726              3647.552302270059              4722.735161199112              -6.991411266437442             2.23969133481911               2.503454078097362              6615.540915013712              0.00127709942692899            51.56218847495253              357.9397914191154              253.2240228472665              
33180                          2441.034538032203              3772.829240530978              4861.138138261034              -7.209739032988224             1.934490071634545              2.108076649894168              6614.931713952379              0.001280809852581548           51.56010735980338              357.9333350826989              253.3851277248023              
33240                          2002.786788826692              3879.500233263103              4975.495738622973              -7.39251366593476              1.619746443820788              1.702269849986183              6614.41581770831               0.00127052058535664            51.55834307770603              357.9265392746171              253.4534911578585              
33300                          1554.662020318137              3967.038764657386              5065.241768344884              -7.538838062829361             1.297001636467953              1.288026801958921              6614.002970060378              0.001245952977447978           51.55692968800967              357.9194633461028              253.4219631704791              
33360                          1098.869765009917              4035.011975018637              5129.930879959014              -7.647991252990425             0.967835132820193              0.8673810438947266             6613.700858388658              0.001207122945324692           51.55589442604725              357.9121720892169              253.2852381019366              
33420                          637.6574487646274              4083.082741152407              5169.240716509592              -7.719431564491178             0.633857445985722              0.442397149656302              6613.514992701094              0.001154393494389648           51.55525718268613              357.9047344837867              253.0399877796044              
33480                          173.2995553963296              4111.011317505391              5182.973489845297              -7.752799090162415             0.2967027477830796             0.01516125204749084            6613.448626410715              0.001088545942901306           51.55503012286208              357.8972223662423              252.6849575084998              
33540                          -291.9133356615758             4118.656532256422              5171.05698774963               -7.747917451885332             -0.04197859311510601           -0.4122285165373435            6613.502718091816              0.001010888449291057           51.55521744970583              357.8897090447323              252.2210228461145              
33600                          -755.6855942155446             4105.97653337661               5133.545005652781              -7.704794858026188             -0.3805275503322351            -0.8376716486016523            6613.675932920654              0.0009234370171634258          51.5558153184373               357.8822678857325              251.6512058041772              
33660                          -1215.727634897156             4073.02907994239               5070.617198431481              -7.623624442997796             -0.7172840517694746            -1.259074944831189             6613.964682169575              0.0008292351992630613          51.5568119017567               357.8749708976221              250.9806497950703              
33720                          -1669.766999016813             4019.97137530922               4982.578351000823              -7.504783876342313             -1.050594635250256             -1.674362218564754             6614.363198932277              0.0007329291713141542          51.55818760594631              357.8678873373127              250.2165533708048              
33780                          -2115.559393958524             3947.059440421208              4869.857066862888              -7.34883422547343              -1.378820143236823             -2.081484014713008             6614.863648192841              0.0006417495269014255          51.55991543442074              357.8610823651906              249.3680636178369              
33840                          -2550.899652675577             3854.647022722033              4733.003870646357              -7.156518046955819             -1.700343443981009             -2.478427325775037             6615.456269378008              0.0005668094727582651          51.5619614930482               357.8546157731754              248.4461305712121              
33900                          -2973.632537838288             3743.184044552322              4572.688733078363              -6.92875669495325              -2.013577136186929             -2.863225249980567             6616.129549503032              0.0005232298763045422          51.56428562893385              357.8485408103058              247.4633251431314              
33960                          -3381.663371324518             3613.214588372319              4389.698015978309              -6.666646817768474             -2.316971232962231             -3.23396658458508              6616.870425067251              0.0005250635407404622          51.56684219213087              357.8429031280396              246.4336234024631              
34020                          -3772.968427065746             3465.374422516546              4184.930844900594              -6.371456024805374             -2.609020786659807             -3.588805304687262             6617.66451072897               0.0005753213366448195          51.56958090726288              357.8377398663724              245.3721611025694              
34080                          -4145.605037229619             3300.388072341685              3959.394917976912              -6.044617706322118             -2.888273421845378             -3.92596988501405              6618.496352587001              0.0006639836855918111          51.57244783982984              357.8330788995178              244.2949626071731              
34140                          -4497.721361920413             3119.065443052012              3714.201761319969              -5.687724990140397             -3.153336740489915             -4.24377241819196              6619.349703565002              0.0007768905628165924          51.5753864398772               357.8289382573458              243.2186494896523              
34200                          -4827.565770301172             2922.298003011534              3450.561444670038              -5.302523824304804             -3.402885558269582             -4.540617476629129             6620.207817836626              0.000902366550937209           51.57833864384251              357.8253257358115              242.1601340773223              
34260                          -5133.495780312238             2711.054539069197              3169.776774458832              -4.890905180706288             -3.635668926652171             -4.815010660054921             6621.053760414613              0.001032149706283456           51.58124601373819              357.8222387063045              241.1363040148153              
34320                          -5413.986504279877             2486.376498195059              2873.236984988959              -4.454896382259277             -3.85051689204819              -5.065566766829993             6621.870728112185              0.001160402994235776           51.58405089167323              357.8196641300141              240.1637040635451              
34380                          -5667.638548118149             2249.372932749071              2562.410952255846              -3.996651564809464             -4.046346939969771             -5.291017523304387             6622.642376885849              0.001282793016387154           51.58669754684904              357.8175787794615              239.2582215782249              
34440                          -5893.185313582258             2001.215068966754              2238.839957746743              -3.518441293322196             -4.222170070064014             -5.490218803255291             6623.353149507033              0.001395931688628502           51.58913329174584              357.8159496651875              238.4347821649881              
34500                          -6089.499650174577             1743.130526515742              1904.130040152986              -3.022641372869312             -4.377096442364981             -5.662157263421754             6623.988595831453              0.001497075672127067           51.59130954409448              357.8147346613724              237.707061907613               
34560                          -6255.599815226561             1476.397211300954              1559.943965249526              -2.511720890881987             -4.510340542515925             -5.805956330416222             6624.535679516417              0.001583972667716976           51.59318281232875              357.8138833194369              237.0872222715407              
34620                          -6390.654696022396             1202.336911616129              1207.992854433291              -1.98822954935028              -4.621225808548082             -5.920881468850007             6624.983064250597              0.001654786820362885           51.59471558335823              357.8133378546239              236.5856733898208              
34680                          -6493.988249580016             922.30863817496                850.0275255222366              -1.454784372737748             -4.709188661772731             -6.006344661752535             6625.321370912674              0.00170806583101495            51.59587709298489              357.8130342866837              236.2108708807364              
34740                          -6565.08312866746              637.7017426083012              487.8295913339584              -0.9140558739362886            -4.773781895037365             -6.061908047796949             6625.543398230711              0.001742729566819777           51.59664396180861              357.8129037119722              235.9691506061481              
34800                          -6603.583465868622             349.928846345999               123.2023580704699              -0.3687537631548899            -4.814677375898849             -6.087286665465485             6625.644299951483              0.001758069021837012           51.59700068223196              357.8128736811231              235.8646049788495              
34860                          -6609.296787425023             60.41863573459236              -242.0384042661844             0.1783876631000015             -4.831668024108817             -6.082350259200376             6625.621712338383              0.00175374939498427            51.59693994527665              357.8128696538491              235.8990034590997              
34920                          -6582.195044509895             -229.3914420009344             -606.0737747291573             0.7246243507448225             -4.824669039415391             -6.047124121972043             6625.475827027641              0.001729813910854574           51.59646279956135              357.8128165004611              236.0717589187125              
34980                          -6522.414751428754             -518.0625334489109             -967.0910154172354             1.267217401909186              -4.793718361312897             -5.981788957349815             6625.20940571621               0.001686686891771785           51.59557863845367              357.81264001848                236.3799404756592              
35040                          -6430.256229242945             -804.1617389080401             -1323.292868742989             1.803447945015682              -4.738976354624569             -5.886679759545529             6624.827734863613              0.001625176139564468           51.59430501530419              357.8122684322686              236.8183323636094              
35100                          -6306.181964233878             -1086.269424183753             -1672.9067507446               2.330631817882936              -4.660724728310263             -5.762283727752715             6624.338520458579              0.001546476359611813           51.59266729059249              357.8116338439367              237.3795373506882              
35160                          -6150.81408760594              -1362.986459780014             -2014.193809376703             2.846133976981795              -4.559364699816935             -5.609237234678964             6623.751724780353              0.001452177660147806           51.59069811844294              357.8106736048347              238.0541223178006              
35220                          -5964.931011071406             -1632.941308792058             -2345.457749783725             3.347382449243777              -4.435414441044725             -5.428321903944755             6623.079349067961              0.001344286931015621           51.58843678383205              357.8093315788845              238.8308025328588              
35280                          -5749.463234959801             -1894.79695409953              -2665.053415061044             3.831881779226659              -4.289505836695459             -5.220459837785099             6622.335167683474              0.001225276624590118           51.58592840473518              357.8075592713957              239.6966606557826              
35340                          -5505.488371580408             -2147.257605604424             -2971.395049450637             4.297225839439331              -4.122380606429487             -4.986708066769599             6621.534421001887              0.001098188158295298           51.58322301661406              357.8053168002276              240.6373955542767              
35400                          -5234.225408525396             -2389.0751686152               -3262.964220942526             4.741109956151686              -3.934885833408015             -4.728252278031314             6620.69347545773               0.0009668411371057481          51.58037455879052              357.8025736895877              241.6375956809543              
35460                          -4937.028296187688             -2619.055401046572             -3538.317315839846             5.161342214663486              -3.727968984134594             -4.446399936322604             6619.829460293299              0.0008362413485972837          51.57743978478822              357.7993094713148              242.6810311986383              
35520                          -4615.378841002688             -2836.06379293321              -3796.092646267473             5.555854012805119              -3.502672433818338             -4.142572812977986             6618.959890761756              0.0007133271005811225          51.57447711891719              357.7955140817328              243.7509590968421              
35580                          -4270.879032622835             -3039.031071813603             -4035.017055008634             5.922709702174571              -3.260127611227934             -3.818299075049371             6618.102288144342              0.0006080953803570264          51.57154548373219              357.791188048076               244.8304349542832              
35640                          -3905.242775749229             -3226.95837489123              -4253.912067527522             6.260115416685245              -3.001548765074733             -3.475204932834429             6617.27380622327               0.0005342358700249149          51.56870312164334              357.7863424613038              245.9026255790832              
35700                          -3520.287167951963             -3398.922009467467             -4451.699498910776             6.56642697717138               -2.728226469279309             -3.115005999952381             6616.490873717147              0.0005058073821110716          51.56600643525508              357.7809987384796              246.9511162971285              
35760                          -3117.923278308771             -3554.077842965887             -4627.406565386307             6.840156982928982              -2.441520848820221             -2.739498337921296             6615.768860792095              0.0005274506795965729          51.56350886861076              357.775188179867               247.960207502274               
35820                          -2700.146563993264             -3691.665261652734             -4780.17043022767              7.079981019432036              -2.142854631198193             -2.350549321827295             6615.121777030932              0.0005890293278761451          51.56125985182045              357.7689513321999              248.9151948252347              
35880                          -2269.026912263839             -3811.010718212226             -4909.242208692976             7.284743057991421              -1.833706017521001             -1.950088316247625             6614.562006558117              0.0006740615161697329          51.55930382875191              357.7623371712729              249.8026281142465              
35940                          -1826.698415612982             -3911.530837594059             -5013.990398652341             7.453460031693965              -1.51560144758489              -1.540097256540286             6614.100084797269              0.0007688031064576419          51.55767938633882              357.7554021219479              250.6105445525463              
36000                          -1375.348855031555             -3992.735096781855             -5093.903755293174             7.585325649797629              -1.190108233784788             -1.122601101046382             6613.744519655452              0.0008641240656080987          51.55641850113543              357.7482089345491              251.3286720484075              
36060                          -917.2090146516816             -4054.228050973987             -5148.593581262723             7.679713433804968              -0.8588271409247511            -0.6996582527044126            6613.501658707573              0.000954270909720794           51.5555459170635               357.7408254412585              251.9485992647415              
36120                          -454.5418094318104             -4095.711118140082             -5177.795446366483             7.736179020609345              -0.5233848842881493            -0.2733509132556051            6613.375602468617              0.001035578996696908           51.5550786651181               357.7333232158841              252.4639095277043              
36180                          10.36868719745813              -4116.983909144404             -5181.370324959033             7.754461730094549              -0.1854265917253799            0.1542245717606831             6613.368162817195              0.001105675143775753           51.55502573355789              357.7257761635117              252.8702762635512              
36240                          475.228294486369               -4117.945105543492             -5159.305154722633             7.73448541311657               0.1533917730386875             0.5809673812750034             6613.478864688972              0.001163033988934326           51.55538789415841              357.718259066536               253.1655184082838              
36300                          937.7438036940245              -4098.592881889672             -5111.712815356136             7.676358580811462              0.491411007923174              1.004781877341009              6613.704988493885              0.001206730671747967           51.55615768745422              357.7108461146674              253.3496148084932              
36360                          1395.63404360729               -4059.024871855324             -5038.831528414129             7.58037381443619               0.826976278716089              1.423587238589292              6614.041650295741              0.001236296031142001           51.557319567109                357.7036094465307              253.4246773818522              
36420                          1846.640888947006              -3999.437678071605             -4941.023680347661             7.447006450638446              1.158444719872445              1.835327050139731              6614.48191653429               0.001251624948204818           51.55885020081766              357.6966177302675              253.3948834923003              
36480                          2288.540167955878              -3920.125926477261             -4818.774071971489             7.276912534020225              1.484193013851953              2.237978829072561              6615.016949975328              0.001252912396239307           51.56071892243685              357.6899348099296              253.2663687099302              
36540                          2719.152423259793              -3821.480867426234             -4672.687599542933             7.070926027725409              1.802624929311634              2.629563459875355              6615.636183583049              0.00124060397520783            51.56288832737835              357.6836184434343              253.0470818633175              
36600                          3136.353492275194              -3703.988523744449             -4503.486369446237             6.830055265163021              2.112178805166196              3.008154522327173              6616.327519119499              0.001215353957466421           51.56531500078216              357.6777191562651              252.7466049738368              
36660                          3538.084832024258              -3568.227397241526             -4312.006264852509             6.555478646855003              2.41133493434953               3.371887453416781              6617.077547353272              0.001177987148461609           51.56795036528022              357.6722792338495              252.3759413973139              
36720                          3922.363578882331              -3414.865731917295             -4099.192962711796             6.24853955670936               2.698622846992197              3.718968541275683              6617.871786995182              0.001129462644185623           51.5707416331288               357.6673318723509              251.9472761047682              
36780                          4287.292279380394              -3244.658343379722             -3866.097416417321             5.910740494892814              2.972628449900799              4.047683696151771              6618.694939511382              0.001070838585349259           51.57363284506562              357.6629005057594              251.4737126289137              
36840                          4631.068241404721              -3058.443026004449             -3613.870821386707             5.543736427407071              3.232000986081425              4.356406952215889              6619.531156991156              0.001003237637410069           51.57656597629635              357.6589983238792              250.9689919209577              
36900                          4951.992459310778              -2857.136551002274             -3343.759082688057             5.149327355782414              3.475459778320785              4.643608654475752              6620.364320170398              0.0009278133580366975          51.57948208837403              357.6556279922705              250.4471984132288              
36960                          5248.478075201579              -2641.730264732988             -3057.096798600674             4.729450103741572              3.701800724747708              4.907863289631475              6621.178323538974              0.0008457179455409553          51.58232250446424              357.6527815813425              249.9224595162477              
37020                          5519.058322702997              -2413.285306587428             -2755.300787428997             4.286169339028441              3.909902499617567              5.147856902253843              6621.957364120126              0.000758072167775803           51.58502998447672              357.6504407078501              249.4086444465538              
37080                          5762.393909532831              -2172.92746470265              -2439.863183086725             3.821667848600641              4.098732417429455              5.362394043791171              6622.686230132885              0.00066593857322073            51.58754987611736              357.6485768876402              248.9190687926748              
37140                          5977.279794850589              -1921.841691041205             -2112.34412913756              3.338236094780226              4.267351915834957              5.550404199053657              6623.350585300886              0.0005702994764555754          51.58983121798646              357.6471520940466              248.4662110147274              
37200                          6162.651319294656              -1661.266300062385             -1774.364104316886             2.838261088886723              4.414921612109461              5.71094763442748               6623.937244113159              0.0004720419413691461          51.59182777145406              357.6461195118535              248.0614469365682              
37260                          6317.589648561794              -1392.486877006902             -1427.595914704087             2.324214626732566              4.540705888469343              5.843220613150589              6624.434432925003              0.0003719541654368185          51.59349895922842              357.645424472386               247.7148079759027              
37320                          6441.326491150764              -1116.8299306528               -1073.756398899275             1.798640952214976              4.64407695990409               5.946559922116061              6624.832031450009              0.0002707471230982545          51.59481069024899              357.6450055511335              247.4347683664619              
37380                          6533.248064354309              -835.6563106400387             -714.597873290504              1.264143892355979              4.724518388333023              6.020446666347038              6625.121789039626              0.0001691765434332424          51.59573605293172              357.6447958054846              247.2280660083316              
37440                          6592.898271246669              -550.3544375440398             -351.8993805056547             0.7233735663741921             4.78162799764922               6.06450927873605               6625.29751009085               6.921039585070283e-05          51.59625586139875              357.6447241268906              247.0995608667354              
37500                          6619.981069981237              -262.3333805406136             12.54221360304616              0.1790127510008004             4.815120159543844              6.078525711038557              6625.355203194676              4.418341738965727e-05          51.59635904272242              357.6447166789685              247.0521339704801              
37560                          6614.362018172978              26.98420347241515              376.9212555956461              -0.3662370501623233            4.824827424046566              6.062424775500962              6625.293189073464              0.0001413082839106736          51.59604285668419              357.6446983910239              247.0866291341372              
37620                          6576.068974943164              316.1691680278229              739.4323436653897              -0.9096696161690357            4.81070146716018               6.016286613427273              6625.112163057878              0.0002417781296764557          51.59531294336305              357.6445944751478              247.2018385701695              
37680                          6505.291960479738              603.7930569921298              1098.279426003604              -1.44858815231631              4.772813350965882              5.94034228198088               6624.815208819407              0.000341749259116334           51.5941831978253               357.6443319345115              247.3945324987826              
37740                          6402.382169040409              888.435248548122               1451.684809288056              -1.980319315033131             4.71135308496049               5.834972458268687              6624.407761227442              0.0004405270251791842          51.59267547517825              357.6438410307767              247.6595319396201              
37800                          6267.850144458035              1168.690063353336              1797.898077405412              -2.502227087542083             4.626628496906227              5.700705272934186              6623.897517521144              0.0005375863276382283          51.59081913302562              357.6430566796183              247.9898227988824              
37860                          6102.36313103259               1443.173782772047              2135.204852417873              -3.011726375019996             4.519063426094823              5.538213296669361              6623.294297463079              0.0006323525482236891          51.58865042212124              357.6419197452262              248.3767085761347              
37920                          5906.741619581875              1710.531538928351              2461.935350142423              -3.506296221164956             4.389195261961854              5.348309714065077              6622.609854631485              0.0007241496581869941          51.58621173925579              357.6403782072001              248.8099981205442              
37980                          5681.955114216252              1969.444038192129              2776.472682868861              -3.983492552705052             4.237671859028352              5.131943729217023              6621.857642543802              0.0008121843555581843          51.58355075938125              357.6383881764481              249.2782242038584              
38040                          5429.117150716409              2218.6340817865                3077.260864669754              -4.440960368493207             4.065247866184403              4.890195255914207              6621.052540507292              0.0008955469346891236          51.58071946636002              357.635914740356               249.7688880974147              
38100                          5149.479604093542              2456.87284803801               3362.812476191021              -4.876445298796442             3.872780515491919              4.624268953866202              6620.210545393033              0.0009732239834287209          51.5777731036506               357.6329326216136              250.2687248762913              
38160                          4844.426311342392              2682.985915925336              3631.715964316286              -5.287804496364258             3.661224909342392              4.335487662594971              6619.34843727368               0.001044120523115433           51.57476906750379              357.6294266393531              250.7639839053681              
38220                          4515.466091249667              2895.858970411274              3882.642505710208              -5.673016757494489             3.43162888334418               4.025285336597448              6618.483426893505              0.001107089681374912           51.57176576633268              357.6253919662234              251.2407187150948              
38280                          4164.225139415497              3094.443217043867              4114.352467477301              -6.030191938084941             3.185127449772597              3.695199485038902              6617.632793452358              0.001160968076571692           51.56882146904379              357.6208341783365              251.6850804938895              
38340                          3792.438911975511              3277.760430390992              4325.701375623866              -6.357579549277649             2.922936917831912              3.346863244151664              6616.813521817137              0.00120461512918705            51.56599316606349              357.6157691008732              252.0836095022487              
38400                          3401.943509279186              3444.907647364293              4515.645405679352              -6.653576581238608             2.646348713262705              2.981997108789553              6616.041947849279              0.001236954714121805           51.56333546480858              357.6102224550974              252.4235187678896              
38460                          2994.666610799175              3595.061483305603              4683.246370153268              -6.916734547390004             2.35672294330147               2.602400382151612              6615.333420260014              0.001257017845713114           51.56089954043396              357.6042293167096              252.6929647702054              
38520                          2572.618009670027              3727.482055210987              4827.676185584412              -7.145765756162712             2.05548174654578               2.209942393726333              6614.701986721968              0.001263985513756778           51.55873216094433              357.5978333988238              252.8813002280585              
38580                          2137.879797009377              3841.516499014588              4948.220805276744              -7.339548822979219             1.744102463762144              1.806553530711759              6614.160111088398              0.001257231388121696           51.55687480373869              357.5910861757489              252.9793042460224              
38640                          1692.596236655341              3936.602072913071              5044.283609714967              -7.497133443112859             1.42411065405446               1.394216113033458              6613.718427470215              0.00123636499140598            51.55536287843188              357.5840458661139              252.9793858030034              
38700                          1238.963375310371              4012.26883761102               5115.38824552116               -7.617744441301565             1.09707297934133               0.9749551404102401             6613.385535767591              0.001201277300478423           51.55422506849871              357.5767762958015              252.8757568501424              
38760                          779.218431031233               4068.141906131458              5161.18090594838               -7.700785112746377             0.7645899746129636             0.5508289330160251             6613.167841997923              0.001152193015847424           51.55348280192003              357.5693456626528              252.6645718909313              
38820                          315.6290022399736              4103.943256764365              5181.432047053413              -7.745839866106198             0.4282887176189306             0.1239196826209433             6613.069445519467              0.001089737786252026           51.55314985864158              357.5618252259119              252.3440314386908              
38880                          -149.5178622357389             4119.49310347103               5176.037534553246              -7.752676173788197             0.08981540804493868            -0.3036760732076461            6613.09207405492               0.001015036252692356           51.55323212033539              357.5542879440245              251.9144473232136              
38940                          -613.926682819769              4114.710818538059              5145.019217450997              -7.721245828998956             -0.2491721287821422            -0.7298570347061151            6613.235066312128              0.000929871416180122           51.55372746569495              357.5468070848718              251.3782684315074              
39000                          -1075.304638250477             4089.615403311692              5088.524924273264              -7.651685502293309             -0.5870120201423114            -1.152526789013999             6613.495401027903              0.0008369640756063491          51.55462581233302              357.5394548321012              250.7400660411795              
39060                          -1531.372648317714             4044.325502460902              5006.827880265737              -7.544316585262846             -0.9220459716590854            -1.569603480530866             6613.867770425043              0.000740481235218587           51.55590930421516              357.5323009119147              250.0064786946841              
39120                          -1979.876438610358             3979.058958936588              4900.325542621265              -7.399644302637652             -1.252626951287034             -1.979029515038474             6614.344695398098              0.0006469405991063232          51.55755264154653              357.5254112632349              249.1861170125567              
39180                          -2418.597525052803             3894.131906756498              4769.537853491154              -7.218356070745789             -1.577126903273893             -2.378781260631152             6614.916679234589              0.0005665675558636226          51.55952354798688              357.5188467743883              248.2894297460143              
39240                          -2845.364074140282             3789.957401117239              4615.104912553963              -7.001319079136405             -1.893944474121886             -2.766878721415486             6615.57239627375               0.0005140984877102814          51.56178336805883              357.5126621083431              247.3285330558938              
39300                          -3258.061599057489             3667.04358418479               4437.78406924214               -6.749577066186874             -2.201512732489328             -3.141395159475493             6616.29891165731               0.0005051667159724504          51.56428778566804              357.5069046374663              246.3170054436641              
39360                          -3654.643434542299             3525.991389213139              4238.446441093519              -6.464346266003094             -2.498306848547541             -3.500466620164894             6617.081928135685              0.0005460250155412249          51.56698765257059              357.5016135077748              245.2696519525198              
39420                          -4033.140943764153             3367.491785759441              4018.072864297875              -6.147010502378491             -2.782851702118152             -3.842301320462679             6617.906055764805              0.0006284255327295355          51.56982991367175              357.4968188509283              244.2022414342828              
39480                          -4391.673404767633             3192.322571507621              3777.749286295705              -5.799115410914449             -3.053729380815755             -4.165188850123709             6618.755100240381              0.000737818886636575           51.57275861403288              357.4925411604262              243.1312216652123              
39540                          -4728.45752373525              3001.344718564029              3518.661613291108              -5.422361775847239             -3.30958652532924              -4.467509130423498             6619.612365497406              0.0008616234642725129          51.57571597055562              357.4887908462157              242.0734175209791              
39600                          -5041.816521721532             2795.498284789213              3242.090029005877              -5.0185979751999               -3.549141474767387             -4.747741070294535             6620.460965856898              0.0009909493759915557          51.57864348949187              357.4855679792906              241.0457179518435              
39660                          -5330.188739561719             2575.797905158339              2949.402806723504              -4.589811539541771             -3.771191160105545             -5.004470854068975             6621.284143278006              0.001119622586763598           51.58148310935452              357.4828622347451              240.0647579262049              
39720                          -5592.135720189148             2343.327869743614              2642.049625325748              -4.138119817057976             -3.974617701924623             -5.236399804602631             6622.065585428874              0.001243141231489825           51.58417834770279              357.4806530380761              239.1466017079165              
39780                          -5826.34968085113              2099.236837094705              2321.554455789897              -3.665759823938008             -4.158394629581514             -5.442351720937337             6622.789739258526              0.001358032370167621           51.58667542878351              357.4789099162113              238.3064341734707              
39840                          -6031.660383938246             1844.732157264147              1989.507985453741              -3.175077218995249             -4.321592710832309             -5.621279672631345             6623.442114212277              0.001461505521355433           51.58892436932969              357.4775930497848              237.5582664616613              
39900                          -6207.04129166167              1581.073891502824              1647.559696308381              -2.668514566712295             -4.463385283576536             -5.772272122408276             6624.009569464544              0.001551274650808777           51.59087999865296              357.4766540197431              236.9146626703387              
39960                          -6351.615023179665             1309.568491653828              1297.409550025532              -2.14859881908509              -4.583053084905202             -5.894558366645454             6624.480581372199              0.001625470179720025           51.59250289147077              357.4760367356731              236.3864931839098              
40020                          -6464.658015585339             1031.562244611371              940.7994182991526              -1.617928227034554             -4.679988478800816             -5.987513180143981             6624.845484262719              0.001682598223904372           51.59376019134758              357.4756785300035              235.9827205570546              
40080                          -6545.604401380358             748.4344490303822              579.5042168546469              -1.079158632870737             -4.753699073243429             -6.050660650263457             6625.096679200491              0.001721524428369934           51.59462630586027              357.4755113971293              235.7102224100463              
40140                          -6594.049038258342             461.5904163810905              215.3228631670406              -0.5349893414571791            -4.803810656453371             -6.083677122134211             6625.228805362432              0.001741470134028185           51.59508345613234              357.4754633530724              235.5736555384983              
40200                          -6609.749684234665             172.4543077760958              -149.9309268550376             0.01185138146705267            -4.830069430356961             -6.086393229530232             6625.238869217473              0.001742014136979389           51.59512206697772              357.4754598876243              235.5753641891442              
40260                          -6592.628294015009             -117.5381395034468             -514.4379334301996             0.5586210490826344             -4.832343507832646             -6.058794976302644             6625.126327261316              0.001723096357306303           51.59474098716562              357.4754254782425              235.7153345420857              
40320                          -6542.771426741146             -406.9469527463163             -876.3827634124677             1.102577813919072              -4.810623655189411             -6.001023851228385             6624.893118924426              0.001685021650927987           51.59394753331164              357.4752851329401              235.9911963190179              
40380                          -6460.429762134005             -694.3352846510261             -1233.963156616941             1.64099532135487               -4.765023270658318             -5.913375971580127             6624.54364731308               0.001628463457085952           51.5927573550858               357.4749659282428              236.3982713264058              
40440                          -6346.016727073622             -978.2767554144164             -1585.399218579433             2.171177443568219              -4.695777598686846             -5.796300261382459             6624.084706654677              0.001554468453438446           51.5911941237306               357.4743985080353              236.9296676568665              
40500                          -6200.106244981654             -1257.36272131575              -1928.94251090458              2.690472752597785              -4.603242191667084             -5.650395686990398             6623.525356686883              0.00146446537318546            51.58928905024768              357.4735185098149              237.5764172331019              
40560                          -6023.429632984688             -1530.209420817966             -2262.884938350648             3.19628860537461               -4.487890645275908             -5.476407590326575             6622.876745694349              0.001360284339841755           51.58708024385984              357.4722678865321              238.3276533129565              
40620                          -5816.871660979189             -1795.464977991101             -2585.567407482376             3.686104771792653              -4.350311631807693             -5.275223154692373             6622.151885301833              0.001244198814771011           51.58461192500718              357.4705960945967              239.1708239994323              
40680                          -5581.465813996336             -2051.816199809037             -2895.388178763386             4.157486462723495              -4.191205277704253             -5.047866069876811             6621.365381658079              0.001119013231860503           51.58193351090016              357.4684611220411              240.0919366971475              
40740                          -5318.388787616583             -2297.995143079596             -3190.810882751452             4.608096695775957              -4.011378928173526             -4.795490454670373             6620.533128923821              0.0009882407576313039          51.57909859438798              357.4658303346914              241.0758282400157              
40800                          -5028.954271301171             -2532.78540203949              -3470.372141344376             5.035707899742869              -3.811742361044105             -4.519374121348936             6619.671972230472              0.0008564557811774981          51.5761638394855               357.4626811229385              242.1064548209961              
40860                          -4714.606054045467             -2755.028099541273             -3732.688774111722             5.438212726864621              -3.59330249960089              -4.220911247261426             6618.799348159751              0.0007299662716081727          51.57318781825661              357.4590013363655              243.1671955698357              
40920                          -4376.910507739625             -2963.627546087499             -3976.464547441017             5.813634017077066              -3.357157688173028             -3.901604537824645             6617.932911569148              0.0006179484290928501          51.57022981498606              357.4547894988683              244.2411637127625              
40980                          -4017.548498718908             -3157.556543762219             -4200.496440124276             6.160133891026884              -3.104491589675736             -3.563056957640511             6617.090157975473              0.0005336025341992298          51.56734862368477              357.4500548019977              245.3115190842409              
41040                          -3638.306780190394             -3335.861314132399             -4403.680401732156             6.476021960401233              -2.836566763163019             -3.2069631043627               6616.28805081989               0.0004924251921461282          51.56460136458652              357.4448168794103              246.3617760366951              
41100                          -3241.06891851392              -3497.66603257753              -4585.016584454694             6.759762656988822              -2.554717975935422             -2.835100294769852             6615.542662730011              0.0005030357902911086          51.56204234421279              357.4391053701457              247.3761010394837              
41160                          -2827.805805676742             -3642.176954709606             -4743.614033136175             7.009981692662512              -2.260345299720042             -2.449319425525765             6614.868839388902              0.0005581547132878376          51.55972198194694              357.4329592828954              248.3395946066603              
41220                          -2400.565807837983             -3768.686123664156             -4878.694822066127             7.225471671032754              -1.954907033524897             -2.051535661857999             6614.279893839604              0.0006408537321635152          51.55768582394733              357.426426177362               249.2385526431535              
41280                          -1961.464614952676             -3876.574645172598             -4989.59762563675              7.40519686954761               -1.639912501201638             -1.643719014306262             6613.787338061164              0.0007358169178247504          51.55597366281405              357.4195611824239              250.0607027514243              
41340                          -1512.674800807825             -3965.315534480517             -5075.780728458714             7.54829723882598               -1.316914726531325             -1.227884804963903             6613.400657383076              0.0008327422459653277          51.55461877842858              357.4124258727258              250.7954116362971              
41400                          -1056.415188605492             -4034.476114657678             -5136.824454551196             7.654091621144017              -0.9875030449471817            -0.8060840981892561            6613.127132083232              0.0009252031007068227          51.55364731290097              357.4050870287754              251.4338602009539              
41460                          -594.9400412302842             -4083.719971662926             -5172.433023459427             7.722080229645374              -0.6532956524029206            -0.3803940944641595            6612.971709014328              0.001009158177768425           51.55307778916586              357.3976153059305              251.9691835588255              
41520                          -130.5281316257824             -4112.808461029382             -5182.435830015784             7.751946405727299              -0.3159321142524735            0.04709148439165382            6612.936924729721              0.001082013612079626           51.55292077998832              357.390083839146               252.3965737752578              
41580                          334.5283000653657              -4121.601765864822             -5166.788147769676             7.743557671356338              0.02293418091321475            0.474272038324892              6613.022880241043              0.001142108903726702           51.55317873120826              357.3825668098995              252.7133437809325              
41640                          797.9346041980089              -4110.059498162996             -5125.571251686692             7.696966075818075              0.3616435724809042             0.8990496971187223             6613.227266325975              0.00118843647073484            51.55384594037192              357.3751380030895              252.9189513908432              
41700                          1257.404773900768              -4078.240848558002             -5058.991967814579             7.612407849229775              0.6985376908359838             1.319338902479437              6613.545437172431              0.001220480748707956           51.55490868910619              357.3678693798788              253.0149831256904              
41760                          1710.672479724292              -4026.304281522971             -4967.381646899006             7.490302352004526              1.031967044583235              1.733075979014758              6613.970529259492              0.001238117727804169           51.55634552534514              357.3608296914305              253.005098114324               
41820                          2155.502005952082              -3954.506775327069             -4851.1945657982               7.331250310760487              1.360298592668211              2.138228643841212              6614.493621546069              0.001241545092651995           51.55812768916405              357.3540831584141              252.8949329633115              
41880                          2589.699063779259              -3863.202607615852             -4711.005759294083             7.136031325325596              1.681923300425714              2.532805452601686              6615.103932421015              0.001231227831967511           51.56021967392313              357.3476882388434              252.6919691867879              
41940                          3011.12142048939               -3752.841691548304             -4547.508292112562             6.905600636480155              1.995263649015241              2.914865142649284              6615.789048362688              0.001207851589269103           51.56257991239052              357.3416965057495              252.4053654217823              
42000                          3417.689332156918              -3623.967458744846             -4361.50996723692              6.641085121842997              2.298781100011382              3.282525873621831              6616.535179023698              0.00117227985523775            51.56516157592522              357.3361516537107              252.0457573163676              
42060                          3807.395704170588              -3477.214297426913             -4153.929485546529             6.343778511579327              2.590983466434769              3.633974303298152              6617.327433233963              0.001125513154786735           51.56791347282505              357.3310886522391              251.625028551317               
42120                          4178.315928564727              -3313.304556796181             -3925.792073768052             6.015135818679701              2.87043215560524               3.967474454562038              6618.150110416764              0.001068649530756971           51.57078103036722              357.3265330614669              251.1560573060733              
42180                          4528.617380406489              -3133.045115322587             -3678.224578945183             5.656766952185047              3.135749270504431              4.281376354609653              6618.987002086473              0.001002846295760763           51.57370734387221              357.3225005227713              250.652442565769               
42240                          4856.568498424772              -2937.323531369218             -3412.450057124855             5.270429525584077              3.385624510175011              4.574124371772516              6619.821698157684              0.0009292834503675954          51.57663427436388              357.3189964352073              250.1282158203039              
42300                          5160.54741131313               -2727.103786215671             -3129.781871334655             4.858020857584449              3.618821833458809              4.844265204421146              6620.637893065924              0.0008491294593525198          51.57950357545772              357.3160158252148              249.5975435240362              
42360                          5439.050060144183              -2503.421635524692             -2831.617322129588             4.421569177746957              3.834185839384285              5.090455463372725              6621.419686911315              0.0007635103036790249          51.58225802902341              357.313543414168               249.0744264210089              
42420                          5690.697769766076              -2267.379587664506             -2519.430836857803             3.963224057873027              4.03064781696257               5.311468788982827              6622.151877072901              0.0006734829421773039          51.58484256847148              357.3115538849299              248.5724018714027              
42480                          5914.24422359741               -2020.141530159247             -2194.766747340349             3.485246099855926              4.207231416459111              5.506202443763732              6622.820235970349              0.0005800146007092444          51.58720536811105              357.310012345003               248.1042554312853              
42540                          6108.581799018722              -1762.927027483693             -1859.231687980618             2.989995919035132              4.363057895005422              5.673683322838746              6623.411770870962              0.0004839699155838656          51.5892988770149               357.3088749800933              247.68174788534                
42600                          6272.747218634653              -1497.005322924402             -1514.486658446447             2.479922485083584              4.497350886918743              5.813073322731051              6623.914961840817              0.0003861099079172592          51.59108077620323              357.3080898880554              247.3153636925063              
42660                          6405.926490094338              -1223.689061019856             -1162.238773654826             1.957550855946471              4.609440662670198              5.923674024551635              6624.319974198773              0.0002871150118103051          51.59251483901084              357.3075980792123              247.0140864137074              
42720                          6507.459091017029              -944.3277709734662             -804.2327548649902             1.425469391074463              4.69876782789716               6.004930634815953              6624.618842000111              0.0001876929824337094          51.59357167568606              357.3073346253586              246.7852061874646              
42780                          6576.841366514953              -660.3011669716331             -442.2422346587131             0.8863165634882559             4.764886422066196              6.056435139499006              6624.805619367917              8.936779873029676e-05          51.59422934529201              357.307229936042               246.6341636215175              
42840                          6613.729136338523              -373.0122491187183             -78.06085586999014             0.3427673566359036             4.807466403479245              6.077928653258534              6624.876496868519              3.017087532513577e-05          51.59447382065142              357.3072111374118              246.5644336433143              
42900                          6617.939469425934              -83.88029605144489             286.5067178615561              -0.2024805599120223            4.826295474902422              6.069302917218219              6624.829880375552              0.0001180865480963187          51.5942992945219               357.3072035262101              246.5774519496072              
42960                          6589.451625479614              205.6662418225341              649.6538681578761              -0.7467208360348122            4.821280241624636              6.030600937023559              6624.666430423526              0.000216358297614213           51.59370831886846              357.3071320690822              246.6725857386782              
43020                          6528.407154988095              494.1968855974137              1009.58108439333               -1.287252483872968             4.79244668771253               5.962016751516827              6624.389060557804              0.0003146509949031335          51.59271177262151              357.3069229158431              246.8471492932777              
43080                          6435.109153070526              780.2863033255433              1364.505016391435              -1.821393923323681             4.739939965470885              5.863894327633524              6624.00289379979               0.0004120155965838055          51.59132865712168              357.3065048944552              247.0964639978338              
43140                          6310.020685951336              1062.521411383161              1712.667384041975              -2.346496804771507             4.66402350799569               5.736725607358869              6623.515177135611              0.0005078964916945789          51.58958572271096              357.3058109555025              247.4139612634181              
43200                          6153.762376902741              1339.50845560481               2052.343810423227              -2.859959684834412             4.56507746346629               5.581147700564808              6622.935154573429              0.0006017292611437023          51.5875169333616               357.3047795345884              247.7913259554689              
43260                          5967.109198424188              1609.879933686995              2381.852406212623              -3.359241273898024             4.44359648634254               5.397939285015704              6622.273900388855              0.0006928634325569687          51.58516278088094              357.3033558029496              248.2186768843239              
43320                          5750.986474632359              1872.301386988852              2699.562140591636              -3.841873289389143             4.300186901467203              5.188016231967011              6621.544114890114              0.0007805399978151914          51.5825694631446               357.3014927788494              248.68478023027                
43380                          5506.465118385365              2125.478010986922              3003.900935711255              -4.305472805621902             4.135563270311698              4.952426501097149              6620.759885914995              0.0008638887642918831          51.57978794426857              357.2991522754701              249.1772911088319              
43440                          5234.756173305548              2368.161012482331              3293.363397889945              -4.747753958960613             3.950544422649525              4.692344393518247              6619.936419999214              0.0009419377076717494          51.57687291781962              357.29630566528                249.6830177439469              
43500                          4937.20463910182               2599.153749559746              3566.518229206353              -5.166539071595745             3.746048957425195              4.409064164342976              6619.089748611441              0.001013631401285599           51.57388169536299              357.2929344444719              250.1882028186537              
43560                          4615.28267123078               2817.317565325802              3822.015212469248              -5.559769034113452             3.523090292152628              4.103993105065286              6618.236415101218              0.001077856660252646           51.57087304534695              357.2890305867245              250.6788157104893              
43620                          4270.582167031038              3021.577321999398              4058.591778245686              -5.925512969214133             3.282771287411064              3.778644128552895              6617.39314843229               0.001133473840812132           51.56790600728461              357.2845966797996              251.1408497778802              
43680                          3904.806807587163              3210.926592592046              4275.079103941332              -6.261977115372732             3.026278510708064              3.434627942091885              6616.576530520112              0.001179352327861466           51.5650387069989               357.2796458441764              251.5606186560981              
43740                          3519.763581338575              3384.432504496391              4470.407739091497              -6.567512942318951             2.754876172262851              3.073644849512549              6615.802664130026              0.001214408889253581           51.56232719775518              357.2742014373708              251.9250456479485              
43800                          3117.353846453429              3541.240209098697              4643.612727477588              -6.840624478582144             2.469899783791131              2.6974762487298                6615.086848462184              0.001237647777005437           51.55982435133895              357.2682965527526              252.2219407910634              
43860                          2699.563977045193              3680.576963597166              4793.83821121395               -7.079974856931581             2.172749579707586              2.307975874745616              6614.443269426133              0.001248201760725878           51.55757882130278              357.2619733258598              252.4402603302005              
43920                          2268.455639905967              3801.755811889195              4920.341502947894              -7.284392087028644             1.864883737253196              1.907060834260342              6613.88471132499               0.001245373726465191           51.55563409849461              357.2552820651412              252.5703438743822              
43980                          1826.155747729514              3904.178853439868              5022.496614896431              -7.452874068982263             1.547811427285026              1.496702471714675              6613.422296207075              0.001228679151428443           51.55402767643226              357.2482802273486              252.6041249789059              
44040                          1374.846130105029              3987.34009141088               5099.797236177951              -7.584592864638175             1.223085719754008              1.078917096611538              6613.065256515078              0.001197890849469305           51.55279034126417              357.2410312603864              252.53531141638                
44100                          916.752986323374               4050.827848663106              5151.859147958825              -7.678898237020772             0.8922963801244799             0.6557566177299462             6612.820745911297              0.001153089227833395           51.55194559812918              357.2336033387992              252.3595319780225              
44160                          454.1361240170247              4094.326752820284              5178.422078154574              -7.735320484603975             0.5570625460679792             0.2292990695786625             6612.693692227193              0.001094724604576752           51.5515092424998               357.2260680174454              252.0744472165316              
44220                          -10.72194495750196             4117.619276586509              5179.350982655286              -7.753572567192577             0.2190253188944362             -0.1983609248594563            6612.686695593854              0.001023704383225135           51.55148908231815              357.218498830678               251.679822124227               
44280                          -475.5269984471686             4120.586830404369              5154.636752680732              -7.733551533322296             -0.1201597111028672            -0.6251217311965221            6612.79997374016               0.0009415300886573643          51.55188481362169              357.2109698642059              251.177559424199               
44340                          -937.9841807280708             4103.210406101379              5104.396347044226              -7.675339252453663             -0.4588300211738685            -1.048884340401314             6613.031355402174              0.0008505334677548015          51.55268804961077              357.2035543256623              250.5716926307432              
44400                          -1395.809095299125             4065.570764694695              5028.872344861315              -7.57920244087363              -0.795323767558109             -1.467562030384479             6613.376321797795              0.0007543071403238526          51.55388250061057              357.1963231400654              249.8683388539348              
44460                          -1846.738878562101             4007.848166020624              4928.431917991151              -7.445591969632406             -1.127987447205439             -1.879090045693611             6613.828095078659              0.0006584970137783773          51.5554442999831               357.1893435947078              249.0756117825777              
44520                          -2288.543209981565             3930.321637467903              4803.565222581206              -7.275141435746119             -1.455183596984243             -2.281435277932929             6614.377771758492              0.0005721288266779149          51.55734246893044              357.1826780567223              248.2034960576684              
44580                          -2719.03521384466              3833.367780011953              4654.883210279153              -7.068664973486571             -1.775298514859568             -2.672605925827662             6615.014498233081              0.000509000052587895           51.55953951120644              357.1763827849882              247.2636848490429              
44640                          -3136.082206249608             3717.459110801661              4483.114861101799              -6.827154279506673             -2.086749983271984             -3.050661108308116             6615.725684727129              0.0004859894052741508          51.56199212701208              357.1705068562899              246.2693831127472              
44700                          -3537.616238936541             3583.161943025658              4289.103841940584              -6.551774824534153             -2.387994969667458             -3.413720397256525             6616.497253312686              0.0005136050800844377          51.56465203375596              357.165091223803               245.2350796835381              
44760                          -3921.644394219887             3431.133803794879              4073.804594539322              -6.243861221724917             -2.677537276893328             -3.759973233555975             6617.313915061875              0.0005868944174046298          51.56746687992384              357.160167923971               244.1762919597322              
44820                          -4286.258764240507             3262.120400367435              3838.27787017255               -5.904911739984935             -2.953935095818927             -4.087688165490269             6618.159470870218              0.0006912504808770452          51.57038123678949              357.1557594460333              243.1092876321145              
44880                          -4629.646097674341             3076.952126815213              3583.685702213095              -5.536581913917152             -3.215808445607049             -4.395221887950821             6619.017130211158              0.0008127889645867297          51.57333765179297              357.151878275602               242.0507883031787              
44940                          -4950.097005532999             2876.540144062923              3311.285864900696              -5.140677286003711             -3.461846413419404             -4.681027973134929             6619.86984146699               0.0009415985474255488          51.5762777455194               357.1485266224879              241.0176606407704              
45000                          -5246.014734562128             2661.87201638475               3022.425796605829              -4.719145219482098             -3.690814189627186             -4.943665283682225             6620.700627561974              0.001070917310197177           51.57914333402633              357.1456963389626              240.0266007741493              
45060                          -5515.923403307415             2434.006944284028              2718.536044547351              -4.274065838691216             -3.901559804971273             -5.181805953423279             6621.492921053326              0.001195921191778871           51.58187755651915              357.1433690330938              239.0938182515692              
45120                          -5758.475671378023             2194.070603004021              2401.123244624244              -3.807642096811695             -4.093020529970208             -5.394242885256408             6622.230892298951              0.00131295219721412            51.58442598815816              357.1415163779577              238.2347260336983              
45180                          -5972.459800350505             1943.249594775731              2071.762649355398              -3.322188975632335             -4.264228885723007             -5.57989670180948              6622.899763986801              0.001419103741027596           51.58673771716246              357.1401006145142              237.4636427132309              
45240                          -6156.806013627563             1682.785586341417              1732.090300068265              -2.820121951439194             -4.414318172577241             -5.737822038712051             6623.486105039169              0.001512008888631749           51.58876636446517              357.1390752427872              236.7935137516133              
45300                          -6310.592178653596             1413.96908652084               1383.794785153225              -2.303944642181359             -4.542527515088893             -5.867213172740546             6623.978100368229              0.001589735367075355           51.59047102613894              357.1383858910901              236.2356573557026              
45360                          -6433.048699977605             1138.132971542985              1028.608727359094              -1.776235853522614             -4.6482063135511               -5.967408859407059             6624.365790015996              0.001650735628920156           51.59181711751463              357.1379713505838              235.7995410187714              
45420                          -6523.562628401329             856.6457476669037              668.2999869459242              -1.239636018905198             -4.730818086005777             -6.037896358821183             6624.641272756056              0.001693825097666864           51.59277710035725              357.1377647576951              235.492593595005               
45480                          -6581.680939632128             570.9046053964744              304.6626523982059              -0.6968331603526736            -4.789943645006985             -6.078314586887686             6624.798869900159              0.001718174412483445           51.593331075605                357.1376949035238              235.3200572755477              
45540                          -6607.112958698142             282.3283039421372              -60.49213070714424             -0.1505484714519008            -4.825283573758311             -6.088456353034766             6624.835245734351              0.001723308048102307           51.59346722659394              357.1376876457188              235.2848828763517              
45600                          -6599.731910663791             -7.650073235702719             -425.345439569833              0.3964783676359532             -4.836659972662282             -6.068269654338011             6624.749481769375              0.001709105234066488           51.59318210044322              357.1376673951559              235.387670869427               
45660                          -6559.575586353486             -297.5904337553363             -788.0798884639895             0.9415039979365978             -4.824017456262249             -6.017858009489927             6624.543102858531              0.001675801206076654           51.592480718585                357.1375586470931              235.6266594979479              
45720                          -6486.846115592037             -586.0530548566953             -1146.888966849766             1.481796260394223              -4.78742339060953              -5.937479822930428             6624.220054142133              0.001623988301714922           51.59137651104064              357.1372875244656              235.997760244878               
45780                          -6381.908855241832             -871.6059188079871             -1499.98626726155              2.014648907844565              -4.7270673707793               -5.827546793528477             6623.786628816465              0.001554617789802177           51.58989107324619              357.1367832997582              236.4946396976911              
45840                          -6245.290391848902             -1152.832029486555             -1845.614633058687             2.53739615980777               -4.643259944972608             -5.688621375153436             6623.251347667751              0.001469005016354006           51.58805374820312              357.1359798614505              237.1088459737675              
45900                          -6077.675692842015             -1428.336596535677             -2182.055084539388             3.047426853944839              -4.536430613138623             -5.521413339895147             6622.624792475411              0.001368843139588246           51.5859010414827               357.1348170916953              237.8299765012034              
45960                          -5879.904410800554             -1696.754104504201             -2507.63554510025              3.542198197670663              -4.407125118190905             -5.326775466573943             6621.919396267513              0.001256235464769216           51.58347588038734              357.1332421232331              238.6458834920322              
46020                          -5652.966383787616             -1956.755187104298             -2820.739269026523             4.019248947427534              -4.256002074042498             -5.105698421436404             6621.149194518543              0.00113376554283792            51.58082673301616              357.1312104461127              239.5429121679535              
46080                          -5397.996362642766             -2207.053282647203             -3119.812942206263             4.476211954496353              -4.083828971916992             -4.859304887528947             6620.329542243783              0.00100464235793927            51.57800660651937              357.1286868381008              240.5061665366302              
46140                          -5116.268006589588             -2446.411032453692             -3403.374409781984             4.91082599723112               -3.891477615248644             -4.588843011716033             6619.476802774742              0.0008729938826437342          51.57507194702305              357.1256460968208              241.5197967947679              
46200                          -4809.187191892926             -2673.646389561853             -3670.019991963394             5.320946838101146              -3.679919037317378             -4.295679242090673             6618.608014705479              0.000744445932720879           51.57208146631703              357.1220735565302              242.5673022072097              
46260                          -4478.284681563413             -2887.638408389556             -3918.431353673392             5.704557458437034              -3.450217958351589             -3.981290630959725             6617.740544049921              0.000627181077589941           51.56909492224497              357.1179653778322              243.6318431334867              
46320                          -4125.208206817768             -3087.332689279094             -4147.381898037324             6.059777437932433              -3.203526839953409             -3.647256679182381             6616.891729038804              0.0005333850856764273          51.56617188081129              357.1133286043666              244.6965558493439              
46380                          -3751.714010193547             -3271.74645655108              -4355.74265964303              6.384871462016787              -2.941079592305127             -3.295250793658636             6616.07852518661               0.0004790375404542475          51.56337048825682              357.1081809863805              245.7448639717422              
46440                          -3359.657908451225             -3439.973247998964             -4542.487673203167             6.678256945719692              -2.664184992587313             -2.927031433210546             6615.317158295754              0.0004765388262202451          51.56074628083922              357.1025505770265              246.7607805442676              
46500                          -2950.985921023569             -3591.187203914757             -4706.698805311547             6.938510786135449              -2.374219860766467             -2.544433001137078             6614.622792866528              0.000522778671324509           51.55835105859148              357.096475112641               247.7291951552206              
46560                          -2527.724514955964             -3724.646941561556             -4847.570034630063             7.164375255388942              -2.072622038140307             -2.149356541778225             6614.009223037672              0.0006013257206952618          51.55623184733357              357.0900011934762              248.6361410743684              
46620                          -2091.970539127722             -3839.698998074946             -4964.411163611136             7.354763043719231              -1.760883224994324             -1.743760312389795             6613.48859268953               0.0006953409159563668          51.55442997058218              357.0831832861977              249.4690376468752              
46680                          -1645.880855108541             -3935.780847839223             -5056.650969755889             7.508761501946726              -1.440541682212923             -1.329650234066223             6613.071150537578              0.0007932048225949311          51.55298024948497              357.0760825723022              250.2169040130684              
46740                          -1191.661756987837             -4012.423473133377             -5123.839775598477             7.625636084757106              -1.113174857294803             -0.9090702986397683            6612.765045337688              0.0008877262018212229          51.55191034578841              357.0687656708424              250.8705406613308              
46800                          -731.5581994275835             -4069.253492672759             -5165.651444490241             7.704833037208616              -0.780391938697037             -0.4840929344647794            6612.576165278338              0.0009744388284934478          51.55124025866148              357.0613032647823              251.422675954449               
46860                          -267.8428881556745             -4105.994841490629             -5181.884797463384             7.745981343124347              -0.443826363266494             -0.056809361750102             6612.508024632851              0.001050491719607529           51.55098198253081              357.0537686620481              251.8680754648494              
46920                          197.1947248324694              -4122.470000186769             -5172.464451495081             7.748893955958448              -0.1051282897348425            0.370680046970014              6612.561699684456              0.001114048904246094           51.55113932919574              357.0462363224111              252.2036125108189              
46980                          661.259498769366               -4118.600771843409             -5137.441079889904             7.71356832635406               0.2340429509317036             0.7962753880595228             6612.735814857037              0.00116397080033755            51.55170791385699              357.0387803808536              252.4282989565409              
47040                          1122.061672377691              -4094.408605492801             -5076.991096218                7.640186234226644              0.5720264194343928             1.217886818597794              6613.02657894038               0.001199637465769781           51.55267530131851              357.0314731968078              252.5432759505084              
47100                          1577.327900373239              -4050.014465634527             -4991.415764080421             7.529112926766032              0.9071671373445598             1.633444107282563              6613.427870274884              0.001220842141542066           51.55402130560029              357.0243839568285              252.5517649138101              
47160                          2024.812219219867              -3985.638247527418             -4881.139735045229             7.380895556506575              1.237823654604546              2.040906134977759              6613.931368764742              0.001227719510909848           51.55571843359184              357.0175773558979              252.4589797083599              
47220                          2462.306903357401              -3901.597737371104             -4746.709016326688             7.196260905528678              1.562375606912506              2.438270333227242              6614.526731643081              0.001220690846541787           51.55773246120476              357.0111123799153              252.2720015019786              
47280                          2887.653138999827              -3798.307124628999             -4588.788382268189             6.976112393163369              1.879231226678879              2.823582014661807              6615.201808977105              0.001200417015361784           51.56002312853485              357.0050412095981              251.9996186188746              
47340                          3298.751528730776              -3676.275059092227             -4408.15821961606              6.721526326853218              2.186834831794358              3.194943623197686              6615.942894239951              0.001167754809564709           51.56254493954197              356.9994082617998              251.6521339172505              
47400                          3693.572332057926              -3536.102262775703             -4205.710825658703             6.433747391685426              2.483674232689434              3.550523828630305              6616.735004496416              0.00112371447815039            51.56524805028506              356.9942493829922              251.2411433776779              
47460                          4070.165409053699              -3378.478701717231             -3982.446167947577             6.11418335880489               2.768288039547321              3.888566441457741              6617.56218428897               0.001069417697122641           51.56807922921026              356.989591205813               250.779289498495               
47520                          4426.669828278832              -3204.180321442454             -3739.467113052428             5.764398990206822              3.03927284297903               4.207399112793778              6618.407826948428              0.001006056033502885           51.57098287250238              356.9854506770167              250.2799942892698              
47580                          4761.323083124908              -3014.065356881992             -3477.974141771142             5.386109132573752              3.295290224286758              4.505441763549485              6619.255006766716              0.0009348505068114104          51.57390205710853              356.9818347627248              249.7571765747789              
47640                          5072.469869308952              -2809.070227809645             -3199.25956801336              4.981170995134571              3.535073553684728              4.781214690014226              6620.086815372952              0.0008570132496762422          51.57677961388681              356.9787403342993              249.2249591124746              
47700                          5358.57037464538               -2590.20503390618              -2904.70128251303              4.551575615908567              3.757434529853599              5.03334628725948               6620.886695659459              0.0007737126182720874          51.57955920327025              356.9761542357495              248.6973711925666              
47760                          5618.208032776969              -2358.548666440769             -2595.756046135023             4.099438530723155              3.96126941137811               5.260580328842886              6621.638766740723              0.0006860434848797726          51.58218637585993              356.9740535312334              248.1880526589384              
47820                          5850.096692716057              -2115.243557753536             -2273.95236282202              3.626989672720222              4.145564888106386              5.461782738957066              6622.328133678779              0.0005950050489122166          51.58460960047144              356.9724059288754              247.7099654276708              
47880                          6053.087165793831              -1861.490083884673             -1940.882954244978             3.136562524473025              4.309403546333033              5.635947800146168              6622.941176100429              0.0005014898995298789          51.58678124248052              356.9711703746913              247.275118519633               
47940                          6226.173086559042              -1598.540670606505             -1598.19690387106              2.630582618402222              4.451968860467039              5.782203717744177              6623.465810219899              0.0004062923968796514          51.58865847539234              356.970297808175               246.8943125494907              
48000                          6368.496087010695              -1327.693584455529             -1247.591447540821             2.111555354274052              4.572549693987304              5.899817516986501              6623.891719525463              0.0003101611460885123          51.59020410974106              356.9697320682296              246.5769091665761              
48060                          6479.350198311892              -1050.286507861925             -890.803541317549              1.582053335125242              4.670544223850952              5.988199177548789              6624.210549773572              0.0002140056368146853          51.59138732326149              356.9694109361134              246.3306306675768              
48120                          6558.185497318217              -767.6898638796939             -529.6011622850093             1.044703170443015              4.745463287669007              6.046905000896623              6624.416064947487              0.0001200540052078741          51.59218427836019              356.9692672989459              246.1613942619488              
48180                          6604.610939534294              -481.2999768585424             -165.7744552210319             0.5021719324460379             4.796933092484978              6.075640145260194              6624.504261384436              4.800995505284537e-05          51.59257861344108              356.9692304151801              246.0731847553989              
48240                          6618.396373280276              -192.5320845848585             198.8732546217208              -0.04284668156911538           4.824697269977526              6.074260312215722              6624.473438216305              9.75967532059073e-05           51.59256179677937              356.9692272607539              246.0679686822068              
48300                          6599.473717316658              97.18675197385846              562.5345229884448              -0.587646366695349             4.82861825510382               6.042772563102383              6624.324223089867              0.0001895994613217111          51.59213333360064              356.9691839324101              246.1456518207397              
48360                          6547.937294615507              386.4248010404838              923.4068707520648              -1.129522303716918             4.808677976700923              5.981335257342194              6624.05955297522               0.0002850690295392807          51.59130081940651              356.9690270826472              246.3040811443307              
48420                          6464.043320912358              673.7528330847366              1279.701838029337              -1.665785222153068             4.764977856481665              5.890257114908046              6623.684610733772              0.0003807023869105427          51.59007983540352              356.9686853591062              246.5390911708519              
48480                          6348.208553007867              957.7512731681296              1629.653956059392              -2.193775328330639             4.69773812111444               5.769995415550658              6623.206718938928              0.0004755067178713253          51.58849368494942              356.968090820042               246.8445936611897              
48540                          6201.008107864634              1237.017291895256              1971.529585911405              -2.710875997598731             4.607296440005012              5.621153357203593              6622.63519322965               0.0005687860917898055          51.58657297324432              356.9671802969295              247.2127086089649              
48600                          6023.172469618266              1510.171794794101              2303.635574119474              -3.214527134320071             4.494105908990631              5.444476605335677              6621.981158216086              0.0006598362511250062          51.58435503597793              356.965896675334               247.6339335365446              
48660                          5815.583707851936              1775.866270883352              2624.327676932785              -3.702238109569725             4.358732407438212              5.240849073867882              6621.257329638107              0.0007478682925701744          51.58188322618926              356.9641900659929              248.0973472600717              
48720                          5579.270934715812              2032.789464732069              2932.018709621235              -4.171600198334264             4.201851361647608              5.011287984387335              6620.477767057636              0.0008319900086866863          51.57920607205828              356.9620188396062              248.5908435660867              
48780                          5315.405031146051              2279.673839238896              3225.1863811408                -4.620298449041504             4.024243950916109              4.75693825409252               6619.657601475301              0.0009112101634213315          51.57637632161297              356.9593505011315              249.101389641587               
48840                          5025.292676594411              2515.30179679706               3502.380775305882              -5.046122925380488             3.826792796679801              4.479066267673407              6618.812743534129              0.0009844553699406362          51.57344989349637              356.9561623825458              249.6153036392579              
48900                          4710.369728624382              2738.511622969689              3762.231435979435              -5.446979260274493             3.610477183469155              4.179053098918271              6617.95957786676               0.001050595170063905           51.57048475555952              356.9524421369025              250.1185454743672              
48960                          4372.193997249669              2948.203127313753              4003.454026960531              -5.820898487241984             3.376367859103358              3.858387244557775              6617.114649070637              0.001108472751167013           51.56753975503451              356.9481880208436              250.5970146609188              
49020                          4012.437436794699              3143.342970938961              4224.856554608125              -6.166046146560634             3.125621444871471              3.518656909740246              6616.29434508848               0.001156939453116347           51.56467342538519              356.9434089573244              251.0368493149408              
49080                          3632.877823784225              3322.969641223198              4425.345107629192              -6.480730616236618             2.859474515856992              3.161541924907117              6615.514583875881              0.001194891621505509           51.56194279613197              356.9381243759596              251.4247200471236              
49140                          3235.389955905374              3486.19806396392               4603.929103844721              -6.763410675801398             2.579237386136663              2.788805337924359              6614.790509031147              0.001221308715503877           51.55940223175197              356.9323638334379              251.7481131907989              
49200                          2821.936420294399              3632.223834818059              4759.726024065852              -7.012702298714546             2.28628763946422               2.402284733609958              6614.136199917617              0.001235291926675217           51.55710232521329              356.9261664218508              251.9955978167218              
49260                          2394.557977313406              3760.327055849946              4891.96561811141               -7.227384678164317             1.982063441150183              2.003883326055134              6613.564401522579              0.001236102997079912           51.55508887036598              356.9195799779076              252.1570715377102              
49320                          1955.363605559859              3869.875765031541              4999.99357056494               -7.406405495266561             1.668056662868433              1.595560863853207              6613.086278942942              0.001223203514910706           51.55340193540755              356.912660110743               252.2239805578283              
49380                          1506.5202536757                3960.328948238609              5083.274616043649              -7.54888544099986              1.345805848266968              1.17932438334024               6612.711200961439              0.001196295868376313           51.5520750570624               356.9054690702254              252.1895099514131              
49440                          1050.242342924051              4031.239125094531              5141.395095965511              -7.654122004410188             1.016889042506546              0.7572188388689495             6612.44655668267               0.001155368544746867           51.55113457204748              356.8980744812095              252.0487407500932              
49500                          588.7810587493198              4082.254501580711              5174.064950425221              -7.721592538918952             0.6829165013424636             0.3313176296932826             6612.297608650523              0.001100751152385275           51.55059909896603              356.8905479718567              251.7987710138814              
49560                          124.4134913762652              4113.120680493621              5181.119138010017              -7.750956612102713             0.3455233082442242             -0.09628694030238995           6612.267385280264              0.001033189623449554           51.55047918013862              356.8829637264708              251.4387987005312              
49620                          -340.5683507409097             4123.681927719208              5162.518482628226              -7.74205764979312              0.006361899615992289           -0.5234932700796613            6612.356614777068              0.0009539620355604125          51.55077708901612              356.8753969938015              250.9701648144337              
49680                          -803.8686068821758             4113.881987436914              5118.349941972917              -7.694923871743884             -0.3329054863401616            -0.9482001157733222            6612.56370205035               0.000865075636029985           51.55148680514504              356.8679225824308              250.3963559014537              
49740                          -1263.198660701497             4083.764442019493              5048.826295691211              -7.609768514810167             -0.6706144216020047            -1.368316271517469             6612.884749438789              0.0007696259601349294          51.5525941549786               356.8606133743308              249.7229657488533              
49800                          -1716.28822994769              4033.472613691697              4954.285252229009              -7.486989334769861             -1.005105953779713             -1.781770266429472             6613.313621299656              0.0006724712587267832          51.55407711342107              356.8535388862673              248.9576166791512              
49860                          -2160.896404292554             3963.249004994738              4835.187973831634              -7.327167371906845             -1.334734311536459             -2.186520059315933             6613.842051792891              0.0005814444078175857          51.55590625789922              356.8467639069635              248.1098416015793              
49920                          -2594.822586538769             3873.434276093488              4692.117020433627              -7.131064961242616             -1.657874634995243             -2.580562710573191             6614.459794411215              0.0005090194117894102          51.5580453640122               356.8403472355804              247.1909286090349              
49980                          -3015.917291223181             3764.465757958346              4525.77371452959               -6.899622964828661             -1.972930712793065             -2.96194400633708              6615.154811039815              0.0004722665484034931          51.56045212946325              356.8343405443276              246.2137305752431              
50040                          -3422.092752932744             3636.875501769441              4336.9749309085                -6.633957201561191             -2.278342703038823             -3.328768004294548             6615.913497558496              0.0004854214759595617          51.5630790110247               356.8287873850393              245.1924428791081              
50100                          -3811.333298520988             3491.28786515044               4126.649315344853              -6.335354046930324             -2.572594813114808             -3.679206467476499             6616.720942248658              0.0005479006492132711          51.56587415775311              356.8237223563538              244.1423529797376              
50160                          -4181.705419111712             3328.416643964116              3895.832947852889              -6.005265189436071             -2.854222895231366             -4.01150813063047              6617.561212505817              0.0006459410576140812          51.56878242235155              356.819170445138               243.0795662366536              
50220                          -4531.367523127215             3149.061742587579              3645.66444306189               -5.645301497062739             -3.121821944460356             -4.324007779084054             6618.417664774308              0.0007644218989012389          51.57174643204499              356.8151465519845              242.0207127623007              
50280                          -4858.579269654777             2954.105409517294              3377.379528694692              -5.257226017011                -3.374053419324466             -4.615135040791006             6619.273271782333              0.0008922602063115543          51.57470769914689              356.8116552084935              240.9826408527497              
50340                          -5161.71046760329              2744.508035274368              3092.305099543748              -4.842946072408592             -3.609652365536278             -4.883422864446279             6620.110960584378              0.001021997147133361           51.57760775175421              356.8086904898493              239.9821026300324              
50400                          -5439.24948093665              2521.303524205749              2791.852765895501              -4.40450445409482              -3.827434285568358             -5.127515611120812             6620.913955158761              0.001148424339262721           51.58038926466921              356.8062361237343              239.0354381570123              
50460                          -5689.81106352559              2285.594273678581              2477.511944123641              -3.944069752804221             -4.026301679387459             -5.346176668260841             6621.666116690366              0.001267657662631172           51.58299717051852              356.8042657937776              238.158264164048               
50520                          -5912.143597426903             2038.545765774496              2150.842497934564              -3.46392582628624              -4.205250217259637             -5.538295536163969             6622.352274094413              0.001376639115319306           51.58537973162348              356.802743632481               237.3651739805318              
50580                          -6105.135672502544             1781.380802682741              1813.466974125966              -2.966460454205498             -4.363374475104408             -5.702894302665328             6622.958536395504              0.00147288516907511            51.58748955312393              356.8016248961047              236.6694547676261              
50640                          -6267.821962215015             1515.373412521781              1467.06246993437               -2.454153232672728             -4.499873175204818             -5.8391334373284               6623.472581848903              0.001554363443676821           51.58928451906488              356.8008568106607              236.0828282332277              
50700                          -6399.388351940854             1241.84245699373               1113.352174848705              -1.929562776032385             -4.614053875085082             -5.946316837436057             6623.883916912039              0.001619434716550826           51.5907286337184               356.8003795756023              235.6152204588752              
50760                          -6499.176280608535             962.14497560936                754.0966336799059              -1.395313307238747             -4.705337051151888             -6.023896063765441             6624.184098546982              0.001666827867800196           51.59179275144483              356.800127508982               235.274565958468               
50820                          -6566.686262026495             677.6693026664331              391.0847791334475              -0.8540807279382813            -4.773259529658449             -6.071473712337006             6624.366914666657              0.001695630947200763           51.5924551799009               356.8000303149651              235.0666503951898              
50880                          -6601.580556122316             389.8280062436374              26.12479836145788              -0.3085782901986067            -4.817477222273816             -6.088805876438824             6624.428518361668              0.001705289404470971           51.59270214311677              356.8000144518901              234.9949955368847              
50940                          -6603.684973658706             100.0506740171883              -338.9651337380504             0.2384580499157339             -4.837767138500774             -6.075803669155059             6624.367512593903              0.00169560669205626            51.59252809311891              356.8000045765223              235.0607891042164              
51000                          -6572.989793847192             -190.2233962159251             -702.366179732249              0.7842844501451677             -4.834028646270032             -6.032533780166347             6624.184983165213              0.001666744841502968           51.59193586113116              356.7999250378343              235.2628610707679              
51060                          -6509.649790796784             -479.5525544157239             -1062.268163611109             1.326164043954395              -4.806283969607126             -5.959218061408457             6623.884479030333              0.001619224219572066           51.59093664232199              356.7997013916832              235.5977070644185              
51120                          -6413.983370884113             -766.5001638043545             -1416.878841845701             1.861381730686215              -4.754677922174452             -5.856232147906219             6623.471940287444              0.001553923032875367           51.58954981122448              356.7992619062456              236.0595581753068              
51180                          -6286.470829623002             -1049.641926322477             -1764.433061648168             2.387258766643875              -4.679476884823578             -5.724103132733107             6622.955575447036              0.001472078718900541           51.58780256843194              356.7985390271331              236.6404956256938              
51240                          -6127.751736752668             -1327.573135584407             -2103.201765699961             2.901167061400846              -4.581067041181591             -5.56350632029831              6622.345690767611              0.001375295683540925           51.58572942275237              356.797470770775               237.3306075880482              
51300                          -5938.621480864928             -1598.915789222098             -2431.500759297642             3.400543022289843              -4.459951903913855             -5.375261110089551             6621.654475662011              0.001265567910070812           51.58337151711359              356.7960020152075              238.1181846291447              
51360                          -5720.026996515585             -1862.325538373123             -2747.69921303193              3.882900881814062              -4.316749164827634             -5.16032605723503              6620.895749115877              0.001145332684234353           51.58077581007521              356.7940856585994              238.9899492417171              
51420                          -5473.061710195606             -2116.49842801868              -3050.227844781588             4.345845405115439              -4.152186913134845             -4.919793173102298             6620.084672984268              0.001017587227303849           51.57799412877112              356.7916836180801              239.9313144667012              
51480                          -5198.959744345739             -2360.17739267432              -3337.586738610153             4.787083902793368              -3.967099270860749             -4.654881533136594             6619.237438702369              0.0008861317949816682          51.57508211250742              356.7887676443819              240.9266658827628              
51540                          -4899.089423038415             -2592.158474042912             -3608.352761138269             5.204437486634363              -3.762421498638579             -4.366930263757866             6618.370934464309              0.0007560644646940753          51.57209806942318              356.7853199316853              241.9596609435712              
51600                          -4574.946126265816             -2811.296730515415             -3861.186540349109             5.595851520193418              -3.53918462756866              -4.057390982299303             6617.502400231293              0.0006347404248764973          51.56910177122547              356.7813335066223              243.01353940033                
51660                          -4228.14454284659              -3016.511811435769             -4094.838975850189             5.959405229694401              -3.298509674020654             -3.727819764631412             6616.649078045553              0.0005333174643407594          51.56615321299702              356.7768123856213              244.0714384544726              
51720                          -3860.410368812047             -3206.793175073869             -4308.157257016253             6.29332045875067               -3.041601490122956             -3.379868708718822             6615.827865038632              0.0004676081185557123          51.563311366284                356.7717714954001              245.1167063924022              
51780                          -3473.57151772666              -3381.204922434945             -4500.090358297971             6.595969544731751              -2.769742313525678             -3.015277176534624             6615.054976313158              0.0004527896713361982          51.56063295425467              356.7662363576455              246.1332085794247              
51840                          -3069.548864323087             -3538.890245865389             -4669.694011593549             6.865882346728606              -2.484285045009724             -2.635862748943715             6614.345624367628              0.0004900223648823248          51.55817127695732              356.7602425443416              247.1056201438978              
51900                          -2650.346608687875             -3679.075459164831             -4816.135119727771             7.101752401847052              -2.186646324390634             -2.243511984863332             6613.713721341345              0.0005639943720378102          51.55597511397497              356.7538349170311              248.0196999123109              
51960                          -2218.042294661638             -3801.073608726965             -4938.695612630014             7.302442246393432              -1.878299433517412             -1.840171019240739             6613.171609578819              0.0006565225655371729          51.55408772925768              356.7470666681397              248.862540720269               
52020                          -1774.776540332515             -3904.287653913011             -5036.77573533667              7.466987918811023              -1.56076706752741              -1.427836051420295             6612.729825323878              0.0007546930324947926          51.55254600030895              356.739998187827               249.6227918836448              
52080                          -1322.742485011435             -3988.213218613937             -5109.896770467859             7.594602682010054              -1.235613972788532             -1.008543720086699             6612.396899524047              0.0008505971877798838          51.55137969029357              356.7326957831964              250.2908500318345              
52140                          -864.1750899792758             -4052.440885801514             -5157.703169470815             7.684679951949389              -0.9044395410117938            -0.584361479466547             6612.179199015126              0.0009394091396424744          51.55061087820824              356.7252302822321              250.8590151426761              
52200                          -401.3402479552206             -4096.658054567711             -5179.964113930782             7.736795492716075              -0.5688703150352804            -0.1573779171704913            6612.080810324741              0.001018084200872844           51.55025355727505              356.7176755542808              251.3216094300806              
52260                          63.47620287902994              -4120.650342972084             -5176.574492871355             7.750708874502018              -0.2305524594215904            0.2703069182387505             6612.103467681603              0.001084663402595152           51.55031340785571              356.7101069824536              251.6750572024266              
52320                          527.979533055227               -4124.302538591591             -5147.555300472963             7.726364215298647              0.1088558022916721             0.696591178387521              6612.246525969204              0.001137913010148895           51.55078774646588              356.7025999225006              251.9179245806199              
52380                          989.8771992166269              -4107.599094642002             -5093.053454888634             7.663890214312503              0.4476917706605166             1.119380848413467              6612.506978668042              0.001177130366762564           51.55166564824408              356.6952281822201              252.050918595819               
52440                          1446.889901616236              -4070.624170847586             -5013.34104038882              7.563599480789585              0.7842958626486745             1.536599338175707              6612.879520149179              0.001202031041016737           51.55292823621697              356.6880625537345              252.0768458643797              
52500                          1896.762582229446              -4013.561218609457             -4908.81397530832              7.425987155778843              1.117019204579528              1.946197019813321              6613.356651018769              0.001212675796284581           51.5545491271289               356.6811694283828              252.0005316915285              
52560                          2337.27531838204               -3936.692110698368             -4779.990109553904             7.251728819692146              1.444231211974615              2.34616069337961               6613.928824551777              0.001209416871835726           51.55649502052494              356.6746095208976              251.8287011168732              
52620                          2766.254068221452              -3840.395816884386             -4627.50675684666              7.041677674877712              1.764327141724496              2.734522961093581              6614.584631603816              0.001192853218044132           51.55872641526535              356.6684367258658              251.5698240617303              
52680                          3181.581216833009              -3725.146630138798             -4452.117671498569             6.79686099399219               2.075735593848213              3.109371480626794              6615.311020747365              0.001163789413333026           51.56119843569385              356.6626971256046              251.2339273362577              
52740                          3581.205907439475              -3591.511939373182             -4254.689466021807             6.518475802216036              2.376925963688218              3.468858096013103              6616.093549863362              0.001123195657718055           51.56386174856647              356.657428164024               250.832376993103               
52800                          3963.154070888806              -3440.14956232324              -4036.197493280786             6.207883796439615              2.66641578860561               3.81120777579083               6616.916664759625              0.001072167737642511           51.56666355069807              356.6526579979964              250.3776348255224              
52860                          4325.538135185905              -3271.80463905167              -3797.721195376751             5.866605473553825              2.942777980414788              4.134727345277975              6617.763999994691              0.001011886767690564           51.56954860734582              356.6484050328438              249.8829936962948              
52920                          4666.566357414484              -3087.306096331327             -3540.438936649406             5.496313460669978              3.204647901328131              4.437813959231736              6618.618696572263              0.0009435791499205288          51.57246032130804              356.6446776454724              249.3622965239274              
52980                          4984.551731333669              -2887.562693105711             -3265.622337304819             5.098825040172165              3.450730245190731              4.718963266238601              6619.463730786771              0.000868477709592257           51.57534181324943              356.6414740951709              248.8296444380776              
53040                          5277.920422314128              -2673.558659993165             -2974.630127783932             4.676093870053022              3.679805680568319              4.976777210181384              6620.282248161038              0.0007877854922039073          51.57813699452298              356.6387826191175              248.299099679235               
53100                          5545.21968155311               -2446.34894851588              -2668.901547383784             4.230200908488322              3.890737208761619              5.20997141035356               6621.057896159036              0.0007026443832631105          51.58079161467503              356.6365817070198              247.7843892567644              
53160                          5785.125192336022              -2207.054108634489             -2349.949314233943             3.763344561511684              4.082476187177844              5.417382059186798              6621.775149198575              0.0006141118666294959          51.58325426688819              356.6348405470075              247.2986153580414              
53220                          5996.447802568978              -1956.854816196109             -2019.352197435952             3.277830083640649              4.254067966919535              5.597972275368034              6622.419619447469              0.0005231518073132898          51.58547733573306              356.6335196328936              246.8539785101302              
53280                          6178.139599526273              -1696.986075656331             -1678.747226774723             2.776058274320766              4.40465709274828               5.750837850169717              6622.978346976983              0.0004306523654514755          51.58741787274258              356.6325715211604              246.4615193527734              
53340                          6329.299289387133              -1428.731120342713             -1329.821571031721             2.260513513259041              4.533492017752874              5.875212330061013              6623.440063100235              0.0003375090802109907          51.5890383865319               356.6319417244278              246.1308845481399              
53400                          6449.176832098831              -1153.415062256116             -974.3041542570697             1.733751241133516              4.639929274209509              5.970471369641158              6623.795421071269              0.0002449198719674855          51.59030753518788              356.6315697267675              245.8701219405766              
53460                          6537.17732516196               -872.3982767086379             -613.9569922069879             1.19838487003787               4.723437079035986              6.036136326426316              6624.037189000941              0.0001556949481779799          51.59120071028087              356.6313901046821              245.6855094783677              
53520                          6592.86407213691               -587.0696250939291             -250.5663840036591             0.6570723401379009             4.783598303675859              6.071877024890612              6624.160400368422              8.347494724435706e-05          51.59170050243142              356.6313337364766              245.5814216878098              
53580                          6615.960844483091              -298.8394951761466             114.0660673075963              0.1125023058268277             4.820112802490749              6.077513680907988              6624.162458577787              9.098076181279039e-05          51.5917970404466               356.6313290811659              245.5602367213914              
53640                          6606.353304115122              -9.13273339367413              478.1325088163991              -0.4326198792820878            4.832799060341547              6.053017949347418              6624.043192855284              0.0001677774749466254          51.59148819701181              356.6313035069531              245.6222860467687              
53700                          6564.089581850714              280.6185087075729              839.8279379271173              -0.9755863069184667            4.82159514771155               5.998513085224699              6623.804863950709              0.0002577525271084985          51.59077965583947              356.6311846480168              245.7658478971616              
