ElapsedS                       Sat.EarthMJ2000Eq.X            Sat.EarthMJ2000Eq.Y            Sat.EarthMJ2000Eq.Z            Sat.EarthMJ2000Eq.VX           Sat.EarthMJ2000Eq.VY           Sat.EarthMJ2000Eq.VZ           Sat.Earth.SMA                  Sat.Earth.ECC                  Sat.EarthMJ2000Eq.INC          Sat.EarthMJ2000Eq.RAAN         Sat.Earth.Altitude             
0                              6628.137                       0                              0                              0                              4.8169050670943                6.077421678863729              6628.137000000001              1.181527691164928e-16          51.59999999999999              0                              250.0001381310667              
ElapsedS                       Sat.EarthMJ2000Eq.X            Sat.EarthMJ2000Eq.Y            Sat.EarthMJ2000Eq.Z            Sat.EarthMJ2000Eq.VX           Sat.EarthMJ2000Eq.VY           Sat.EarthMJ2000Eq.VZ           Sat.Earth.SMA                  Sat.Earth.ECC                  Sat.EarthMJ2000Eq.INC          Sat.EarthMJ2000Eq.RAAN         Sat.Earth.Altitude             
60                             6611.787673414613              288.7765716552859              364.3441038593585              -0.5447518907330072            4.805021421010794              6.062371433581457              6628.055316256465              0.0001057402018581158          51.59973942710529              359.9999852368736              250.0464978090658              
120                            6562.82083776575               576.1284162495048              726.8845432122233              -1.086801022667494             4.769434016761197              6.017324767215354              6627.853713613965              0.0002114644527026585          51.59906945601775              359.9998917860848              250.1724922076728              
180                            6481.479344701022              860.6380654985238              1085.827578185242              -1.623461393770304             4.710321124310529              5.94250818864                  6627.536208660474              0.0003167779073084585          51.59800336328857              359.9996474731499              250.3749777641542              
240                            6368.166430562369              1140.902280060508              1439.397542580186              -2.152075160024594             4.627978538905018              5.838297347654625              6627.10916189503               0.0004212075059698401          51.596562136062                359.9991832022891              250.6488694327545              
300                            6223.443613589367              1415.539052412894              1785.845730296173              -2.670026366509899             4.522817848442641              5.705214825794726              6626.581140907932              0.0005241790764706517          51.59477403827533              359.9984343090197              250.9872477844401              
360                            6048.027776562241              1683.194485992644              2123.459124071814              -3.174754351849712             4.395364046055389              5.543927095274388              6625.962736423342              0.0006250026740614928          51.59267404115971              359.9973417860696              251.3815049638515              
420                            5842.787455512885              1942.549514345261              2450.568920472513              -3.663766735486743             4.246252517326606              5.355240683583435              6625.266335734265              0.0007228671299447849          51.59030313020119              359.9958533987672              251.8215262727163              
480                            5608.738375180942              2192.326409063563              2765.558786201373              -4.134651874978193             4.076225448864114              5.140097603143608              6624.505859208478              0.0008168439824195114          51.58770750275786              359.9939246679709              252.2959033881452              
540                            5347.03822741882               2431.295085405054              3066.872856645444              -4.585090800524422             3.886127674370999              4.899570066704038              6623.696465981754              0.0009059003195459086          51.58493767147132              359.9915197030826              252.7921746871734              
600                            5058.980782606296              2658.279109511535              3353.023355212068              -5.012868443229042             3.676902043337164              4.634854596421247              6622.854235837205              0.0009889195219041122          51.58204749090456              359.9886118723282              253.2970874840976              
660                            4745.989334755222              2872.161430693207              3622.597862804735              -5.415884206694973             3.449584332651756              4.347265552559216              6621.99583560169               0.001064728516984445           51.57909312491169              359.9851842993331              253.796876710956               
720                            4409.609529880301              3071.889797673774              3874.266185370578              -5.792161816420848             3.205297755282281              4.038228150489756              6621.138177333342              0.001132130050126506           51.57613197328232              359.9812301773305              254.2775544179267              
780                            4051.5016316476                3256.481829873515              4106.786782846859              -6.139858410851251             2.94524712132944               3.709271036127543              6620.298075947258              0.001189938467014401           51.5732215767346               359.9767528970481              254.7252041070515              
840                            3673.432262834277              3425.029730290102              4319.012742374171              -6.45727287244888              2.670712692552415              3.362018471929324              6619.491913693893              0.0012370176248096             51.57041851942723              359.9717659849761              255.126274169148               
900                            3277.265669930353              3576.704621566165              4509.897272395038              -6.742853391824387             2.383043774226448              2.998182189058676              6618.735318452189              0.001272319770272255           51.56777734824793              359.9662928534557              255.4678646354541              
960                            2864.954556844013              3710.760490669543              4678.498699111276              -6.995204267799308             2.083652083144787              2.619552954916434              6618.042862165184              0.001294924541147665           51.56534952793928              359.9603663661595              255.7380018006497              
1020                           2438.530533332569              3826.537729807566              4823.984949556283              -7.213091951495429             1.774004926081387              2.227991899531089              6617.427785004726              0.001304077667223213           51.56318245068284              359.95402822544                255.9258954796405              
1080                           2000.094223190536              3923.466263115393              4945.637507970569              -7.395450345709476             1.455618218347583              1.825421638381317              6616.901750011155              0.001299229520495791           51.56131851812693              359.9473281915841              256.0221740996421              
1140                           1551.805076505543              4001.06825029842               5042.854834248737              -7.541385372017576             1.130049367521706              1.413817223466034              6616.474632069878              0.001280074486698602           51.55979431293819              359.9403231459783              256.0190932547348              
1200                           1095.870931246513              4058.960359609423              5115.155234754133              -7.650178817106266             0.7988900444885684             0.9951969507306514             6616.154344189928              0.001246593401410303           51.55863987579602              359.9330760141629              255.9107138491127              
1260                           634.5373558964993              4096.855605060065              5162.179178965085              -7.721291470248601             0.4637588509970507             0.5716130356392611             6615.946703160935              0.001199103389420006           51.55787810227184              359.9256545664408              255.6930464964689              
1320                           170.0768483534312              4114.564739049822              5183.69105081285               -7.754365551693277             0.1262939221308297             0.1451422056077319             6615.855335858188              0.001138323096105381           51.55752427237621              359.9181301176959              255.3641594417604              
1380                           -295.2221226727544             4111.997201507219              5179.580335942848              -7.749226444584461             -0.2118545642363068            -0.2821238257791764            6615.881626650067              0.001065467865855634           51.5575857233119               359.9105761486348              254.9242478235747              
1440                           -759.066129535448              4089.161616113891              5149.862233067586              -7.705883717181981             -0.5490319141130928            -0.7080879305879316            6616.024705740498              0.0009824014408100492          51.55806167382418              359.9030668749717              254.3756628784786              
1500                           -1219.167854852834             4046.165834171161              5094.677690017879              -7.624531434747877             -0.8835865020875209            -1.130657211736409             6616.281477622732              0.000891892020127888           51.55894320568523              359.8956757909211              253.722900100197               
1560                           -1673.257151567885             3983.21652219094               5014.292859592934              -7.505547746114907             -1.213877384098528             -1.54775268333309              6616.646688358001              0.0007980530450689272          51.56021340501974              359.8884742157986              252.9725463848208              
1620                           -2119.092057091669             3900.61829212727               4909.097973860116              -7.349493729690008             -1.538281928582916             -1.957318973444279             6617.113029923731              0.0007070707790758276          51.56184766298411              359.8815298728389              252.1331865696575              
1680                           -2554.469715512616             3798.772373641917              4779.605636202325              -7.157111479570292             -1.855203447665421             -2.357334025612931             6617.671279531333              0.0006281892987214118          51.56381413201289              359.8749055294755              251.2152707082032              
1740                           -2977.237161646789             3678.174829011699              4626.448531975763              -6.929321410466372             -2.163078807446427             -2.745818772096045             6618.310471477983              0.0005741555235370561          51.56607433045787              359.8686577277509              250.2309440396093              
1800                           -3385.30191939417              3539.414312655098              4450.376560407235              -6.667218759290661             -2.46038599259891              -3.120846746886439             6619.018098802613              0.0005585778821427866          51.5685838850771               359.8628356322877              249.1938423381744              
1860                           -3776.642364286741             3383.169379410236              4252.253393122577              -6.372069262842905             -2.745651595379701             -3.480553600099143             6619.780341724772              0.0005885364751759297          51.57129339756726              359.8574800212057              248.1188560508235              
1920                           -4149.317804839849             3210.205345274623              4033.052464193951              -6.045303988732251             -3.017458199139859             -3.823146475243877             6620.582319561211              0.0006593889725978372          51.5741494183446               359.8526224425407              247.0218672538185              
1980                           -4501.478230230553             3021.370707320878              3793.852400441501              -5.688513301888548             -3.274451617666776             -4.146913199839647             6621.40836249671               0.0007592248453394898          51.57709550804824              359.8482845555199              245.9194641238264              
2040                           -4831.373651795417             2817.593144683478              3535.831919978671              -5.303439978206509             -3.515347933372505             -4.450231216749135             6622.242298954237              0.000876046003638962           51.5800733647438               359.8444776722747              244.8286382348851              
2100                           -5137.363030166346             2599.875091092014              3260.264187219506              -4.891971419249959             -3.73894032074814              -4.731576238308983             6623.067754210449              0.001000611775824253           51.58302399356333              359.8412025103822              243.766470283801               
2160                           -5417.92270025749              2369.288908602593              2968.510662244646              -4.456130999164983             -3.944105580398668             -4.989530528389286             6623.868456592166              0.001126253979084181           51.58588889386759              359.8384491627179              242.7498104670531              
2220                           -5671.654234806007             2126.971693635417              2662.014484236327              -3.998068580786268             -4.129810326366636             -5.222790739523242             6624.628545908199              0.001248068751813392           51.58861123848592              359.8361972858523              241.7949599555523              
2280                           -5897.291740448317             1874.11970153628               2342.293371932108              -3.52005015782598              -4.295116805872778             -5.430175278081779             6625.332878891963              0.00136229415354167            51.59113702028137              359.8344165027312              240.9173598048083              
2340                           -6093.708491351119             1611.982447995695              2010.932115329959              -3.024446721556214             -4.439188263204326             -5.610631085735124             6625.967325017038              0.001465936218400746           51.59341614094369              359.8330670116475              240.1312941010074              
2400                           -6259.922875067833             1341.856501686668              1669.574677233298              -2.513722373715841             -4.561293809121023             -5.763239788050434             6626.519046790963              0.001556562344593085           51.59540341903045              359.8321003877336              239.4496134246592              
2460                           -6395.103605668418             1065.078999134637              1319.915944311634              -1.990421745993584             -4.660812742986276             -5.887223143479771             6626.97676121943               0.001632192249913663           51.5970594965104               359.8314605592924              238.8834848928072              
2520                           -6498.574162509364             783.0209185914789              963.6931746307307              -1.457156802887885             -4.737238276144341             -5.98194772764011              6627.330975142288              0.001691242966751626           51.5983516249005               359.8310849377663              238.4421741225133              
2580                           -6569.816420737592             497.0801495912443              602.6771884823381              -0.9165931117733956            -4.79018061211501              -6.046928796853702             6627.574188930853              0.001732503199822428           51.59925431515992              359.8309056769208              238.1328640830761              
2640                           -6608.473444391533             208.6743979839231              238.6633532740596              -0.3714356762858832            -4.819369344496181             -6.081833281778966             6627.701063513911              0.00175512317838423            51.59974983873939              359.8308510344006              237.9605148777964              
2700                           -6614.351419029592             -80.7660316152907              -126.5375840728854             0.1755855611154157             -4.824655140520683             -6.086481870993029             6627.708546214094              0.001758612172420428           51.59982857057107              359.8308468068893              237.9277676092552              
2760                           -6587.420707163535             -369.805534027121              -491.1087637954446             0.7217304367674244             -4.806010686241069             -6.06085015462647              6627.595951611295              0.001742839315279065           51.59948916828456              359.8308178093071              238.0348944682073              
2820                           -6527.816018436503             -657.0105272030327             -853.2365089602561             1.264263364393673              -4.763530879615992             -6.00506881134833              6627.364994564256              0.00170803554359996            51.59873858547081              359.8306893679014              238.2797960937951              
2880                           -6435.835689348463             -940.956782414439              -1211.119625702428             1.800468141609897              -4.697432264479562             -5.91942283028651              6627.019773551482              0.001654796054893651           51.59759192017781              359.8303887976426              238.6580461625463              
2940                           -6311.940080741405             -1220.236680830501             -1562.978606565624             2.327662575257142              -4.608051712710856             -5.804349778077682             6626.566703677993              0.00158408419614663            51.59607210315054              359.8298468349682              239.1629820547487              
3000                           -6156.749105138741             -1493.466375058088             -1907.064709543427             2.843212848473424              -4.495844369770253             -5.660437130779182             6626.014399913338              0.001497239585817231           51.59420943330792              359.8289989985677              239.7858393362467              
3060                           -5971.038901869591             -1759.292807658875             -2241.668851954935             3.344547505018261              -4.361380887562978             -5.488418701698813             6625.373512394232              0.001395996193087725           51.59204097071584              359.8277868526259              240.515926955346               
3120                           -5755.737688277454             -2016.40054103058              -2565.130261342505             3.829170935254333              -4.205343980373977             -5.289170211063363             6624.656516877016              0.001282521202162464           51.58960979974778              359.8261591492291              241.3408389544375              
3180                           -5511.920818900678             -2263.518361835248             -2875.84483671459              4.294676270642537              -4.028524345825655             -5.063704051230485             6623.877464624006              0.001159495002223348           51.58696417732118              359.8240728291252              242.2466979702558              
3240                           -5240.805090933765             -2499.425622855837             -3172.273173125801             4.738757600019193              -3.831816000228601             -4.81316331047904              6623.051697084056              0.001030270784539711           51.58415658285638              359.8214938628208              243.2184250382843              
3300                           -4943.742338897261             -2722.958288757502             -3452.94820716497              5.15922143555239               -3.616211082813722             -4.538815124823653             6622.195531677537              0.0008991856477092003          51.58124268815767              359.8183979169668              244.2400298404609              
3360                           -4622.212365333154             -2933.014655612989             -3716.482445230288             5.55399737094631               -3.382794186833146             -4.24204343164423              6621.325925757176              0.0007721454073294687          51.57828026661555              359.8147708339318              245.2949152372566              
3420                           -4277.81525665762              -3128.560717951427             -3961.574741423177             5.921147890147918              -3.132736276735146             -3.924341200377904             6620.460126374456              0.0006576128142982259          51.57532806204254              359.8106089158977              246.3661897857301              
3480                           -3912.263140885118             -3308.635157780942             -4187.016592821517             6.258877294096579              -2.867288254540226             -3.587302220423994             6619.615313831343              0.0005677233218462158          51.57244463814079              359.8059190079395              247.4369819634367              
3540                           -3527.371426646053             -3472.353943464961             -4391.69793677457              6.565539745465994              -2.587774223367882             -3.232612507069244             6618.808247059897              0.0005173928213857578          51.56968722979789              359.8007183778709              248.490750016188               
3600                           -3125.049594680149             -3618.914512093706             -4574.612417066733             6.839646410680333              -2.295584515596599             -2.862041411012597             6618.054918830381              0.0005171413096693398          51.56711061775034              359.7950343944054              249.5115815225336              
3660                           -2707.291594975902             -3747.59952617095              -4734.862107409815             7.079871715417987              -1.99216853581954              -2.477432495006097             6617.370228393471              0.0005634354153272156          51.56476604773299              359.7889040085329              250.484477220517               
3720                           -2276.165869778355             -3857.780204507111             -4871.661692015624             7.28505874966701               -1.679027440081061             -2.080694204788005             6616.76767858215               0.0006412289064190598          51.56270021455542              359.7823730459928              251.3956141074705              
3780                           -1833.805102469048             -3948.919202040383             -4984.342071661065             7.454223812578339              -1.357706725822691             -1.673790428625427             6616.259103823057              0.0007348239160530841          51.56095433119955              359.775495323433               252.232583232304               
3840                           -1382.395706785162             -4020.573046628445             -5072.353405291767             7.586560149117318              -1.029788739860322             -1.258730954687092             6615.854434501773              0.0008329463150856216          51.55956330126492              359.7683316032071              252.9845982496963              
3900                           -924.1671177961045             -4072.394124066518             -5135.267576280719             7.681440896778229              -0.6968851410562685            -0.8375618727446038            6615.561502219024              0.0009283696844199715          51.55855501187113              359.7609484055719              253.6426713811279              
3960                           -461.3809290542333             -4104.132210013164             -5172.780081762303             7.738421270656176              -0.3606293377474861            -0.4123559456927084            6615.385889417475              0.001016495540381608           51.55794976206727              359.7534167002833              254.1997540108023              
4020                           3.68007911242583               -4115.635547836335             -5184.711343902864             7.757240010589042              -0.02266891679460319           0.01479702759368841            6615.330825778339              0.001094337977506109           51.55775983950819              359.7458105022537              254.6508397944617              
4080                           468.7229764908793              -4106.851472287483             -5171.007443114627             7.737820109554997              0.3153419225891373             0.4417998411654948             6615.397132743258              0.001159942786847459           51.55798925547299              359.7382053986378              254.9930287774569              
4140                           931.4557405539084              -4077.826579772357             -5131.740274336228             7.680268837258431              0.6517499183132552             0.8665574872655288             6615.583216525044              0.001212067154185293           51.55863364528017              359.7306770366342              255.2255516634268              
4200                           1389.598303577233              -4028.706445577042             -5067.107126936953             7.58487706476811               0.9849102768700154             1.286986735850694              6615.885109046266              0.001249997423016171           51.55968033786566              359.7232996026856              255.3497540059243              
4260                           1840.893522510379              -3959.734891305425             -4977.429692692258             7.452117894536115              1.313194159437482              1.701025653333919              6616.296555349611              0.0012734378581592             51.56110859470879              359.7161443250171              255.3690407246149              
4320                           2283.11805234733               -3871.252804893282             -4863.152504918078             7.282644591251447              1.634996128806584              2.106643067779083              6616.809145196749              0.001282435673641792           51.5628900146605               359.7092780308479              255.2887820093711              
4380                           2714.093087728156              -3763.696512220848             -4724.840807750831             7.077287796492215              1.94874154979772               2.501847970593729              6617.412485802354              0.001277324401344934           51.5649890975956               359.7027617890963              255.1161822815711              
4440                           3131.694896578048              -3637.595710090968             -4563.177868403086             6.837052025242657              2.252893903418951              2.884698803864758              6618.094411893528              0.001258676303190891           51.56736395595658              359.6966496686234              254.8601145217563              
4500                           3533.865126592171              -3493.570962940925             -4378.961735594175             6.56311142374823               2.545962013236803              3.253312630645389              6618.841228726976              0.001227259051727734           51.56996715995402              359.6909876388359              254.530922906215               
4560                           3918.620839979378              -3332.330767642386             -4173.101450046794             6.256804769033367              2.82650716031689               3.605874157545928              6619.637983204779              0.001183994349669438           51.57274669895828              359.6858126368718              254.1401972565945              
4620                           4284.064227504354              -3154.66819344931              -3946.612716423994             5.919629693812267              3.093150055982019              3.940644570013819              6620.468757833283              0.001129917551909729           51.57564703876496              359.6811518220374              253.7005233670379              
4680                           4628.391937008923              -2961.4571159874               -3700.613061159012             5.553236142558925              3.34457762603841               4.255970121131115              6621.316981934265              0.001066138192668207           51.57861025191968              359.6770220339957              253.2252139695729              
4740                           4949.904002009348              -2753.648043156268             -3436.316473828017             5.159419025513585              3.579549592958811              4.55029045602952               6622.165754424677              0.0009938018479009841          51.58157719692011              359.6734294658693              252.7280251330521              
4800                           5247.012298338774              -2532.263556880842             -3155.027563006041             4.740110089049045              3.796904796813306              4.822146596632803              6622.998172228456              0.0009140541269297151          51.58448872053504              359.67036955919                252.2228639085706              
4860                           5518.24849082211               -2298.39338378258              -2858.135243661855             4.297369003435985              3.995567217196363              5.070188538499838              6623.797658396942              0.0008280078357308421          51.58728685726935              359.6678271219412              251.7234927284489              
4920                           5762.271422174813              -2053.189114698651             -2547.105981896774             3.833373686252085              4.174551648444442              5.29318239912323               6624.548284001615              0.0007367145170816949          51.58991600010902              359.665776665927               251.2432366708399              
4980                           5977.873899038511              -1797.858595287156             -2223.476625761478             3.350409889037586              4.332968980177352              5.490017056844206              6625.235077954227              0.0006411416664078302          51.59232401757642              359.6641829546814              250.7946995906623              
5040                           6163.988832050305              -1533.660012843838             -1888.846854542823             2.850860085799316              4.470031035079395              5.6597102195453                6625.844319070684              0.0005421569709797878          51.59446329362714              359.663001748417               250.3894950954509              
5100                           6319.694688851655              -1261.895708579577             -1544.871284125613             2.337191715640663              4.585054916451547              5.801413863235643              6626.363804934123              0.0004405210685690472          51.59629166898375              359.6621807282418              250.0379981542565              
5160                           6444.220226673055              -983.9057392032288             -1193.251259179842             1.811944827568184              4.677466823656903              5.914418987763676              6626.783092455648              0.0003368912738535233          51.59777326512678              359.6616605782042              249.7491227420796              
5220                           6536.948462606332              -701.061235953668              -835.7263936553896             1.277719227305024              4.746805287911975              5.998159630180655              6627.093705402799              0.0002318448643916284          51.59887917497612              359.6613762006825              249.5301304512859              
5280                           6597.41986295842               -414.7575826369204             -474.0658873650295             0.7371611811581511             4.792723799401172              6.052216099457378              6627.289304732516              0.0001259868483668383          51.59958800776793              359.6612580382099              249.3864743718323              
5340                           6625.334724093565              -126.4074514723514             -110.0596682620389             0.192949769509954              4.814992792145127              6.076317390862341              6627.365818126867              2.27865007047532e-05           51.59988627894333              359.6612334732954              249.3216816960185              
5400                           6620.554724797338              162.5662553626522              254.4905785738607              -0.3522169962820248            4.813500961237643              6.070342748875198              6627.321525803944              8.957613936485067e-05          51.59976863934262              359.6612282768274              249.3372777788327              
5460                           6583.103642005403              450.7375199642369              617.7804461369179              -0.8956361943928424            4.788255898917174              6.034322362465842              6627.157100487881              0.0001959837277292018          51.59923794161874              359.6611680755456              249.4327533131418              
5520                           6513.167223469427              736.684348530148               978.0118663319365              -1.434614065034847             4.739384040829146              5.968437182700213              6626.875600250602              0.0003022783963048148          51.59830514509418              359.6609798093827              249.6055753461087              
5580                           6411.092217542458              1018.995881817934              1333.402126688808              -1.966480002090599             4.667129922271424              5.873017863688044              6626.482413835934              0.000407708604790387           51.59698906340909              359.6605931506937              249.8512418252622              
5640                           6277.384568297237              1296.27944176674               1682.192799140285              -2.488600370332165             4.571854754057172              5.748542840092006              6625.985159064677              0.0005116859848411906          51.59531596233309              359.6599418587846              250.1633783773577              
5700                           6112.706789494539              1567.167472668349              2022.658528092536              -2.998392043160417             4.454034335190039              5.595635564067105              6625.393535879454              0.0006135542335977984          51.59331901763624              359.6589650452461              250.5338750458313              
5760                           5917.874537114326              1830.324337814159              2353.115628294882              -3.493335563854823             4.314256327534666              5.415060934558651              6624.71913659175               0.0007125525476806944          51.59103764524272              359.6576083277963              250.9530598387191              
5820                           5693.85240576146               2084.452934272909              2671.930445263722              -3.970987841026282             4.153216924762066              5.207720960798746              6623.975216878254              0.0008078077394948363          51.58851671782141              359.655824852986               251.4099051561143              
5880                           5441.748979029646              2328.301090858269              2977.527434111418              -4.428994298921013             3.971716953705128              4.974649709155306              6623.176431922101              0.0008983392818373183          51.58580568355001              359.6535761707725              251.8922624883435              
5940                           5162.81116922916               2560.66771583926               3268.396914581979              -4.865100412081769             3.77065745162607               4.717007589168423              6622.33854240143               0.0009830738814125448          51.58295760400705              359.650832946772               252.3871202535174              
6000                           4858.417889420827              2780.408661743914              3543.102461187899              -5.277162562546399             3.55103476959369               4.436075043042123              6621.478097219681              0.001060867854364307           51.58002812938206              359.6475755011613              252.8808792301652              
6060                           4530.073080011977              2986.442294211245              3800.287911928289              -5.663158201196858             3.313935236802156              4.133245683015854              6620.612099354067              0.001130535870296221           51.57707442945678              359.6437941657222              253.3596398600621              
6120                           4179.398171308984              3177.754712604853              4038.683930069439              -6.021195227988784             3.060529462260757              3.810018974127877              6619.757661744197              0.001190884656912189           51.57415409979054              359.639489454096               253.8094954024446              
6180                           3808.123986367775              3353.404632256119              4257.114131267322              -6.349520628728914             2.792066292804273              3.467992486227203              6618.931660470756              0.001240750312817666           51.57132406203942              359.6346720424455              254.216825242399               
6240                           3418.082154887291              3512.52789047354               4454.500728657889              -6.646528321951059             2.509866491445062              3.108853796698255              6618.150392739236              0.001279037983491555           51.56863947792215              359.6293625613183              254.5685824889561              
6300                           3011.196090596633              3654.341562017987              4629.869678141026              -6.910766218033721             2.215316183383629              2.734372103845469              6617.429247019774              0.001304762885877708           51.5661526959048               359.6235912023088              254.8525703769365              
6360                           2589.471551232296              3778.14768229215               4782.355321638879              -7.140942519014072             1.90986008874982               2.346389574946312              6616.782392361236              0.001317092003013058           51.56391224901588              359.6173971455713              255.0577024118456              
6420                           2154.986853537392              3883.336554948701              4911.204499399962              -7.335931248724249             1.594994595291783              1.946812496441223              6616.222493579564              0.001315386254678607           51.56196192191659              359.6108278177804              255.1742413519114              
6480                           1709.882776657755              3969.389640564864              5015.78012725955               -7.494777039903882             1.272260691405144              1.537602251946799              6615.760458300398              0.001299243701831594           51.56033990419343              359.6039379925992              255.1940128142851              
6540                           1256.352200238612              4035.882017761508              5095.564228240506              -7.616699193191468             0.9432367847975627             1.120766160068427              6615.405221123239              0.001268545512678459           51.5590780457765               359.5967887486581              255.1105896437721              
6600                           796.629520424117               4082.484410495668              5150.160410829621              -7.701095023810896             0.609531425721422              0.6983481959631072             6615.163569271033              0.001223508368625982           51.55820122897009              359.5894463027435              254.9194437747065              
6660                           332.979886094281               4108.964776262053              5179.295787539607              -7.74754250876803              0.2727759495298828             0.2724196153731917             6615.040013106012              0.001164750368742153           51.55772686987614              359.5819807385233              254.6180628533684              
6720                           -132.3117053776644             4115.189450700966              5182.822328313653              -7.755802242737084             -0.06538295170930072           -0.1549305064187565            6615.036703839849              0.001093383558558027           51.55766455999639              359.5744646534371              254.2060294668872              
6780                           -596.9513995310867             4101.123844633598              5160.717644136546              -7.725818705013205             -0.4032907105173995            -0.5816047976965607            6615.1533996754                0.0010111572756801             51.5580158565043               359.5669717487465              253.6850614282093              
6840                           -1058.647543706644             4066.832691021205              5113.085197784294              -7.657720835056439             -0.7392924255616233            -1.005507184416985             6615.38748052596               0.0009206962690221237          51.55877422708318              359.5595753889269              253.0590121197247              
6900                           -1515.121760396925             4012.479836854458              5040.153935828475              -7.551821902210672             -1.071740446488853             -1.42455253337542              6615.734010410083              0.0008259089950560244          51.55992515244298              359.5523471584034              252.3338306413334              
6960                           -1964.119967562088             3938.327582002867              4942.277345043771              -7.408618661304287             -1.399001973339926             -1.836676307690602             6616.18584558084               0.0007326699363747736          51.56144638644042              359.5453554446438              251.5174819776548              
7020                           -2403.423366277751             3844.735556138794              4819.931921782125              -7.228789757994432             -1.719466703777643             -2.239844275803792             6616.733785600077              0.000649794260412844           51.56330837076159              359.5386640753379              250.619828144344               
7080                           -2830.859271293787             3732.15914233175               4673.715066343292              -7.013193376088943             -2.031554453019949             -2.632062178519114             6617.366763645673              0.0005897036452946388          51.56547479748094              359.5323310392362              249.6524720877123              
7140                           -3244.311798212829             3601.147440656206              4504.342393843584              -6.762864084804105             -2.333722768380053             -3.01138538081912              6618.072071734748              0.0005665016136323895          51.56790330987693              359.5264073167716              248.628566344395               
7200                           -3641.732331089234             3452.340777177293              4312.644469145508              -6.479008864144065             -2.624474490779517             -3.375928447484547             6618.835615911375              0.0005890800187361438          51.5705463284743               359.5209358461762              247.5625897403015              
7260                           -4021.149726652976             3286.467761431818              4099.562970305577              -6.163002280485693             -2.90236523481493              -3.723874605745433             6619.642196012676              0.0006546550964176131          51.57335198639905              359.5159506476662              246.4700955267381              
7320                           -4380.680203003889             3104.341898510505              3866.14628888825               -5.81638079003624              -3.16601074843592              -4.053485044929312             6620.47580431855               0.0007517810872184607          51.57626515543301              359.5114761252163              245.3674353570623              
7380                           -4718.536859920269             2906.857764254425              3613.544578579304              -5.440836153705911             -3.41409410841095              -4.36310799695767              6621.3199371154                0.0008679472612667966          51.57922854187508              359.5075265617029              244.2714639496717              
7440                           -5033.038777163218             2694.986754852725              3343.004267081777              -5.038207954765805             -3.645372703061657             -4.651187535679744             6622.157912772957              0.0009932688821287354          51.58218382946582              359.504105819                  243.1992298595578              
7500                           -5322.619636042715             2469.772425898329              3055.862051086377              -4.610475222268296             -3.858684949616217             -4.91627202799225              6622.973191235282              0.001120604579818797           51.58507284549896              359.501207249932               242.1676582681603              
7560                           -5585.835815131287             2232.325435072967              2753.53839297127               -4.159747166099145             -4.05295669457921              -5.157022171069524             6623.749689452347              0.001244748904674494           51.58783872564976              359.4988138241871              241.1932320126898              
7620                           -5821.373898916301             1983.818116007532              2437.530554923739              -3.688253060306516             -4.227207234113792             -5.372218535962594             6624.472086852989              0.001361753934374334           51.59042705282135              359.4968984657305              240.2916773983479              
7680                           -6028.057561910361             1725.478696010769              2109.405187225801              -3.198331289385779             -4.380554907268798             -5.560768557655504             6625.126115316285              0.001468510480923804           51.59278694608428              359.4954245942852              239.4776612843234              
7740                           -6204.853760135124             1458.585206449371              1770.7905333345                -2.692417646899564             -4.512222191051293             -5.721712882353716             6625.698827222327              0.001562512785086886           51.59487207639751              359.4943468592764              238.7645061536814              
7800                           -6350.878210204112             1184.459091451964              1423.368259514195              -2.17303290172536              -4.621540263316582             -5.854231028978031             6626.178840157781              0.001641731578463923           51.59664158884311              359.4936120495852              238.1639291553538              
7860                           -6465.400100831586             904.4585594946633              1068.864966227649              -1.642769725975692             -4.707952972830862             -5.95764628894552              6626.556553102013              0.001704547480635431           51.59806091230246              359.4931601596305              237.68581127573                
7920                           -6547.84599856488              619.9717241264144              709.0434404830348              -1.104279087946511             -4.77102016978427              -6.031429806137293             6626.824330030036              0.00174971731749483            51.59910244039444              359.492925588886               237.3380017094205              
7980                           -6597.802926101203             332.4095596300536              345.6936823506923              -0.5602561801123384            -4.810420364577728             -6.075203797059745             6626.976647920067              0.001776358111142002           51.59974607065364              359.4928384493475              237.1261621156737              
8040                           -6615.020584589932             43.19871924632014              -19.37623351272102             -0.01342599808879238           -4.825952680033182             -6.088743868419948             6627.010206545702              0.001783940226954606           51.59997959206849              359.4928259536738              237.0536542995333              
8100                           -6599.412702904652             -246.225741939358              -384.3494075919548             0.5334713203722067             -4.817538073821661             -6.07198040403927              6626.923997940446              0.001772284982929384           51.59979891442773              359.4928138555688              237.1214740119831              
8160                           -6551.057502943414             -534.4276951585888             -747.4094200605135             1.077695280497754              -4.785219815842832             -6.024999003215792             6626.71933399077               0.001741564330610292           51.59920813631907              359.4927279134156              237.3282323892145              
8220                           -6470.197277060714             -819.9772722322391             -1106.749632981834             1.61651982110432               -4.729163214237467             -5.948039964042811             6626.399831206418              0.001692301807019355           51.5982194519089               359.4924953483924              237.670185428442               
8280                           -6357.237081525382             -1101.458159512212             -1460.582431200983             2.147247988900726              -4.649654593362563             -5.841496817470823             6625.971352356305              0.001625375351258991           51.59685289978985              359.4920462689066              238.1413107318895              
8340                           -6212.742551931674             -1377.474816535984             -1807.148357488813             2.66722639720231               -4.547099532678489             -5.705913924785579             6625.441905321255              0.001542024214601861           51.59513596007484              359.4913150344432              238.7334296449417              
8400                           -6037.436870845228             -1646.659547429198             -2144.725051106062             3.173859302144883              -4.422020396801118             -5.541983178900536             6624.821500301428              0.001443864643940417           51.5931030088173               359.4902415335936              239.4363717714859              
8460                           -5832.196890569621             -1907.679429173858             -2471.63599464721              3.664622276225519              -4.275053171445488             -5.350539828576338             6624.121967148708              0.001332923182444562           51.59079464084599              359.4887723528963              240.238178061195               
8520                           -5598.048461421292             -2159.243011908923             -2786.258962366451             4.137075295837538              -4.106943657006134             -5.132557493337948             6623.356735537483              0.001211704156276348           51.58825687472395              359.4868618155427              241.1253375549895              
8580                           -5336.160989798868             -2400.106779285743             -3087.03415482771              4.588875202327679              -3.9185430559676               -4.889142415573266             6622.54058137302               0.001083322483567997           51.5855402550203               359.4844728714183              242.0830525425827              
8640                           -5047.841270201069             -2629.081326309856             -3372.471966375907             5.017787444832623              -3.710803006589778             -4.621527017395507             6621.689343683408              0.0009517600451960443          51.58269886875603              359.4815778226136              243.0955260005258              
8700                           -4734.52663585404              -2845.037223868378             -3641.160346801104             5.421697042404963              -3.484770117054402             -4.331062831720057             6620.819617002716              0.0008223476924574958          51.57978929420145              359.4781588714159              244.1462651641523              
8760                           -4397.777476320998             -3046.910541747518             -3891.771721917937             5.798618715266749              -3.241580057369609             -4.01921288075734              6619.948424959235              0.0007026058691350886          51.5768695011644               359.4742084806757              245.2183947020039              
8820                           -4039.269173103187             -3233.708005362639             -4123.069442145093             6.146706148980142              -2.982451267686118             -3.687543576663694             6619.092881411075              0.0006033704475697848          51.57399772272371              359.4697295394861              246.2949730552191              
8880                           -3660.783505995557             -3404.511764942678             -4333.913732648797             6.464260369185128              -2.708678341421537             -3.33771621858277              6618.269845979486              0.0005388820534503316          51.57123131888731              359.4647353302917              247.3593056309883              
8940                           -3264.199582162429             -3558.483759992412             -4523.267123770371             6.749737218832612              -2.421625138527193             -2.971478156255696             6617.495581192959              0.0005219905873763166          51.56862565293364              359.4592492967111              248.3952488123614              
9000                           -2851.484350897511             -3694.869661110501             -4690.199339669382             7.001753934205073              -2.122717688834564             -2.59065369613666              6616.785418670685              0.0005541709695416409          51.56623300129948              359.453304614859               249.3874991242956              
9060                           -2424.682737628534             -3813.00238553089              -4833.891640793943             7.219094846962779              -1.813436920036785             -2.197134793496936             6616.153441723492              0.0006232238209854639          51.56410151743999              359.4469435739763              250.3218624400652              
9120                           -1985.907478620483             -3912.305167181994             -4953.640596750259             7.400716213503442              -1.495311274873546             -1.792871612253101             6615.612191642726              0.0007129310017241592          51.56227426985142              359.4402167763135              251.1854985361942              
9180                           -1537.32866239845              -3992.294187870401             -5048.861297783247             7.545750221755632              -1.169909222456057             -1.379862958315443             6615.17240441591               0.0008105078514895327          51.56078837316099              359.4331821686248              251.9671370679698              
9240                           -1081.163094748414             -4052.580748604141             -5119.089979676894             7.653508174184428              -0.8388317439234254            -0.960146688011098             6614.842784143051              0.0009075126191588888          51.55967423047928              359.4259039228151              252.6572614145571              
9300                           -619.6634683222513             -4092.872995627221             -5163.986080052299             7.723482908559211              -0.503704769277226             -0.535790061800136             6614.629818424706              0.0009985538045669251          51.55895490296636              359.4184511845566              253.2482577615747              
9360                           -155.1074096730307             -4112.977190621301             -5183.33371352161              7.755350467607802              -0.1661716043178516            -0.1088800926134475            6614.537640171439              0.001080136893213439           51.55864562101121              359.4108967132876              253.7345271973272              
9420                           310.2135280670578              -4112.798525586747             -5177.042567084689             7.7489710437571                0.1721146204192819             0.3184860708691903             6614.567939126765              0.00114996668986146            51.55875344880626              359.4033154398862              254.1125593204779              
9480                           774.0049449671276              -4092.341486332522             -5145.148220371098             7.704389223589894              0.5094985124109598             0.7442107684807328             6614.719925226113              0.001206558603895451           51.55927711122541              359.395782969341               254.3809665009212              
9540                           1233.980635668942              -4051.709762021523             -5087.811888845215             7.62183353839754               0.8443299333937436             1.166205386477566              6614.990344732769              0.001249019621156029           51.56020698884661              359.388374059832               254.5404784596431              
9600                           1687.873598402262              -3991.10570495792              -5005.319595113639             7.501715330291545              1.174971496566287              1.582399883405592              6615.373548818875              0.001276917463230531           51.56152528338096              359.3811611089756              254.5938975314875              
9660                           2133.446952423685              -3910.829341560224             -4898.080770259197             7.344626929977487              1.499806024316416              1.990752257499204              6615.861613003034              0.001290194835008049           51.56320635214363              359.3742126796469              254.5460155090241              
9720                           2568.504725276041              -3811.27693721385              -4766.626289103255             7.151339137689195              1.817243959426551              2.389257945996549              6616.444504597078              0.001289106419134259           51.56521720637714              359.3675920972486              254.4034935658719              
9780                           2990.902465279075              -3692.939118872888             -4611.605944899226             6.922797994307555              2.125730715731532              2.77595913783767               6617.110294130459              0.001274167046388143           51.56751816441344              359.3613561493023              254.1747073621127              
9840                           3398.557652102943              -3556.398554511616             -4433.785362746917             6.660120814936841              2.423753963462199              3.148953992681558              6617.845405701149              0.001246105118748905           51.57006364705994              359.3555539161752              253.8695599746516              
9900                           3789.459817819348              -3402.327207293613             -4234.042375558251             6.364591489343539              2.709850796206901              3.506405698560679              6618.634900231894              0.001205818418326481           51.57280309876945              359.3502257598785              253.4992659344525              
9960                           4161.68038714185               -3231.48315693761              -4013.362853113699             6.03765500220429               2.982614792211504              3.846551382914961              6619.462785089238              0.00115433115020986            51.57568201554                 359.3454024930913              253.0761100659965              
10020                          4513.382173101309              -3044.706995747329             -3772.835994675403             5.680911154677038              3.240702925208157              4.1677108194346                6620.312342967271              0.001092752075344722           51.57864305749627              359.3411047475228              252.6131855928343              
10080                          4842.828437415079              -2842.917832684001             -3513.649128748178             5.29610751910568               3.48284225541201               4.468294842841367              6621.16647257676               0.001022234218849003           51.58162722161594              359.3373425563499              252.1241160731506              
10140                          5148.391539898452              -2627.108884734007             -3237.081993742949             4.885131557755574              3.707836411445479              4.746813483604349              6622.008033889142              0.0009439370066422265          51.58457504947019              359.3341151589576              251.6227666475152              
10200                          5428.561069590273              -2398.342698868891             -2944.500555958792             4.450001962961506              3.914571773667885              5.001883709674641              6622.820190523653              0.0008589919461619111          51.58742784301849              359.3314110325961              251.122949958497               
10260                          5681.951437851123              -2157.746010759108             -2637.350373278418             3.992859209984479              4.10202333052206               5.232236738704599              6623.586742357859              0.0007684730880921977          51.5901288620121               359.3292081490961              250.6381326877836              
10320                          5907.308885495003              -1906.504259846408             -2317.149530355349             3.515955345472035              4.269260156600627              5.436724855781513              6624.292441843639              0.0006733735760516513          51.59262447696327              359.3274744498822              250.1811486522056              
10380                          6103.517851201435              -1645.855792152508             -1985.48118602728              3.021643062994709              4.415450456119453              5.614327665844488              6624.923288059237              0.000574589650694532           51.59486525278069              359.326168527584               249.7639244684415              
10440                          6269.606668519184              -1377.08576866811              -1643.985756358433             2.512364097798608              4.539866129762722              5.764157727804998              6625.466793260275              0.0004729137476740045          51.59680694025215              359.3252404976918              249.3972236635609              
10500                          6404.752539748525              -1101.519828000691             -1294.352795910634             1.990637037605976              4.641886808974386              5.885465500857827              6625.912217365346              0.0003690398230385876          51.59841135474183              359.3246330398417              249.0904148658956              
10560                          6508.28577158955               -820.5175095974155             -938.3125858866017             1.459044571726901              4.721003330091139              5.977643568271884              6626.25076670161               0.0002635921147047687          51.59964712475367              359.3242825845731              248.8512692143922              
10620                          6579.693227219567              -535.4654910014649             -577.6274977112147             0.9202202952404914             4.77682059991332               6.040230079119333              6626.475754013033              0.0001572490422480094          51.60049029586164              359.3241206189179              248.685791692772               
10680                          6618.620974139159              -247.7706771403434             -214.0831807626113             0.3768351598469914             4.809059824837649              6.072911374084707              6626.582717590298              5.222535249575172e-05          51.60092477927095              359.3240750819943              248.5980901942539              
10740                          6624.876112528146              41.14682940239125              150.5203885309015              -0.16841635080773              4.817560082544025              6.075523770038067              6626.569498114358              6.265450834733265e-05          51.60094263785253              359.3240718205664              248.5902854984706              
10800                          6598.427768104758              329.8608309380248              514.377937253454               -0.7128302086617145            4.802279217568032              6.048054481623017              6626.436272526084              0.0001686360400139288          51.6005442061678               359.3240360740737              248.6624642296611              
10860                          6539.407243365237              616.946170454989               875.687955735372               -1.253706890303242             4.763294052662992              5.990641671358323              6626.185544888725              0.0002757616617794369          51.59973804454852              359.3238939588323              248.8126759810521              
10920                          6448.107326642181              900.985859518745               1232.661734146636              -1.788365383283163             4.700799915226272              5.903573629180425              6625.822094841033              0.0003822862040785394          51.5985407307446               359.3235739219795              249.0369746938331              
10980                          6324.980764647353              1180.578157367263              1583.532323992647              -2.314157046700142             4.615109485882128              5.787287092259948              6625.352884811316              0.0004875208680182662          51.59697649580247              359.3230081371893              249.3295033503991              
11040                          6170.637910442525              1454.343560638499              1926.563373123373              -2.828479225703897             4.506650984003241              5.642364725640785              6624.786927704253              0.0005908001832711995          51.59507671369569              359.3221338161398              249.6826200153964              
11100                          5985.843561544256              1720.931668732757              2260.057789954949              -3.328788532873093             4.375965709894523              5.469531790318283              6624.135117279649              0.0006913807151028544          51.59287925671088              359.3208944120074              250.0870623128958              
11160                          5771.513024549299              1979.027868226206              2582.366165726718              -3.81261367260889              4.223704981333657              5.269652048662323              6623.410024008983              0.0007884185401734747          51.5904277309273               359.3192406940274              250.5321465491352              
11220                          5528.707406035031              2227.359841962353              2891.894961566348              -4.277567805857895             4.050626478456121              5.043722925273602              6622.625659566691              0.0008809676836888971          51.58777060739913              359.3171316747307              251.0059969511494              
11280                          5258.628190925312              2464.70382321344               3187.114360569276              -4.721360297289136             3.857590055838684              4.792870000416941              6621.797213227124              0.0009679897447755708          51.58496026669279              359.3145353747898              251.4957999196749              
11340                          4962.611146344268              2689.890577642924              3466.565763426045              -5.141807809971247             3.645553065914093              4.518340892708856              6620.940764806883              0.001048371752858233           51.58205197524198              359.311429413451               251.9880776239097              
11400                          4642.119550080708              2901.811115901935              3728.868930902718              -5.53684475562513              3.415565210099103              4.221498551958303              6620.072979029911              0.0011209506394683             51.5791028123292               359.3078014152183              252.4689750761399              
11460                          4298.736841287382              3099.422061879992              3972.728679871687              -5.904532968679553             3.168763003916206              3.903814073512467              6619.210786165207              0.001184543052409259           51.57617056781706              359.3036492273654              252.9245546552856              
11520                          3934.158701075831              3281.750688136636              4196.941147346729              -6.243070639972734             2.906363877223981              3.566859060479793              6618.371054408403              0.001237979361254837           51.57331263001605              359.2989809450781              253.3410918974259              
11580                          3550.184622652454              3447.899585949437              4400.399582180381              -6.550800468779074             2.62965996596832               3.212297605992149              6617.570259974827              0.001280140797232593           51.57058488361221              359.2938147446129              253.7053667322098              
11640                          3148.709015895664              3597.050954696677              4582.099645674476              -6.826217028848678             2.340011638842579              2.841877950588788              6616.824161121976              0.001309998833261466           51.56804063708558              359.2881785276456              254.004944393675               
11700                          2731.711893552053              3728.470495942149              4741.144203225186              -7.067973349166877             2.038840800706707              2.457423867765738              6616.147482525587              0.001326656154267038           51.56572959861222              359.2821093829938              254.2284406811414              
11760                          2301.249185963744              3841.510899987879              4876.747592160035              -7.274886717305935             1.727624010730025              2.060825825691041              6615.553616515399              0.001329388942628809           51.56369691873199              359.2756528748222              254.3657666522258              
11820                          1859.442729747545              3935.614914964983              4988.239353820592              -7.445943718894914             1.40788544805139               1.654031966452693              6615.054347612692              0.001317690794110386           51.56198231714117              359.2688621692743              254.4083483193454              
11880                          1408.469983578393              4010.317988842478              5075.06741847492               -7.580304527283248             1.081189759041471              1.239038945829663              6614.65960659035               0.001291319543468454           51.56061930984282              359.2617970144461              254.349317471314               
11940                          950.5534851891357              4065.250482836242              5136.800741236685              -7.677306470478756             0.749134787658051              0.8178826351893993             6614.377259835482              0.001250349907854404           51.55963455135937              359.2545225907249              254.183670302149               
12000                          487.950157715114               4100.139440006558              5173.131370188917              -7.73646687281073              0.4133442543922478             0.3926287684941588             6614.212939292704              0.001195237721251475           51.55904730532479              359.2471082525834              253.9083911349817              
12060                          22.94042529157365              4114.809918366905              5183.875957700663              -7.757485210008443             0.07546033828395682            -0.0346365235241949            6614.169917360146              0.001126906688394868           51.55886905436513              359.2396261830434              253.522539106214               
12120                          -442.1827626868766             4109.185874077578              5168.976698270039              -7.740244567545144             -0.2628637854504106            -0.4618162252168623            6614.249030310252              0.001046878082523383           51.55910325837058              359.2321499863087              253.0272962782419              
12180                          -905.1249679234083             4083.290596033159              5128.501694974002              -7.684812413660085             -0.5999714514343318            -0.886811992852471             6614.448652638044              0.0009574811230797782          51.55974526744478              359.2247532448556              252.4259763126092              
12240                          -1363.601340459422             4037.246688472839              5062.644750526922              -7.591440681689515             -0.9342100621979771            -1.307533766621579             6614.764723567565              0.0008622111454883021          51.56078239311649              359.2175080684102              251.7239933115634              
12300                          -1815.347655296235             3971.275601336093              4971.724583915908              -7.460565154971743             -1.263938661690423             -1.721909391055938             6615.190825652988              0.000766339228291876           51.56219413830372              359.2104836641277              250.9287912086629              
12360                          -2258.131328640879             3885.696701002739              4856.183462951276              -7.29280412485063              -1.587535560551457             -2.127894288801581             6615.718314144984              0.000677853028496011           51.56395258349571              359.2037449559367              250.0497344972437              
12420                          -2689.762296175468             3780.925887323333              4716.585262171112              -7.088956311963792             -1.903405946652435             -2.523481103076967             6616.336494392999              0.0006084095939609167          51.56602292302883              359.1973512827999              249.0979619150266              
12480                          -3108.103761876122             3657.473751582418              4553.612939225745              -6.84999801166474              -2.20998950300357              -2.906709335533829             6617.032843388132              0.0005725281648743066          51.56836414229181              359.1913552025945              248.0862051387458              
12540                          -3511.082741505495             3515.943280707404              4368.065437797251              -6.577079440850206             -2.505767989361495             -3.275674923388855             6617.79327032908               0.0005818963890214588          51.57092982325646              359.1858014278326              247.0285752719274              
12600                          -3896.700371147997             3357.027105735575              4160.854015147111              -6.27152024579984              -2.789272772830022             -3.628539735950192             6618.602410140081              0.0006372811012991733          51.57366906285993              359.1807259162743              245.9403204671189              
12660                          -4263.041924953279             3181.504297648138              3932.997999301644              -5.934804139247922             -3.059092268426325             -3.963540940059382             6619.44394301976               0.0007285819282314029          51.57652748591884              359.1761551367497              244.8375585793628              
12720                          -4608.286460083335             2990.236731942399              3685.620004430355              -5.568572670329616             -3.313879225948015             -4.279000153454884             6620.300932404743              0.000842608315995408           51.57944833162448              359.1721055270862              243.7369896576893              
12780                          -4930.716087573757             2784.165009376802              3419.940588789052              -5.174618068127263             -3.552357853703393             -4.573332372473079             6621.156173199524              0.0009683558149541552          51.58237359135494              359.1685831558254              242.6555929188853              
12840                          -5228.724773439858             2564.303961853848              3137.272393682909              -4.75487518372313              -3.773330695784787             -4.845054568647638             6621.992542329894              0.00109781509230667            51.58524517352378              359.1655835960343              241.6103142168231              
12900                          -5500.826631517152             2331.737753085541              2839.013776574122              -4.311412524298932             -3.975685217837742             -5.092793896654525             6622.793344669248              0.001225209514775856           51.58800607098375              359.1630920137736              240.617749649241               
12960                          -5745.663651587131             2087.614594401991              2526.641965328581              -3.846422399452582             -4.158400039786983             -5.315295435672688             6623.542646371116              0.001346221259950034           51.59060150610652              359.1610834693912              239.6938317072108              
13020                          -5962.012810432874             1833.141098700353              2201.705763887285              -3.362210212543859             -4.3205507550024               -5.51142938781753              6624.225588599447              0.001457493177067876           51.59298002923011              359.1595234248521              238.8535243480055              
13080                          -6148.792515865484             1569.576299162181              1865.817844221255              -2.861182944139123             -4.461315275636884             -5.68019765786129              6624.82867366658               0.001556345486965278           51.59509454697378              359.1583684458606              238.110533435919               
13140                          -6305.068336729978             1298.225363519396              1520.646664643744              -2.345836891450633             -4.579978647283735             -5.820739743312855             6625.340020502011              0.001640621607843254           51.59690325929988              359.1575670827189              237.4770388673787              
13200                          -6430.057978598103             1020.433033003768              1167.908052374723              -1.818744731033058             -4.675937281651109             -5.932337871015494             6625.749585386809              0.001708605916749316           51.59837048626349              359.1570609103242              236.9634543568664              
13260                          -6523.135461216579             737.5768342839658              809.3565125241118              -1.282542014580589             -4.748702554571849             -6.014421315477783             6626.049343532713              0.001758980364679358           51.59946736770668              359.1567857046534              236.5782204156658              
13320                          -6583.834475183909             451.0600861771591              446.7762918308898              -0.7399131631926057            -4.797903735843564             -6.066569857710225             6626.233429360878              0.001790801725207525           51.6001724225771               359.15667273019                236.327635390825               
13380                          -6611.850883617401             162.3047604844692              81.97227310285501              -0.1935771010438343            -4.823290211492495             -6.08851633734601              6626.298234107838              0.001803489440606291           51.60047195760379              359.1566501109738              236.2157285626381              
13440                          -6607.044354943262             -127.2557839327605             -283.2392748247077             0.3537274038285534             -4.824732978305234             -6.080148273884959             6626.242460284461              0.001796818630011361           51.60036031863557              359.1566442566501              236.2441784808343              
13500                          -6569.439109979769             -416.1841088518835             -647.0399836470793             0.8992564974862193             -4.802225391098421             -6.041508536110742             6626.067133261232              0.001770915510866406           51.5998399812982               359.156581314425               236.4122785247773              
13560                          -6499.22378182404              -703.046056245516              -1007.618720925665             1.440276082040118              -4.75588315998725              -5.972795056688717             6625.775570929565              0.001726254236802287           51.5989214810859               359.1563886179912              236.7169506357877              
13620                          -6396.750389035565             -986.4180613077702             -1363.180849669438             1.974076522406515              -4.685943598391162             -5.874359597196903             6625.373312925014              0.001663655537338849           51.59762318615272              359.1559961052499              237.1528069428568              
13680                          -6262.532430441968             -1264.894411326611             -1711.957402298905             2.497987172087967              -4.592764133468729             -5.746705579519556             6624.868011348886              0.001584289006896303           51.59597091912376              359.1553376779717              237.7122578866192              
13740                          -6097.242118033126             -1537.09438920975              -2052.214091720579             3.009390573726959              -4.476820099095485             -5.590485012028653             6624.269285274386              0.001489682913940258           51.59399743691957              359.1543524783016              238.3856642886467              
13800                          -5901.706769858465             -1801.669264348006             -2382.260112486566             3.505736238923583              -4.338701838914131             -5.406494547470976             6623.588541620203              0.001381748749848263           51.59174178000983              359.1529860591392              239.1615297924318              
13860                          -5676.90439123799              -2057.309089816149             -2700.456680510668             3.984553909201026              -4.179111154199619             -5.195670718647379             6622.83876523026               0.001262833795853055           51.58924850457259              359.1511914278372              240.0267291730461              
13920                          -5423.958478098321             -2302.749267799498             -3005.2252635847               4.443466210427198              -3.998857137478967             -4.959084405604232             6622.034281247856              0.001135826387562719           51.58656681277071              359.1489299452834              240.9667672416572              
13980                          -5144.132083449407             -2536.776846002483             -3295.055456195758             4.880200620153605              -3.798851439727896             -4.69793459660675              6621.190493143788              0.001004359928087551           51.58374959778947              359.1461720651963              241.9660624344078              
14040                          -4838.821174197271             -2758.236524793492             -3568.512473343976             5.292600704950236              -3.580103010225261             -4.413541493376836             6620.323600003613              0.0008731984085158064          51.58085242122077              359.1428979011175              243.0082488141452              
14100                          -4509.547372914717             -2966.036308352711             -3824.244180741496             5.678636504343435              -3.343712396926911             -4.107339074248277             6619.450297206272              0.0007489275872765219          51.57793244183703              359.139097612142               244.0764897508934              
14160                          -4157.95005339462              -3159.152836280453             -4060.987706537898             6.036414136629543              -3.090865605040969             -3.780867111074239             6618.587464632767              0.0006410008118178972          51.57504731412616              359.1347716000049              245.1537968311295              
14220                          -3785.777922494779             -3336.63630984569              -4277.575528647008             6.364184480123118              -2.822827627758893             -3.435762786905558             6617.751847426369              0.0005624544701442283          51.57225407692304              359.1299305147652              246.2233472595035              
14280                          -3394.880095728026             -3497.615030003047             -4472.941059221425             6.660350981297859              -2.540935672025399             -3.073751942517245             6616.959734380902              0.0005273788065118189          51.56960805133469              359.1245950679713              247.2687934735122              
14340                          -2987.196729602309             -3641.299521755336             -4646.12369522937              6.923476567312294              -2.246592139578413             -2.696640028468889             6616.226639598591              0.0005422116301872713          51.56716176770026              359.118795655772               248.2745590634795              
14400                          -2564.749269243976             -3766.986229916864             -4796.27331723818              7.152289664715614              -1.941257417302888             -2.306302831070894             6615.566993393425              0.0005991309542511291          51.56496394095583              359.1125717973928              249.2261154672942              
14460                          -2129.630353723414             -3874.060779737788             -4922.654228805893             7.345689345251354              -1.626442515610046             -1.904677020877575             6614.993848634556              0.0006823799427303931          51.56305851320371              359.1059713973058              250.1102346201806              
14520                          -1683.993456116258             -3962.000787928206             -5024.648519590673             7.502749607729529              -1.303701614376359             -1.49375059886876              6614.518608912087              0.0007776904723392621          51.56148378170327              359.0990498429915              250.915213204592               
14580                          -1230.042264062659             -4030.378230482598             -5101.758860195765             7.622722843725844              -0.9746245198644548            -1.075553243831033             6614.150784746256              0.0008751797761600928          51.56027162916342              359.0918689522456              251.6310650109635              
14640                          -770.01990864583               -4078.861350258859             -5153.61070924242              7.705042491874556              -0.6408291051914513            -0.6521466526857989            6613.897783963703              0.0009684830944739984          51.55944687231933              359.0844957886155              252.2496783797033              
14700                          -306.198031960966              -4107.216115047735             -5179.953945872689             7.749324933136876              -0.3039537172760027            -0.2256148513461374            6613.764741761915              0.001053486242259484           51.55902674264377              359.0770013647207              252.7649366085425              
14760                          159.134225601628               -4115.307218088285             -5180.663919024002             7.755370641688647              0.0343504054560137             0.201945468006832              6613.754395451779              0.001127483722322741           51.55902051136115              359.0694592573988              253.1727997110511              
14820                          623.6812875576966              -4103.098624429806             -5155.741918266775             7.723164621050532              0.372426700381415              0.6284345781917171             6613.867007976522              0.001188700090857379           51.55942926834383              359.0619441603467              253.4713466655412              
14880                          1085.152208722982              -4070.653663997236             -5105.315068078447             7.652876143672194              0.7086208218925566             1.051759302815893              6614.100343320936              0.001236022784974305           51.5602458617677               359.0545304022415              253.6607778939242              
14940                          1541.271706902628              -4018.13467308098              -5029.635648472327             7.544857805912146              1.041288149730981              1.469842547849449              6614.449695748842              0.001268846835160925           51.5614550023159               359.0472904598784              253.7433783386168              
15000                          1989.791111322853              -3945.802187497455             -4929.079846989453             7.399643904970733              1.368801253511277              1.880632764840058              6614.907973456597              0.001286977039695382           51.56303353235134              359.0402934969115              253.7234420798814              
15060                          2428.499213212862              -3854.01368591463              -4804.145940413605             7.217948126238473              1.689557326046631              2.282113360941433              6615.465835792503              0.001290559061836974           51.5649508570577               359.0336039586                 253.6071600281557              
15120                          2855.232931470048              -3743.221892446354             -4655.4519194889               7.000660542874014              2.001985543431289              2.672312002096848              6616.11188159117               0.001280024559350543           51.56716953068752              359.0272802536057              253.4024727047854              
15180                          3267.88778443132               -3613.972639835749             -4483.732558524523             6.748843906037161              2.304554363850068              3.049309823437949              6616.832884718527              0.001256042642814858           51.56964598762758              359.0213735514135              253.1188908664899              
15240                          3664.428129131367              -3466.902293499739             -4289.835931092221             6.463729196992163              2.595778751640414              3.411250528619933              6617.614071516459              0.001219473838453709           51.57233140449632              359.0159267223919              252.7672868790396              
15300                          4042.897101535768              -3302.734747285929             -4074.719386998519             6.146710428670342              2.874227287986871              3.756349328356918              6618.439433542087              0.001171324924254954           51.57517267601468              359.0109734450876              252.359660651804               
15360                          4401.426220574727              -3122.277997460286             -3839.444999681539             5.799338673359885              3.138529145880224              4.082901688717152              6619.292067996482              0.001112704310288531           51.57811348459541              359.0065375013665              251.9088842148758              
15420                          4738.244614625398              -2926.420301234474             -3585.174493045968             5.423315292755064              3.387380898619278              4.389291849171509              6620.154537467983              0.001044778438859093           51.58109544115494              359.0026322758958              251.4284294084991              
15480                          5051.687815113801              -2716.125933921618             -3313.163666905652             5.020484363436835              3.619553115647074              4.674001051188592              6621.009240084837              0.000968730194060435           51.5840592726273               358.999260471999               250.9320837431633              
15540                          5340.20607190687               -2492.430557576326             -3024.756338481931             4.592824292115446              3.833896702073189              4.935615421462433              6621.838780986938              0.0008857206282092621          51.58694603044155              358.9964140507223              250.4336597028087              
15600                          5602.372141478071              -2256.436218207712             -2721.377822866614             4.142438628397139              4.029348931458619              5.172833445624288              6622.626336119142              0.000796855478322136           51.58969829357783              358.994074394772               249.9467030844899              
15660                          5836.88850022663               -2009.305991537383             -2404.527979006841             3.671546094866281              4.204939119310311              5.384472965911479              6623.355999743761              0.0007031579780674849          51.59226133989835              358.9922126936518              249.4842061291583              
15720                          6042.593937199749              -1752.258300076219             -2075.77385130097              3.182469866948215              4.359793884021002              5.569477635704088              6624.01310773635               0.0006055493856000499          51.59458426022258              358.9907905411856              249.0583312923545              
15780                          6218.469479978917              -1486.560931644173             -1736.741946212145             2.677626156671925              4.493141940610354              5.72692276264234               6624.584529623377              0.0005048385082715138          51.59662099102225              358.9897607317125              248.6801514271701              
15840                          6363.643623669679              -1213.524773252966             -1389.110162539656             2.159512131212308              4.604318384983598              5.856020487226036              6625.058923453561              0.0004017215640325065          51.59833124380782              358.9890682366734              248.3594119553827              
15900                          6477.396802618746              -934.4973309075511             -1034.599466123569             1.630693311681622              4.692768404537147              5.956124218737251              6625.426948708144              0.0002967953323059228          51.59968131146409              358.9886513395809              248.1043203275676              
15960                          6559.16511057525               -650.8560047881008             -674.9652707952349             1.093790411782213              4.758050403320308              6.026732312529465              6625.681433958249              0.0001905990082658456          51.60064473555074              358.9884429037128              247.9213674488474              
16020                          6608.543200495214              -364.001239433693              -311.9886784641338             0.5514658657916146             4.799838475673148              6.067490910582566              6625.817497026052              8.386447427028897e-05          51.60120282101123              358.9883717446879              247.8151853562804              
16080                          6625.286378879831              -75.3495132288018              52.53246654300064              0.006410004251056256           4.81792422981779               6.078195946285165              6625.832616943351              2.802139503696766e-05          51.60134498930418              358.9883640778855              247.7884443840348              
16140                          6609.311859604816              213.6737475638004              416.7926001034742              -0.538672932865938             4.812217927899145              6.058794275368777              6625.726657971619              0.0001335925492587894          51.60106896397266              358.9883450098437              247.8417924765081              
16200                          6560.699176438683              501.6413050778205              778.9875056684881              -1.081078869074584             4.782748939003826              6.009383930475092              6625.501847110445              0.0002411564648528074          51.60038078684249              358.9882400423626              247.9738381451198              
16260                          6479.689751406288              787.1312526247956              1137.323370602802              -1.618117939356846             4.729665503606513              5.930213500082361              6625.162707346607              0.0003482576266553067          51.59929466651985              358.9879765584656              248.1811776637078              
16320                          6366.685623630796              1068.734122851825              1490.025779266686              -2.147128409207258             4.653233816894917              5.821680643811009              6624.715949614301              0.0004542647991954458          51.59783266439808              358.9874852604884              248.4584660142118              
16380                          6222.247349406844              1345.059920822735              1835.34859162361               -2.665490365044856             4.553836445990298              5.684329765644502              6624.170326953401              0.0005585441301780409          51.59602422659089              358.9867015322119              248.7985300760856              
16440                          6047.091091238568              1614.745041046481              2171.582655677141              -3.170639079143065             4.431970103750405              5.518848876272995              6623.536454709852              0.0006603744950439782          51.59390557312319              358.9855666991772              249.1925215481242              
16500                          5842.084910139792              1876.459041460806              2497.06431962804               -3.660077982835453             4.288242801681961              5.326065674903426              6622.826600805151              0.0007589312376779596          51.5915189581489               358.9840291638645              249.630106195702               
16560                          5608.244309750173              2128.911207570232              2810.183660229088              -4.131391112065404             4.123370430079311              5.106942914823749              6622.05445033952               0.0008532867609272499          51.5889118174583               358.9820453955592              250.0996851519803              
16620                          5346.72702842892               2370.856922395846              3109.392446673661              -4.582255048592788             3.938172777881209              4.862573068358284              6621.234848201685              0.0009424206286026327          51.58613582053218              358.9795807574721              250.5886433400965              
16680                          5058.82715253569               2601.103759469447              3393.21173697183               -5.010450201099258             3.733569059205192              4.594172379778194              6620.383523872379              0.001025236900166237           51.58324584669757              358.9766101575781              251.0836195494958              
16740                          4745.968563514389              2818.517304330445              3660.239113716241              -5.413871440773806             3.510572971335813              4.303074337550481              6619.516803179546              0.001100587285807313           51.5802989051918               358.9731185126781              251.5707922383926              
16800                          4409.697761677255              3022.026669324813              3909.155515561322              -5.790538034222959             3.270287329053495              3.990722624291785              6618.651310529492              0.001167298998469966           51.577353019702                358.9691010186823              252.0361748891373              
16860                          4051.676130306923              3210.629665196625              4138.731619598844              -6.138602819093972             3.013898334236704              3.658663620491274              6617.803665717861              0.001224206281360602           51.57446609841484              358.9645632238506              252.4659147912553              
16920                          3673.671662647143              3383.397625491935              4347.833769924001              -6.456360632358531             2.742669508901435              3.308538497658322              6616.990179400416              0.001270184729764779           51.57169481009591              358.9595209045555              252.8465889343806              
16980                          3277.550208513976              3539.479856507954              4535.429419120676              -6.742255961629083             2.457935342128001              2.942074965609885              6616.226551505839              0.00130418769110811            51.5690934867446               358.9539997468739              253.1654911687701              
17040                          2865.266285200324              3678.107698460978              4700.592065462235              -6.994889817073386             2.161094690365331              2.561078724093516              6615.527577014677              0.00132528425561075            51.56671307257903              358.9480348402587              253.410904898612               
17100                          2438.853499431308              3798.598184235479              4842.505669560013              -7.213025825190909             1.853603969262803              2.16742466714455               6614.906863729468              0.001332698667221153           51.5646001382923               358.941669992692               253.5723560937704              
17160                          2000.414626876613              3900.357284268453              4960.468536967926              -7.39559555135473              1.536970171843202              1.763047884205911              6614.376566858943              0.001325851458745919           51.5627959784243               358.9349568796418              253.6408418822339              
17220                          1552.111396620863              3982.882727867028              5053.896655488743              -7.541703061861967             1.212743745050111              1.349934498422815              6613.947145398601              0.001304403376509048           51.56133580838201              358.9279540419778              253.6090305473572              
17280                          1096.154021130508              4045.766394222757              5122.32647952023               -7.650628741095939             0.8825113481462272             0.9301123715938738             6613.627145361073              0.001268304448554989           51.56024807607734              358.9207257505632              253.4714293746656              
17340                          634.7905137413966              4088.69626600389               5165.417153344539              -7.721832376907521             0.5478885138564726             0.5056417020594954             6613.423014883418              0.00121785281967824            51.55955390140996              358.9133407577494              253.2245174111649              
17400                          170.2958665576874              4111.457938057811              5182.952165581062              -7.75495552422734              0.2105122520784826             0.07860556581080511            6613.338956058668              0.001153772102648109           51.55926665483321              358.905870958762               252.8668409098927              
17460                          -295.0389190370991             4113.935683686183              5174.840437633071              -7.749823169566353             -0.1279664256673126            -0.3488996270670075            6613.376817912093              0.001077323627141924           51.55939168383622              358.898389986698               252.3990698005755              
17520                          -758.9178691602384             4096.113069359716              5141.116836447102              -7.706444693516786             -0.4658900218615885            -0.7747737107795665            6613.536034460485              0.0009904841810351589          51.55992619390174              358.8909717679028              251.824014273906               
17580                          -1219.051118251956             4058.073116867198              5081.942110816045              -7.625014135905723             -0.8016021125978743            -1.196922381789256             6613.813610959669              0.0008962452744271922          51.56085928766164              358.8836890649154              251.1466011483435              
17640                          -1673.16597009674              3999.998011866597              4997.602251422917              -7.505909761750612             -1.133454926596168             -1.61326682491366              6614.204160485444              0.0007991284999063363          51.56217216305826              358.8766120356062              250.3738103599972              
17700                          -2119.017923556251             3922.168356686374              4888.507272261669              -7.349692915311462             -1.459816954239353             -2.021753360278463             6614.699991851637              0.0007060318046780609          51.56383846831125              358.8698068366712              249.5145725524835              
17760                          -2554.401604655972             3824.96196629578               4755.189413484261              -7.157106144736044             -1.779080564920712             -2.420363082834756             6615.291248558398              0.0006273277916016691          51.56582480830249              358.8633343000318              248.5796292716677              
17820                          -2977.16156822415              3708.852205937553              4598.300764693068              -6.929070571268229             -2.089669624434734             -2.807121482882211             6615.966097067434              0.0005771025738844731          51.56809139383303              358.8572487094189              247.5813579688975              
17880                          -3385.202908854204             3574.405874464546              4418.610315302771              -6.666682481583363             -2.390047083634819             -3.180108010200817             6616.710961216583              0.0005694090089321796          51.5705928219708               358.8515967032145              246.533564578127               
17940                          -3776.50164965045              3422.280632310144              4217.000431478015              -6.371209106533256             -2.678722526310695             -3.537465565120387             6617.510798174953              0.0006096848633632303          51.57327897285062              358.8464163269164              245.4512469677193              
18000                          -4149.114851462463             3253.221978866926              3994.462767193644              -6.044083557811511             -2.954259640359394             -3.877409869861326             6618.34940995411               0.0006907650143049963          51.57609600543194              358.8417362561577              244.350333164045               
18060                          -4501.190392134528             3068.059784831095              3752.093617824795              -5.686898894011921             -3.215283575794867             -4.198238672794759             6619.209783281372              0.0007993481124859082          51.5789874323152               358.8375752076323              243.247398769071               
18120                          -4830.976363003771             2867.704387539834              3491.088727886356              -5.301401292927303             -3.460488145744915             -4.498340729045593             6620.074449463468              0.000923175679505932           51.5818952516749               358.8339415513937              242.1593684701947              
18180                          -5136.830028211899             2653.142260441981              3212.737568551794              -4.88948231567506              -3.68864281978747              -4.776204492489323             6620.925854980558              0.001053123398573004           51.58476111279446              358.8308331336841              241.1032070128795              
18240                          -5417.226296278805             2425.431267440658              2918.417100016833              -4.453170252814755             -3.898599457185527             -5.030426452106765             6621.746734513546              0.001182660418995774           51.58752749091507              358.8282373145634              240.0956053294567              
18300                          -5670.765632514247             2185.695533191018              2609.585060002161              -3.994620587514637             -4.089298707482588             -5.259719021400405             6622.52047680402               0.001306977753076312           51.59013884644485              358.8261312201739              239.1526679202752              
18360                          -5896.18139062215              1935.119926391134              2287.772775526928              -3.516105553338106             -4.259776039889374             -5.46291793107629              6623.231474124984              0.001422383796269747           51.59254274426891              358.8244822042262              238.2896075127301              
18420                          -6092.346483433917             1674.944199861764              1954.57755557467               -3.020002862314368             -4.40916731685177              -5.638989019495148             6623.865445299068              0.00152595505931623            51.59469090891437              358.8232485092952              237.5204534796876              
18480                          -6258.279350051207             1406.456816500622              1611.654702816177              -2.508783660280633             -4.536713854737132             -5.787034349889444             6624.409725325662              0.001615346203008951           51.59654019341064              358.8223801133661              236.8577799403738              
18540                          -6393.14918383047              1130.98848266111               1260.709172883925              -1.984999761164602             -4.641766921088885             -5.906297591548991             6624.853516993187              0.001688689356720226           51.59805344199103              358.8218197429902              236.3124596711523              
18600                          -6496.280373725439             849.9054316056117              903.4869366361504              -1.4512702593336               -4.723791609599817             -5.996168592852166             6625.188097727704              0.001744541244365569           51.5992002285735               358.8215040313042              235.8934491760647              
18660                          -6567.1561260772               564.6024942576913              541.7660936539129              -0.9102676162782168            -4.782370048192824             -6.056187092072713             6625.406978114749              0.001781855261507583           51.59995745614088              358.8213647959383              235.6076099658931              
18720                          -6605.42123854758              276.4959984365684              177.3477901025299              -0.364703330983617             -4.817203902701135             -6.086045521295038             6625.506010007908              0.001799965990261762           51.60030980537832              358.8213304094764              235.4595702491615              
18780                          -6610.884004694701             -12.98346026898821             -187.953003589509              0.1826866890628215             -4.828116148002312             -6.0855908708773               6625.483443596906              0.001798579391020088           51.60025002435121              358.8213272335161              235.4516304140834              
18840                          -6583.51723505401              -302.3983301732189             -552.3167966181705             0.7291569321839975             -4.815052088550276             -6.054825594917176             6625.339934202601              0.001777765227542119           51.59977905456316              358.8212810864425              235.5837147042312              
18900                          -6523.458386622101             -590.3114604872209             -913.9289156365892             1.271967154014511              -4.778079619694808             -5.993907549773441             6625.078500801932              0.001737950360352582           51.59890599228837              358.8211187148437              235.8533704257052              
18960                          -6431.00880383905              -875.2934366931447             -1270.98879172762              1.808397153346029              -4.717388733289313             -5.903148974499199             6624.704439337624              0.001679913073889108           51.59764788761102              358.8207692389364              236.2558148865737              
19020                          -6306.632076348519             -1155.929877691136             -1621.71917527431              2.335761387331249              -4.633290278132618             -5.783014528455521             6624.22519464405               0.001604780045817152           51.59602938683542              358.8201655435167              236.7840291695356              
19080                          -6150.951525819484             -1430.828636082908             -1964.375204669935             2.851423285616877              -4.526213993594699             -5.634118413251586             6623.650195383585              0.00151402938887613            51.59408222701413              358.8192455875597              237.4288966529639              
19140                          -5964.746852601188             -1698.626846529755             -2297.253259826131             3.35280913495812               -4.39670585139556              -5.457220626902466             6622.990656752301              0.001409506045712042           51.59184459424986              358.8179536078461              238.1793832073727              
19200                          -5748.949958198808             -1957.997807247224             -2618.699581687104             3.837421486707044              -4.245424732999789             -5.253222386508039             6622.259355741715              0.001293460807857663           51.58936035955207              358.8162411944379              239.0227549756746              
19260                          -5504.639979010042             -2207.657642223649             -2927.118592222185             4.302851974921097              -4.07313848501254              -5.023160776332876             6621.470383745085              0.001168633550057356           51.58667820827155              358.8140682187429              239.9448287680407              
19320                          -5233.037576450299             -2446.371702465289             -3220.980863173072             4.746793459191679              -3.880719403211541             -4.768202687917645             6620.638881125617              0.001038418772606941           51.58385068083674              358.8114035980886              240.9302495347283              
19380                          -4935.498516021348             -2672.960685307423             -3498.830707683753             5.167051450904363              -3.669139187473038             -4.489638107070007             6619.780758050138              0.0009071826134884813          51.58093314353066              358.8082258838355              241.9627886113021              
19440                          -4613.506584843422             -2886.306435302412             -3759.293349830751             5.561554758303677              -3.439463421567992             -4.188872818016357             6618.912405676396              0.0007808426529159813          51.57798270917211              358.8045236635192              243.0256563353387              
19500                          -4268.665894914187             -3085.35740093215              -4001.081640582661             5.928365311215995              -3.192845629627285             -3.86742059153582              6618.050401518341              0.0006678054811803946          51.57505712797465              358.8002957708313              244.1018222447701              
19560                          -3902.692622284022             -3269.133723326667             -4223.002291261741             6.26568713491836               -2.930520961982938             -3.526894924801888             6617.2112126452                0.0005799140392410926          51.57221366910969              358.79555130061                245.1743361604631              
19620                          -3517.406233851202             -3436.731936321866             -4423.961599620379             6.571874453109491              -2.653799562573259             -3.169000399692712             6616.410900286931              0.0005313055658084119          51.56950801339411              358.7903094293183              246.2266435891397              
19680                          -3114.720257696298             -3587.329259139418             -4602.970646242289             6.845438907739082              -2.364059671105586             -2.795523727366168             6615.664829444589              0.0005315107766056736          51.5669931771703               358.7845990447634              247.2428891676273              
19740                          -2696.632628096039             -3720.187474706146             -4759.149953125663             7.085055908397234              -2.062740492891579             -2.408324520575469             6614.98738717518               0.0005768515955419737          51.56471848667303              358.7784581915722              248.2082023795283              
19800                          -2265.215720334454             -3834.6563600589               -4891.733565095093             7.289570078854577              -1.75133492691442              -2.009325909230862             6614.391713560628              0.0006530062782411065          51.56272862180121              358.7719333431958              249.1089600990508              
19860                          -1822.606027536081             -3930.176694631698             -5000.072585134698             7.457999878068108              -1.431382122212964             -1.60050495951011              6613.889449317091              0.0007449085127352284          51.56106274615357              358.7650785117751              249.9330215392256              
19920                          -1370.99362375857              -4006.282806513177             -5083.638117095255             7.589541355169654              -1.104459967415934             -1.183883030246768             6613.49050457456               0.0008415343429834108          51.55975374000342              358.7579542127656              250.6699313944446              
19980                          -912.6114215507389             -4062.604669100445             -5142.023631562409             7.683571093182687              -0.77217751665446              -0.7615160693700868            6613.202853287322              0.0009356925217767497          51.55882755047548              358.7506263019217              251.3110880262848              
20040                          -449.7242646819122             -4098.869544063119             -5174.94675073415              7.739648364763778              -0.4361673745089414            -0.3354848785752993            6613.032357909357              0.001022740484222858           51.55830267169063              358.743164705151               251.8498741724952              
20100                          15.38207667652267              -4114.903165410477             -5182.250447491929             7.757516519470552              -0.09807807814454769           0.09211460590052249            6612.982628977006              0.001099624839665757           51.55818976563926              358.7356420644007              252.2817483771041              
20160                          480.4119736486654              -4110.630467068924             -5163.903662574706             7.737103631825237              0.2404335123635841             0.5191810030615008             6613.054924002645              0.001164320257610468           51.55849143214021              358.7281323242519              252.6042960991335              
20220                          943.0710235939006              -4086.075854535415             -5120.001341760008             7.678522431298262              0.5777097997341893             0.943617127871635              6613.248089770854              0.001215517233038405           51.55920213374543              358.7207092856462              252.8172401692291              
20280                          1401.077109747335              -4041.363022390128             -5050.763896425897             7.582069531412915              0.9121000001940101             1.363339569154691              6613.558551541093              0.001252444665936036           51.56030827868629              358.7134451543556              252.9224109337729              
20340                          1852.171393876824              -3976.714320037285             -4956.536091603468             7.448223969176218              1.241967650504663              1.776288193649235              6613.980351839341              0.001274762444816815           51.56178846201447              358.706409112477               252.9236770684329              
20400                          2294.12919960823               -3892.44966877079              -4837.78536658967              7.277645059704688              1.56569806281802               2.180435565245155              6614.505240430488              0.001282489557882473           51.56361386200908              358.6996659414301              252.8268386726468              
20460                          2724.770752075684              -3788.985032070274             -4695.099591487497             7.071169560486573              1.881705724322462              2.573796274974451              6615.122815755564              0.001275949539244619           51.56574878580458              358.6932747243593              252.6394848125137              
20520                          3141.971712436642              -3666.830447277196             -4529.184271710548             6.829808144472846              2.18844161716822               2.954436150295725              6615.820716608553              0.001255723630580071           51.56815135491532              358.687287655225               252.3708182639839              
20580                          3543.673505000191              -3526.587613482507             -4340.859194047024             6.554741147489699              2.484400474851443              3.320481362625028              6616.584861354366              0.00122260665994609            51.57077431853327              358.6817489792793              252.0314506138648              
20640                          3927.893333146774              -3368.947057306586             -4131.054544653352             6.247313602942008              2.768127912869482              3.6701273543791                6617.399730276652              0.001177563251448412           51.5735659790231               358.6766940887705              251.6331716283557              
20700                          4292.733904612103              -3194.684864991472             -3900.806483904743             5.909029506534501              3.038227458207545              4.00164761436886               6618.24868534397               0.001121683542671766           51.57647121205659              358.6721487929701              251.1886967326818              
20760                          4636.392775198463              -3004.65900174747              -3651.252207250498             5.541545315660132              3.293367415044645              4.313402221992684              6619.114320142346              0.001056138594386872           51.57943256085873              358.6681287797329              250.7113975204002              
20820                          4957.171281685097              -2799.805223705158             -3383.624499845627             5.146662656853661              3.532287543852362              4.603846130057252              6619.978831650772              0.0009821363639040998          51.58239138249616              358.6646392808794              250.2150199320513              
20880                          5253.48301318908               -2581.132595819124             -3099.245803464711             4.726320232261735              3.753805509768437              4.871537129653454              6620.824404598994              0.0009008795893925502          51.58528902258178              358.6616749496796              249.7133954630135              
20940                          5523.861772819618              -2349.718630962865             -2799.521816557742             4.28258492358307               3.956823052898416              5.115143436673339              6621.633598554703              0.0008135272517415164          51.58806799392183              358.6592199540304              249.2201508040944              
21000                          5766.968981708195              -2106.704068429173             -2485.934652091682             3.817642103364313              4.140331828954303              5.333450834547873              6622.389727644474              0.0007211614437389848          51.59067313433654              358.6572482841773              248.7484215057002              
21060                          5981.600477834008              -1853.287314071229             -2160.035582920643             3.333785178418562              4.303418865416739              5.525369304182574              6623.077222939096              0.0006247614741008124          51.59305271918374              358.6557242690636              248.3105753296559              
21120                          6166.692667288466              -1590.718563715989             -1823.437403549036             2.8334043971747                4.445271580054317              5.689939074400383              6623.681968048401              0.000525186850331587           51.59515950506025              358.6546032907446              247.9179508624993              
21180                          6321.327982912809              -1320.293638831691             -1477.806446533396             2.318974975502157              4.565182305602391              5.826336023087029              6624.191599310503              0.0004231704460150517          51.59695168257247              358.6538326819735              247.5806168247764              
21240                          6444.739606230807              -1043.347577136692             -1124.854309057863             1.793044630120141              4.662552265227653              5.933876361352834              6624.595763120765              0.0003193228551164979          51.59839371803327              358.6533527880287              247.3071572050185              
21300                          6536.315433321915              -761.2479887745927             -766.3293040757919             1.258220555649001              4.7368949640309                6.012020557598188              6624.886324448749              0.0002141498963892715          51.59945706667335              358.6530981702462              247.1044868601293              
21360                          6595.601241260896              -475.3882339329849             -404.007708210662              0.7171559743970706             4.787838946019143              6.060376441174692              6625.057522106787              0.0001081019044559598          51.60012074247767              358.6529989258838              246.9777017954657              
21420                          6622.303037228633              -187.1804551183922             -39.6848492907035              0.1725363500573206             4.815129888942195              6.078701453326627              6625.106068139746              6.044827743480977e-06          51.6003717332249               358.6529820964639              246.9299674771282              
21480                          6616.28857345                  101.9514968320078              324.8339162304553              -0.3729346287289001            4.818632014444935              6.066904019977383              6625.031190416519              0.0001058779081020363          51.6002052526041               358.652973135108               246.962447937567               
21540                          6577.588017027453              390.5792002495843              687.7422812541952              -0.9165491803651368            4.79832879998254               6.025044032644042              6624.834619225572              0.0002126456772872342          51.59962482493992              358.6528974023448              247.074277395277               
21600                          6506.393771203975              677.2768217959566              1047.2420680679                -1.455609565272394             4.754322989236601              5.953332436762266              6624.520520213037              0.0003189817484104901          51.59864220159769              358.6526816595808              247.2625752728281              
21660                          6403.059451215885              960.6282553354127              1401.552257148775              -1.987442113132713             4.68683590717475               5.852129938611212              6624.095377376976              0.0004243789070291689          51.59727711175489              358.652255529795               247.5225044730169              
21720                          6268.098024405188              1239.234199204082              1748.91791247224               -2.509411036545543             4.596206094737858              5.721944853116748              6623.567830940229              0.0005282654611540855          51.59555685365429              358.6515528960306              247.8473718031046              
21780                          6102.179130398613              1511.719131721279              2087.618952717649              -3.018931932332833             4.482887286030176              5.563430124628665              6622.948475759305              0.0006299633850244497          51.59351573568759              358.6505132098885              248.2287684634666              
21840                          5906.12560317457               1776.738145921791              2415.978719392958              -3.513484879685838             4.347445757861429              5.377379561394096              6622.249626477702              0.0007286794835530147          51.59119437963405              358.6490826844016              248.6567476084583              
21900                          5680.909221493742              2032.983607423691              2732.372296765343              -3.990627056208218             4.190557086637286              5.164723330640554              6621.485055924532              0.0008235083734529536          51.58863890100461              358.6472153483097              249.1200351762864              
21960                          5427.645713937615              2279.191605324514              3035.234546041866              -4.448004810475108             4.013002348298309              4.926522761569531              6620.669713050376              0.0009134442344407056          51.58589998362824              358.6448739417406              249.6062693603435              
22020                          5147.58906825853               2514.148148516318              3323.067794904799              -4.883365103435562             3.815663813448261              4.663964525149115              6619.819426264569              0.0009973997736840493          51.58303186766039              358.6420306368054              250.102263682993               
22080                          4842.125164283078              2736.695099893136              3594.449173171447              -5.294566311931323             3.599520168320386              4.378354230063153              6618.950598934041              0.001074230912523695           51.58009127145478              358.6386675701109              250.5942878470069              
22140                          4512.764781956723              2945.73580739506               3848.037544064852              -5.679588330003901             3.365641312939645              4.071109502038376              6618.079902020247              0.001142765815755118           51.57713626886095              358.6347771780945              251.0683606117609              
22200                          4161.13602581714               3140.240410710995              4082.58000537262               -6.036541945258699             3.115182779015273              3.743752601367017              6617.223968533665              0.001201837013980976           51.5742251439353               358.6303623298079              251.510548320196               
22260                          3788.976208617767              3319.250803136933              4296.917935694326              -6.363677472420141             2.849379808828641              3.397902631707951              6616.399094070393              0.001250315562260805           51.57141524528932              358.6254362557275              251.9072630516957              
22320                          3398.123239578319              3481.885229021568              4489.992562269572              -6.659392630679345             2.569541135804519              3.035267392356475              6615.620947172221              0.001287146430074194           51.56876186199998              358.6200222749467              252.2455542227417              
22380                          2990.506562850885              3627.342500054617              4660.850030471038              -6.922239658583608             2.277042504830366              2.657634922633512              6614.904292827781              0.001311384619901614           51.56631714239376              358.6141533268165              252.5133877995268              
22440                          2568.137692004287              3754.90581585945               4808.645957862214              -7.150931665403134             1.973319967751249              2.26686478353383               6614.262732126104              0.001322231874444258           51.56412907602155              358.6078713166384              252.6999076043803              
22500                          2133.100385190911              3863.946176634583              4932.649458588162              -7.344348222455046             1.659862985818646              1.86487911700367               6613.708460887944              0.001319074305921878           51.5622405578339               358.6012262882991              252.7956736338665              
22560                          1687.540512234989              3953.925375819733              5032.246624387031              -7.501540198034407             1.338207372787236              1.453653525615886              6613.252050035091              0.001301521966723364           51.56068855200282              358.594275439939               252.7928728438601              
22620                          1233.655648733757              4024.398566697817              5106.943455516905              -7.621733849179245             1.009928097945776              1.035207796895618              6612.902250456984              0.001269452473587443           51.55950337090894              358.5870820012655              252.6854984462725              
22680                          773.6844379773898              4075.016394048655              5156.368231559956              -7.704334176504636             0.676631969701901              0.6115964984379265             6612.665825237492              0.001223062667397158           51.55870808280536              358.5797139937015              252.4694943941031              
22740                          309.8958076365135              4105.526680139124              5180.273311226035              -7.74892754354528              0.3399502512563136             0.1848995091570365             6612.547412212796              0.001162935662227795           51.55831805942401              358.572242897451               252.142862442638               
22800                          -155.4219970729339             4115.775670540173              5178.53636681368               -7.755283585707657             0.001531166818971044           -0.2427875663214571            6612.549419826391              0.001090136868264785           51.55834067207266              358.56474224933                251.7057298066266              
22860                          -619.9724346625518             4105.708824792016              5151.161038429133              -7.723356395838312             -0.336967624075243             -0.6693630014625672            6612.671959340229              0.001006364334978209           51.55877514248721              358.5572861992646              251.1603762733612              
22920                          -1081.461757260724             4075.37115555213               5098.277012072537              -7.653284999576191             -0.6738866120227403            -1.092728605141718             6612.912816227368              0.0009142004942312537          51.55961255165611              358.5499480520252              250.5112201365282              
22980                          -1537.610102282843             4024.907111217374              5020.139517357082              -7.545393114031637             -1.007572053315745             -1.510799394497813             6613.267463334734              0.0008175488918250825          51.56083600711977              358.5427988225397              249.7647632855587              
23040                          -1986.162548637463             3954.560000923211              4917.128244653592              -7.400188183732025             -1.336383607870245             -1.92151327301125              6613.729117864428              0.0007223786729413824          51.56242096627132              358.5359058326701              248.9294962200547              
23100                          -2424.900093116598             3864.670960925066              4789.745681826966              -7.218359681720554             -1.65870198632108              -2.322840696398009             6614.288843541365              0.0006378241512972433          51.56433571024452              358.5293313769236              248.0157646114949              
23160                          -2851.650502393895             3755.677462236506              4638.614871858707              -7.000776658836314             -1.972936591727862             -2.712794307011059             6614.935698401785              0.0005770074140496376          51.5665419600516               358.5231314835504              247.035599606389               
23220                          -3264.298994901232             3628.111360355658              4464.476593918785              -6.748484519846478             -2.277533138366183             -3.089438513523667             6615.656927526922              0.0005549666283736974          51.5689956237924               358.5173547959005              246.0025147017332              
23280                          -3660.798702835975             3482.596490127557              4268.185973401823              -6.462701003880126             -2.570981224049042             -3.450898984987349             6616.438198765888              0.0005808771423063746          51.57164766103939              358.5120415968777              244.9312726486432              
23340                          -4039.180879019665             3319.845804202673              4050.708520220037              -6.144811333103029             -2.851821839212539             -3.795372036473661             6617.263878141265              0.0006510454615783984          51.57444504811941              358.5072229965056              243.8376263279497              
23400                          -4397.564776923891             3140.658066717929              3813.115612452098              -5.796362516433167             -3.11865476445022              -4.121133844370662             6618.117340144358              0.0007528763109284012          51.57733182556879              358.5029203000475              242.738038190495               
23460                          -4734.167149207829             2945.914116197727              3556.579444931521              -5.419056797838099             -3.370145815354961             -4.426549438547537             6618.981306695609              0.000873251036530514           51.58025020719308              358.4991445703085              241.6493831998878              
23520                          -5047.311364798569             2736.572678932883              3282.367419321562              -5.014744175922264             -3.605033928955748             -4.71008146128576              6619.838207028388              0.001002089785419937           51.58314172913681              358.4958963933629              240.5886406626596              
23580                          -5335.436015236107             2513.665782467307              2991.836042677918              -4.585414057515965             -3.822137984560769             -4.970298559140204             6620.670550457447              0.001132197663276558           51.58594841537516              358.4931658541822              239.5725806167957              
23640                          -5597.10301267064              2278.293756499556              2686.424318671793              -4.133185991195778             -4.020363344837784             -5.205883387611283             6621.46130332462               0.001258337933194559           51.58861393653285              358.4909327227785              238.6174508945323              
23700                          -5831.005092328334             2031.619861656014              2367.64668561678               -3.6602995358214               -4.198708031585032             -5.415640121895172             6622.194259889534              0.001376527135547372           51.59108473808207              358.4891668482138              237.738670819318               
23760                          -6035.972693319751             1774.864548952326              2037.085506019287              -3.169103254354684             -4.356268492941263             -5.598501418278752             6622.854396463606              0.00148362074752738            51.59331111481237              358.4878287529318              236.950537719742               
23820                          -6210.980144347556             1509.299397433495              1696.383170296825              -2.662042918317751             -4.492244880862389             -5.75353472599455              6623.428198342199              0.001577088988918299           51.5952482089474               358.4868704159584              236.2659523057755              
23880                          -6355.151123433378             1236.240747928383              1347.233838668749              -2.141648961820176             -4.605945790149542             -5.879947889036474             6623.90395355099               0.001654900260512447           51.59685691186414              358.4862362287804              235.696168712695               
23940                          -6467.763346412223             957.0430660617407              991.3748648972592              -1.610523261419917             -4.696792398864389             -5.977093964062162             6624.272003862559              0.001715462181790247           51.59810465043854              358.4858641047702              235.2505744912205              
24000                          -6548.252441651206             673.0920804312019              630.5779615951569              -1.071325351649104             -4.76432195414179              -6.044475187005593             6624.52494640021               0.00175759247466793            51.59896604161584              358.4856867195568              234.9365055584003              
24060                          -6596.214983863925             385.7977325531249              266.6401545945243              -0.5267581758498296            -4.808190562462951             -6.081746039778457             6624.657781010778              0.001780504476163516           51.59942340173428              358.4856328569007              234.7591002193603              
24120                          -6611.410662687998             96.58697335687552              -98.62542850899749             0.020446525439468              -4.828175250015278             -6.088715376875648             6624.668000316729              0.001783798959957314           51.59946710017048              358.4856288324742              234.7211956788078              
24180                          -6593.763565750021             -193.1035230216515             -463.3988452771953             0.5675430142426788             -4.824175265847754             -6.065347583121173             6624.555621232214              0.001767457883618173           51.59909575016486              358.4855999664003              234.8232695478537              
24240                          -6543.362571212415             -481.8347258763334             -825.8626973272318             1.11178649664955               -4.796212619432077             -6.011762753471381             6624.323158618906              0.001731838110540979           51.59831623319984              358.4854720744372              235.0634278284952              
24300                          -6460.460845434339             -768.172598312992              -1184.211438664395             1.650447981397347              -4.744431847515478             -5.928235895962348             6623.97554352593               0.001677664885354568           51.59714355682233              358.4851729474727              235.4374398425725              
24360                          -6345.474451949684             -1050.69542880013              -1536.660629953752             2.180829011378293              -4.669099021206851             -5.815195173193277             6623.519990009323              0.001606026384968916           51.59560054921287              358.4846337893624              235.9388195024776              
24420                          -6198.980082078006             -1328.001078874401             -1881.456056634828             2.700276110158315              -4.57060001020391              -5.673219209153983             6622.965815856362              0.001518372485207962           51.59371739724423              358.4837905841486              236.5589512071465              
24480                          -6021.711935023337             -1598.714094601782             -2216.882645298054             3.206194815661348              -4.449438038341231             -5.503033509090471             6622.324223571223              0.001416523569475943           51.5915310380873               358.4825853654015              237.2872577245498              
24540                          -5814.557766963528             -1861.492659697132             -2541.273150695634             3.69606323691852               -4.306230562569588             -5.305506035378294             6621.608048569265              0.001302699765367475           51.58908441710724              358.4809673625093              238.1114063198138              
24600                          -5578.554144563264             -2115.035339975127             -2853.016550713356             4.16744502432043               -4.141705520281135             -5.081642000147839             6620.83148190661               0.001179589390546743           51.58642562765593              358.4788940014957              239.017548720466               
24660                          -5314.880939668634             -2358.087584864056             -3150.566106953246             4.618001681772511              -3.956696992324818             -4.83257793721966              6620.009774836828              0.001050491146610534           51.58360695049497              358.4763317409868              239.9905896401333              
24720                          -5024.855106615566             -2589.447952434138             -3432.447049670346             5.045504158038829              -3.752140332439536             -4.55957511992362              6619.158932211003              0.0009195931468709827          51.58068381249133              358.4732567274233              241.0144780730625              
24780                          -4709.923786961239             -2807.974027490936             -3697.263849858704             5.447843667345381              -3.529066815444094             -4.26401239299959              6618.295401222156              0.0007924940877179358          51.57771368563867              358.4696552573137              242.0725151323823              
24840                          -4371.656786719905             -3012.588006771238             -3943.707046978755             5.823041703825714              -3.288597855162834             -3.947378484582163             6617.435761316193              0.0006770793471890935          51.57475494841137              358.4655240381882              243.1476719315733              
24900                          -4011.738492994245             -3202.28191726969              -4170.559591497204             6.169259205070339              -3.031938856449845             -3.611263881512257             6616.596420377567              0.0005845459208190324          51.57186573215238              358.4608702441682              244.2229108580341              
24960                          -3631.959225100341             -3376.122477623683             -4376.7027143378               6.484804904604437              -2.76037271197586              -3.257352280484453             6615.793321339433              0.0005288778965422007          51.56910277465909              358.4557113651491              245.2815038727977              
25020                          -3234.206166725154             -3533.255530967331             -4561.121237769957             6.768142767244061              -2.47525305945735              -2.887411765201055             6615.041663000008              0.0005209958122295303          51.56652030403529              358.4500748544606              246.3073411234591              
25080                          -2820.453843899923             -3672.910085237406             -4722.90837171551              7.017898600442444              -2.177997282666114             -2.503285685687237             6614.355637729445              0.0005595222157915368          51.56416897357511              358.4439975814404              247.2852242240579              
25140                          -2392.75422573234              -3794.401927250353             -4861.269955467408             7.232865808059394              -1.870079316165689             -2.106883317014034             6613.748188561844              0.0006311756320992743          51.56209486832343              358.437525100298               248.2011384175585              
25200                          -1953.226524454599             -3897.136793223345             -4975.52812547036              7.412010284271084              -1.55302231083383              -1.700170369958612             6613.230787757654              0.000720568026787462           51.56033860234775              358.4307107502166              249.0424985818581              
25260                          -1504.046723246093             -3980.613097976394             -5065.124412849264             7.554474480311352              -1.228391179790748             -1.285159377605122             6612.813238638432              0.0008160788059413101          51.55893452364251              358.4236146040252              249.7983647148494              
25320                          -1047.436872284289             -4044.424216383865             -5129.622263869081             7.659580659758628              -0.8977850499479164            -0.8638999895271566            6612.503502480205              0.0009100931176569689          51.55791004169734              358.4163022857073              250.4596231772439              
25380                          -585.6542365519363             -4088.260306366195             -5168.708972645797             7.72683334981707               -0.5628296728469719            -0.4384692414121696            6612.307552334364              0.0009977186274136073          51.55728509056075              358.4088436801255              251.0191306445377              
25440                          -120.9802939579932             -4111.909679336756             -5182.197033449281             7.755921022276137              -0.2251697844218239            -0.01096178618254186           6612.229255694151              0.001075751744757609           51.55707173747277              358.4013115590415              251.4718185914808              
25500                          344.2903290166074              -4115.259709405081             -5170.024904626581             7.746717010309919              0.1135385350358117             0.4165198485127936             6612.270288208802              0.001142063423302293           51.55727394472068              358.3937801505102              251.8147567982478              
25560                          807.8609579595261              -4098.297284911344             -5132.257189544477             7.699279684768218              0.4516354957575719             0.8418749706855458             6612.43008074515               0.001195257799571752           51.55788748936667              358.3863236789314              252.0471751770092              
25620                          1267.443959874265              -4061.108802503218             -5069.084236475574             7.613851903691309              0.7874652097431509             1.263014379083124              6612.705802250945              0.001234480499589006           51.5589000426452               358.379014904029               252.1704439820069              
25680                          1720.771777996217              -4003.879705597361             -4980.821161279498             7.490859746707216              1.119383264525894              1.677869945538607              6613.092380805835              0.001259305416701809           51.56029140783862              358.3719236871034              252.1880131819898              
25740                          2165.607869418006              -3926.893569853174             -4867.906297722897             7.330910541813089              1.445764246991347              2.08440410876244               6613.582564973914              0.001269661956872788           51.56203391245165              358.3651156125237              252.1053124743239              
25800                          2599.757505677701              -3830.530738395658             -4730.899080342347             7.134790186064883              1.765009207120622              2.480619266471286              6614.167027046644              0.001265782617768856           51.56409294756864              358.3586506914885              251.9296141034347              
25860                          3021.07837487455               -3715.266515682398             -4570.477373315121             6.903459767715943              2.075553035101921              2.8645670321986                6614.834508960189              0.001248160102772702           51.56642764430256              358.3525821739681              251.6698612621367              
25920                          3427.491002285145              -3581.66891001246              -4387.434232196592             6.63805145289244               2.375871781573734              3.234357392657773              6615.57201080758               0.001217508133013395           51.56899167492629              358.3469554916819              251.3364654156167              
25980                          3816.988849810678              -3430.395953696545             -4182.674140212049             6.339863672907444              2.664489833143374              3.588167655560686              6616.365020483589              0.001174722884311354           51.57173416294534              358.3418073548266              250.9410764804425              
26040                          4187.648133129642              -3262.192589737042             -3957.208703788831             6.010355561704469              2.939986983461981              3.924251236527294              6617.197781963709              0.001120843612878225           51.57460068497007              358.3371650197383              250.4963301558373              
26100                          4537.637282685751              -3077.887137347621             -3712.151825673139             5.651140637192626              3.20100535335034               4.240946225669327              6618.053598211915              0.001057012093063811           51.57753434477419              358.3330457430646              250.0155773296756              
26160                          4865.225996701552              -2878.387349707399             -3448.714374570236             5.263979719290064              3.446256124939122              4.53668368888471               6618.915163338475              0.0009844312482744845          51.58047689837302              358.3294564339656              249.5126004278363              
26220                          5168.793847105522              -2664.676073683226             -3168.198365203787             4.850773069695379              3.674526059250734              4.809995664246413              6619.764917330725              0.0009043239344793626          51.58336990783927              358.3263935117757              249.0013224389313              
26280                          5446.838390663617              -2437.806525920601             -2871.99066891497              4.413551748978332              3.884683755199461              5.059522799804721              6620.585415475094              0.0008178933153409208          51.58615590082062              358.323842972473               248.4955139367003              
26340                          5697.982738128907              -2198.897202304966             -2561.556278215748             3.954468194862487              4.075685603494282              5.284021573749684              6621.359703607339              0.0007262866642844378          51.5887795124305               358.3217806630838              248.0085039414844              
26400                          5920.982535053268              -1949.126440591064             -2238.431152238019             3.47578603607484               4.246581385151028              5.482371033516491              6622.071689633986              0.0006305647886996961          51.59118858643865              358.3201727588494              247.5529002753619              
26460                          6114.732309138325              -1689.726659102969             -1904.214673921532             2.979869168776665              4.396519461659343              5.653578987541169              6622.706501412291              0.0005316797200794337          51.59333521341702              358.3189764338049              247.1403250003732              
26520                          6278.2711401948                -1421.978299171426             -1560.561755776915             2.469170139567589              4.524751502169951              5.796787581906638              6623.250821096883              0.0004304644276055657          51.5951766847055               358.3181407114304              246.7811703266143              
26580                          6410.787617075376              -1147.203493059395             -1209.174623322755             1.946217876368738              4.630636698179962              5.911278200517773              6623.693186504262              0.0003276428331428669          51.5966763428133               358.3176074782696              246.4843800037006              
26640                          6511.624035187585              -866.7595056444868             -851.7943391558161             1.413604867817018              4.713645407679151              5.996475618914243              6624.02425081487               0.0002238933897319559          51.59780431081692              358.3173126401448              246.2572608059445              
26700                          6580.279815117809              -582.0319640560186             -490.1920866804871             0.8739738351460318             4.773362193075666              6.051951368036639              6624.236993188724              0.0001202238431067898          51.59853808604818              358.3171873975358              246.1053280943797              
26760                          6616.414104965388              -294.4279362953914             -126.1602922566056             0.3300040370886384             4.809488205418649              6.077426252970222              6624.326874301694              2.78818493106867e-05           51.59886298593651              358.31715961438                246.0321888250446              
26820                          6619.847555140883              -5.368884198725759             238.4963814070068              -0.2156027137083768            4.821842891646974              6.07277200004679               6624.291932620145              9.623081340540043e-05          51.59877243714116              358.3171552526032              246.0394645595288              
26880                          6590.563247702768              283.7164802886934              601.9701329791303              -0.7601362329131925            4.810365001382113              6.038012005888025              6624.132819102589              0.0001995260603055348          51.59826810221439              358.3170998434423              246.1267562319272              
26940                          6528.70677246123               571.3993528129629              962.4591063126504              -1.300892152230157             4.775112880642342              5.973321179595064              6623.852770025717              0.0003034345471150158          51.59735984146516              358.3169199659113              246.2916515200814              
27000                          6434.585451850919              856.2580129714935              1318.176465869816              -1.835186084700716             4.716264055420667              5.879024882878371              6623.457519589046              0.0004066590813431552          51.5960655110817               358.31654470271                246.5297747628165              
27060                          6308.666722766065              1136.884939596726              1667.359363079447              -2.360367582706819             4.634114114988627              5.755596987553035              6622.955155808826              0.0005085514133356015          51.59441060195687              358.3159070444348              246.8348783848378              
27120                          6151.575687748341              1411.893845645438              2008.277769296549              -2.873833822067121             4.529074914681897              5.603657077994146              6622.355924845462              0.0006084641333685554          51.59242772688714              358.3149452140939              247.1989740161034              
27180                          5964.091856632966              1679.926583735015              2339.243113993563              -3.373042895724127             4.40167212725215               5.423966839824947              6621.671990279723              0.0007056560396269645          51.59015596685052              358.3136038856526              247.6125004503729              
27240                          5747.145104392794              1939.659886240561              2658.616683236637              -3.855526631980365             4.252542178664633              5.217425683596357              6620.917154938385              0.0007992714388880846          51.58764008996548              358.3118352726019              248.0645249952531              
27300                          5501.810876102727              2189.811904099749              2964.81773400899               -4.318902860573457             4.082428609823562              4.985065659007465              6620.106553493899              0.00088834312864514            51.58492965915422              358.309600065249               248.5429739305355              
27360                          5229.304674127255              2429.148511218887              3256.331283586618              -4.760887063012842             3.892177909311947              4.728045719307711              6619.256323830419              0.0009718083222324875          51.5820780466488               358.3068681985039              249.034887265796               
27420                          4930.97586604382               2656.489344160538              3531.715536840542              -5.179303357136734             3.682734864722883              4.447645398250519              6618.383266595035              0.001048533305035161           51.57914137545582              358.3036194356054              249.5266925034102              
27480                          4608.300853704344              2870.713550117208              3789.608918632179              -5.572094779039269             3.455137479738658              4.145257960923744              6617.504501026294              0.001117344169821082           51.57617740901184              358.2998437568747              250.0044917516907              
27540                          4262.875652709456              3070.765214781078              4028.736677074834              -5.937332829178619             3.210511507997096              3.822383094568978              6616.63712441525               0.001177061552485014           51.57324441118105              358.2955415465757              250.4543563198604              
27600                          3896.407904723119              3255.658461373309              4247.917047226818              -6.273226290466873             2.950064632830483              3.480619176240807              6615.797881972572              0.001226537654707631           51.57039999895282              358.2907235746782              250.8626228830908              
27660                          3510.708410755334              3424.482175980899              4446.066921767734              -6.578129263672887             2.675080364913977              3.121655210788676              6615.002853060109              0.001264694204317493           51.56770001069366              358.2854107751546              251.2161851608571              
27720                          3107.682172081546              3576.404375149774              4622.207048049624              -6.850548478502362             2.386911654209659              2.74726243279732               6614.267158474157              0.001290560437249802           51.56519741146931              358.2796338251579              251.5027755125675              
27780                          2689.319058705309              3710.676165255379              4775.466692257645              -7.089149818595001             2.086974303452772              2.359285685442302              6613.604692784822              0.001303310635215956           51.56294125703801              358.2734325349268              251.7112307261459              
27840                          2257.684051289733              3826.635321594345              4905.087803685579              -7.292764139740609             1.776740142738758              1.959634522556723              6613.027884441788              0.001302301335906927           51.56097573564318              358.2668550595151              251.831736973395               
27900                          1814.907203340544              3923.70943545991               5010.42861936508               -7.460392315520056             1.457730064855896              1.550274162663684              6612.5474859463                0.001287109051728209           51.55933930638624              358.2599569495342              251.8560490560767              
27960                          1363.173310684221              4001.4186445857                5090.966727845564              -7.591209562847871             1.131506904017888              1.133216271429209              6612.17239541342               0.001257570422451386           51.55806394994909              358.2528000588385              251.7776798043942              
28020                          904.7113316935995              4059.377934419664              5146.301577882917              -7.684569045802839             0.7996681782012859             0.710509598464104              6611.90951050568               0.001213828450750505           51.55717454570088              358.245451330396               251.5920559194756              
28080                          441.7836227310286              4097.298998241396              5176.156419330059              -7.740004754004569             0.4638387285244891             0.284230511183767              6611.763615411272              0.001156391486065295           51.55668838683169              358.2379814841246              251.2966372401597              
28140                          -23.32497980677768             4114.991653312159              5180.379673841316              -7.75723366369265              0.1256632637115353             -0.1435265641095233            6611.737301334429              0.001086217138613278           51.55661484243652              358.2304636316966              250.8909970790137              
28200                          -488.3181855551359             4112.364807277396              5158.945729813215              -7.736157180064452             -0.2132011734725415            -0.5706587722304358            6611.830920945671              0.00100484369973586            51.55695517283601              358.2229718448073              250.3768619712864              
28260                          -950.8993418834659             4089.426970529722              5111.955157772477              -7.676861857488355             -0.5510928036694134            -0.9950645119029936            6612.042577275059              0.0009146112240470737          51.55770250162084              358.2155797041867              249.7581099158306              
28320                          -1408.782543104341             4046.286311479167              5039.634344224671              -7.579619391980485             -0.8863527542704828            -1.414653148106802             6612.368147590097              0.000819049040826974           51.55884194505898              358.2083588570753              249.0407269296038              
28380                          -1859.703725651198             3983.150251472061              4942.334541089329              -7.444885874541541             -1.217332742651144             -1.827354745647236             6612.80134284341               0.0007235525150750693          51.56035089668612              358.2013776104992              248.2327224673672              
28440                          -2301.43168633015              3900.324598908544              4820.530332634297              -7.273300295485783             -1.542402769769636             -2.231129785964049             6613.333803210685              0.0006364502239634038          51.56219946201481              358.1946995876027              247.3440050391655              
28500                          -2731.778994751935             3798.212220916282              4674.817519010759              -7.065682281672883             -1.859958818340689             -2.623978858835414             6613.955230065721              0.0005700756600215194          51.56435103559584              358.1883824726846              246.3862200435742              
28560                          -3148.612736842314             3677.311256110554              4505.910423375241              -6.823029054885782             -2.168430523050414             -3.003952287091283             6614.65355436057               0.0005396446534019991          51.56676300990071              358.1824768696049              245.3725526010203              
28620                          -3549.865077321446             3538.212860849116              4314.638613575487              -6.546511572562312             -2.46628881565587              -3.36915968603947              6615.415140895158              0.0005563709877441212          51.56938760322008              358.1770252955001              244.317498684698               
28680                          -3933.543529757844             3381.598509245321              4101.943068442724              -6.237469864384237             -2.752053471563844             -3.717779365057158             6616.225027054609              0.0006190010174054534          51.57217279088967              358.1720613307902              243.2366088408371              
28740                          -4297.740943384448             3208.236837839388              3868.871776978781              -5.897407515718371             -3.024300570092007             -4.048067584426434             6617.067193845001              0.0007157466857976939          51.57506332268634              358.1676089418822              242.1462089154656              
28800                          -4640.645134008731             3018.980045073196              3616.574786245373              -5.527985286205374             -3.281669816301795             -4.358367600719587             6617.924865858802              0.0008331053706545983          51.5780018070166               358.1636819910147              241.0631029245906              
28860                          -4960.548099154596             2814.759859395234              3346.298717937646              -5.131013857643853             -3.522871677087202             -4.6471184402985               6618.780835303031              0.0009604671510474058          51.58092984095124              358.1602839440308              240.0042638526647              
28920                          -5255.854773701654             2596.583084976356              3059.380766905373              -4.708445696829707             -3.746694291661929             -4.912863349581172             6619.617804452946              0.001090282178714151           51.58378916419184              358.1574077827506              238.9865180513962              
28980                          -5525.09127077879              2365.526740880359              2757.24220402606               -4.262366035360258             -3.952010103647975             -5.154257855059444             6620.418740633767              0.001217103286056373           51.58652281435681              358.1550361247274              238.0262295212833              
29040                          -5766.912553766861             2122.732813590503              2441.381410940034              -3.794982979815106             -4.137782158039184             -5.370077361511624             6621.16723548482               0.001336809586483343           51.58907626057815              358.1531415491962              237.1389903048821              
29100                          -5980.109497098099             1869.40263452161               2113.366463285975              -3.308616755726103             -4.303070011445292             -5.559224222927445             6621.847859396335              0.001446146005004868           51.59139849262704              358.1516871238239              236.3393232124663              
29160                          -6163.615259262578             1606.790936425554              1774.827333800252              -2.805688177088783             -4.447035174059129             -5.720734186337316             6622.446500200267              0.00154247558975796            51.5934430427949               358.1506271230858              235.6404031012407              
29220                          -6316.510961857103             1336.199574483063              1427.447697954156              -2.288706311867938             -4.568946055296754             -5.853782171659663             6622.950680024372              0.001623652915793829           51.59516892045033              358.1499079240583              235.0538023686959              
29280                          -6438.030596066505             1058.970978499562              1072.956429402616              -1.760255476679398             -4.668182327288924             -5.957687284142314             6623.34984000562               0.001687962599072911           51.59654143939071              358.1494690627788              234.5892661857361              
29340                          -6527.565128515939             776.4813692794675              713.1188284760022              -1.222981638619786             -4.744238659382713             -6.031917003047391             6623.635583823611              0.00173409178850437            51.59753292065082              358.1492444304425              234.2545222527197              
29400                          -6584.665781223615             490.1337618702817              349.7276137592707              -0.6795782915624541            -4.796727781507054             -6.076090495801436             6623.801872678824              0.001761119557264522           51.59812325602061              358.149163585664               234.0551292264754              
29460                          -6609.046450821243             201.3507984862075              -15.40626742244579             -0.1327719204709785            -4.825382829861912             -6.08998100319908              6623.845165549844              0.001768513708273473           51.5983003201332               358.1491531565882              233.99436710384                
29520                          -6600.585243085642             -88.43251715112045             -380.4629177370064             0.4146927720304614             -4.830058939770547             -6.073517258165579             6623.764500243597              0.001756129791629215           51.59806022215498              358.1491383045698              234.0731720846024              
29580                          -6559.325119001922             -377.7761727739317             -743.6228429650963             0.9600678131811539             -4.810734072963328             -6.026783924477527             6623.561512690728              0.001724209742275506           51.59740739158023              358.1490442197459              234.2901172864531              
29640                          -6485.473642053046             -665.2425216052429             -1103.076295120381             1.500616911754666              -4.767509065703765             -5.950021045156751             6623.240393934552              0.0016733793705133             51.59635449598379              358.1487976180932              234.6414398045863              
29700                          -6379.401831362296             -949.40363703473               -1457.032554309134             2.033630293425865              -4.700606902228698             -5.843622511106799             6622.807786325315              0.001604645546690092           51.59492219212937              358.148328209435               235.1211135039002              
29760                          -6241.642131481269             -1228.848600645969             -1803.72908968606              2.556439289245403              -4.610371228222846             -5.708133574008662             6622.272622437639              0.001519395767387419           51.59313871542553              358.1475701064224              235.7209659749187              
29820                          -6072.885517315234             -1502.190678875102             -2141.440543424547             3.066430556541313              -4.497264130227672             -5.544247441256717             6621.645912011592              0.001419405441068576           51.59103931604426              358.1464631457151              236.4308370804029              
29880                          -5873.97775961588              -1768.074345280694             -2468.487484060716             3.561059821680925              -4.361863216608241             -5.352801002657415             6620.94048377133               0.001306862678784819           51.58866555328424              358.1449540943992              237.2387756478292              
29940                          -5645.914882731607             -2025.182107794854             -2783.24487885971              4.037865046930554              -4.204858043836523             -5.134769748418337             6620.170690176983              0.001184428481320297           51.58606446270299              358.1429977170844              238.1312700703475              
30000                          -5389.83785272131              -2272.241102272683             -3084.150237593871             4.494478936509198              -4.027045938793385             -4.891261946250966             6619.352083993257              0.001055365549103169           51.5832876131799               358.1405576820461              239.0935078821576              
30060                          -5107.026531433494             -2508.029423199647             -3369.711392074868             4.928640724105875              -3.829327267142237             -4.623512143516626             6618.501075958157              0.0009237974167926337          51.58039007324368              358.1376072880798              240.1096588631099              
30120                          -4798.892959401103             -2731.382144375723             -3638.513854191928             5.338207160131462              -3.61270021654175              -4.332874085019377             6617.63458292923               0.0007952051327161939          51.57742930804699              358.1341299977224              241.1631757472933              
30180                          -4466.97398160768              -2941.197030594727             -3889.227753987639             5.721162714349505              -3.378255127891298             -4.020813088115444             6616.769675376555              0.0006772953591295032          51.57446402917746              358.130119765999               242.2371064135114              
30240                          -4112.92331417676              -3136.439877310437             -4120.614282092549             6.075628899018001              -3.127168463972936             -3.688897992366429             6615.923232659871              0.0005811231295549105          51.57155302115933              358.1255811589484              243.3144112747714              
30300                          -3738.503055949478             -3316.14949343531              -4331.531655506064             6.39987276718191               -2.860696435496903             -3.338792707170178             6615.11161331606               0.0005209455536288268          51.56875396788799              358.1205292594777              244.378279534315               
30360                          -3345.574724527038             -3479.442287129247             -4520.94055917443              6.692314543323032              -2.580168353596148             -2.97224744679973              6614.350346685636              0.00050877903496651            51.56612230283136              358.1149893632323              245.4124382311284              
30420                          -2936.089859756156             -3625.516446140566             -4687.909054304812             6.951534404300082              -2.286979747916921             -2.591089701992858             6613.65385088479               0.0005444241211182981          51.5637101058093               358.1089964709889              246.4014481044069              
30480                          -2512.080229401785             -3753.655704056837             -4831.61694377614              7.176278428460365              -1.98258527908645              -2.197214984136902             6613.035180898665              0.0006146869821920498          51.5615650680846               358.1025945879672              247.3309807814212              
30540                          -2075.647740419432             -3863.232664113772             -4951.359563077763             7.365463695603066              -1.668491519532042             -1.79257743663682              6612.505809502485              0.0007035962381964163          51.55972954635414              358.0958358452411              248.1880720463078              
30600                          -1628.954032461165             -3953.711698117054             -5046.551017789297             7.518182600004682              -1.346249582112639             -1.379180285340863             6612.075442430011              0.0007990487169291492          51.5582397236231               358.0887794600571              248.9613467705294              
30660                          -1174.209854386309             -4024.651394317964             -5116.726838742356             7.633706358240468              -1.017447661671878             -0.9590662114211216            6611.751868532207              0.0008931916009436862          51.55712489348417              358.081490556701               249.6412113679253              
30720                          -713.6642429852503             -4075.706557435142             -5161.546059609984             7.711487741984917              -0.6837034935237649            -0.5343076508976496            6611.540844821681              0.0009810462181671818          51.55640688140358              358.0740388710208              250.2200104731119              
30780                          -249.5935703040137             -4106.629752672355             -5180.792709384668             7.751163042363481              -0.3466567647233283            -0.1069970661835921            6611.446015874083              0.001059394362398276           51.55609961412846              358.0664973645943              250.6921451285771              
30840                          215.7094995029888              -4117.272394036824             -5174.376721818371             7.75255328301923               -0.007961494135524154          0.3207627904852756             6611.468866763119              0.001126121657175969           51.55620884533944              358.0589407758295              251.0541505480232              
30900                          679.9471241855492              -4107.585375767208             -5142.334261121878             7.71566469097552               0.3307216193737639             0.7468686226160461             6611.608708680206              0.001179855012211947           51.55673204274616              358.0514441360864              251.3047322361672              
30960                          1140.827386322563              -4077.619243364307             -5084.827462978073             7.640688428128237              0.6677328366246871             1.169226288221208              6611.862696522224              0.00121975979052818            51.55765843878023              358.0440812805684              251.44476003403                
31020                          1596.075362558861              -4027.523907141876             -5002.143595524934             7.527999591577689              1.001421004987721              1.58576045089037               6612.22587789662               0.001245420407252201           51.55896924387091              358.0369233828649              251.4772202955128              
31080                          2043.444111993473              -3957.547898979924             -4894.69364321084              7.378155483486261              1.330151153848474              1.994424159387901              6612.691273218171              0.00125676430298149            51.56063801825641              358.0300375419742              251.4071274025027              
31140                          2480.725538313555              -3868.037174729014             -4763.010318601625             7.191893150130225              1.65231204087119               2.393208332922103              6613.249986654325              0.001254008368734904           51.56263119525334              358.0234854496458              251.241396282373               
31200                          2905.761082286248              -3759.433465738928             -4607.74550844882              6.970126187490759              1.966323631893924              2.780151129921491              6613.891347698996              0.001237616693174571           51.56490874599727              358.0173221643706              250.9886785155213              
31260                          3316.452200470188              -3632.272184054846             -4429.667161734295             6.713940808732612              2.270644495473477              3.153347175760648              6614.603083009963              0.001208263593343855           51.56742497290649              358.0115950163982              250.6591652049565              
31320                          3710.770585680962              -3487.179887018942             -4229.655628953096             6.424591167399392              2.563779091146547              3.510956622329696              6615.371517864206              0.001166798630438385           51.57012941655439              358.0063426657103              250.2643604273362              
31380                          4086.768085099878              -3324.871307991233             -4008.699463138712             6.103493928582219              2.844284928552445              3.851214009828392              6616.181806133997              0.001114211874140706           51.57296785832181              358.001594331993               249.8168296814056              
31440                          4442.58626666446               -3146.145963552428             -3767.890697992361             5.752222084577541              3.110779567965866              4.172436893004484              6617.018187047441              0.0010515986465967             51.57588339914292              357.9973692124053              249.3299282318339              
31500                          4776.465597752836              -2951.884343170787             -3508.419612404146             5.372498000691317              3.3619474396331                4.473034202213634              6617.864266235282              0.0009801236421032851          51.57881759309362              357.993676099098               248.817514695239               
31560                          5086.754174913071              -2743.043700773812             -3231.569008751099             4.966185702159458              3.596546436889533              4.751514282466182              6618.70331758437               0.000900984843784015           51.58171161310818              357.9905132047979              248.2936554921998              
31620                          5371.915978889262              -2520.653451468838             -2938.708010424315             4.535282381296098              3.813414260823948              5.006492581011017              6619.518601492372              0.0008153781091838804          51.58450742557401              357.9878682001424              247.7723261996061              
31680                          5630.538586585943              -2285.810203065575             -2631.285419221123             4.081909156951252              4.011474458284301              5.236698910906399              6620.293693986308              0.0007244637534503711          51.58714894985939              357.9857184626177              247.2671155881972              
31740                          5861.340311830585              -2039.672431765252             -2310.822645938659             3.608301081350545              4.189742121409492              5.440984249741169              6621.012820281921              0.0006293369584241679          51.58958317929255              357.9840315321679              246.7909386611855              
31800                          6063.176723494478              -1783.454828125279             -1978.906249662134             3.116796426235535              4.347329195769798              5.618327007672508              6621.661185461605              0.0005310046335996359          51.59176124062808              357.9827657644581              246.3557643485201              
31860                          6235.046499960527              -1518.422337472202             -1637.180118375107             2.609825281752287              4.483449349022936              5.767838705127562              6622.225294308856              0.0004303732608416479          51.59363937024644              357.9818711685655              245.9723636302242              
31920                          6376.09658005177               -1245.883922618848             -1287.337328140702             2.089897515161003              4.59742235057721               5.888768999377703              6622.69325195509               0.000328259168213149           51.59517978702932              357.9812904119984              245.6500833054852              
31980                          6485.626573743564              -967.1860796865471             -931.1117216995414             1.559590149331639              4.688677913876409              5.980510001229082              6623.055036923034              0.0002254681944033676          51.59635144398752              357.9809599723858              245.3966501545374              
32040                          6563.092400263009              -683.7061393011118             -570.2692490139166             1.021534231401063              4.756758956002449              6.042599827480586              6623.302738430216              0.0001232941396458439          51.59713064327237              357.9808114121392              245.2180096220163              
32100                          6608.109123979589              -396.8453950794166             -206.5991243467245             0.4784012877455862             4.801324232145757              6.074725339612164              6623.430750453766              3.414054574331822e-05          51.59750150209651              357.980772749813               245.1182024089612              
32160                          6620.45296902013               -108.022092362072              158.09515728713                -0.06711054885817894           4.822150312917368              6.076724031942911              6623.43591606861               9.33879519838264e-05           51.59745626032966              357.9807698999091              245.0992815418458              
32220                          6600.062494266356              181.335689434679               522.0049009561925              -0.6122906473092855            4.819132876443128              6.048585037867634              6623.317616866285              0.00019391853439248            51.59699542385117              357.9807281515741              245.1612716235695              
32280                          6547.038915675688              469.7972056359115              883.3253192889055              -1.154430083514937             4.792287294482972              5.990449234106089              6623.07780385825               0.000295491040533069           51.5961277412855               357.9805736559162              245.3021710313596              
32340                          6461.645578514283              755.9362198201276              1240.264607659591              -1.690835819594176             4.741748508569655              5.902608443471289              6622.720968065204              0.000396349910044968           51.59487001531779              357.9802348916846              245.5179969078326              
32400                          6344.306582150761              1038.338157986957              1591.052956447241              -2.218844775456115             4.667770198439472              5.785503742801207              6622.254050888837              0.0004958367818438884          51.59324675322729              357.9796440797199              245.8028718088726              
32460                          6195.604564989904              1315.607194202089              1933.951438265406              -2.735837665730095             4.570723252900862              5.639722894734359              6621.686296284945              0.0005933726677628527          51.59128966460001              357.978738517852               246.1491501143028              
32520                          6016.277670706437              1586.373218727034              2267.260708918499              -3.239252479707194             4.451093568156919              5.465996940636948              6621.029048633986              0.0006883075779397726          51.58903701732681              357.9774618098254              246.5475812776722              
32580                          5807.215718177766              1849.298656278855              2589.329481892388              -3.726597519046379             4.309479204467276              5.265195997819569              6620.295501927462              0.0007798799882365236          51.58653286584529              357.9757649642787              246.9875064454445              
32640                          5569.455604728516              2103.08509540464               2898.562728136991              -4.195463902842582             4.146586940366658              5.038324314963732              6619.50040736943               0.0008672085280427218          51.58382616800492              357.9736073426982              247.4570841814448              
32700                          5304.175976942961              2346.479694143535              3193.429558413744              -4.643537465717255             3.963228269208378              4.786514645996985              6618.659747064206              0.0009493005054732239          51.58096980895935              357.9709574385065              247.9435405548256              
32760                          5012.691207336811              2578.28132996966               3472.470749247579              -5.068609989019854             3.760314887098624              4.511022007510728              6617.790383378564              0.001025072079338272           51.57801955230712              357.9677934731922              248.4334384143249              
32820                          4696.444720361496              2797.346463715155              3734.305875941487              -5.46858971726621              3.538853724613978              4.213216888483516              6616.909693762637              0.001093377035984294           51.57503293981334              357.9641037992482              248.9129603490492              
32880                          4357.001700320855              3002.594699028866              3977.640030596081              -5.841511141656534             3.299941565343935              3.894577967907966              6616.035200139013              0.001153041746927792           51.57206816151763              357.9598871033955              249.368199688598               
32940                          3996.041251203781              3193.013997225644              4201.270077448363              -6.185544000245805             3.044759318018306              3.55668442736078               6615.184202239717              0.001202904140705877           51.56918291867695              357.955152408043               249.7854537843114              
33000                          3615.348029806811              3367.665546418388              4404.090444887988              -6.499001521474105             2.774565971414531              3.201207894615955              6614.37342347777               0.001241854830566974           51.56643330127156              357.9499188722983              250.1515138379382              
33060                          3216.803401112612              3525.688261427395              4585.098426549298              -6.780347900505408             2.490692276052579              2.829904074786217              6613.618677133879              0.001268878910740475           51.56387270147735              357.9442153979387              250.4539458212621              
33120                          2802.376178834844              3666.302891999119              4743.398965856906              -7.028205002359939             2.194534202167219              2.444604132170851              6612.934559577479              0.00128309740775024            51.56155078350253              357.9380800495291              250.6813570270187              
33180                          2374.112989236187              3788.815732759111              4878.208917340027              -7.241358314906917             1.887546201216354              2.047205856576261              6612.334175951402              0.001283807973695853           51.55951252862205              357.9315593009057              250.8236432490312              
33240                          1934.128285760966              3892.621928180996              4988.860777386323              -7.41876217246856              1.571234285891224              1.639664632421895              6611.828902475267              0.00127052518209007            51.55779737257816              357.9247071230479              250.8722120245166              
33300                          1484.5940823292                3977.208354141822              5074.80586421089               -7.559544247266372             1.247148968331607              1.223984261218523              6611.42818834771               0.001243021881474984           51.55643845082683              357.9175839315517              250.8201775951729              
33360                          1027.729436144041              4042.156072686615              5135.616944122995              -7.663009328402282             0.9168780663689151             0.8022076492270884             6611.139398956216              0.001201374770617259           51.5554619648138               357.9102554137151              250.6625239733457              
33420                          565.7897249925281              4087.142351651656              5170.990295567713              -7.7286423940036               0.5820393949379385             0.3764073819489967             6610.967701104626              0.001146020229091663           51.55488668031234              357.9027912572778              250.396232900036               
33480                          101.0557613318534              4111.942242663352              5180.74720466795               -7.756110979706936             0.2442733559372868             -0.05132379768570244           6610.915990071509              0.00107783161056178            51.5547235665144               357.8952638043472              250.0203741393261              
33540                          -364.1772145978306             4116.429711786545              5164.834886959726              -7.745266841974314             -0.09476456133975497           -0.4788825918366795            6610.984857626576              0.0009982389106987801          51.55497558215922              357.8877466551524              249.5361561691725              
33600                          -827.6106213970768             4100.578317743732              5123.326830797445              -7.696146909838197             -0.4334113581639512            -0.9041648165374606            6611.172599638623              0.0009094301821698053          51.55563761253467              357.8803132470192              248.9469360060366              
33660                          -1286.953655769108             4064.46143345873               5056.422559240298              -7.608973514667817             -0.7700041670386372            -1.325075116267875             6611.47526159189               0.0008147077951333946          51.55669655869806              357.8730354344496              248.2581876031863              
33720                          -1739.934399339399             4008.252008548399              4964.44680951028               -7.48415388560706              -1.102887939839166             -1.739536704302861             6611.886720162885              0.0007191228371397776          51.55813157774542              357.8659820961996              247.4774289971201              
33780                          -2184.310893491983             3932.221866749316              4847.84812334862               -7.322278885569523             -1.430423185510902             -2.145501130094404             6612.398798995755              0.0006305197424376981          51.55991447056304              357.8592177945532              246.6141090653773              
33840                          -2617.882088009356             3836.74054159624               4707.196856853601              -7.124120979125457             -1.750993702634529             -2.540958004002968             6613.001416759324              0.0005607475027896193          51.56201021077622              357.8528015124878              245.6794556355517              
33900                          -3038.498658136954             3722.273647083045              4543.182605961924              -6.890631403906308             -2.063014314985779             -2.923944688059891             6613.682765660968              0.0005251058012774428          51.56437760635927              357.8467854919893              244.6862873028167              
33960                          -3444.073632118394             3589.380783019116              4356.611049956869              -6.622936522003629             -2.364938577175902             -3.292555909812831             6614.429518544678              0.000536071042145148           51.56697008286235              357.8412141961991              243.6487920645031              
34020                          -3832.592762566145             3438.712983023152              4148.400226196872              -6.32233334146573              -2.655266407910039             -3.644953244849068             6615.227062556003              0.0005939588799458402          51.5697365747321               357.8361234163442              242.5822767541886              
34080                          -4202.124607412205             3271.009707147137              3919.576240267217              -5.990284183890665             -2.932551629209894             -3.979374439161101             6616.059757174193              0.0006874680800117104          51.57262250914148              357.8315395416805              241.5028916698593              
34140                          -4550.830272225501             3087.09538271146               3671.268418435501              -5.628410476937532             -3.195409376417783             -4.294142525522179             6616.911214036822              0.0008028012529730271          51.575570864655                357.8274790082777              240.427335439771               
34200                          -4876.972746594242             2887.875508318418              3404.703924577346              -5.238485672925284             -3.442523325874056             -4.587674666408398             6617.764595248861              0.0009290112582308565          51.57852328501279              357.8239479396726              239.3725459615061              
34260                          -5178.925791053658             2674.332329969661              3121.20185503906               -4.822427283382146             -3.672652701171362             -4.858490673126307             6618.602926098602              0.001058366061769549           51.58142122690607              357.8209419886599              238.3553832074731              
34320                          -5455.182319684609             2447.520104721992              2822.16683367772               -4.382288034916006             -3.884639007104927             -5.105221136668778             6619.40941872503               0.001185345142342794           51.58420711948142              357.8184463856805              237.3923103539719              
34380                          -5704.362224984818             2208.559970842205              2509.082133731914              -3.920246161178225             -4.0774124377164               -5.326615102788496             6620.167801391113              0.00130580247876748            51.58682551246946              357.8164361953253              236.4990796866032              
34440                          -5925.219599761648             1958.634439513741              2183.502347901971              -3.438594842396927             -4.24999790773019              -5.521547227260641             6620.862647004148              0.001416469936671922           51.58922418954049              357.8148767782038              235.6904297703149              
34500                          -6116.649291028185             1698.981547919943              1847.045660229022              -2.939730856901532             -4.40152063792525              -5.689024326076921             6621.479692138169              0.001514690976561239           51.59135522313385              357.8137244513629              234.9798003394963              
34560                          -6277.692761142644             1430.888679286245              1501.385728320464              -2.426142450721637             -4.531211255181129             -5.828191270864958             6622.006141887729              0.001598284893384209           51.59317594891576              357.8129273352014              234.3790708754295              
34620                          -6407.543191326688             1155.686104033689              1148.243247636914              -1.900396531316084             -4.63841033459044              -5.938336142431464             6622.430952836148              0.001665481437386155           51.59464983856517              357.812426371296               233.8983286683097              
34680                          -6505.549802993048             874.7402587565995              789.3772204775003              -1.365125226770743             -4.722572341603482             -6.018894590842934             6622.74508541659               0.001714892557194084           51.59574725163292              357.8121564914086              233.5456712276009              
34740                          -6571.221354034074             589.4468108689733              426.5759924478594              -0.8230119198524595            -4.783268918645364             -6.069453336737201             6622.941718291446              0.001745503181126917           51.59644604954939              357.8120479143413              233.32704750823                
34800                          -6604.228783527104             301.2235521943273              61.64811268312101              -0.2767768646667138            -4.82019147478563              -6.089752766413958             6623.016417864048              0.001756670983912989           51.59673205785232              357.8120275441241              233.246141321687               
34860                          -6604.406985393508             11.50313823907985              -303.5869596713561             0.2708375498923824             -4.833153046574395             -6.079688583265942             6622.967256930717              0.001748129503102295           51.59659936597151              357.8120204405459              233.3042994536727              
34920                          -6571.755688720767             -278.2742268604352             -667.3081751189108             0.8170816625812248             -4.822089396611719             -6.039312484105213             6622.794877694997              0.001719991583174037           51.59605045740001              357.8119513311941              233.5005059930591              
34980                          -6506.439445986519             -566.6681795014973             -1027.702264119689             1.359213524281104              -4.787059343999394             -5.968831853103801             6622.502495941229              0.0016727519228371             51.59509616707076              357.8117461330896              233.8314032828357              
35040                          -6408.786722684311             -852.2455676425125             -1382.973040953726             1.894513786608694              -4.728244315845342             -5.868608470169352             6622.095844844932              0.001607289031393528           51.59375546643031              357.8113334516767              234.2913588761739              
35100                          -6279.288099109203             -1133.587774582346             -1731.350604467787             2.420300397132574              -4.645947130340719             -5.739156251853553             6621.583058834727              0.001524868655197091           51.59205508078163              357.8106460254224              234.8725768559671              
35160                          -6118.593599555051             -1409.297947111309             -2071.100374972545             2.933942969999193              -4.540590030217373             -5.581138055047812             6620.974499820427              0.001427153238795889           51.59002894711713              357.8096220855086              235.5652508878775              
35220                          -5927.509171988096             -1678.008083908899             -2400.531912314421             3.432876713916037              -4.412711996722754             -5.395361587486749             6620.28253000452               0.001316226190742758           51.58771752425433              357.8082066020878              236.3577555099819              
35280                          -5706.992348029318             -1938.38594216966              -2718.00746315091              3.914615810425199              -4.262965383953533             -5.182774480874563             6619.52123723852               0.001194647426968717           51.58516697029005              357.8063523912022              237.2368713939695              
35340                          -5458.147121317184             -2189.141721015245             -3021.950186612249             4.376766145138344              -4.09211192304361              -4.94445859423586              6618.70612041565               0.001065571452388887           51.58242820522528              357.8040210597256              238.1880396461247              
35400                          -5182.218070692315             -2429.034499133381             -3310.852030795954             4.817037339080263              -3.901018140358475             -4.681623606233015             6617.853743562339              0.0009329876454037825          51.5795558787816               357.801183769225               239.1956397886297              
35460                          -4880.583814546481             -2656.878354718801             -3583.281173272627             5.233253946681189              -3.690650276365156             -4.395600012867414             6616.981368338158              0.0008021920486650771          51.5766072658535               357.7978218042729              240.2432854742619              
35520                          -4554.749780415871             -2871.548199643797             -3837.889064733476             5.623365888157697              -3.462068721131171             -4.087831547886636             6616.106574795959              0.0006806508784308835          51.5736411121698               357.7939269340609              241.3141321668754              
35580                          -4206.340402847201             -3071.985243522786             -4073.416974692193             5.985457979510891              -3.216422069589814             -3.759867163331275             6615.246880738258              0.0005792559895283675          51.5707164548317               357.7895015618962              242.3911904535971              
35640                          -3837.090754389882             -3257.202104908767             -4288.702060941277             6.317758618116835              -2.954940821947171             -3.41335259994398              6614.419369357317              0.0005127038633543276          51.56789144139246              357.7845586605492              243.4576390846278              
35700                          -3448.83770746859              -3426.28752157551              -4482.682906762641             6.618647569241297              -2.678930815411527             -3.050021659460424             6613.640334437115              0.0004946884026349794          51.565222171656                357.7791214968879              244.4971317085992              
35760                          -3043.510627851357             -3578.410673570981             -4654.404542975907             6.886662915218636              -2.389766400355981             -2.671687192806726             6612.924951181577              0.0005268641880870398          51.56276158467088              357.7732231522565              245.494091711279               
35820                          -2623.121693227988             -3712.825082359868             -4803.022913016855             7.120507140620204              -2.088883434267307             -2.280231898622614             6612.286979740842              0.0005961368874200772          51.56055841288473              357.7669058502019              246.4339898344388              
35880                          -2189.755866531631             -3828.872087272926             -4927.808783904211             7.319052395540711              -1.777772116481114             -1.87759895952781              6611.73850698779               0.0006855035416632405          51.55865622319041              357.7602201059057              247.3035995499222              
35940                          -1745.560578271989             -3925.983887893952             -5028.151091329053             7.481344954808622              -1.45796969898587              -1.465782560231566             6611.289730667348              0.0007819969352184928          51.55709256283865              357.7532237152632              248.0912258367052              
36000                          -1292.735164844016             -4003.686146026891             -5103.559713086852             7.60660889662285               -1.131053098851981             -1.046818318975952             6610.948788556137              0.0008773075348242693          51.55589822586294              357.7459806041724              248.786903353659               
36060                          -833.5201090086283             -4061.600141996279             -5153.667666459372             7.694249021371572              -0.7986314334190685            -0.6227736583233288            6610.721633833591              0.0009662511015000297          51.55509665323161              357.7385595609538              249.3825606462642              
36120                          -370.1861276009479             -4099.444481182429             -5178.232726567023             7.743853027712059              -0.4623384955592465            -0.1957381366271698            6610.611956573994              0.001045528778437868           51.55470347734981              357.7310328766562              249.8721475979319              
36180                          94.97684999706122              -4117.036347655004             -5177.138463869899             7.755192958373751              -0.1238251831711252            0.2321862422683887             6610.621150174597              0.001113008094957757           51.55472621885244              357.7234749194095              250.2517239684057              
36240                          559.6707611296334              -4114.29230261066              -5150.394700474471             7.728225923570899              0.2152480982626913             0.6588947174447071             6610.748320680327              0.001167331633990231           51.55516414087824              357.7159606700884              250.519507515146               
36300                          1021.600537981108              -4091.228625832889             -5098.137383432301             7.663094102507785              0.5532190725450593             1.082289472976065              6610.990336381778              0.001207699646128697           51.55600826328344              357.7085642464078              250.6758808734867              
36360                          1478.485162195179              -4047.961200214022             -5020.627881214737             7.560124026260151              0.8884311982463006             1.500289264166922              6611.341914656785              0.001233741806152238           51.55724153636523              357.7013574444996              250.7233570895178              
36420                          1928.068717863219              -3984.704936923844             -4918.251696733701             7.419825126216574              1.219241312603982              1.910839055045147              6611.795742874761              0.001245434735562404           51.55883917113822              357.6944083235796              250.6665043560861              
36480                          2368.131283173268              -3901.77274628317              -4791.516611329784             7.242887552574429              1.544027212751464              2.311919539465197              6612.342630027857              0.001243043185632468           51.56076912017287              357.6877798623244              250.5118312774921              
36540                          2796.499693332881              -3799.574053428793             -4641.050256990755             7.030179243237418              1.86119521167589               2.701556591778993              6612.971685835809              0.001227073471626813           51.56299270064869              357.6815287113719              250.2676347850347              
36600                          3211.058105170309              -3678.612861453607             -4467.597123742808             6.78274223198605               2.169187629261126              3.077830596167578              6613.67052412618               0.001198233162680648           51.56546534855831              357.6757040664994              249.9438132364376              
36660                          3609.758310886948              -3539.485368884203             -4272.015013595625             6.501788189605893              2.466490188525559              3.438885616246053              6614.42548742354               0.001157393872533109           51.56813749046852              357.6703466848403              249.5516484029749              
36720                          3990.629763049103              -3382.877146437618             -4055.270949287012             6.188693185848797              2.751639295265512              3.782938376455021              6615.221889821537              0.001105555547117392           51.57095551698539              357.6654880639186              249.103560210352               
36780                          4351.789261763432              -3209.559881315787             -3818.43655084201              5.84499166607661               3.023229168369093              4.108287013188331              6616.044275302071              0.001043811533236003           51.57386283985173              357.6611498007309              248.6128390375261              
36840                          4691.450256802681              -3020.387699008829             -3562.68289505811              5.472369639456249              3.279918786597888              4.41331955187193               6616.876688664687              0.0009733142743619656          51.57680101268597              357.6573431448976              248.093360753227               
36900                          5007.931717392665              -2816.293074716681             -3289.274875758597             5.072657080144675              3.520438614794828              4.696522062820826              6617.702956127287              0.0008952418747340386          51.57971089373655              357.6540687563602              247.5592901411819              
36960                          5299.666524545073              -2598.282347249037             -2999.565083525188             4.647819545421415              3.743597071361409              4.956486447392096              6618.506972444186              0.0008107660956469823          51.58253382777098              357.6513166742009              247.0247787215649              
37020                          5565.209329524079              -2367.430859828787             -2694.987238812739             4.199949038974714              3.948286687467464              5.191917792808257              6619.272991027861              0.0007210226596440113          51.58521282325883              357.6490664990794              246.503663185028               
37080                          5803.243854136313              -2124.877731975092             -2377.049185221883             3.731254110485553              4.133489930383996              5.401641259800278              6619.98591323654               0.0006270850827848268          51.58769370093976              357.6472877871031              246.0091707226475              
37140                          6012.58956338792               -1871.820303845265             -2047.325498943628             3.244049258309603              4.298284626398359              5.584608424476428              6620.631572405919              0.0005299438151170519          51.58992618958356              357.6459406488954              245.5536374881503              
37200                          6192.207694355183              -1609.508254051648             -1707.449716823786             2.740743627529236              4.441848957661617              5.739903041114702              6621.197007887336              0.0004304937357985062          51.59186494596897              357.6449765426733              245.1482463048123              
37260                          6341.206574050338              -1339.237447994381             -1359.106258765044             2.223829108497479              4.563465965919367              5.866746146152239              6621.670723797345              0.0003295375627803475          51.59347047688652              357.6443392461765              244.8027891511674              
37320                          6458.846214287995              -1062.343521755334             -1004.022051845925             1.695867845619246              4.662527537928979              5.964500471611015              6622.042927015944              0.0002278352096971671          51.59470994331931              357.643965987823               244.5254597825251              
37380                          6544.542139561067              -780.195245969753              -643.957914832713              1.159479247585636              4.738537821890342              6.032674108307383              6622.305738733399              0.0001264148328351221          51.59555782907381              357.6437887139454              244.3226808649397              
37440                          6597.868422394278              -494.1877026874708             -280.6997464632545             0.6173265736803586             4.791116038741157              6.070923376734638              6622.453373906042              3.300822704395591e-05          51.59599645910083              357.6437354656503              244.1989694781878              
37500                          6618.559903343194              -205.7353125512579             83.95043379765369              0.07210318443508587            4.819998655251631              6.07905486819937               6622.482283254472              8.470977839133933e-05          51.59601635608057              357.6437318362073              244.1568438579743              
37560                          6606.513578358602              83.73524857348951              448.1835418261777              -0.4734814468082414            4.825040891963836              6.057026627024315              6622.391252947641              0.0001841506745735381          51.59561642747818              357.6437024779493              244.1967733336578              
37620                          6561.789142474081              372.7922018671725              810.1925281674667              -1.016715856108036             4.806217546372502              6.004948454463424              6622.181457879513              0.0002841396701859606          51.59480397914812              357.6435726264871              244.3171724203457              
37680                          6484.608682918252              660.005853999613               1168.181478524682              -1.554900753464054             4.763623118784221              5.923081323239638              6621.856465436908              0.0003832060887114637          51.59359455551781              357.6432696096754              244.5144390097357              
37740                          6375.355530021726              943.9557505981568              1520.374625672442              -2.085363064731255             4.697471241694878              5.811835912470686              6621.422187899663              0.0004807931032709108          51.59201161049261              357.6427243092499              244.783035598175               
37800                          6234.572261019937              1223.237807760336              1865.025288467491              -2.605469843993568             4.608093412258802              5.671770262999138              6620.886782897522              0.0005763998924654319          51.59008601674527              357.6418725442263              245.1156115225922              
37860                          6062.957890082012              1496.471313065271              2200.424602413969              -3.112641823569215             4.495937053948945              5.50358659852336               6620.260502970345              0.000669457258712459           51.58785542520298              357.6406563473307              245.5031633172603              
37920                          5861.364240022247              1762.305823209817              2524.91007528923               -3.604366626279772             4.361562916579275              5.308127323174932              6619.555496613138              0.0007592897364367489          51.58536348909256              357.6390251081698              245.9352295066474              
37980                          5630.791556186255              2019.427853922036              2836.873839052721              -4.078211424655355             4.205641868769025              5.086370275527541              6618.785564969926              0.0008451036121375671          51.58265897063664              357.6369365605662              246.4001153261324              
38040                          5372.383360851944              2266.567385018967              3134.770626383657              -4.531835074886991             4.028951100493525              4.839423260332077              6617.965878988478              0.0009259897433495798          51.57979474983689              357.6343575947761              246.8851426561614              
38100                          5087.420605954953              2502.504110408247              3417.125386037335              -4.962999588044745             3.83236979453849               4.568517939974472              6617.112663846721              0.001000937713823265           51.57682675735445              357.6312648798724              247.3769195655905              
38160                          4777.315156870912              2726.073415496574              3682.540516316822              -5.369580907365012             3.616874310961554              4.275003143581557              6616.242858909689              0.001068859233377477           51.57381285444828              357.6276452859443              247.8616239998219              
38220                          4443.602651577689              2936.172052341109              3929.702681319532              -5.749578945778254             3.383532935931563              3.960337661593138              6615.373761056158              0.001128618933261017           51.5708116833819               357.6234961001244              248.3252957287805              
38280                          4087.934780501475              3131.763487941009              4157.389181090033              -6.101126855279469             3.133500245997858              3.626082592339664              6614.522660214085              0.001179070706705492           51.56788151185463              357.6188250350217              248.7541307606534              
38340                          3712.071033668608              3311.882904094142              4364.473850737704              -6.422499512388245             2.868011137389552              3.273893304653473              6613.706476072794              0.001219097817175421           51.56507909447429              357.6136500324599              249.1347724912785              
38400                          3317.869958502523              3475.641831636654              4549.932468979637              -6.712121217703313             2.588374564236471              2.9055110725859                6612.941404751617              0.001247655190507716           51.56245857324673              357.607998869409               249.4545940355001              
38460                          2907.280000832902              3622.232393185544              4712.847647198601              -6.968572596645854             2.295967046225345              2.522754459834724              6612.242583794507              0.001263812629394577           51.56007043780241              357.6019085771586              249.7019664564086              
38520                          2482.329905284525              3750.931168517629              4852.413215449262              -7.190596761519251             1.992225933052389              2.127510435217785              6611.623782961798              0.001266798165511544           51.55796056368185              357.5954246866373              249.8665080272594              
38580                          2045.118826614505              3861.102628830271              4967.938045634331              -7.37710467589954              1.678642532718386              1.721725357889867              6611.097127685307              0.001256041423961652           51.55616934607627              357.588600318177               249.9393098772935              
38640                          1597.806111524625              3952.202166058238              5058.84934263885               -7.52717980222407              1.356755069588483              1.30739578536889               6610.672860573473              0.001231217879850215           51.5547309429292               357.58149513359                249.9131340996164              
38700                          1142.600825243263              4023.778694347677              5124.695378475714              -7.640082023225649             1.028141514955454              0.8865591591308958             6610.359145398491              0.001192296435851146           51.5536726397571               357.5741741718871              249.7825806352193              
38760                          681.7510581967172              4075.476817913258              5165.147664028583              -7.715250853461131             0.6944123012866906             0.4612843812864732             6610.161916650994              0.001139595393665185           51.55301434592876              357.5667065908362              249.5442199181307              
38820                          217.5330802696571              4107.038556026085              5180.002550334386              -7.752307946196491             0.3572029515003607             0.03366232183131433            6610.084776527519              0.001073856636730972           51.55276822982093              357.559164338039               249.1966887944909              
38880                          -247.7596493190691             4118.304625525972              5169.182260333501              -7.751058909389762             0.018166609471315              -0.3942037615226015            6610.128939974641              0.0009963567605331151          51.55293849781384              357.5516207748402              248.7407477733414              
38940                          -711.8275561430604             4109.215272058686              5132.735343238207              -7.711494422475738             -0.3210335055132765            -0.8202078616955188            6610.293227394285              0.0009090910815428441          51.55352131999097              357.544149277488               248.1792983443383              
39000                          -1172.376070739909             4079.810646467466              5070.836549069079              -7.633790647104664             -0.6587317139563549            -1.242250910239731             6610.574103611219              0.0008150989761161444          51.55450490315727              357.5368218396202              247.517359657214               
39060                          -1627.126751904028             4030.230722446586              4983.786120775177              -7.51830891763751              -0.9932675502789982            -1.658250500608131             6610.965760933823              0.0007190526889030003          51.5558697096954               357.5297076999746              246.7620045790418              
39120                          -2073.828369333328             3960.714752296534              4872.008502327275              -7.365594692223484             -1.32299348289144              -2.066150629201123             6611.46024348384               0.0006282710051151265          51.557588818721                357.522872018807               245.922255800021               
39180                          -2510.267900590365             3871.600258494338              4736.050462349465              -7.17637574145954              -1.646282663918251             -2.463931432310136             6612.047609485968              0.0005540667419061848          51.55962842397087              357.5163746258641              245.0089433582252              
39240                          -2934.28139987466              3763.32155876073               4576.578632683918              -6.951559546933092             -1.961536691220087             -2.849618895445376             6612.716127858994              0.0005118391035695683          51.56194846086471              357.5102688618855              244.0345256747805              
39300                          -3343.764666239911             3636.407831442209              4394.37647442903               -6.692229897249299             -2.267193339709149             -3.221294479959472             6613.452505154112              0.0005156436702185562          51.56450335299851              357.5046005349593              243.0128769505536              
39360                          -3736.683721599649             3491.480707353816              4190.340653461609              -6.399642623935135             -2.561734276780574             -3.577104682354856             6614.242138855804              0.0005678896594211471          51.56724286677493              357.4994070105529              241.9590443078041              
39420                          -4111.084973557602             3329.251409580818              3965.476859366534              -6.075220491841887             -2.843692672242773             -3.915270413706263             6615.069392730667              0.0006579027883239449          51.57011306012981              357.4947164543585              240.8889789810273              
39480                          -4465.105051491715             3150.51744005362               3720.895066983016              -5.720547210535509             -3.1116606932812               -4.234096185119039             6615.917889975536              0.0007713501690460696          51.57305730989725              357.490547243445               239.8192464351423              
39540                          -4796.980271125689             2956.158813873219              3457.804244317831              -5.337360540039596             -3.364296846909117             -4.531979049993358             6616.770819728042              0.0008966864936233943          51.57601740037011              357.4869075594229              238.766720496099               
39600                          -5105.055637522049             2747.13387012245               3177.506548066027              -4.92754452103596              -3.600333094163856             -4.807417208675533             6617.611251859914              0.00102583260139803            51.57893465337568              357.4837951751222              237.7482678412516              
39660                          -5387.793374049                2524.4746530221                2881.390999824625              -4.493120793761765             -3.818581715804297             -5.059018247505204             6618.422456154301              0.001153105625059611           51.58175107940752              357.4811974419712              236.7804285793472              
39720                          -5643.780893950231             2289.281895977491              2570.926688748265              -4.036239050237343             -4.017941852521492             -5.285506916978863             6619.188221345427              0.001274292887992574           51.58441052750766              357.4790914825794              235.8790998686418              
39780                          -5871.738175579313             2042.719622918903              2247.655521147034              -3.55916663263767              -4.19740567340238              -5.485732390742769             6619.8931686133                0.001386103183692524           51.5868598110532               357.4774445886356              235.0592288823209              
39840                          -6070.524488881009             1786.009392171308              1913.184551958755              -3.06427731699234              -4.356064113554917             -5.658674932269055             6620.523052410236              0.001485873727244926           51.58904978573047              357.4762148203201              234.3345218170916              
39900                          -6239.144425682933             1520.424210400596              1569.177935716242              -2.554039332797692             -4.493112124860801             -5.803451900686445             6621.065044615477              0.001571420164709004           51.59093635668472              357.4753517984794              233.7171752301756              
39960                          -6376.753189788347             1247.282147480526              1217.348538634737              -2.03100268146194              -4.607853385499581             -5.919323030047924             6621.507997661749              0.001640963064576891           51.59248139265529              357.4747976763896              233.2176356361724              
40020                          -6482.661107099319             967.9396859580534              859.4492568276147              -1.49778582763865              -4.699704416113469             -6.005694919651826             6621.842679485205              0.001693094588238307           51.59365352578834              357.4744882738028              232.8443927495946              
40080                          -6556.337319963206             683.7848445297074              497.2640927094931              -0.957061855436624             -4.768198054439841             -6.062124679136806             6622.061974919939              0.001726766016286804           51.59442881808245              357.4743543515294              232.6038110253048              
40140                          -6597.412638338353             396.2301104841719              132.5990356008163              -0.4115441790584913            -4.812986248338061             -6.088322682221667             6622.161048343914              0.001741285580076957           51.59479127805896              357.4743230009807              232.500003288169               
40200                          -6605.681522221811             106.7052213922471              -232.7272008099823             0.1360280867587247             -4.833842130799122             -6.084154388542492             6622.137462823172              0.001736320750702501           51.59473321438396              357.4743191198139              232.5347493094196              
40260                          -6581.103179010863             -183.3501340814664             -596.8924946810511             0.6829049307099514             -4.830661349160405             -6.049641207402159             6621.991251699052              0.001711901829219575           51.59425541686121              357.4742669421909              232.7074610622994              
40320                          -6523.801770626473             -472.4937016147637             -958.0806918682007             1.226340396519161              -4.803462636856112             -5.984960389951336             6621.72493946411               0.001668425430809827           51.59336715924961              357.4740915903471              233.0151953657769              
40380                          -6434.065721691321             -759.2880429362393             -1314.490927006258             1.763607472735225              -4.752387613215044             -5.890443943040591             6621.343509843169              0.001606657876845916           51.59208602253383              357.4737206132031              233.4527134374666              
40440                          -6312.346140646826             -1042.307879608251             -1664.346846849604             2.292012817169472              -4.677699819758376             -5.766576581188559             6620.854320303383              0.001527740073976046           51.59043754181028              357.4730854777518              234.0125858564315              
40500                          -6159.25436416793              -1320.14736232244              -2005.905689840854             2.80891120908769               -4.579783005343778             -5.613992738306395             6620.266963552721              0.001433197663928959           51.5884546840925               357.4721229798511              234.6853402988527              
40560                          -5975.558646162146             -1591.427213652104             -2337.467156972629             3.311719596650774              -4.459138684708049             -5.433472677798774             6619.593078090276              0.001324963952601643           51.5861771686394               357.4707765429341              235.4596485949432              
40620                          -5762.180018730824             -1854.801703350942             -2657.382023413411             3.797930633343861              -4.316383004578915             -5.225937750431871             6618.846111322068              0.001205430000033325           51.58365064513129              357.4689973758323              236.3225487283589              
40680                          -5520.187358764028             -2108.965415894148             -2964.06044151171              4.265125605099864              -4.152242960073092             -4.99244485981419              6618.041040196825              0.001077549668706624           51.58092574844537              357.466745464419               237.2596967650816              
40740                          -5250.791699346905             -2352.659772743722             -3255.979889645737             4.710986663175626              -3.967552011263009             -4.73418020372007              6617.19405562692               0.0009450540436339101          51.57805705159625              357.4639903759268              238.2556431605062              
40800                          -4955.339830411296             -2584.679274544475             -3531.692725153185             5.133308291993731              -3.763245155659763             -4.452452366171318             6616.322218103318              0.0008128798729930042          51.57510194060808              357.4607118594551              239.2941275014336              
40860                          -4635.307231003454             -2803.877436045596             -3789.833309064155             5.530007964581306              -3.540353511870961             -4.148684833318783             6615.443092811498              0.0006879878181410729          51.5721194365474               357.4569002311555              240.3583855581901              
40920                          -4292.29040076795              -3009.172374005966             -4029.124656032792             5.89913592508143               -3.299998486835356             -3.824408028592964             6614.574373262976              0.0005806955114793207          51.56916899095155              357.4525565380418              241.4314623960727              
40980                          -3927.998611825331             -3199.552046666111             -4248.384608584913             6.238884116308711              -3.043385565074013             -3.481250915318328             6613.733502666274              0.0005056798457659512          51.56630928052173              357.4476924990428              242.4965254195067              
41040                          -3544.245173781038             -3374.079098002248             -4446.531481721374             6.547594196082664              -2.771797805282269             -3.120932278367654             6612.93730248771               0.0004784938993093734          51.56359702700811              357.4423302278404              243.5371714177963              
41100                          -3142.93820947845              -3531.895320478051             -4622.589194820443             6.823764701309756              -2.486589058964538             -2.745251700763197             6612.201617135608              0.0005039935575735522          51.56108586620171              357.436501745609               244.5377219797338              
41160                          -2726.071078788949             -3672.225681967066             -4775.691830006079             7.066057302208657              -2.189177019537002             -2.356080376010173             6611.540983440453              0.0005702778594419089          51.55882528924104              357.4302482980248              245.483501813218               
41220                          -2295.712401902696             -3794.38195169221              -4905.087658019861             7.273302249695552              -1.881036073634082             -1.955351715270945             6610.96833236155               0.0006592988368454333          51.55685967590758              357.423619492215               246.361095446453               
41280                          -1853.995811237039             -3897.765881122192             -5010.142583325796             7.444502979825376              -1.563690046617914             -1.545051868120292             6610.494729663335              0.0007568491268950787          51.55522743826027              357.4166722750137              247.1585777219771              
41340                          -1403.109439933702             -3981.871950653999             -5090.343022503946             7.578839934407879              -1.238704843105364             -1.127210155073116             6610.129160793374              0.0008538667476615762          51.5539602893444               357.4094697748662              247.8657144112622              
41400                          -945.2852062106311             -4046.289671689078             -5145.29820619231              7.675673615904508              -0.9076810147579278            -0.7038894520046719            6609.878363939591              0.0009447696062668619          51.55308264910175              357.4020800323882              248.4741296803804              
41460                          -482.7879366290883             -4090.705441045603             -5174.741903186119             7.734546902334348              -0.5722462718219494            -0.2771765461991429            6609.746713781311              0.001026043422880599           51.55261119651921              357.3945746457442              248.9774377558024              
41520                          -17.9043721685746              -4114.903944727882             -5178.533565473459             7.755186641528273              -0.2340479521425415            0.150827519427186              6609.736157048989              0.001095432358032046           51.55255457409348              357.3870273577822              249.3713367277323              
41580                          447.067904457941               -4118.769108772507             -5156.658893571941             7.737504537702547              0.1052545449138868             0.578017105014097              6609.846199694572              0.001151507574271108           51.55291324781177              357.3795126120272              249.6536630381015              
41640                          909.8315514571111              -4102.284595715124             -5109.229824333151             7.681597338742397              0.4439973312191255             1.002291599764694              6610.07394428208               0.001193432319272106           51.55367952306714              357.3721041048887              249.8244058024338              
41700                          1368.100585039733              -4065.533845651716             -5036.483938570599             7.587746320671672              0.7805196491220793             1.421565065119777              6610.414175204782              0.001220825323394397           51.55483771443315              357.3648733593049              249.8856807689672              
41760                          1819.611400424544              -4008.699660560453             -4938.783294404358             7.456416066221145              1.113171462932733              1.833775801098276              6610.859488397999              0.001233673314040408           51.55636446468928              357.3578883465578              249.8416643648688              
41820                          2262.13372304396               -3932.063332413301             -4816.612685553098             7.288252522937634              1.44032106099395               2.236895883240908              6611.400461494173              0.001232268151759007           51.558229206385                357.3512121792256              249.6984888261968              
41880                          2693.481410958522              -3836.003316546027             -4670.577331053491             7.084080328147918              1.760362627182952              2.62894061737985               6612.025859719073              0.00121715623593823            51.56039475706653              357.3449018984447              249.4641002293238              
41940                          3111.523073320704              -3720.993452898874             -4501.400001814397             6.844899383559031              2.071723769457399              3.007977895502228              6612.722872394113              0.001189093927704096           51.56281803740841              357.3390073763105              249.1480818608816              
42000                          3514.192470499729              -3587.600734827821             -4309.917585701332             6.571880653746617              2.372872990202672              3.372137431854781              6613.477374651491              0.001149005893616792           51.5654508997689               357.3335703524008              248.7614457838172              
42060                          3899.49862996516               -3436.482634194118             -4097.077106035978             6.266361179808857              2.662327055896427              3.719619825009366              6614.274208818976              0.001097944971254899           51.56824105281164              357.3286236219044              248.3163965575841              
42120                          4265.535641238686              -3268.383987467138             -3863.931201712587             5.929838290092309              2.938658241332415              4.048705413403193              6615.09747997719               0.001037053117564789           51.57113306639364              357.3241903901311              247.8260711855664              
42180                          4610.492079183529              -3084.13345190733              -3611.633083420962             5.56396299970257               3.200501409529827              4.357762874567755              6615.930860304476              0.0009675235673095192          51.5740694393706               357.3202838060111              247.3042602659007              
42240                          4932.66000684384               -2884.639542899623             -3341.430982898774             5.170532596158374              3.446560886368231              4.645257515909289              6616.757897002809              0.0008905646992598776          51.57699171164597              357.3169066844613              246.7651156585116              
42300                          5230.44350911306               -2670.886266062005             -3054.662115374775             4.751482416246388              3.675617085884128              4.909759201382196              6617.562318818707              0.0008073663754515475          51.57984160062396              357.3140514245743              246.2228504199893              
42360                          5502.366709537518              -2443.928360050733             -2752.746178225944             4.308876827044866              3.886532840216492              5.149949856349489              6618.32833640749               0.0007190697528146918          51.58256214129029              357.311700127396               245.6914370820368              
42420                          5747.081220196076              -2204.886171906672             -2437.178416504357             3.844899439600657              4.078259384058498              5.364630488578694              6619.04093201405               0.0006267418412185711          51.58509880845661              357.3098249136262              245.1843105061926              
42480                          5963.372985730403              -1954.940182053508             -2109.522279405614             3.361842578856361              4.249841950311159              5.552727671628253              6619.686134196538              0.0005313565630817625          51.58740059948259              357.3083884378385              244.7140816008668              
42540                          6150.168478659039              -1695.32519879828              -1771.401695466458             2.862096043699815              4.400424929608305              5.713299432371015              6620.251273521661              0.0004337853659723416          51.58942105582308              357.307344592059               244.2922680667089              
42600                          6306.540179314467              -1427.324287932964             -1424.493053364298             2.348135283609049              4.529256526063103              5.845540464210495              6620.725215291065              0.0003348051833705538          51.59111920199209              357.3066393877356              243.9290481326989              
42660                          6431.711360303251              -1152.26239430642              -1070.516833129612             1.822508913617612              4.635692910851998              5.948786662892607              6621.09856582871               0.0002351545904542874          51.59246038246722              357.3062120007285              243.6330427206294              
42720                          6525.060082581609              -871.4997652210185             -711.2290320216152             1.287825788793864              4.719201785192682              6.022518885834303              6621.363848755817              0.0001358451104654913          51.59341697738515              357.3059959608478              243.4111309454211              
42780                          6586.122412148571              -586.4251642795469             -348.4123706027756             0.7467416298009338             4.779365346524754              6.066365926185216              6621.515648229095              4.284714476175786e-05          51.59396898093487              357.3059204633142              243.2683032359928              
42840                          6614.594822290877              -298.4489284907982             16.13265195740497              0.2019453186275894             4.815882617743724              6.08010665757183               6621.550716328292              7.353030684619199e-05          51.59410442850341              357.3059117765829              243.2075553248396              
42900                          6610.335765918606              -8.995905307568975             380.5968057773826              -0.343855044448351             4.828571116748943              6.063671325843425              6621.46804219509               0.000169956488057691           51.59381966173897              357.3058947181918              243.2298255803926              
42960                          6573.366406648898              280.5016902673981              743.1712296454431              -0.8879462225609704            4.817367849019128              6.017141971645533              6621.26888101341               0.000267911457066572           51.59311942416132              357.3057941681633              243.3339770551793              
43020                          6503.870503401755              568.6114575545687              1102.056529491996              -1.427623959470255             4.782329613332294              5.940751977257941              6620.956741484602              0.0003651914907992427          51.59201678367996              357.305536588073               243.51682459322                
43080                          6402.193449412515              853.9079899608694              1455.471823738318              -1.960207028383892             4.723632618467795              5.834884741021434              6620.537331107676              0.0004611612446257509          51.59053288232751              357.3050515132567              243.7732062737487              
43140                          6268.840474144489              1134.980008758482              1801.663680244754              -2.483051103916302             4.641571417493043              5.700071494118131              6620.018459324571              0.0005553144381475164          51.58869651757598              357.3042729858062              244.0960974322079              
43200                          6104.474015230444              1410.43742294098               2138.914909582113              -2.993562380134416             4.536557169500396              5.53698827681614               6619.409899375692              0.0006470972367381343          51.58654356349226              357.3031408970075              244.4767645684997              
43260                          5909.910295101879              1678.918244633208              2465.553127345048              -3.489210781437103             4.40911525967512               5.346452122476795              6618.723210672962              0.0007358602813689292          51.58411624412438              357.3016022098678              244.9049554279336              
43320                          5686.115110134588              1939.095360659536              2779.959086263938              -3.967542749450079             4.259882295790421              5.129416473438041              6617.971524311217              0.0008208433218145308          51.58146227459819              357.2996120348901              245.3691210380875              
43380                          5434.198858271755              2189.683112491303              3080.574719006654              -4.426193503479803             4.089602512172452              4.886965874417877              6617.169294964435              0.0009011755325193545          51.57863388871336              357.2971345355997              245.8566645972223              
43440                          5155.410876397787              2429.443614522197              3365.91080724884               -4.862898638141332             3.8991236459088                4.620310033804176              6616.332023476994              0.000975886805734249           51.57568677492448              357.2941436447921              246.3542116218514              
43500                          4851.133076140312              2657.192837788397              3634.554310106327              -5.275505107007423             3.689392296465287              4.330777264548711              6615.475956089056              0.001043927764081854           51.57267894379028              357.2906235763975              246.8478957620055              
43560                          4522.872953167192              2871.806389026067              3885.175267736639              -5.661981468618627             3.461448837449766              4.019807399381249              6614.617765775648              0.001104196802826003           51.56966955206108              357.2865691232328              247.32365396975                
43620                          4172.256002053767              3072.224974151543              4116.533267965098              -6.020427387070178             3.216421920572893              3.688944231993292              6613.774222084677              0.00115557261722321            51.56671770888968              357.2819857357255              247.7675251452893              
43680                          3801.017584219047              3257.459520978346              4327.483446778242              -6.349082359462998             2.955522620801465              3.339827548343013              6612.961856365513              0.001196950749332223           51.56388128977888              357.2768893818601              248.1659461657582              
43740                          3410.994295753063              3426.595941043342              4516.981999905986              -6.646333657464539             2.680038269043234              2.974184808005738              6612.196629488768              0.001227282838826218           51.56121578323263              357.2713061936006              248.5060395338769              
43800                          3004.114882428141              3578.799513119585              4684.091186196883              -6.91072347980439              2.391326016011545              2.593822531518982              6611.493609200645              0.001245617498567202           51.55877319379342              357.2652719097275              248.7758871597262              
43860                          2582.390750050526              3713.318873236298              4827.983806414421              -7.140955319997212             2.090806167874094              2.200617445363576              6610.866664110429              0.001251142088034226           51.55660102333056              357.2588311293259              248.964785164123               
43920                          2147.906112661462              3829.48959991714               4947.947145685062              -7.335899562329252             1.779955326152509              1.796507425395163              6610.328180965989              0.001243225179335394           51.55474135013658              357.2520363938413              249.0634750648733              
43980                          1702.807830824833              3926.737381600183              5043.386366257254              -7.494598316515963             1.46029936690594               1.383482282895641              6609.888811377881              0.001221460310784556           51.55323002280609              357.2449471189245              249.0643472039101              
44040                          1249.294988588259              4004.580757787993              5113.827342826603              -7.616269508375137             1.133406287396295              0.9635744283144639             6609.557253468723              0.001185712925880302           51.55209598292918              357.2376283997456              248.9616127956997              
44100                          789.608225372219               4062.633431215426              5158.918937975176              -7.700310249804883             0.8008789209615202             0.5388494126831002             6609.340073085625              0.001136174640097637           51.55136072753678              357.2301497147733              248.7514416096501              
44160                          326.0189169144827              4100.606134789901              5178.434702994909              -7.746299485648264             0.4643475732505053             0.1113964143366458             6609.241568381346              0.001073433071544394           51.55103791937285              357.2225835554106              248.4320628107844              
44220                          -139.1818104347671             4118.308057883574              5172.274008936605              -7.753999942480482             0.1254625508767637             -0.3166813667515654            6609.263680469912              0.0009985732505575812          51.55113314974994              357.2150040076818              248.0038271306266              
44280                          -603.6941318785538             4115.647819779098              5140.462598674708              -7.723359372504842             -0.2141133649359564            -0.7432763399842155            6609.405951910583              0.0009133418895615422          51.55164385607282              357.2074853140026              247.4692292071013              
44340                          -1065.220657357639             4092.633990937787              5083.152559999807              -7.654511096442645             -0.55271253150726              -1.166286220629973             6609.665533670338              0.0008204356886434338          51.55255939324559              357.2001004406942              246.832889399785               
44400                          -1521.477560635477             4049.375154875183              5000.621715920837              -7.547773832532693             -0.8886701043369852            -1.583623739959418             6610.03724022905               0.0007240291060114225          51.5538612557276               357.1929196776173              246.101495255547               
44460                          -1970.205679904414             3986.079509201966              4893.272431931288              -7.403650799000951             -1.220331746204483             -1.993226371884983             6610.513651459039              0.0006307230119771512          51.55552344465403              357.1860092940656              245.2837032277457              
44520                          -2409.181542237017             3903.054003031129              4761.629839715206              -7.222828069342138             -1.546061370064748             -2.393066054977633             6611.085259013519              0.0005509834206159985          51.55751297237138              357.1794302739594              244.3900020560041              
44580                          -2836.228266337853             3800.703009206023              4606.339478225125              -7.006172156056198             -1.864248898978257             -2.781158887139167             6611.740654092295              0.0004999774427057645          51.55979049484991              357.1732371516791              243.4325398135325              
44640                          -3249.226296502549             3679.52653094106               4428.164354598385              -6.754726795868907             -2.173318021796669             -3.155574764355844             6612.46675269389               0.0004935772656389028          51.56231106072319              357.1674769680854              242.4249172994041              
44700                          -3646.123920263095             3540.117943429186              4227.98142862345               -6.469708907755326             -2.471733919063539             -3.51444692946373              6613.249053797366              0.0005374087537543709          51.56502496414549              357.162188364388               241.3819511275315              
44760                          -4024.947510723184             3383.16127648704               4006.777532136635              -6.152503704021174             -2.758010920583224             -3.855981380975518             6614.071925328559              0.0006222136971811299          51.56787868713435              357.1574008296359              240.319410503671               
44820                          -4383.811467026575             3209.428033515201              3765.644719134236              -5.80465891193405              -3.030720075981082             -4.17846611564052              6614.918912373433              0.0007330214019377184          51.57081591594893              357.1531341150716              239.2537322247645              
44880                          -4720.92776225028              3019.773567540968              3505.775078482011              -5.427878115955499             -3.288496566672081             -4.480280114863419             6615.773061595737              0.0008573288397992504          51.57377861433542              357.1493978271532              238.2017190977758              
44940                          -5034.615065766448             2815.133020290487              3228.45501888086               -5.024013201708083             -3.53004692635806              -4.759902032087547             6616.617255311106              0.0009864385794110693          51.57670813562413              357.1461912078441              237.1802275010023              
45000                          -5323.307409535179             2596.516819004344              2935.059021453851              -4.595055865409263             -3.75415603579199              -5.015918535364165             6617.434549119682              0.001114336113288799           51.57954635477359              357.1435031081522              236.2058497682547              
45060                          -5585.562284260625             2365.005784030805              2627.042934013454              -4.143128272374071             -3.95969378976707              -5.247032181240841             6618.208507414191              0.001236632797700594           51.58223679987596              357.1413121587352              235.2945982640886              
45120                          -5820.068172133113             2121.745831499421              2305.93678699959               -3.670472816981388             -4.145621423659456             -5.452068800607903             6618.923530212482              0.001349938482978973           51.58472576293846              357.1395871371353              234.4615970596769              
45180                          -6025.651431323307             1867.942314548674              1973.337191348131              -3.179441059606598             -4.310997413991051             -5.629984292748953             6619.565163505244              0.001451529879375061           51.58696336819571              357.1382875289751              233.7207881408094              
45240                          -6201.282494246979             1604.854023610397              1630.899346737899              -2.672481877792376             -4.454982902329317             -5.779870765476411             6620.120387427881              0.00153918201409757            51.58890457682634              357.1373642759802              233.0846582099448              
45300                          -6346.081332951681             1333.786877000191              1280.328702772887              -2.15212889736004              -4.576846585210583             -5.900961952694634             6620.577878958448              0.001611085366892118           51.59051010757803              357.1367606999091              232.5639922233004              
45360                          -6459.322150630841             1056.087335493415              923.3723184054638              -1.620987279333526             -4.675969016122219             -5.992637845415459             6620.928242102184              0.001665807179870038           51.5917472529615               357.1364135880164              232.1676591572905              
45420                          -6540.437263219849             773.1355776502056              561.8099685235792              -1.081719951522629             -4.751846270933828             -6.054428479890976             6621.164200907229              0.001702275300803761           51.5925905722715               357.1362544215758              231.9024348869598              
45480                          -6589.020140476147             486.3384773763046              197.4450522729825              -0.5370333883939217            -4.804092934116349             -6.086016834982948             6621.280751269925              0.001719773015007015           51.59302244457715              357.1362107252288              231.7728662658355              
45540                          -6604.827584004937             197.1224121207425              -167.9046592692325             0.0103369770332578             -4.832444372717117             -6.087240801819496             6621.275268168704              0.001717938618996838           51.5930334672754               357.1362075114788              231.7811795510088              
45600                          -6587.781020299692             -93.07401582545906             -532.4163303484052             0.5576415191961424             -4.836758265982551             -6.058094196716118             6621.147565756363              0.001696766435817762           51.59262268871643              357.1361687915893              231.9272353133028              
45660                          -6537.966906025074             -382.8073626908794             -894.2714444328547             1.102131361370447              -4.817015382497472             -5.998726806835502             6620.899908650132              0.001656607808884472           51.59179766693361              357.1360191216663              232.208530836966               
45720                          -6455.636236752101             -670.6367209040213             -1251.665124694847             1.641073245993667              -4.773319589343982             -5.909443464250792             6620.536973706232              0.00159817200761247            51.59057435030994              357.1356851509195              232.6202499257652              
45780                          -6341.203163313085             -955.13109727678               -1602.815398602334             2.171764308413538              -4.705897098682504             -5.79070215658884              6620.065762545866              0.001522528401872542           51.58897678007432              357.1350971380729              233.1553589145888              
45840                          -6195.242735571735             -1234.87670080545              -1945.972292842816             2.691546547631182              -4.615094967620659             -5.64311120719788              6619.495466205764              0.001431113220953953           51.58703661907705              357.1341904018514              233.8047464892315              
45900                          -6018.48778268256              -1508.484136857297             -2279.426754544783             3.197820955676543              -4.501378868863851             -5.467425549317683             6618.837284237577              0.001325747428246672           51.58479251535682              357.1329066722556              234.5574041709915              
45960                          -5811.824962377416             -1774.595438217305             -2601.519312736208             3.688061147893872              -4.365330167011233             -5.264542148317347             6618.104201662076              0.001208678240315881           51.58228931345171              357.1311953111694              235.4006430998206              
46020                          -5576.290008860109             -2031.890902379385             -2910.64844282491              4.159826415564194              -4.207642338843652             -5.035494625594408             6617.310728134211              0.001082668631604681           51.5795771303475               357.1290143736115              236.3203422966735              
46080                          -5313.062217125052             -2279.095695523416             -3205.278586162823             4.610774112695182              -4.029116784112877             -4.781447148737143             6616.472604563362              0.0009511832025997813          51.5767103164921               357.1263314845418              237.3012227834552              
46140                          -5023.458205873348             -2514.986188136157             -3483.947782751909             5.038671305193577              -3.83065807852865              -4.503687658183151             6615.606483230697              0.0008187668026125193          51.5737463253821               357.1231245105769              238.3271415835425              
46200                          -4708.925005080255             -2738.395990457065             -3745.274879492378             5.441405624956475              -3.613268724404005             -4.203620504548076             6614.729588102347              0.0006917937563791561          51.57074451759335              357.1193820110225              239.381399336813               
46260                          -4371.032517189606             -2948.221659378857             -3987.966280946402             5.816995286167686              -3.378043456436177             -3.882758572496638             6613.859362544915              0.0005797997796584324          51.56776492676196              357.1151034581839              240.447055133357               
46320                          -4011.465403528453             -3143.428051607751             -4210.822213804401             6.163598234981686              -3.126163160816548             -3.542714967124899             6613.013111988475              0.0004969606556685978          51.5648670158592               357.110299222768               241.5072422301027              
46380                          -3632.014449265442             -3323.053301367183             -4412.742480785382             6.47952041749936               -2.858888464937392             -3.185194336838544             6612.207649236013              0.0004601154689046972          51.56210845210163              357.1049903261255              242.5454784729964              
46440                          -3234.567449511529             -3486.213408879005             -4592.731689082179             6.763223171303112              -2.577553044277522             -2.811983891965141             6611.458950062801              0.000477581350185937           51.5595439279378               357.0992079667369              243.5459655837876              
46500                          -2821.099700634256             -3632.106410670215             -4749.90392205165              7.013329724361818              -2.283556718453271             -2.424944211798586             6610.781826602336              0.000539504070531253           51.55722405425099              357.0929928344431              244.4938717494051              
46560                          -2393.664104295798             -3760.016140337831             -4883.486865335804             7.22863085449133               -1.978358349958795             -2.025999854551844             6610.189625448713              0.0006271283935923666          51.55519434906965              357.0863942298307              245.3755926387166              
46620                          -1954.380961575749             -3869.315555376388             -4992.825361528566             7.408089705847799              -1.66346860336408              -1.617129844147017             6609.693956971195              0.0007250033854010928          51.55349434274572              357.0794690114934              246.1789863075392              
46680                          -1505.427514725882             -3959.469622997891             -5077.384388117998             7.550845790017125              -1.340442604175792             -1.20035808231965              6609.304461523082              0.0008232931449353319          51.55215681697644              357.0722803972356              246.8935780670872              
46740                          -1049.027261470606             -4030.037766245394             -5136.751461921823             7.65621821087734               -1.010872508287617             -0.7777436980375645            6609.028617290475              0.0009160159895283914          51.55120719126116              357.0648966474702              247.5107321511596              
46800                          -587.4391020162556             -4080.675861341374             -5170.638462498864             7.723708131202269              -0.6763800136385979            -0.3513713736393822            6608.871593607354              0.000999439817923805           51.55066306671013              357.0573896613762              248.0237874226978              
46860                          -122.9463598960752             -4111.137784434878             -5178.882874932969             7.75300050619115               -0.3386088283007795            0.0766583353803667             6608.836152449511              0.001071170885103139           51.55053393313995              357.0498335170426              248.4281551582017              
46920                          342.1542796710323              -4121.276505460565             -5161.448452017723             7.743965102058586              0.0007828920152285757          0.5042386711974424             6608.92259978014               0.00112967942443539            51.55082104160246              357.0423029868632              248.7213774928932              
46980                          805.5638714134772              -4111.044727585934             -5118.425296785806             7.696656812021722              0.3401301270229649             0.9292663228108182             6609.128787355379              0.001174048490841563           51.55151744089935              357.0348720587045              248.9031457787823              
47040                          1264.992309681737              -4080.495071272207             -5050.029367008864             7.611315275431953              0.6777685869778175             1.34965104278989               6609.450164578503              0.001203832212969918           51.55260817334198              357.0276124918973              248.9752787229636              
47100                          1718.16938233012               -4029.779802747434             -4956.60140441093              7.488363799696336              1.012042310003938              1.763325218890273              6609.879878982126              0.001218967512560655           51.55407062208953              357.0205924351225              248.9416608138717              
47160                          2162.855747605593              -3959.150105636836             -4838.605289202867             7.328407574490956              1.341311260141974              2.16825339777349               6610.408922935663              0.001219711840609595           51.55587499994272              357.0138751306111              248.8081421562219              
47220                          2596.853768849851              -3868.954898686666             -4696.625828051926             7.132231170960474              1.663958897624123              2.562441724275482              6611.026323189982              0.001206593238281077           51.55798496729311              357.0075177268765              248.5824014709178              
47280                          3018.01818404871               -3759.639199893544             -4531.365977552009             6.900795305296929              1.978399721144758              2.943947294510743              6611.719369030862              0.001180365839061559           51.56035836538341              357.0015702186404              248.2737746303692              
47340                          3424.26656436759               -3631.74203764746              -4343.643507125789             6.635232843452728              2.2830867616798                3.310887395464781              6612.473874044954              0.001141967433525837           51.56294804973784              356.9960745300526              247.8930516988885              
47400                          3813.589491109711              -3485.893920327312             -4134.387120558295             6.336844042475311              2.576518984732629              3.66144857637754               6613.274465831169              0.001092477620015402           51.56570280748044              356.9910637547188              247.4522460757717              
47460                          4184.060455571487              -3322.813853764459             -3904.632022706629             6.007090976259356              2.857248609788581              3.993895559582195              6614.104897649237              0.00103307615140991            51.56856834206189              356.986561562201               246.964339782915               
47520                          4533.845371548417              -3143.305932771672             -3655.514971781247             5.647591169640799              3.123888265311501              4.30657988935423               6614.948375449636              0.0009650017789894764          51.57148830774366              356.9825817795096              246.4430097014611              
47580                          4861.211683465654              -2948.255510536275             -3388.268823281852             5.260110418298025              3.375117962841529              4.597948296553902              6615.787893685339              0.0008895123605428977          51.57440537645566              356.9791281521956              245.9023397798128              
47640                          5164.537036134919              -2738.624947059002             -3104.216569478955             4.846554770763324              3.609691857559267              4.866550736303604              6616.606573233418              0.0008078473792718911          51.57726231950215              356.9761942875021              245.3565246613189              
47700                          5442.317426397477              -2515.448966071939             -2804.764916938338             4.408961708815554              3.826444724036931              5.111048011100572              6617.387994684397              0.0007211944219985086          51.58000308610824              356.973763780167               244.8195707815967              
47760                          5693.174804511036              -2279.829631539103             -2491.39741837972              3.9494905300766                4.024298108909194              5.330218931247028              6618.116520546686              0.0006306617215241679          51.58257386126157              356.9718105184643              244.3050007356605              
47820                          5915.864075334212              -2032.930966052168             -2165.667190462138             3.47041196451787               4.202266106352235              5.522966946271334              6618.777600159629              0.0005372600279237773          51.58492408526799              356.9702991660091              243.8255671524803              
47880                          6109.279454516513              -1775.973235311255             -1829.189251130745             2.974097065993576              4.359460704532881              5.688326184464644              6619.358051523917              0.0004419002992220331          51.5870074177601               356.9691858123446              243.3929820835319              
47940                          6272.460137729091              -1510.226925957607             -1483.632513867693             2.463005431902843              4.495096652530668              5.825466840094905              6619.846314765276              0.0003454250397626026          51.58878262931619              356.9684187828826              243.0176677461523              
48000                          6404.595244276765              -1237.006447532953             -1130.71148041164              1.939672816763284              4.60849579972688               5.933699851802078              6620.232672546611              0.0002487423245384851          51.59021440446848              356.9679395962243              242.70853412008                
48060                          6505.028002533716              -957.6635875819602             -772.1776709148519             1.406698207698377              4.699090865310762              6.012480822926709              6620.509433432044              0.0001534673925701408          51.59127404077208              356.9676840542874              242.4727883649939              
48120                          6573.259142974764              -673.580766329945              -409.8108525806725             0.8667304680885037             4.766428595080834              6.061413136446792              6620.671074934272              6.787291999523862e-05          51.59194002968569              356.9675834480878              242.3157803978265              
48180                          6608.949481902391              -386.1641159564201             -45.41009972948265             0.3224546186817033             4.81017227916152               6.080250235470952              6620.714343816421              7.087072647004138e-05          51.59219850663898              356.9675658594205              242.240888198754               
48240                          6611.921673316316              -96.83642086765647             319.2152670201041              -0.2234221492450943            4.830103602400277              6.068897039568276              6620.638312017488              0.0001568168736878572          51.5920435593596               356.9675575362777              242.2494454710977              
48300                          6582.161114923569              192.970013883303               682.2547765839022              -0.7681845742501971            4.826123806939903              6.02741048098085               6620.444387444419              0.0002508752395001609          51.59147738577919              356.9674843175873              242.3407134183435              
48360                          6519.816007922001              481.8205590860939              1041.905929106752              -1.309123497431589             4.798254163729594              5.955999159023959              6620.136279755825              0.0003456990333439235          51.59051029549956              356.967273080926               242.5118972759055              
48420                          6425.196567246186              768.2854587611225              1396.383262268776              -1.843549958564133             4.746635747766159              5.855022115704505              6619.719922070954              0.0004398987449787868          51.58916055153987              356.966853185357               242.7582072390433              
48480                          6298.773390667807              1050.94699444287               1743.927319512508              -2.368809125404828             4.671528525866284              5.724986749424835              6619.203350397337              0.0005327678139450652          51.5874540524272               356.9661578805565              243.072962405231               
48540                          6141.174999725794              1328.406574461688              2082.813467851051              -2.88229395378237              4.573309772020623              5.566545892378826              6618.596543319105              0.0006236788971173427          51.58542385799768              356.9651256530018              243.4477353328057              
48600                          5953.184571503481              1599.291708522453              2411.3605160775                -3.381458484150663             4.452471832947019              5.380494086341082              6617.911225224413              0.0007119461481663131          51.58310956586327              356.9637014803276              243.8725339192897              
48660                          5735.735884301119              1862.262831003416              2727.939088397945              -3.863830690887967             4.309619272126031              5.1677630980698                6617.160637025169              0.0007967845608719487          51.58055654903604              356.9618379660033              244.3360164947899              
48720                          5489.908514744591              2116.019927395177              3030.979698147189              -4.327024789655185             4.145465432493328              4.929416731371798              6616.359278718497              0.0008773025177805434          51.57781506874763              356.9594963283961              244.8257352987548              
48780                          5216.922300418271              2359.308953118093              3318.980508527735              -4.768752977871369             3.960828444095717              4.666644970772577              6615.522628232298              0.0009525110382246324          51.57493927941778              356.9566472206249              245.3284030289369              
48840                          4918.131133353879              2590.9279806105                3590.514703587699              -5.186836492300336             3.756626738139531              4.380757542335646              6614.666842984208              0.001021343566571606           51.57198614641288              356.9532713615648              245.8301766249388              
48900                          4595.016090695515              2809.733080379158              3844.23747660957               -5.579216001261438             3.533874089251825              4.073176918244036              6613.808449232144              0.00108268311020127            51.56901429878065              356.9493599616847              246.3169523235301              
48960                          4249.177992169845              3014.643870810862              4078.892559439646              -5.94396122621764              3.293674263384581              3.745430870304884              6612.964025021935              0.001135394525750576           51.56608284195264              356.9449149328466              246.7746657591151              
49020                          3882.329372703841              3204.648756747413              4293.318316789199              -6.279279847060199             3.03721527825026               3.399144577851438              6612.149882455635              0.001178360258135044           51.56325015568972              356.9399488751005              247.1895910817939              
49080                          3496.285970194186              3378.809797609482              4486.453337349671              -6.583525607474224             2.765763357498207              3.036032398686044              6611.381755251743              0.00121051816702187            51.56057270418432              356.9344848401152              247.5486330397434              
49140                          3092.95772301703               3536.267217988365              4657.341537319457              -6.855205669741117             2.480656584231757              2.657889307380437              6610.674497167491              0.001230900435122157           51.55810388413225              356.9285558749546              247.8396063922955              
49200                          2674.339370015801              3676.243519384388              4805.136730318284              -7.092987174666189             2.183298324451504              2.266582093633164              6610.041796869466              0.001238672927251407           51.55589293651614              356.9222043565147              248.0514972453593              
49260                          2242.500686175718              3798.047191127301              4929.106663249988              -7.295703034069656             1.875150446196527              1.864040352023092              6609.495914376698              0.001233174878508652           51.55398394572157              356.9154811312428              248.1747014648608              
49320                          1799.576360954972              3901.076018697726              5028.636516150486              -7.462356981987669             1.557726337139481              1.452247265558897              6609.047443825357              0.001213959497096857           51.55241494737506              356.9084444788757              248.201235723529               
49380                          1347.755628902532              3984.819958098564              5103.231833855272              -7.592127860091155             1.232583792765995              1.033230276401937              6608.705106984555              0.001180837194868215           51.55121716402579              356.9011589245787              248.124917408597               
49440                          889.2716500161572              4048.863584273146              5152.520899287514              -7.684373177479281             0.9013177640684362             0.6090516277630332             6608.475581285415              0.001133925086969524           51.55041438394844              356.8936939254488              247.941510070119               
49500                          426.3907010760005              4092.888100095813              5176.256535510343              -7.738631944789963             0.5655529956739673             0.1817988166664174             6608.363365628185              0.001073709921449494           51.55002249515925              356.886122460883               247.6488318611491              
49560                          -38.59878155199998             4116.672900697392              5174.317332691395              -7.754626792093537             0.2269365678860843             -0.2464250254189943            6608.37068660337               0.001001138336035513           51.55004918285933              356.8785195576372              247.2468249567773              
49620                          -503.3972648064933             4120.096687760203              5146.708296164905              -7.73226537438013              -0.112869644356811             -0.6735108073375731            6608.497447092854              0.00091776171067044            51.55049379471967              356.870960781269               246.7375846471641              
49680                          -965.7052447665865             4103.138129148691              5093.560912727788              -7.671641063664474             -0.4521965840655067            -1.097353193225239             6608.741218527053              0.0008259897617687837          51.55134737465651              356.8635207256364              246.1253474472751              
49740                          -1423.234391220376             4065.876060045853              5015.132633451842              -7.573032921822719             -0.7893756843074403            -1.515860341658703             6609.097277352215              0.0007295588688874439          51.55259286214675              356.8562715313431              245.4164382500439              
49800                          -1873.718671789856             4008.489222071866              4911.805771361648              -7.436904941941274             -1.122746591280138             -1.926963656921087             6609.558685520069              0.0006344004225971806          51.55420545081092              356.8492814624585              244.6191772085012              
49860                          -2314.925411727877             3931.255536770397              4784.085812560072              -7.263904539678215             -1.450664925297636             -2.328627534288947             6610.11641405417               0.000550082756397291           51.55615309699706              356.8426135688463              243.7437477171388              
49920                          -2744.66622069395              3834.550916314915              4632.59914926362               -7.054860283948577             -1.771510046172233             -2.718859056032775             6610.759507937915              0.0004911768179176309          51.55839716633914              356.8363244592662              242.8020275865574              
49980                          -3160.807786257168             3718.847603808632              4458.090225308287              -6.810778827062424             -2.083692837579362             -3.095717653541465             6611.475289868064              0.0004747583317281212          51.56089320433921              356.8304632064855              241.8073860362947              
50040                          -3561.282439434628             3584.712050914125              4261.418110563549              -6.532841025075111             -2.385663451559396             -3.457324660515278             6612.249599542233              0.0005096695301330295          51.56359181482537              356.8250704039842              240.7744499638711              
50100                          -3944.098477927275             3432.802327706225              4043.552498986361              -6.222397206903212             -2.67591901007223              -3.801872750317043             6613.067064488137              0.0005886504021371309          51.56643962905481              356.8201773893913              239.7188433625024              
50160                          -4307.350162820859             3263.86507854704               3805.56915370044               -5.880961589113334             -2.953011203856801             -4.127635181780222             6613.911397612577              0.0006963641861700492          51.56938034676826              356.8158056475345              238.6569046366185              
50220                          -4649.227365089695             3078.732022049565              3548.644798492322              -5.510205799674167             -3.21555376972508              -4.432974827017174             6614.765716083369              0.0008193473326220279          51.57235583011265              356.811966401889               237.605386776283               
50280                          -4968.024794114307             2878.316008066776              3274.051476909009              -5.111951505995136             -3.462229789578344             -4.716352909253422             6615.612875253796              0.0009482471329476607          51.57530723055489              356.8086604006825              236.5811459687402              
50340                          -5262.150755948977             2663.606643756094              2983.150397964945              -4.688162142807606             -3.691798761505908             -4.976337387635853             6616.435810879665              0.001076695045109632           51.57817612869268              356.8058779006027              235.6008247831023              
50400                          -5530.135388789968             2435.665503371081              2677.385290774415              -4.240933745136198             -3.903103389274218             -5.211610921566025             6617.217883790858              0.001200110163477866           51.58090566702472              356.8035988478134              234.6805359548562              
50460                          -5770.638320666982             2195.620942030343              2358.275297658633              -3.772484907218577             -4.095076030738387             -5.420978340839193             6617.943219708925              0.001314984822004755           51.58344165571084              356.8017932532994              233.835553296286               
50520                          -5982.455704360794             1944.662528864929              2027.407428492173              -3.28514588472814              -4.266744750314585             -5.603373553357897             6618.597035802804              0.001418511288814285           51.585733631563                356.8004217566722              233.0800160767485              
50580                          -6164.526567584194             1684.035136291743              1686.428627145649              -2.781346906658402             -4.417238905059357             -5.757865805918246             6619.165946062089              0.001508394781426765           51.58773585079144              356.7994363697114              232.4266531858348              
50640                          -6315.938439709164             1415.032711462397              1337.03748580433               -2.26360575036851              -4.545794211912722             -5.883665235523043             6619.638241726235              0.001582762975917173           51.58940819766731              356.7987813874257              231.8865330359258              
50700                          -6435.932217876334             1138.991752895331              980.9756390216319              -1.734514633753193             -4.651757243818868             -5.980127648667176             6620.004138581416              0.001640124552210499           51.59071699141852              356.7983944522309              231.4688446870414              
50760                          -6523.906225487214             857.2845386425944              620.0188994831381              -1.196726531438951             -4.734589295337631             -6.046758460831251             6620.255985191585              0.001679352323673195           51.59163567497423              356.7982077538153              231.1807151516914              
50820                          -6579.419433066028             571.312149489343               255.9681927020488              -0.6529410225128224            -4.793869573273045             -6.08321574726793              6620.388427172497              0.001699678072062586           51.59214537086957              356.7981493443586              231.0270670123082              
50880                          -6602.193821782022             282.4973128374796              -109.3596753067428             -0.1058897489458405            -4.829297679672343             -6.089312369075741             6620.398523535257              0.001700692163578197           51.59223529156169              356.7981445461159              231.0105195942733              
50940                          -6592.115864219521             -7.722881263266601             -474.1413503919233             0.4416783822010944             -4.840695352591727             -6.065017139874104             6620.285812174536              0.001682344272818158           51.59190299350891              356.7981174259191              231.1313360104023              
51000                          -6549.237112413514             -297.9043355949819             -836.5562906024256             0.9870121081570487             -4.82800744554738              -6.010455018823432             6620.052322819776              0.001644943526263136           51.59115446714956              356.7979923089162              231.3874172721353              
51060                          -6473.773891406816             -586.6033448388773             -1194.796118774404             1.527372739347969              -4.791302139368769             -5.925906328179426             6619.702537000187              0.001589157818334838           51.59000405781852              356.7976953020715              231.7743435924731              
51120                          -6366.106099823834             -872.383982340826              -1547.073896635022             2.060048963260405              -4.730770385812751             -5.811805004457067             6619.24329587803               0.001516013452127205           51.58847421603492              356.797155796633               232.2854619110894              
51180                          -6226.775128940343             -1153.825430735004             -1891.633265551167             2.582371403963902              -4.646724595408576             -5.668735907077916             6618.683658044776              0.001426898064856222           51.58659507912531              356.7963079180636              232.91201759047                
51240                          -6056.480918456394             -1429.529211692146             -2226.757398389046             3.091726820286247              -4.539596591572217             -5.497431220365331             6618.034710585697              0.001323572722471568           51.58440388998368              356.795091891927               233.6433272370386              
51300                          -5856.078173956327             -1698.126271663006             -2550.777709443086             3.585571834152701              -4.40993486225731              -5.298765995873541             6617.309337811158              0.001208204437658984           51.58194426263844              356.793455295007               234.4669887033369              
51360                          -5626.571776975269             -1958.28388288793              -2862.082272834641             4.061446091827416              -4.258401148339588             -5.073752891339866             6616.521953016577              0.001083441011925081           51.57926530815397              356.7913541625531              235.3691235326141              
51420                          -5369.111427778251             -2208.712317877248             -3159.123899096177             4.516984766655678              -4.085766417128229             -4.823536173843069             6615.688199450796              0.0009525721409420879          51.57642063814353              356.7887539250864              236.3346464706847              
51480                          -5084.985545444819             -2448.171277827276             -3440.427846596055             4.949930360753427              -3.89290626098204              -4.549385040768724             6614.824627231225              0.0008198665221897737          51.57346726635485              356.7856301513461              237.3475562449194              
51540                          -4775.614513347085             -2675.476002538815             -3704.599082383729             5.358143675575383              -3.680795804611211             -4.252686373534863             6613.948353566348              0.0006912612728557353          51.57046443240769              356.7819690787245              238.3912412696482              
51600                          -4442.543257025083             -2889.503090789244             -3950.329127538609             5.739614013862062              -3.450504136443599             -3.934936939396346             6613.076713548047              0.000575668787043657           51.56747237304464              356.7777679163605              239.4487941585385              
51660                          -4087.433247952259             -3089.195960917893             -4176.402404803775             6.092468502749662              -3.203188349481063             -3.597735157412823             6612.226909158082              0.0004867595196455837          51.56455106913328              356.7730349125328              240.5033285205645              
51720                          -3712.05398837178              -3273.56993642262              -4381.702072919279             6.41498053577121               -2.940087249925084             -3.242772502844958             6611.415663833567              0.0004421789480504619          51.56175899709575              356.7677891835789              241.5382917409715              
51780                          -3318.273994851277             -3441.716957600684             -4565.215349868078             6.705577364978585              -2.662514762030044             -2.871824584308646             6610.658889545501              0.000453046205609118           51.55915191328059              356.7620603070588              242.5377679464946              
51840                          -2908.051363209186             -3592.809883508392             -4726.038285651673             6.962846813502373              -2.371853098904845             -2.486741984498703             6609.971373047175              0.0005113687977651311          51.55678169963303              356.7558876888006              243.4867653354813              
51900                          -2483.423954106263             -3726.106379389159             -4863.379981049016             7.185543136774064              -2.06954573477266              -2.089440908057836             6609.366487250425              0.0005977668944909414          51.55469529703491              356.749319718751               244.3714827467311              
51960                          -2046.499252198091             -3840.952377465408             -4976.566240703087             7.3725920488367                -1.757090219050956             -1.681893687173223             6608.855933033319              0.0006957007271699406          51.55293375045002              356.7424127361528              245.1795507622655              
52020                          -1599.443948197529             -3936.785102677039             -5065.042653325285             7.523094936279828              -1.436030865604935             -1.266119186225691             6608.449516006299              0.0007947300154832946          51.55153138690547              356.7352298292734              245.9002432309517              
52080                          -1144.473290660302             -4013.135656921549             -5128.377094165568             7.636332283766715              -1.1079513443517               -0.8441731389265068            6608.154961938728              0.0008886159628773953          51.55051514367534              356.7278394988405              246.524655698684               
52140                          -683.8402609424826             -4069.631155638539             -5166.261645792901             7.71176633262719               -0.7744672032110086            -0.418138452573435             6607.977773699552              0.0009735179400278677          51.54990405994644              356.7203142174557              247.0458478685377              
52200                          -219.8246009994441             -4105.996415523749             -5178.513937793223             7.749042997054614              -0.4372183278133894            0.009884512159800213           6607.92113171145               0.001046986287549172           51.54970894081463              356.7127289188693              247.4589478927701              
52260                          245.2782431184405              -4122.055187192726             -5165.077902183483             7.747993049759386              -0.09786136753002227           0.437787649941064              6607.985839144295              0.001107449981686038           51.54993219804526              356.7051594524504              247.7612169070517              
52320                          709.1682323797702              -4117.730933047757             -5126.023947097719             7.708632592610057              0.2419378695080782             0.8634648050351351             6608.170312321507              0.001153951787889062           51.55056786751062              356.6976810375089              247.9520729697197              
52380                          1169.551847501704              -4093.047148274016             -5061.548550094809             7.631162818371495              0.5805120340366815             1.284821427726887              6608.470616132158              0.001186002595181812           51.55160179901667              356.6903667513456              248.0330741397693              
52440                          1624.153170667423              -4048.127224756835             -4971.973273352095             7.5159690650826                0.916199862709533              1.699784188397861              6608.880543604212              0.001203493302398517           51.55301201034641              356.6832860825156              248.0078611727849              
52500                          2070.724892084475              -3983.193856737232             -4857.743202645288             7.363619156945852              1.247353802490013              2.106310533099705              6609.391738115094              0.001206634517302519           51.55476919394858              356.6765035781548              247.8820610044904              
52560                          2507.059186994753              -3898.567990337545             -4719.424816962571             7.174861026324413              1.572347611265785              2.50239815322561               6609.993856025008              0.001195909363587529           51.55683736176459              356.6700776109521              247.6631526480051              
52620                          2930.99843386837               -3794.667317460494             -4557.703291747514             6.950619601117507              1.889583930000112              2.886094361939505              6610.674766890685              0.001172031975817904           51.55917461147656              356.6640592871587              247.360298122012               
52680                          3340.445722071091              -3672.004316904384             -4373.379243355862             6.691992942989439              2.197501802396663              3.255505345813842              6611.420787748112              0.001135907958579566           51.56173399572392              356.6584915132943              246.9841412849428              
52740                          3733.375104924421              -3531.183846401129             -4167.364922858159             6.400247619397899              2.494584120307702              3.608805262856197              6612.216947393886              0.001088595064198623           51.5644644747338               356.6534082350052              246.5465783117406              
52800                          4107.841551686325              -3372.900290828956             -3940.679869447634             6.076813292977103              2.779364967554738              3.944245151205788              6613.047276049128              0.001031263491541963           51.56731193223261              356.6488338575056              246.0605039944885              
52860                          4461.990551052015              -3197.934273633701             -3694.446036029305             5.723276514073433              3.050436830074573              4.260161607001248              6613.895115306478              0.0009651559478095739          51.57022023439661              356.6447828531955              245.5395385838628              
52920                          4794.06731716695               -3007.148941098377             -3429.882402967437             5.3413737073945                3.306457634890826              4.554985183514795              6614.743442820085              0.000891548177472633           51.5731323118778               356.6412595585113              244.9977403657704              
52980                          5102.425555367773              -2801.485827351651             -3148.29909331054              4.93298334148549               3.54615758108566               4.827248464362364              6615.575205835233              0.0008117111942821573          51.57599124560586              356.6382581587611              244.449309501978               
53040                          5385.535724164187              -2581.96032287875              -2851.091023057789             4.500117301908322              3.76834570601238               5.075593740836701              6616.373657290941              0.0007268771171015259          51.57874133771504              356.6357628570521              243.9082890207537              
53100                          5641.992763338387              -2349.65675379672              -2539.731098066793             4.044911461451642              3.97191615207663               5.298780249245208              6617.12268809073               0.0006382115866153112          51.58132915022637              356.6337482205491              243.3882688880094              
53160                          5870.523231636261              -2105.723095982677             -2215.762992323476             3.569615479115932              4.155854076099666              5.495690897542581              6617.807148954335              0.0005467980548569396          51.58370449497181              356.6321796954196              242.902099379201               
53220                          6069.991809524605              -1851.365346898671             -1880.793539850111             3.076581862225311              4.319241149960075              5.665338419155548              6618.41315530165               0.0004536454047812015          51.58582135948251              356.6310142797677              242.4616195493836              
53280                          6239.407124932333              -1587.841580354734             -1536.484775369631             2.568254336694712              4.461260601439349              5.80687089293642               6618.928368766993              0.0003597505195714199          51.58763875469878              356.630201342185               242.077406751534               
53340                          6377.926861298655              -1316.455714317663             -1184.545664872595             2.047155586207899              4.581201744339085              5.919576569494426              6619.342249250648              0.0002663297350454209          51.58912147154031              356.6296835719918              241.758552566358               
53400                          6484.862111989358              -1038.551025440194             -826.7235713824809             1.515874434107326              4.678463950513309              6.002887949591049              6619.646271889836              0.0001757848752295258          51.590240734584                356.6293980457967              241.5124700154283              
53460                          6559.680952447495              -755.5034404216906             -464.7954961973592             0.9770525409060238             4.752560023298437              6.056385068797701              6619.834103963814              9.768332136083256e-05          51.59097474233084              356.6292773936258              241.3447363821697              
53520                          6602.011201463647              -468.7146447802461             -100.5591490769615             0.4333707157885861             4.803118933220941              6.079797946227339              6619.901737527366              8.26499625592693e-05           51.59130908482001              356.6292510465368              241.2589751369969              
53580                          6611.642351988226              -179.6050473671189             264.1761026424852              -0.1124650595815736            4.829887886503303              6.073008167271156              6619.847574503934              0.0001502823390380687          51.59123703078895              356.6292465462943              241.2567796216345              
53640                          6588.526657382723              110.3933586388932              627.5983533842352              -0.6577377888208877            4.832733704243724              6.036049580097752              6619.672462017395              0.0002377065939530897          51.59075967813995              356.629190896406               241.337680205349               
53700                          6532.77936561626               399.8441959925905              987.9022930485105              -1.199733689309822             4.811643498868544              5.969108097002135              6619.379676880573              0.0003288874095861687          51.58988596322261              356.6290119326099              241.499155636453               
