ElapsedS                       Sat.EarthMJ2000Eq.X            Sat.EarthMJ2000Eq.Y            Sat.EarthMJ2000Eq.Z            Sat.EarthMJ2000Eq.VX           Sat.EarthMJ2000Eq.VY           Sat.EarthMJ2000Eq.VZ           Sat.Earth.SMA                  Sat.Earth.ECC                  Sat.EarthMJ2000Eq.INC          Sat.EarthMJ2000Eq.RAAN         Sat.Earth.Altitude             
0                              6628.137                       0                              0                              0                              4.8169050670943                6.077421678863729              6628.137000000001              1.181527691164928e-16          51.59999999999999              0                              250.0001381310667              
ElapsedS                       Sat.EarthMJ2000Eq.X            Sat.EarthMJ2000Eq.Y            Sat.EarthMJ2000Eq.Z            Sat.EarthMJ2000Eq.VX           Sat.EarthMJ2000Eq.VY           Sat.EarthMJ2000Eq.VZ           Sat.Earth.SMA                  Sat.Earth.ECC                  Sat.EarthMJ2000Eq.INC          Sat.EarthMJ2000Eq.RAAN         Sat.Earth.Altitude             
60                             6611.787675571954              288.776518038928               364.3440286682498              -0.5447517830983339            4.80501963670296               6.062368931301847              6628.050061023505              0.0001058354929768943          51.59973827488269              359.9999851875808              250.0464934639585              
120                            6562.820854875759              576.1282026755323              726.8842437035569              -1.086800598010297             4.76943047524208               6.017319800832658              6627.843233053363              0.0002117887385958645          51.59906716924011              359.9998915841931              250.1724575233493              
180                            6481.479401699228              860.6375878060019              1085.826908307413              -1.623460458270144             4.710315870790759              5.942500821989527              6627.520540192217              0.0003174573493619867          51.59799997170214              359.9996470185429              250.3748610297362              
240                            6368.166563335558              1140.901437276126              1439.396360792309              -2.152073543763904             4.627971633846593              5.838287666501627              6627.088349925463              0.0004223575846466441          51.59655768060757              359.999182408418               250.6485936755371              
300                            6223.443867319661              1415.537747549751              1785.843900732611              -2.670023930636782             4.522809363494045              5.705202932548286              6626.555236100959              0.0005259020921365529          51.59476856989832              359.9984330934383              250.9867113895116              
360                            6048.028203686275              1683.19262657298               2123.45651734788               -3.174750994185945             4.395354058944924              5.543913102351653              6625.931794798381              0.0006273859742660318          51.59266761937192              359.9973400771455              251.3805824498468              
420                            5842.788114602549              1942.547011196108              2450.565412299401              -3.663762391626188             4.246241106790196              5.355224706791805              6625.23041763127               0.0007259820778861544          51.59029582147498              359.9958511363567              251.8200692105638              
480                            5608.739321886961              2192.323183444381              2765.554266494654              -4.134646533666497             4.076212683323462              5.14007974713608               6624.465028144113              0.000820745624172099           51.58769937872729              359.9939218039598              252.293741468925               
540                            5347.039524859742              2431.291054262697              3066.867211034307              -4.585084476234781             3.886113614407867              4.899550427877988              6623.650787494573              0.0009106276522063033          51.58492880731235              359.9915162017573              252.7891168746764              
600                            5058.982485441818              2658.274198491548              3353.016481535421              -5.012861199375604             3.676886724863788              4.634833241380758              6622.803776106754              0.0009944962788068915          51.58203796344097              359.9886077105309              253.2929233031418              
660                            4745.991497675484              2872.155563198859              3622.589657387884              -5.415876131995964             3.449567767842697              4.347242519052058              6621.940660147471              0.001071164327855297           51.57908301108243              359.9851794660447              253.7913776347668              
720                            4409.612199351993              3071.882898428669              3874.256547572045              -5.792153026913851             3.205279921551979              4.038203433224371              6621.07834970523               0.001139421878380111           51.57612134857786              359.9812246730954              254.2704752884965              
780                            4051.504846703485              3256.473821106023              4106.775610287811              -6.139849036379355             2.945227957253679              3.709244581390911              6620.233656505738              0.001198072220965341           51.5732105139201               359.9767467330345              254.7162846691854              
840                            3673.436054610023              3425.020529263923              4318.999927850788              -6.457263044162471             2.670692093425565              3.361990171757936              6619.422958475006              0.001245969868533184           51.5704070874492               359.9717591819498              255.1152406058527              
900                            3277.270062007017              3576.694137881539              4509.882700488896              -6.742843227875578             2.383021588896329              2.998151877049052              6618.661878138142              0.00128205947736477            51.56776561136911              359.9662854406943              255.4544311702994              
960                            2864.959566494786              3710.748623418299              4678.482242604347              -6.995193857566061             2.083628112337909              2.619520403943087              6617.964981178147              0.001305414851277776           51.56533754508275              359.9603583802624              255.7218723091764              
1020                           2438.536173750547              3826.524364676797              4823.966465771904              -7.213081338726289             1.773978922391032              2.227956821593424              6617.345500732058              0.001315277619259895           51.56317027497108              359.9540197093483              255.9067651163796              
1080                           2000.100506749411              3923.451269543807              4945.616835173538              -7.395439511023108             1.455589888021204              1.825383686752301              6616.815092167953              0.001311095741072922           51.56130619658405              359.947319193468               255.9997309304354              
1140                           1551.812018250445              4001.051478920407              5042.831788401643              -7.541374215459216             1.13001837354144               1.413775996501766              6616.383622201774              0.001292562805071231           51.55978188631398              359.9403137183928              255.9930198840302              
1200                           1095.878556235329              4058.941639498223              5115.129606020894              -7.650167140117341             0.7988560136272355             0.9951520007306074             6616.058995318974              0.001259660327941469           51.55862737848118              359.933066213349               255.8806890377527              
1260                           634.5457071220728              4096.83474183891               5162.150729307723              -7.721278959346087             0.4637213825054216             0.5715638797896495             6615.847019566056              0.001212707306057122           51.55786556224255              359.9256444517731              255.6587467653089              
1320                           170.0859807678564              4114.541514081456              5183.6595129218                -7.754351764536029             0.1262525875403517             0.1450883257155123             6615.751312986076              0.001152424793209921           51.55751171112365              359.9181197509841              255.3252606444994              
1380                           -295.2121104436383             4111.971369805914              5179.545410621266              -7.749210794305173             -0.2119001927340342            -0.2821829474222063            6615.773251158043              0.001080029576303025           51.55757315577281              359.9105655941869              254.8804267181786              
1440                           -759.0551042797324             4089.132907170863              5149.823590219907              -7.70586546311258              -0.5490822637808899            -0.7081528113431543            6615.911955637808              0.0009973823645964784          51.55804910820409              359.9030561989625              254.3265986427205              
1500                           -1219.155634071261             4046.133952329878              5094.63496911361               -7.624509673508241             -0.8836419813903751            -1.130728345540347             6616.164322513459              0.0009072357403890355          51.5589306432293               359.8956650611844              253.6682758300667              
1560                           -1673.243493539351             3983.181148242679              5014.245671663488              -7.505521406446049             -1.213938366919216             -1.547830520740359             6616.525089760781              0.0008136566185691532          51.56020083969667              359.8884635014949              252.9120505524425              
1620                           -2119.076650732835             3900.579085886155              4909.045904733858              -7.349461570814339             -1.538348737402165             -1.957403900369415             6616.986941656282              0.0007227157076415041          51.56183508109936              359.8815192439846              252.0665144401564              
1680                           -2554.452170252894             3798.728977553053              4779.548251044945              -7.157072093391372             -1.855276335996768             -2.357426341143172             6617.540648151065              0.0006434119595981617          51.56380151177273              359.8748950563494              251.142125710212               
1740                           -2977.216997556984             3678.126872827598              4626.385381179547              -6.929273227861067             -2.163157941847441             -2.745918665786763             6618.175236777087              0.0005881022743142604          51.56606164151778              359.8686474800977              250.1510390835774              
1800                           -3385.278557820248             3539.36141919547               4450.30718684706               -6.667160060679401             -2.460471434607987             -3.120954275985456             6618.87819436401               0.0005701181111644414          51.56857108811666              359.8628256783157              249.1069010758165              
1860                           -3776.615120704662             3383.11117077138               4252.177339973714              -6.371998191963585             -2.745743284811457             -3.480668668512259             6619.635695554544              0.0005968890944355264          51.57128044395313              359.8574704262907              248.0246140641984              
1920                           -4149.285877342275             3210.141452283989              4032.969286854493              -6.045218574981528             -3.017555934130559             -3.823268808436                6620.432854800977              0.0006646227195303141          51.57413624988849              359.8526132677903              246.9200731840601              
1980                           -4501.440698801905             3021.300775908212              3793.761674534475              -5.688411479313114             -3.274555042724427             -4.14704232986574              6621.253998262832              0.0007619811211275686          51.57708205702522              359.8482758559879              245.8098807022343              
2040                           -4831.329466026085             2817.516849670305              3535.733258740543              -5.303319620945268             -3.515456519323652             -4.450366457113593             6622.082951202349              0.0008770514498178005          51.58005955404585              359.8444694951452              244.7110432238887              
2100                           -5137.311014606949             2599.792142114004              3260.15724890994               -4.89183036444844              -3.739053358070121             -4.731716675724539             6622.903336595151              0.001000459803525331           51.58300973725505              359.8411948928879              243.6406573446975              
2160                           -5417.861545061124             2369.199067292606              2968.395171797945              -4.455967093486696             -3.944222162554744             -4.989675001997205             6623.69888142425               0.00112538060278648            51.58587409791698              359.8384421301616              242.6155898871539              
2220                           -5671.582505985979             2126.874778764347              2661.890239654755              -3.997879706341342             -4.12992934844072              -5.222937839412107             6624.453725363584              0.001246785710945444           51.58859580201364              359.8361908494828              241.6521592650533              
2280                           -5897.207878900755             1874.015604459541              2342.160263703792              -3.519834279558208             -4.29523695615186              -5.430323334985467             6625.152726422723              0.001360824657448354           51.59112083705533              359.8344106578758              240.7658243180513              
2340                           -6093.610818819526             1611.871145677185              2010.790142758564              -3.024201931721471             -4.439308021093971             -5.610778168741962             6625.781756792503              0.001464441565283483           51.5933991012495               359.8330617360136              239.9708872748106              
2400                           -6259.80960507872              1341.738066144718              1669.423960225465              -2.513446930933712             -4.561411448024806             -5.763383708563403             6626.327982892168              0.001555159867563056           51.59538541180878              359.8320956400884              239.2802171542653              
2460                           -6394.972850162398             1064.953618616218              1319.756749963592              -1.990114137636495             -4.660926331550281             -5.887361457197379             6626.780126901757              0.001630967111011842           51.59704041167054              359.8314562785504              238.7049996653286              
2520                           -6498.42395323786              782.8888968593109              963.5259161386385              -1.456815766910695             -4.737345691962685             -5.982077752146232             6627.128702151143              0.001690255867364802           51.59833135595611              359.8310810425062              238.2545190259752              
2580                           -6569.644721861067             496.9419252766303              602.5024493853861              -0.9162176969678111            -4.790279550614708             -6.0470476232341               6627.366216716373              0.001731795376401236           51.59923276181527              359.8309020655049              237.9359767477044              
2640                           -6608.2781731594               208.5305549325901              238.4819002943481              -0.3710252856553839            -4.819457335431313             -6.081937795781514             6627.487340346877              0.001754719555031036           51.59972690954768              359.8308475855564              237.754351291549               
2700                           -6614.130468769225             -80.91475932698933             -126.7247949344131             0.1760311372322959             -4.8247295678513               -6.086568778403424             6627.489030135264              0.001758523176552328           51.59980418550281              359.8308433809334              237.7123018410412              
2760                           -6587.171971364995             -369.9582505615848             -491.3005729578234             0.7222109757529378             -4.806068810443523             -6.060916009731248             6627.37061117408               0.001743061628134529           51.59946326111176              359.8308142498332              237.8101183161107              
2820                           -6527.537417523383             -657.1661704611881             -853.4315478493749             1.264778180490086              -4.763569863583044             -6.005110049849471             6627.1338093473                0.001708551885037614           51.59871110590798              359.8306855039868              238.0457186601534              
2880                           -6435.525199191678             -941.1141185346685             -1211.316310088182             1.801016054247832              -4.697449202227019             -5.919435805735191             6626.782734429442              0.001655573950492834           51.59756283573171              359.8303844464813              238.4146933786424              
2940                           -6311.5957639811               -1220.394298850809             -1563.175130120775             2.328241879041907              -4.608043661586483             -5.804330802695498             6626.323812847868              0.001585073507763976           51.5960414006348               359.8298418048473              238.9103961462424              
3000                           -6156.369142779306             -1493.622687434535             -1907.259044795517             2.843821295825057              -4.495808384235151             -5.660382518190022             6625.765670679328              0.001498368360640119           51.59417711998238              359.8289930921483              239.5240782990122              
3060                           -5970.621627132126             -1759.446049936022             -2241.858750179242             3.345182289023964              -4.361314055856245             -5.488324813276283             6625.118968731907              0.001397164041183845           51.59200707504324              359.8277798704761              240.2450639656472              
3120                           -5755.281619265598             -2016.548776755182             -2565.313259065922             3.829828684430431              -4.205243461442952             -5.289033502548162             6624.396192792675              0.001283588849283486           51.58957437174804              359.826150893482               241.0609618221533              
3180                           -5511.42469305782              -2263.659487191524             -2876.018261875395             4.295353045358172              -4.028387408538333             -5.06352112220967              6623.611403343298              0.001160267766846194           51.58692728854522              359.8240631072807              241.9579085779269              
3240                           -5240.267899025366             -2499.557374449163             -3172.434155202962             4.739448897196287              -3.831640063081565             -4.812930954448544             6622.779950090116              0.00103047244876804            51.58411832596303              359.821482491613               242.9208388055231              
3300                           -4943.163357841391             -2723.078254256183             -3453.093690907236             5.159922201209601              -3.615993753489658             -4.538530379022691             6621.918157622365              0.0008984182585708967          51.5812031760882               359.818384726208               243.9337752164074              
3360                           -4621.591189466017             -2933.120286884422             -3716.609207523919             5.554702019990738              -3.382533301149143             -4.241703626087447             6621.04298926943               0.0007698344772663718          51.57823963136479              359.8147556703663              244.9801332244388              
3420                           -4277.151837693916             -3128.649340822411             -3961.679403940657             5.921850322459418              -3.132429944271466             -3.923944015350359             6620.171696810096              0.0006529653598783173          51.57528645311203              359.8105916470481              246.0430334693792              
3480                           -3911.557807646883             -3308.703995838388             -4187.095652290109             6.259570939662034              -2.866934889786197             -3.586845725544206             6619.321463909544              0.0005598287947589983          51.57240222040965              359.8058995256024              247.1056161348233              
3540                           -3526.624912401848             -3472.40013660609              -4391.747788653841             6.56621760231127               -2.587372582436887             -3.232095207424638             6618.50905148054               0.0005057402342152898          51.56964418107703              359.8006966015162              248.1513507952905              
3600                           -3124.263066924523             -3618.935135779812             -4574.629380126266             6.8403010868159                -2.295133734603868             -2.861462295379301             6617.750452872116              0.0005023601945347179          51.56706712594971              359.7950102743401              249.1643360003109              
3660                           -2706.466670713693             -3747.591617444029             -4734.842456768078             7.080495486103815              -1.991668158467749             -2.47679107035555              6617.060566480396              0.000546998150067912           51.56472230754095              359.7888775284929              250.1295831448151              
3720                           -2275.304646894092             -3857.740783647957             -4871.601686760509             7.28564360915169               -1.67847745651121              -2.079990545051426             6616.452892897849              0.000624337615666402           51.56265642384343              359.782344225549               251.0332795580462              
3780                           -1832.910158218229             -3948.845304461823             -4984.237995216022             7.454761547487623              -1.357107587021212             -1.67302519244821              6615.939262926406              0.0007180652893488731          51.56091068691349              359.775464219365               251.8630263375971              
3840                           -1381.470124265786             -4020.461747942677             -5072.201597311423             7.587042401589721              -1.029141391675249             -1.257905427999486             6615.529602050123              0.0008165317032219749          51.55951999517815              359.7682983106134              252.6080468470891              
3900                           -923.2144761966309             -4072.242572973384             -5135.064474221623             7.681859244484399              -0.6961910310431187            -0.8366779768861407            6615.231735749893              0.0009123572780202067          51.55851222598475              359.7609130577121              253.2593627027909              
3960                           -460.4053141810751             -4103.937657385562             -5172.522257756636             7.73876730198625               -0.3598904357440548            -0.4114162628806347            6615.051239253788              0.001000895291103115           51.55790766397542              359.7533794678652              253.8099342871437              
4020                           4.674078043231489              -4115.395378531203             -5184.395544991619             7.757505406949641              -0.02188772437610685           0.01578924292114833            6614.99133402036               0.001079151529926159           51.55771857770853              359.7457715916271              254.2547638183396              
4080                           469.7302760539099              -4106.563237312792             -5170.630631887289             7.737996730158189              0.3161623682826177             0.4428406581717251             6615.052832345157              0.001145176649591924           51.55794895479335              359.7381650489269              254.5909593961114              
4140                           932.4707803672451              -4077.488028091941             -5131.299669055385             7.680348804819369              0.6526060479995757             0.8676423037490235             6615.234130450057              0.001197735851649469           51.55859440257074              359.7306355157986              254.8177591800331              
4200                           1390.615049932509              -4028.315557273957             -5066.600243440694             7.584852855254127              0.9857979841492369             1.288110272735526              6615.531249491646              0.001236123092112473           51.55964221805811              359.723257202897               254.9365154667748              
4260                           1841.905510286886              -3959.28990779565              -4976.854382337129             7.451982422283285              1.314108825261735              1.702181986387958              6615.937923091166              0.001260048692088665           51.56107162747225              359.7161013565604              254.9506390972547              
4320                           2284.118408366767              -3870.752259438763             -4862.506992983539             7.282391295665237              1.635932634160252              2.107825644489739              6616.44572907458               0.001269564063021657           51.56285419170923              359.7092348155903              254.8655052097256              
4380                           2715.07455783297               -3763.139260945311             -4724.1237324346               7.076910730302976              1.94969429286269               2.503049632766186              6617.044262401098              0.001265005057511736           51.56495437076499              359.7027186532843              254.6883220561231              
4440                           3132.649893147207              -3636.980958265719             -4562.388313699304             6.836545934052547              2.253856833460818              2.885911831341146              6617.721345497602              0.001246944434227948           51.56733023625114              359.6966069349144              254.4279651691222              
4500                           3534.785771561406              -3492.898290837069             -4378.099263620294             6.562471824794702              2.546928663120332              3.254528783328467              6618.463271569241              0.001216148590576991           51.56993431755726              359.690945618133               254.0947798296738              
4560                           3919.499011986502              -3331.600154645859             -4172.166131121338             6.256028026309152              2.827470683943541              3.607084723659315              6619.255076043928              0.001173536219693794           51.5727145642876               359.685771620049               253.7003553208615              
4620                           4284.891610349187              -3153.880041681966             -3945.605158479173             5.918713091533263              3.094103268593924              3.941840418009767              6620.080830867513              0.001120137959831411           51.57561540457905              359.6811120717861              253.2572751893449              
4680                           4629.160081976326              -2960.612266935348             -3699.534430205825             5.55217794427815               3.345513056501969              4.2571417666771                6620.923956080621              0.001057056951234939           51.57857887658908              359.6769837768659              252.7788478872953              
4740                           4950.604387023969              -2752.74779388569              -3435.168513881263             5.158218531002055              3.580459535547956              4.551428128368856              6621.767542914082              0.0009854307490236491          51.58154580869385              359.6733928850072              252.2788231929771              
4800                           5247.63639161482               -2531.309672429628             -3153.812611115132             4.738767682110692              3.797781367960386              4.823240311182294              6622.594682507166              0.0009063954047141829          51.58445702280275              359.6703347878397              251.7710996309115              
4860                           5518.787817121144              -2297.388106040539             -2856.856240452856             4.295886190907952              3.996402415697207              5.071228173760526              6623.388794291729              0.0008210527735659914          51.58725453469326              359.6677942379917              251.269428813318               
4920                           5762.71763112242               -2052.135167586193             -2545.766477388915             3.831753127532613              4.175337418536093              5.294157777156064              6624.133948100978              0.0007304422658787833          51.58988272549005              359.6657456876851              250.7871226368925              
4980                           5978.218834914528              -1796.759186078905             -2222.080780268486             3.348655415596346              4.333697276852134              5.490918026491794              6624.815174148252              0.0006355183404286181          51.59228945928619              359.6641538380488              250.336769380383               
5040                           6164.224603459841              -1532.518831058963             -1887.399436464766             2.848976713160046              4.470693890229689              5.66052674062926               6625.41875518064               0.0005371350611994496          51.59442712339915              359.6629743855696              249.9299647036178              
5100                           6319.813744348496              -1260.716911515579             -1543.37765080854              2.33518562705466               4.585644510074022              5.802136096915297              6625.932495383567              0.0004360391126914159          51.59625356993336              359.6621549478973              249.5770632970152              
5160                           6444.215416217056              -982.6939563949605             -1191.717361715874             1.809823390345748              4.677975545001363              5.915037374376542              6626.345960844055              0.0003328734134851812          51.59773293955135              359.6616361475765              249.2869566619611              
5220                           6536.813115031343              -699.8215405376365             -834.1587397817889             1.275490943483935              4.747225808588173              5.998664981673824              6626.650687006362              0.0002281985118394344          51.59883635207041              359.6613528289573              249.0668818467975              
5280                           6597.147850692778              -413.4954766159195             -472.4715219606351             0.7348356614475979             4.793049136948184              6.052599679870184              6626.840348768372              0.0001225875247586172          51.59954245072204              359.6612353816077              248.9222655195099              
5340                           6624.920528076333              -125.1288448787447             -108.4461461190074             0.1905376928556198             4.815216373350389              6.076570996317082              6626.910889746127              1.9475964365628e-05            51.5998377913545               359.6612111415246              248.8566068464706              
5400                           6619.993497415595              163.8550703006237              256.1152262900986              -0.3547039351719588            4.813616683382866              6.070458784789822              6626.860607756666              9.231559668573698e-05          51.59971707078315              359.6612058407938              248.8714018062074              
5460                           6582.391266217232              452.0299016880384              619.4077542885531              -0.8981853530900189            4.788258187428003              6.034293916025134              6626.690194391625              0.0001988534225677086          51.59918319216709              359.6611450760937              248.9661106953981              
5520                           6512.300367530448              737.9733381962415              979.6329771538948              -1.437211921828274             4.73926790268735               5.968258089887302              6626.402727421635              0.0003052848493381831          51.59824716871938              359.6609557668723              249.1381694874763              
5580                           6410.068385451606              1020.27423968934               1335.007836592089              -1.969112234178624             4.66689099518956               5.872682770810099              6626.003615658865              0.000410928273133053           51.59692787015168              359.6605675751441              249.3830447532982              
5640                           6276.202145353107              1297.539686413892              1683.773609024516              -2.491251938451017             4.571489350892483              5.74804725916105               6625.50049687879               0.0005151996076417999          51.59525161921881              359.6599142603534              249.6943308213349              
5700                           6111.365082605268              1568.4019226847                2024.204696788192              -3.001047281673727             4.453539483316383              5.594975921694122              6624.903090383777              0.0006174363805624415          51.59325164832678              359.6589349447734              250.063886908546               
5760                           5916.373808931219              1831.525156517506              2354.617229717125              -3.495978276779279             4.313629802531818              5.414234613551691              6624.223006780421              0.0007168678999659383          51.59096742843853              359.6575752672049              250.4820110599476              
5820                           5692.193905519002              2085.612173097581              2673.377423877813              -3.973601395537702             4.152457280570232              5.206726337253285              6623.473518553349              0.000812609341191872           51.58844388450883              359.6557884052974              250.9376469465842              
5880                           5439.934965660238              2329.410737529715              2978.909666356009              -4.431561727467242             3.970823546188177              4.973486181093294              6622.669295806767              0.0009036677912786562          51.58573051311787              359.6535359495404              251.4186189459933              
5940                           5160.84492320762               2561.719747454518              3269.704276372011              -4.867604522984162             3.769630453093132              4.715675593628726              6621.826111761861              0.0009889575131510691          51.5828804192756               359.6507886146849              251.9118903108774              
6000                           4856.303726595215              2781.395090519403              3544.324886161112              -5.279586035909214             3.549875184042462              4.434576074161426              6620.960525166773              0.001067322841917823           51.57994929081948              359.6475267777778              252.4038388922427              
6060                           4527.816361808228              2987.355214339873              3801.415451040072              -5.665483685885944             3.312644912083172              4.131582306179722              6620.089545897083              0.00113756733291598            51.57699432862936              359.64374083419                252.8805447317582              
6120                           4177.005294747445              3178.586356733995              4039.706823132406              -6.023405455539158             3.059111087410222              3.808194821211584              6619.230290605759              0.00119848777678073            51.57407315202301              359.6394313665658              253.3280834483212              
6180                           3805.602379520231              3354.147419598265              4258.022867952281              -6.351598510481941             2.7905233992609                3.466012255861623              6618.399635798345              0.001248911735530906           51.57124269865983              359.634609124336               253.7328197353709              
6240                           3415.440266650301              3513.174475848116              4455.286110595051              -6.64845704698027              2.508203450345075              3.106723249555674              6617.613875745899              0.001287737379322671           51.56855813809653              359.6292948142867              254.081695066795               
6300                           3008.443365401037              3654.884888388799              4630.52288527337               -6.91252935680255              2.213538192326556              2.732098044558583              6616.888392601654              0.001313974621797128           51.56607181814391              359.6235187057324              254.3625042388703              
6360                           2586.618405468096              3778.581029002885              4782.867973132564              -7.142524118442283             1.907973160334886              2.343979836322637              6616.237345801233              0.001326786884731138           51.56383226259922              359.6173200566961              254.5641555139573              
6420                           2152.044644101707              3883.653586144741              4911.568714691255              -7.337315927354251             1.593005540607294              1.944275917289338              6615.673387375394              0.001325533312866996           51.56188323830104              359.6107463704301              254.6769096200924              
6480                           1706.863763851113              3969.584452523076              5015.988585643316              -7.495950081120045             1.27017710016134               1.534948650664856              6615.207409190814              0.001309811995978737           51.56026290855067              359.6038524944435              254.6925932929498              
6540                           1253.269504583358              4035.949184997367              5095.610226830348              -7.617646636612421             0.9410670018218251             1.118006303638815              6614.84832737078               0.001279505914214267           51.55900308879711              359.5966995770266              254.6047835438685              
6600                           793.4970758869985              4082.41903012309               5150.037920249018              -7.701803754262193             0.6072845255956736             0.6954937666055355             6614.602908259006              0.001234835237306044           51.55812861907834              359.5893538990705              254.4089593748486              
6660                           329.8123830737138              4108.762511138075              5178.999505953387              -7.748000344156476             0.270461704477832              0.2694831686598501             6614.4756392954                0.001176422907587243           51.55765686598253              359.5818856013458              254.1026182098285              
6720                           -135.4988674680657             4114.846570033463              5182.347732313377              -7.755998018822032             -0.06775409640074451           -0.1579355739216228            6614.46864713033               0.001105386317418617           51.55759736495023              359.5743673303243              253.6853549050984              
6780                           -600.1421863252822             4100.637263832989              5160.061038390718              -7.725742360458973             -0.4057076800354282            -0.5846643047700113            6614.581664193819              0.001023478491627987           51.55795161135359              359.5668728266626              253.1589017507713              
6840                           -1061.82536281929              4066.200007211125              5112.243759143694              -7.657363490422205             -0.7417435610196252            -1.008606223921496             6614.812043877906              0.0009333208866557297          51.55871300634757              359.5594754835237              252.5271285335575              
6900                           -1518.26951162433              4011.699364501943              5039.125757796893              -7.551175941679933             -1.074213530954931             -1.42767550649742              6615.154823376824              0.0008387989918151808          51.559866960435                359.5522469028637              251.7960023373735              
6960                           -1967.220142697021             3937.398382655407              4941.061474303303              -7.407677805345972             -1.401484294265242             -1.83980700412772              6615.602832305309              0.0007457163468086416          51.56139115488779              359.5452554770058              250.9735073857719              
7020                           -2406.458117874756             3843.657468592749              4818.528395514249              -7.227549139502395             -1.721945093374804             -2.242965926156323             6616.146844213056              0.0006627176941188193          51.56325595769742              359.538565025808               250.0695258112382              
7080                           -2833.810504442145             3730.93280757285               4672.124942689163              -7.01164960887039              -2.034015346223816             -2.635157528858042             6616.775767368247              0.0006019139185131777          51.56542498760978              359.5322335168459              249.0956811401156              
7140                           -3247.161260908863             3599.774324053525              4502.567778864413              -6.761015329145186             -2.336152260881641             -3.014436767350952             6617.476870434265              0.0005770974981596621          51.56785581642517              359.5263118960165              248.0651466205381              
7200                           -3644.461708869308             3450.823186984092              4310.688539032391              -6.47685488742245              -2.62685840150405              -3.378917876815487             6618.236038108404              0.0005972784527817624          51.57050079658183              359.5208430538227              246.9924214718058              
7260                           -4023.740740700371             3284.808863414435              4097.429988618416              -6.160544512226098             -2.904689172504957             -3.726783840306617             6619.038051332685              0.0006603064493019283          51.57330799805747              359.5158609500223              245.8930786659948              
7320                           -4383.11471137267              3102.545726460488              3863.841618516348              -5.813622370619348             -3.168260182277491             -4.056295693473725             6619.866886373649              0.0007552837705847617          51.57622223594642              359.5113899161495              244.7834885219509              
7380                           -4720.796962143638             2904.92922572202               3611.074687583842              -5.437781975084753             -3.416254443061295             -4.365801610558782             6620.706026770594              0.000869849218812033           51.57918616778386              359.5074441517198              243.6805230170585              
7440                           -5035.106919450412             2692.9316331791                3340.376729806518              -5.034864694768025             -3.647429356114461             -4.653745706754782             6621.538781614287              0.0009940422824114619          51.58214143779242              359.5040274257266              242.60124624536                
7500                           -5324.478718968389             2467.597377272129              3053.08554290886               -4.606851369672186             -3.860623432993356             -4.918676494197232             6622.348605297885              0.001120600229067526           51.58502984419406              359.5011329902044              241.5625969310186              
7560                           -5587.469306109292             2230.037977285894              2750.622674474051              -4.155853029778697             -4.054762701617373             -5.159254926225262             6623.119413300738              0.00124421517170072            51.58779450510595              359.4987437080035              240.5810691779006              
7620                           -5822.765933657198             1981.426622628436              2434.486462959831              -3.684100788044102             -4.228866720683119             -5.374261933534789             6623.835887940269              0.001360864664608539           51.59038099808418              359.4968323923809              239.6723981973464              
7680                           -6029.193059869572             1722.992373764715              2106.244604592265              -3.193934853709882             -4.382054185293839             -5.562605429543154             6624.483768547714              0.001467387407380465           51.59273844977785              359.4953623506377              238.8512571725742              
7740                           -6205.718535411808             1456.014068327614              1767.526353051411              -2.68779282124284              -4.513548020560749             -5.723326655662878             6625.050119176017              0.001561241182267781           51.59482055181949              359.494288120569               238.1309722934539              
7800                           -6351.459079597177             1181.813923437866              1420.014341026871              -2.168197222660049             -4.62267994423856              -5.855605842274857             6625.523573239741              0.001640370807450889           51.59658648300076              359.4935563827062              237.5232618519185              
7860                           -6465.684981890623             901.7508980933056              1065.436105298438              -1.637742473791934             -4.708894430963065             -5.958767101291958             6625.894549560034              0.001703138032479157           51.5980017185094               359.4931070288926              237.0380054797415              
7920                           -6547.824017034768             617.2138077094704              705.5553059013009              -1.099081215227755             -4.771752051251397             -6.032282516216434             6626.155435739023              0.001748285495899387           51.59903871034006              359.49287436415                236.6830486719937              
7980                           -6597.46451385631              329.6142815736679              342.1627549664956              -0.5549102411837149            -4.810932124472105             -6.075775354874806             6626.300735768486              0.001774919067383616           51.59967742543527              359.4927884164555              236.4640472575229              
8040                           -6614.357572529745             40.37958133568662              -22.93272139847979             -0.007956076320271921          -4.826234668283844             -6.089022383374379             6626.327179335206              0.001782499780623697           51.59990573195182              359.4927763269667              236.3843553871602              
8100                           -6598.418410576862             -249.0546866596707             -387.9135461466078             0.5390397079068445             -4.817581619464917             -6.071955250647485             6626.233790721721              0.001770840462580222           51.59971962712232              359.4927637922136              236.4449596688419              
8160                           -6549.726821430754             -537.2519055070077             -750.9627033229791             1.08333529227109               -4.78501730690645              -6.024660921009714             6626.021915756289              0.001740104520408972           51.59912330352192              359.4926765292751              236.6444610059334              
8220                           -6468.526744472358             -822.7817855039261             -1110.273044605112             1.622203409496039              -4.728708172540185             -5.947381150843536             6625.69520589165               0.001690805964679812           51.59812905395577              359.4924417350607              236.9791045181064              
8280                           -6355.224950449243             -1104.227662921738             -1464.056536206699             2.152946030042003              -4.648941743610255             -5.840511015215865             6625.259559118319              0.001623811133076219           51.59675701829475              359.491989511566               237.4428567403802              
8340                           -6210.388855115758             -1380.19371071308              -1810.553383980863             2.67290880805289               -4.546124870167168             -5.704596503645124             6624.723018115587              0.001540344182047897           51.59503477859567              359.4912542301963              238.027528226482               
8400                           -6034.743470103899             -1649.312034603177             -2148.041002939209             3.179495206118428              -4.420781243022794             -5.540331205454099             6624.095626706566              0.00144200076912576            51.59299681133566              359.4901758098497              238.7229385785749              
8460                           -5829.167517222587             -1910.249596283003             -2474.842757586864             3.670180160992878              -4.273548223294687             -5.348552125901099             6623.389246502428              0.001330778411887233           51.59068380821218              359.4887008854507              239.5171200023897              
8520                           -5594.688754619766             -2161.714907674345             -2789.336402597599             4.142523161378738              -4.10517303418945              -5.130234698860831             6622.61733644471               0.001209139533835628           51.58814187919964              359.4867838460825              240.3965544788271              
8580                           -5332.478519017859             -2402.464503203716             -3089.962232299247             4.594180732835413              -3.916508336804275             -4.88648702390426              6621.794698587558              0.001080137632647717           51.58542165285935              359.4843877240369              241.346439359706               
8640                           -5043.845549045603             -2631.309117086229             -3375.230847317568             5.02291818083358               -3.708507257328542             -4.618543414899731             6620.937194448718              0.0009476646266962101          51.5825772910316               359.4814849190782              242.3509751761549              
8700                           -4730.22912541185              -2847.119549381891             -3643.730518020655             5.426620556932837              -3.482217913501696             -4.327757321267559             6620.061436911378              0.0008169248812197191          51.57966543600352              359.4780577448871              243.393669531275               
8760                           -4393.191577846294             -3048.832190077933             -3894.134106286275             5.803302793172159              -3.238777498745305             -4.015593696559914             6619.184463402602              0.0006952879584713733          51.57674410932969              359.4740987876181              244.4576505353889              
8820                           -4034.410209869364             -3235.454176415984             -4125.205514673167             6.151118968517325              -2.979405982668576             -3.683620889163421             6618.323396697027              0.0005935126278581949          51.57387158227987              359.4696110695254              245.5259833398559              
8880                           -3655.668694204508             -3406.068162204697             -4335.805636559426             6.468370685078037              -2.705399486377038             -3.333502129396556             6617.495100202948              0.0005261256124747502          51.57110523841203              359.464608013792               246.5819834542099              
8940                           -3258.847995163231             -3559.836680393859             -4524.897784069906             6.753514543223367              -2.418123391066426             -2.96698668719033              6616.715834959508              0.0005068578083029904          51.56850044907723              359.4591132099245              247.6095207953394              
9000                           -2845.916858478338             -3696.006089491121             -4691.552582173557             7.005168727706975              -2.119005223533126             -2.585900755488393             6616.000925737945              0.0005379484190459656          51.56610948259508              359.4531599822185              248.59330886511                
9060                           -2418.921949120303             -3813.910081465222             -4834.952301519634             7.222118697355903              -1.809527387122149             -2.192138146194126             6615.364443727279              0.0006069784322539594          51.5639804678647               359.4467907677711              249.519173816313               
9120                           -1979.977669466893             -3912.972752666759             -4954.394632142224             7.403322018159601              -1.491219767117894             -1.787650834988456             6614.818912976673              0.0006971013731498308          51.56215643227917              359.4400563133631              250.3742988507665              
9180                           -1531.255691624133             -3992.711232436113             -5049.29589152606              7.547912367723686              -1.165652235555344             -1.374439386409007             6614.375047392352              0.0007951493496379434          51.56067443306379              359.4330147039765              251.1474399463905              
9240                           -1074.97431087981              -4052.737852181442             -5119.193646473606             7.65520271683942               -0.8344271284414687            -0.9545433515594541            6614.041524537182              0.0008925479023620975          51.55956480019098              359.4257302404073              251.8291093940825              
9300                           -613.3875963461169             -4092.761868931889             -5163.74876597011              7.7246877485606                -0.4991716685479559            -0.5300316040230714            6613.824801496529              0.0009838854623845073          51.55885050684584              359.4182721847479              252.4117245147481              
9360                           -148.7744487163104             -4112.590729774821             -5182.74688913813              7.756045520582399              -0.1615303995888514            -0.1029926973590108            6613.728977250779              0.001065684032708155           51.55854668190918              359.4107133978517              252.8897192902959              
9420                           316.5724453737355              -4112.130884942784             -5176.099317806991             7.749138409702837              0.1768423935373292             0.3244747879617846             6613.755704794496              0.001135672892479638           51.5586602761059               359.4031288938399              253.2596175335748              
9480                           780.3576786507648              -4091.388145086039             -5143.843329021273             7.704013348389954              0.5142902382071679             0.7502718570695238             6613.90415514715               0.00119239082962491            51.55918989086472              359.3955943407417              253.5200665591847              
9540                           1240.294186818343              -4050.467586423141             -5086.141912331453             7.62090137035459               0.8491620080985017             1.1723086810946                6614.171034178338              0.001234964838890434           51.56012577559768              359.3881845372588              253.6718312314879              
9600                           1694.114263818727              -3989.573004682898             -5003.28293355716              7.500216468984782              1.179819426956225              1.588514131310431              6614.550651920819              0.001262979103717806           51.56144999567962              359.3809718973865              253.7177486038436              
9660                           2139.580487951244              -3909.005919899078             -4895.677728119762             7.342553766502594              1.504644535059735              1.996845257541543              6615.035042794462              0.001276389593306175           51.56313676969528              359.374024975053               253.6626441316639              
9720                           2574.496517253181              -3809.164134560087             -4763.85912764338              7.14868698489325               1.822047109157943              2.395296698447887              6615.614133888044              0.001275461441780236           51.56515297071008              359.3674070607236              253.5132109562592              
9780                           2996.717711838598              -3690.539848258531             -4608.478924382177             6.91956520410949               2.13047202348314               2.781910007198713              6616.27595725678               0.001260717409289796           51.56745878249983              359.3611748808963              253.2778543512495              
9840                           3404.161542256341              -3553.71733198946              -4430.304778058829             6.656308887513699              2.428406536954632              3.154782872784007              6617.006901139221              0.001232891490086835           51.57000849797519              359.3553774294769              252.9665040218897              
9900                           3794.817726720994              -3399.370171637935             -4230.216578027148             6.360205162768455              2.714387475675372              3.512078197076301              6617.79199409018               0.001192884822266668           51.57275144344945              359.3500549575796              252.5903975001993              
9960                           4166.758075345263              -3228.258080098934             -4009.202260496833             6.032702324561031              2.98700830105003               3.852033014268872              6618.615215416262              0.00114172277672344            51.57563300947309              359.3452381443182              252.1618384360463              
10020                          4518.145983566845              -3041.223286718666             -3768.353092752579             5.675403542854093              3.244926022922769              4.172967200468024              6619.459824787209              0.00108051311162844            51.57859576610115              359.3409474676025              251.6939340833269              
10080                          4847.245508155349              -2839.186524726475             -3508.858451590211             5.290059784177021              3.486867905979828              4.473291907474239              6620.308703598816              0.001010405698269995           51.58158063817589              359.3371927893263              251.2003168396332              
10140                          5152.429992859552              -2623.14262740654              -3232.000110259179             4.878561937017074              3.711637938012511              4.751517680311514              6621.144700679597              0.000932554705295198           51.58452811494909              359.3339731637944              250.694855056151               
10200                          5432.190222638779              -2394.155727912238             -2939.146028072019             4.442932106347423              3.918123033782024              5.006262224234602              6621.95097512649               0.0008480843557405143          51.58737946775069              359.3312768729241              250.191358619385               
10260                          5685.142010896128              -2153.354108984649             -2631.743702722202             3.985314145286473              4.105298890340255              5.236257715294782              6622.711329157596              0.0007580595162509759          51.59007794857377              359.3290816871814              249.7032853416622              
10320                          5910.033199006012              -1901.924711917043             -2311.313097767204             3.507963427186689              4.272235462360936              5.440357614310168              6623.410524515324              0.0006634624109195606          51.59256994369162              359.3273553450361              249.2434538878451              
10380                          6105.750026340781              -1641.107323289536             -1979.439169638476             3.013235885357789              4.418102009248337              5.617542923267437              6624.034576479167              0.0005651767655028225          51.5948060574938               359.3260562390369              248.8237695195248              
10440                          6271.32281514114               -1372.188480810234             -1637.764047548393             2.503576397344832              4.542171654920614              5.766927810255992              6624.571020189332              0.0004639808585559332          51.59674210348689              359.3251342920606              248.454968345377               
10500                          6405.930944228473              -1096.495116534131             -1287.97889016414              1.981506553039429              4.643825423423567              5.887764556702043              6625.009144795649              0.0003605520500342918          51.59833998209715              359.3245320029628              248.1463857877752              
10560                          6508.907071283721              -815.3879759573186             -931.8154686561596             1.449611890096977              4.722555704027912              5.979447769393497              6625.340191685275              0.0002554918960260926          51.59956842766464              359.324185637585               247.9057544315974              
10620                          6579.740575249772              -530.2548472272376             -571.0375201997384             0.9105286771042739             4.777969109959767              6.041517813099838              6625.557513858974              0.000149432554635955           51.60040361036309              359.3240265382105              247.7390358741195              
10680                          6618.080194402387              -242.5036378016462             -207.4319198560435             0.3669303350368351             4.80978870016878               6.073663426469097              6625.656694309024              4.447447286690535e-05          51.60082958229491              359.3239825226031              247.6502904753688              
10740                          6623.735841193428              46.44466445021152              157.2002817509001              -0.1784864098266925            4.817855540416611              6.075723492698555              6625.635622007067              6.851287876146922e-05          51.60083856066142              359.3239793425144              247.6415880805562              
10800                          6596.679581415052              335.1630923832246              521.0528870461001              -0.7230155153387322            4.8021295875656                6.047687946649756              6625.494524832042              0.0001750175728485233          51.60043104459847              359.3239421710675              247.7129618403696              
10860                          6537.045769704267              622.2258605478135              882.3236428085772              -1.263955724014201             4.762689888202233              5.989697807895981              6625.235959421153              0.0002821485430676069          51.59961576581914              359.3237970886848              247.8624062610579              
10920                          6445.130343275624              906.2154811677561              1239.223261508449              -1.798624550081387             4.699734091861933              5.90204434368279               6624.864758577486              0.0003886640636606127          51.59840947669608              359.3234725380931              248.0859195545727              
10980                          6321.389278314691              1185.729855775883              1589.984398384032              -2.324372166229341             4.613577285981831              5.785167370945516              6624.387937411109              0.0004939268244308752          51.5968365824985               359.3229007204283              248.3775893442971              
11040                          6166.436217994369              1459.389273708499              1932.870497201251              -2.838595036349117             4.504650164901406              5.63965271561534               6623.81455993956               0.0005972800237777431          51.59492862735346              359.3220189063986              248.7297196951049              
11100                          5981.039296631292              1725.84327246812               2266.184447936557              -3.338749188529122             4.373496559722214              5.466228865085698              6623.155568428422              0.0006979779170793404          51.59272364615579              359.3207706388618              249.1329966056719              
11160                          5766.117177350218              1983.777337885047              2588.277028459946              -3.82236306933948              4.220770353458704              5.265762845985674              6622.423578204566              0.0007951699336900315          51.59026539655883              359.3191068057603              249.5766880532519              
11220                          5522.734334034197              2231.919400125179              2897.555074916565              -4.287049883704722             4.047231817420905              5.039255374530038              6621.632641246883              0.0008879014110405442          51.5876024871462               359.316986565297               250.0488741375475              
11280                          5252.095610038234              2469.046093472674              3192.489340548151              -4.730519351810486             3.853743407495857              4.787835329693183              6620.797981590036              0.0009751243984487936          51.58478741905795              359.3143781081107              250.5367021102538              
11340                          4955.540090530219              2693.988748756996              3471.622003975605              -5.150588822072946             3.641265063532773              4.512753605119271              6619.935707359327              0.001055716292782604           51.58187555967793              359.3112592444608              251.0266606866089              
11400                          4634.534328651782              2905.639089979536              3733.573791431482              -5.545193689997814             3.410849057688364              4.215376398822659              6619.062504488866              0.001128504882086336           51.57892406762777              359.3076178075346              251.5048677178775              
11460                          4290.664969303506              3102.954608994422              3977.050680411322              -5.91239708261957              3.163634439569371              3.897178002018479              6618.195316738822              0.001192298617090603           51.57599078862646              359.3034518670188              251.9573651400306              
11520                          3925.630813392098              3284.963596863402              4200.850158230605              -6.250398782964432             2.900841124402782              3.559733146156941              6617.351017615842              0.001245920978854578           51.57313314203207              359.2987697501282              252.370415128652               
11580                          3541.234362171841              3450.769813937696              4403.867013271701              -6.557543380650495             2.623763666295398              3.204708961749212              6616.546080128524              0.001288247907541559           51.57040701779349              359.2935898703125              252.730791529867               
11640                          3139.372919487918              3599.556767836789              4585.098621082361              -6.832327615619417             2.333764783630908              2.833856634424933              6615.796250681312              0.001318247409444885           51.56786570352094              359.2879403673082              253.0260607848249              
11700                          2722.029258579426              3730.591605852972              4743.649733499904              -7.073406955166845             2.032268649235746              2.449002773716709              6615.116233438533              0.001335020714451092           51.56555886034733              359.281858564293               253.2448471402968              
11760                          2291.261899734104              3843.228602167295              4878.736746627627              -7.279601398328583             1.72075398265669               2.052040541994721              6614.519391707511              0.001337844718899301           51.56353156594586              359.2753902512143              253.377077118721               
11820                          1849.195113738018              3936.912211116478              4989.691413090891              -7.449900486729342             1.400747027508088              1.644920648866762              6614.017472886156              0.001326216045212617           51.56182344242628              359.2685888073595              253.4141988541078              
11880                          1398.008599224                 4011.179709400155              5075.964026468297              -7.583467595809895             1.073814371973717              1.229642157033372              6613.620363032139              0.001299898016326505           51.56046788476078              359.261514176615               253.3493724483596              
11940                          939.9269468872966              4065.663397969708              5137.126042684348              -7.679643482633296             0.7415556852953882             0.8082431921701199             6613.335876968218              0.001258973460892967           51.55949140492943              359.2542317139885              253.1776280200665              
12000                          477.2089078614343              4100.092366844446              5172.872142622092              -7.737949123071667             0.4055963698876364             0.3827915560253705             6613.169589101622              0.001203909104547756           51.5589131047359               359.2468109231475              252.8959887371684              
12060                          12.13651298870644              4114.293816958294              5183.021729169739              -7.758087849531271             0.06758014632759524            -0.0446247354394948            6613.124709384927              0.001135642394126255           51.55874428846234              359.2393241076439              252.5035567218411              
12120                          -452.9959154327103             4108.193935363107              5167.519854651384              -7.739946798386491             -0.2708384182100568            -0.4719069754160563            6613.202007918447              0.00105571088104424            51.55898822423682              359.2318449604927              252.0015603188831              
12180                          -915.8928181313381             4081.818320652131              5126.437575282577              -7.683597670144048             -0.6080014297996421            -0.8969553404211555            6613.399790592402              0.0009664610295771656          51.55964006044506              359.2244471186144              251.3933618240235              
12240                          -1374.268478256313             4035.29195592554               5059.971729890275              -7.589296798393324             -0.9422552286536809            -1.317678505718932             6613.713926967928              0.000871401181195374           51.56068690070413              359.2172027100206              250.6844253651716              
12300                          -1825.858086402727             3968.838726633842              4968.444140142309              -7.457484515490036             -1.271957985231849             -1.732003294036906             6614.137930317939              0.00077579638859862            51.56210803788504              359.2101809224332              249.8822452451805              
12360                          -2268.428729268765             3882.780484958236              4852.300235399814              -7.288783803464663             -1.595487307911181             -2.137884327044492             6614.663088406673              0.0006875734311802649          51.56387534437963              359.2034466226514              248.9962356870528              
12420                          -2699.79032114402              3777.535648495388              4712.10708642276               -7.083998183957677             -1.911247895528808             -2.533313720400512             6615.278642369525              0.0006182126807358796          51.56595381279885              359.1970590543398              248.0375833972512              
12480                          -3117.806321728955             3653.617352400232              4548.550874788752              -6.844108856422886             -2.217679136355306             -2.916330697612027             6615.972009609599              0.0005819316410604177          51.56830223732897              359.1910706435109              247.0190652870533              
12540                          -3520.404304493372             3511.631137345827              4362.433774733167              -6.570271016386497             -2.513262712065198             -3.285031194961694             6616.729045710365              0.0005902298973712663          51.57087402353003              359.1855259357847              245.9548339234298              
12600                          -3905.586262800825             3352.272186263666              4154.670265787277              -6.26380934261808              -2.796530131136616             -3.637577361229938             6617.534339171428              0.0006441091236921855          51.57361811069737              359.1804606897234              244.8601742010514              
12660                          -4271.438621908208             3176.322111222507              3926.282878610617              -5.926212617693269             -3.066070169970827             -3.972206923551926             6618.371532036574              0.0007339000360034494          51.57647998842848              359.1759011461473              243.7512351450014              
12720                          -4616.141907595595             2984.645294215815              3678.397379791737              -5.559127451817869             -3.320536182093161             -4.287242368176381             6619.22365884695               0.0008466464877023111          51.57940278663451              359.1718634898831              242.6447415355733              
12780                          -4937.979997537563             2778.184801414499              3412.237421784583              -5.164351112280301             -3.558653212402251             -4.581099855898023             6620.073495470344              0.000971368871232169           51.58232841608391              359.1683535164989              241.5576902561543              
12840                          -5235.348925127608             2557.957872762804              3129.118661124003              -4.743823431457867             -3.779224881098118             -4.852297826402223             6620.903910088768              0.001100003117610929           51.58519873559018              359.1653665113729              240.5070371963702              
12900                          -5506.765167967837             2325.051008228301              2830.442373274534              -4.299617809533224             -3.981139970642722             -5.099465207080239             6621.698209522883              0.001226710260822232           51.58795672111587              359.1628873439111              239.5093804588823              
12960                          -5750.873369371981             2080.614669568008              2517.688589134458              -3.833931329251243             -4.163378657588019             -5.321349152594912             6622.440472781703              0.001347123042188062           51.59054761188107              359.1608907749011              238.5806462767441              
13020                          -5966.453441958191             1825.857619332068              2192.408781847342              -3.349074013242783             -4.325018329711855             -5.516822240019918             6623.115864785733              0.001457849304296819           51.59292000913681              359.1593419700948              237.7357840301329              
13080                          -6152.427003307805             1562.040922296512              1856.218136970325              -2.847457268343393             -4.465238927953207             -5.68488904339337              6623.710921803918              0.001556185700627315           51.59502690399142              359.1581972086713              236.9884768177844              
13140                          -6307.863087324065             1290.471654383927              1510.787464259074              -2.331581608393781             -4.583327749376553             -5.824692008548182             6624.213806253678              0.001639960387605332           51.59682661316845              359.1574047703447              236.3508739402596              
13200                          -6431.983109104162             1012.49632830315               1157.83476352844               -1.804023685032957             -4.678683673364433             -5.935516580755567             6624.614526731275              0.001707448359758261           51.59828360385208              359.1569059812554              235.833351200532               
13260                          -6524.165035138222             729.4940708218907              799.1164899369699              -1.267422711210249             -4.750820755435703             -6.016795516226792             6624.905118653733              0.001757326282839701           51.59936919083562              359.1566363959595              235.444304570291               
13320                          -6583.946707162704             442.8696506542491              436.4186449561803              -0.7244664894265878            -4.799371132633049             -6.068112310447958             6625.079783338484              0.00178864840569563            51.6000620923688               359.1565270899234              235.1899821551315              
13380                          -6611.028334869715             154.0463015596027              71.54762329816752              -0.1778769680717844            -4.82408723918487              -6.089203740297854             6625.134984343948              0.00180083337143961            51.60034883508833              359.1565060348662              235.0743583447784              
13440                          -6605.274103135946             -135.5415350253914             -293.6790259164518             0.3696044067237473             -4.824843281025847             -6.079961459962492             6625.069500507093              0.001793656342474052           51.60022400096911              359.1564995283973              235.0990533233553              
13500                          -6566.71289842538              -424.4555433288258             -657.4419177238021             0.9152315019924352             -4.801635966799063             -6.040432648561174             6624.884436047183              0.001767243603120258           51.59969031328541              359.156433648707               235.2632999419911              
13560                          -6495.538144818524             -711.2608865059834             -1017.929158292337             1.456268331585336              -4.754584485692017             -5.970819700089406             6624.58318870372               0.001722068556002129           51.59875856172991              359.156235705326               235.5639588281792              
13620                          -6392.10675223107              -994.5335360388474             -1373.345624702625             1.99000379661146               -4.683929735398668             -5.871478962246888             6624.171377430827              0.001658949412555357           51.59744737009716              359.1558356577648              235.9955814390205              
13680                          -6256.937185908408             -1272.867532588766             -1721.92214092826              2.513766216825412              -4.590032811931763             -5.742918541426196             6623.656731617833              0.001579050320222487           51.59578281296326              359.1551674751636              236.5505196205759              
13740                          -6090.706673103301             -1544.882134576084             -2061.924494771039             3.024937541745446              -4.473372781397324             -5.585795201674634             6623.04894414528               0.001483889653776513           51.59379789045776              359.1541704118812              237.2190790862969              
13800                          -5894.247569333906             -1809.228812204185             -2391.662242469144             3.52096713667063               -4.334543761628649             -5.400910395188514             6622.359490882242              0.00137536249285838            51.59153187264629              359.1527901760911              237.9897132038896              
13860                          -5668.542912677919             -2064.598046534776             -2709.497250218933             3.999385046716546              -4.174251348630311             -5.189205470667921             6621.601419479814              0.001255790319138538           51.58902952708591              359.1509799708875              238.8492525616548              
13920                          -5414.721199443645             -2309.725896095473             -3013.851925593603             4.457814652399159              -3.993308428519615             -4.951756112909504             6620.78911055931               0.001128022446030394           51.58634024482945              359.1487013900169              239.7831649991513              
13980                          -5134.050422479121             -2543.400293193959             -3303.217091630665             4.893984635264411              -3.792630423023696             -4.689766076224456             6619.938014666584              0.0009956357388098255          51.58351708159442              359.145925153131               240.7758401768115              
14040                          -4827.931414985576             -2764.467039074915             -3576.159465197768             5.305740191042762              -3.573230018905095             -4.404560276810613             6619.064368649636              0.0008633188337568056          51.58061573187532              359.1426316682886              241.8108923554173              
14100                          -4497.89053601965              -2971.835475103927             -3831.328711289628             5.691053448933325              -3.336211427364333             -4.097577303307387             6618.18489543239               0.0007375787866626595          51.57769345451758              359.1388114121999              242.8714747465101              
14160                          -4145.571772574173             -3164.483785543013             -4067.464018407068             6.048033021706686              -3.082764247045934             -3.770361440247563             6617.316491641109              0.0006278606499466444          51.5748079692161               359.1344651220232              243.9405987945001              
14220                          -3772.728275090422             -3341.463933593942             -4283.400197232328             6.374932703417631              -2.81415696179176              -3.424554243613792             6616.475907788409              0.0005474581172377905          51.57201634315011              359.1296037947867              245.0014518104963              
14280                          -3381.213417764236             -3501.906187000443             -4478.073249027375             6.670159253075994              -2.531730156104758             -3.061885774694411             6615.679426340719              0.0005111484048434394          51.56937388782053              359.1242484943238              246.0377065917055              
14340                          -2972.97140545501              -3645.023236355245             -4650.525407950127             6.932279295112068              -2.236889478964737             -2.684165530489712             6614.942543219283              0.0005259567639511064          51.56693308544891              359.1184299677992              247.0338171196136              
14400                          -2550.02749668603              -3770.113883142531             -4799.909629481875             7.16002532364408               -1.931098417802889             -2.293273149139126             6614.279658758654              0.000583741192972937           51.56474256445747              359.1121880774562              247.9752948879541              
14460                          -2114.477894001234             -3876.566289245125             -4925.493515360778             7.352300828512445              -1.615870927648728             -1.891148947007809             6613.703784350439              0.0006680177473274096          51.5628461428799               359.1055710561421              248.8489609420549              
14520                          -1668.479351810733             -3963.860781183829             -5026.662667345193             7.508184566197143              -1.292763955401371             -1.479784337572638             6613.226271121537              0.0007641184755876512          51.5612819578095               359.098634598213               249.6431694001567              
14580                          -1214.238553060781             -4031.572203562242             -5102.923463687491             7.62693400182172               -0.9633698954642926            -1.061212177508697             6612.856566940455              0.0008620774826190833          51.56008169797956              359.0914408005802              250.3479988702074              
14640                          -754.0013035099252             -4079.37181854726              -5153.905255134293             7.707987952004993              -0.6293090064208352            -0.6374970770384419            6612.602007787611              0.0009555696112631179          51.55926995521768              359.0840569716977              250.9554088692603              
14700                          -290.0415906518339             -4107.028749790612             -5179.361979234969             7.750968458730471              -0.292221812545805             -0.2107257042003891            6612.467649063632              0.00104054548480213            51.55886370882838              359.0765543292584              251.4593590386803              
14760                          175.3494433763387              -4114.410970479363             -5179.173193421658             7.75568192269819               0.04623848864596492            0.2170028905053445             6612.456141755938              0.001114359728289349           51.55887195490574              359.0690066101924              251.855889627117               
14820                          639.8745957147014              -4101.485836151737             -5153.344527922373             7.72211952014751               0.3844136172221578             0.6435869348505282             6612.56765755426               0.001175286724111445           51.55929549016381              359.0614886185837              252.1431623942499              
14880                          1101.241656072339              -4068.32016340105              -5102.00756200825              7.65045692287852               0.7206477430672348             1.066931509069722              6612.799866005314              0.001222254358026968           51.56012685706493              359.0540747406711              252.3214616287423              
14940                          1557.174484992795              -4015.07985521768              -5025.419123089529             7.541053329201922              1.05329503032605               1.484958122700581              6613.147965639949              0.001254690731287007           51.56135045399974              359.0468374548454              252.3931558222521              
15000                          2005.423940875811              -3942.029080564105             -4923.960021794384             7.394449822818618              1.380727089485615              1.895614161829838              6613.604769607008              0.001272428015250901           51.56294281069493              359.0398458694431              252.362620724638               
15060                          2443.778760331719              -3849.529000243943             -4798.133210826841             7.211367033278521              1.701340436524802              2.296882331300843              6614.160844979485              0.001275634713076901           51.56487302589291              359.0331643168816              252.2361256257527              
15120                          2870.076226956122              -3738.03605304483              -4648.561388636812             6.992702110241048              2.013563860304882              2.686789966693674              6614.804703193498              0.001264761511459332           51.56710336017673              359.0268510364962              252.021684630171               
15180                          3282.212657170872              -3608.099799157393             -4475.984043563592             6.73952498076344               2.315865737542638              3.063418264525162              6615.523037690727              0.001240493142668477           51.56958997359377              359.0209569740871              251.7288758598379              
15240                          3678.153636312835              -3460.360327582085             -4281.253948372299             6.453073873251535              2.606761261109554              3.424911386389442              6616.301003340662              0.00120370254078024            51.57228379400564              359.0155247255953              251.3686315131572              
15300                          4055.943963571522              -3295.545232921777             -4065.333112963896             6.134750084666844              2.884819561222128              3.769485410047239              6617.122531006143              0.001155405742627655           51.57513149886378              359.0105876491057              250.9530025550293              
15360                          4413.717259702973              -3114.466168826975             -3829.288205538393             5.786111969096313              3.14867069046108               4.095437089591035              6617.970669579002              0.001096717265853643           51.57807659017894              359.0061691658258              250.4949021412849              
15420                          4749.705190228551              -2918.014987292858             -3574.285454999605             5.408868129415588              3.397012437294626              4.401152378976394              6618.827947042289              0.001028806488425135           51.5810605399885               359.0022822665301              250.0078323578255              
15480                          5062.246254910255              -2707.159476030134             -3301.585051289675             5.004869801502116              3.628616926144959              4.685114665002822              6619.676741621154              0.0009528560575778009          51.58402398170909              358.9989292352656              249.5055992834514              
15540                          5349.794102484478              -2482.938702413098             -3012.535055519253             4.576102417134945              3.842336963349533              4.945912657441303              6620.499653916099              0.0008700236633289607          51.58690792157232              358.9961015969437              249.0020216828052              
15600                          5610.925298618642              -2246.457998067235             -2708.56486471227              4.124676386009212              4.037112061297215              5.182247851007522              6621.279870936626              0.0007814086754926933          51.58965494343763              358.9937802905264              248.5106389920293              
15660                          5844.346532953489              -1998.883582268261             -2391.178229506068             3.652817075118905              4.211974112804694              5.392941522868799              6622.001513517547              0.0006880251440686946          51.59221038092996              358.9919360635652              248.0444243043576              
15720                          6048.901207389755              -1741.436846901992             -2061.94585512167              3.16285401845757               4.366052653542533              5.576941187317473              6622.649959162955              0.0005907825490360045          51.59452343124818              358.990530079236               247.6155082418345              
15780                          6223.575330672273              -1475.388367414618             -1722.497668916824             2.657209476814544              4.49857963618598               5.733326413359556              6623.21213319968               0.0004904754688835235          51.59654818617631              358.9895147221101              247.23491952721                
15840                          6367.502726967902              -1202.051622537506             -1374.514733069826             2.138386319391889              4.608893702065913              5.861313986298261              6623.676762473017              0.0003877830937624214          51.59824455878726              358.9888345838257              246.9123478463962              
15900                          6479.969496045218              -922.776476535561              -1019.720872005623             1.60895534139663               4.696443885028448              5.960262333047328              6624.034586836594              0.0002832800332166913          51.59957908618259              358.9884276065192              246.6559341369311              
15960                          6560.417695276331              -638.9424608749932             -659.8740622293877             1.071542105499306              4.760792708566725              6.029675163727963              6624.278525057041              0.0001774661941955689          51.60052559189704              358.9882263583265              246.472093250909               
16020                          6608.44822087799               -351.9518877882034             -296.7576265111464             0.5288133915768594             4.801618645632488              6.069204292680968              6624.403793109167              7.092523524837753e-05          51.60106569511759              358.9881594126905              246.3653729629123              
16080                          6623.822866953574              -63.2228360533672              67.82871576503736              -0.01653664247902951           4.818717914750446              6.078651607828959              6624.407974071265              3.786667021375397e-05          51.60118915737731              358.9881528014374              246.3383527702908              
16140                          6606.46554813095               225.8179506286195              432.0778903512231              -0.5618004839823256            4.812005595153821              6.057970168961535              6624.291040024211              0.0001448226241817086          51.60089406119314              358.9881315105553              246.3915849571886              
16200                          6556.462677958095              513.7422114958378              794.1845494102399              -1.104271365776874             4.781516052189374              6.007264426418437              6624.055327393727              0.0002521887550300641          51.60018681886748              358.9880209873284              246.5235794621813              
16260                          6474.062702138552              799.1273199428731              1152.354137736757              -1.641257334330943             4.727402673032853              5.926789562884587              6623.705468051427              0.0003590185253710029          51.59908201334733              358.9877486279252              246.7308330671958              
16320                          6359.674788844694              1080.563405213936              1504.811902050878              -2.170095197126941             4.649936918763259              5.81694996819821               6623.248279173806              0.000464758059658546           51.59760207648006              358.9872452156791              247.0079023874941              
16380                          6213.866692831202              1356.660384565688              1849.811767615477              -2.688164212905092             4.549506711919689              5.678296874730123              6622.692615406359              0.0005687878435852723          51.59577681332986              358.986446282013               247.3475191055595              
16440                          6037.361805551326              1626.054888067951              2185.645059554648              -3.192899471578308             4.426614178827663              5.511525179265937              6622.049187180744              0.0006703873289371701          51.59364278396226              358.9852933641723              247.7407448586355              
16500                          5831.035408140505              1887.417035540358              2510.649017779096              -3.681804872273406             4.281872770943028              5.317469484486807              6621.330349253594              0.0007687272717013117          51.59124255667332              358.9837351365294              248.1771623969726              
16560                          5595.910176548721              2139.457001095006              2823.21502487896               -4.152465568016849             4.116003814028854              5.097099425115634              6620.549863758686              0.0008628730621403635          51.58862384903057              358.9817283953864              248.6450986223335              
16620                          5333.150936984095              2380.931379788159              3121.796564910545              -4.602559898433428             3.929832499129476              4.851514296274381              6619.722641340937              0.0009517961832442924          51.58583857412548              358.9792388799646              249.1318745632252              
16680                          5044.058736689412              2610.649281879284              3404.916820271784              -5.029870670314845             3.724283376616091              4.581937065076966              6618.864464619555              0.001034392451437193           51.58294181160615              358.9762419160953              249.6240768278512              
16740                          4730.064253207128              2827.478148248137              3671.175898788797              -5.43229577867597              3.500375385573473              4.289707806815876              6617.991698901038              0.001109505862307964           51.57999072351202              358.9727228723762              250.1078444572031              
16800                          4392.720588178467              3030.349254052941              3919.257650295428              -5.807858115722194             3.259216465722345              3.976276626923519              6617.120993555428              0.001175957004635657           51.57704343554833              358.9686774219844              250.5691651563175              
16860                          4033.695488714095              3218.262877684591              4147.936044524864              -6.154714738490272             3.001997796128313              3.64319612562352               6616.268978127737              0.001232575055801819           51.57415790465821              358.9641116067691              250.9941745771212              
16920                          3654.763041507099              3390.293113954372              4356.081084581028              -6.47116527360429              2.729987704895099              3.292113461923682              6615.451957340035              0.001278232491069079           51.57139079370481              358.9590417036413              251.3694524984021              
16980                          3257.794885892414              3545.592313070293              4542.664233606147              -6.755659546147966             2.444525292763013              2.924762071758024              6614.685609253103              0.001311881808568079           51.56879637369184              358.9534938965464              251.68230992807                
17040                          2844.750996629896              3683.395128239187              4706.763334006775              -7.0068044251995               2.147013814385074              2.542953096004602              6613.984691038474              0.001332593800504395           51.56642547334378              358.9475037605608              251.9210614642352              
17100                          2417.670061820562              3803.022165260285              4847.567011302331              -7.22336990021834              1.838913839933712              2.148566546889481              6613.362756970244              0.001339597223534548           51.56432449485812              358.9411155673183              252.0752777047437              
17160                          1978.65954627812               3903.883207538781              4964.378531056474              -7.404294367723274             1.521736263255346              1.743542297127956              6612.83189355645               0.001332320199860612           51.56253451392174              358.9343814249015              252.1360129505665              
17220                          1529.885448521573              3985.480022465111              5056.619116455943              -7.548689167771424             1.197035160231027              1.329870895687075              6612.402476731811              0.001310434460572514           51.5610904802336               358.9273602669439              252.0960040891159              
17280                          1073.561797900652              4047.408737066609              5123.830712253531              -7.655842375894712             0.8664005248655727             0.9095842449935242             6612.082956206971              0.001273904844707878           51.56002053355067              358.9201167088823              251.9498370948104              
17340                          611.9399594305362              4089.361772002569              5165.678182782491              -7.725221856912335             0.5314509223060755             0.4847461891591912             6611.87967202098               0.001223048771061208           51.5593454485053               358.9127197921462              251.6940782556539              
17400                          147.2977723326625              4111.129333525127              5181.950944087504              -7.756477602903865             0.1938260644631964             0.05744302006767774            6611.796708116445              0.00115861455624686            51.55907821924085              358.9052416386747              251.327367894688               
17460                          -318.0714300427371             4112.600458042841              5172.564024456392              -7.749443364225155             -0.1448206736075401            -0.3702260757141481            6611.83578737811               0.001081895118806463           51.55922379275561              358.897756040521               250.8504749970825              
17520                          -781.8698771447063             4093.76360617668               5137.558550355234              -7.704137580958841             -0.4828297852860682            -0.7961586148652454            6611.996212013713              0.000994907733204936           51.55977895730948              358.8903370108375              250.2663118285373              
17580                          -1241.806453108493             4054.706803722781              5077.101655452399              -7.620763616540285             -0.8185432024493011            -1.218258447840093             6612.274852357737              0.0009006953913202255          51.56073238952158              358.8830573238542              249.5799082698368              
17640                          -1695.60778162668              3995.61732747144               4991.485811114522              -7.499709288942213             -1.150311895449438             -1.634445410720798             6612.666186200362              0.0008038416554906337          51.56206486086302              358.8759870722225              248.7983462228067              
17700                          -2141.029260880169             3916.780934445697              4881.12757757818               -7.341545688221082             -1.476503493685229             -2.042664985948412             6613.162389581529              0.0007113040045634042          51.56374960116745              358.8691922704332              247.9306550838928              
17760                          -2575.866009010242             3818.580632820471              4746.56577456178               -7.147025260850813             -1.795509918750883             -2.44089796089255              6613.753478684681              0.0006334612896265911          51.56575281362606              358.8627335325934              246.9876698655398              
17820                          -2997.963662970125             3701.494996925324              4588.459075769163              -6.917079142198803             -2.105755006887671             -2.827170053918762             6614.42750103146               0.0005842403275707403          51.56803433246227              358.8566648521922              245.9818542028361              
17880                          -3405.229004327241             3566.096023424166              4407.583024316386              -6.652813701498478             -2.405702116578506             -3.199561501304374             6615.170772753837              0.0005773132156716562          51.57054841146935              358.8510325093824              244.9270909858114              
17940                          -3795.64035487989              3413.046530614433              4204.826473014998              -6.355506268489346             -2.693861690331169             -3.556216564582802             6615.968157244899              0.0006177932469446938          51.57324462850916              358.845874129524               243.838443967451               
18000                          -4167.257673720354             3243.097112637646              3981.187466192378              -6.026600026479003             -2.968798726213928             -3.895352901225466             6616.803379084691              0.0006985618037181004          51.57606888817508              358.8412179139347              242.7318944561739              
18060                          -4518.232340694536             3057.082641844377              3737.768555047338              -5.667698019156943             -3.229140148489666             -4.215270783305959             6617.659366034802              0.0008065506050827317          51.57896450278014              358.8370820595828              241.6240571860144              
18120                          -4846.816544250652             2855.918336772471              3475.771570783917              -5.280556266359184             -3.473582011641384             -4.514362080402238             6618.518610522628              0.000929661668231435           51.58187332936861              358.8334743814692              240.5318807170506              
18180                          -5151.372230684583             2640.59540330052               3196.491866359808              -4.867075967472367             -3.700896495216977             -4.791118951821018             6619.363541288207              0.001058831607547416           51.58473693916634              358.8303921464687              239.4723374510977              
18240                          -5430.379558153077             2412.17626381073               2901.31204723651               -4.429294790844453             -3.909938632301576             -5.044142175318242             6620.176897150753              0.001187541435279805           51.58749779503602              358.8278221226997              238.4621091680574              
18300                          -5682.444800841239             2171.789392132704              2591.695215212239              -3.969377258985913             -4.099652711361188             -5.272149035895054             6620.942093173839              0.001310978703555221           51.59010041205961              358.8257408438844              237.5172740805447              
18360                          -5906.307649696209             1920.62377573929               2269.177754098562              -3.489604254370066             -4.269078288783821             -5.473980695611893             6621.643569881401              0.001425446919538876           51.59249247662036              358.824115083298               236.6530016214065              
18420                          -6100.847858293627             1659.923030172452              1935.36169040852               -2.992361685667862             -4.41735574851429              -5.648608964540823             6622.267115021463              0.001528020689115223           51.59462589989057              358.8229025274013              235.8832612432552              
18480                          -6265.091184605228             1390.979195230874              1591.906667948648              -2.480128373106845             -4.543731347058118             -5.795142396023598             6622.800151598095              0.001616356635285159           51.59645778360697              358.8220526343205              235.2205513820745              
18540                          -6398.214583424246             1115.126247211824              1240.521581132282              -1.955463229455459             -4.647561685951836             -5.912831634799255             6623.23198765134               0.00168859243288062            51.59795127828635              358.8215076582769              234.6756545119115              
18600                          -6499.550611684117             833.73336113938                882.9559112109984              -1.420991819466236             -4.7283175601162               -6.001073954626479             6623.554020787074              0.001743293275924483           51.5990763159165               358.8212038179671              234.2574237568815              
18660                          -6568.591015011504             548.1979459722364              520.9907956847222              -0.8793923675866648            -4.785587138876958             -6.059416932419319             6623.759894039765              0.001779423207315263           51.59981020240851              358.8210725836454              233.9726060441753              
18720                          -6604.989450815341             259.9385491261788              156.4299540169563              -0.3333814283696753            -4.819078429033769             -6.087561200387503             6623.845601029731              0.001796328868684028           51.60013805815631              358.821042055409               233.8257059653733              
18780                          -6608.56335439449              -29.61240955207321             -208.9095803353602             0.2143008208103572             -4.82862101448858              -6.085362268183401             6623.809539958912              0.001793728934075827           51.60005309894006              358.8210384034628              233.8188936745628              
18840                          -6579.294909836051             -319.0159575613391             -573.2067727981423             0.7609054056816489             -4.814167035338414             -6.052831374956512             6623.652517243762              0.001771705760832371           51.59955675248984              358.8209873404287              233.9519591894923              
18900                          -6517.331130561844             -606.8339378234715             -934.6459382573918             1.303689451799956              -4.775791408321574             -5.990135375085027             6623.377702914251              0.001730697876248496           51.59865860995212              358.8208155954682              234.222314364335               
18960                          -6422.983049584113             -891.6363560408222             -1291.426041830144             1.839930985202613              -4.713691290123013             -5.897595664025709             6622.990540900511              0.001671493431753204           51.5973762148646               358.8204523605924              234.6250426726265              
19020                          -6296.72402471679              -1172.008685729018             -1641.769922282683             2.366943562659687              -4.628184794197453             -5.775686159949253             6622.498618112722              0.001595226192497743           51.59573469555182              358.819830680643               235.1529958217925              
19080                          -6139.187175091556             -1446.559068534387             -1983.933359409595             2.882090584247754              -4.519708982570148             -5.625030372421781             6621.911496769949              0.00150337744373015            51.59376624992925              358.818888760156               235.7969350753756              
19140                          -5951.161974497749             -1713.925368431494             -2316.213933423724             3.382799185713242              -4.388817164274733             -5.446397601166501             6621.240514751618              0.00139779004720552            51.5915094944985               358.8175711625465              236.5457140915851              
19200                          -5733.590014767652             -1972.782059856489             -2636.959651175687             3.866573653760134              -4.236175525911326             -5.240698298951203             6620.498558771495              0.001280705943261772           51.58900869147234              358.8158298795049              237.3864991851842              
19260                          -5487.560001374491             -2221.846868812722             -2944.577238372574             4.331008199016639              -4.062559155660002             -5.008978680836168             6619.699815257792              0.001154848011700722           51.58631287051199              358.813625251718               238.3050219330116              
19320                          -5214.301978419224             -2459.887186806269             -3237.540122448362             4.773799116235788              -3.868847477935744             -4.75241460108449              6618.859503380585              0.001023585620411737           51.5834748623361               358.8109267245996              239.285858527719               
19380                          -4915.180866671616             -2685.726171914635             -3514.395999913184             5.19275616971145               -3.65601917674073              -4.472304801028725             6617.993594698053              0.0008912572917778297          51.58055026369919              358.8077134266807              240.3127296216971              
19440                          -4591.689327293024             -2898.248544791334             -3773.77399809079              5.58581322236833               -3.425146635841829             -4.17006356329212              6617.118523362949              0.000763774430986668           51.57759635319367              358.8039745609714              241.36881413626                
19500                          -4245.440020226852             -3096.406031297116             -4014.391371900104             5.951038027626697              -3.177389962858871             -3.847212859619881             6616.250890773697              0.0006496316257943595          51.57467097849459              358.7997096035161              242.4370702037695              
19560                          -3878.15729787096              -3279.22243756867              -4235.059718646514             6.28664117178283               -2.913990643159845             -3.505374050951674             6615.407168281686              0.0005610063367293272          51.57183143551094              358.7949283064121              243.5005566824066              
19620                          -3491.6683885434               -3445.798334351271             -4434.690682850132             6.590984142477674              -2.636264877668858             -3.146259209025793             6614.60340153879               0.0005126836960429656          51.56913335990152              358.7896505059567              244.5427484807224              
19680                          -3087.894122420832             -3595.315333309447             -4612.301130539219             6.862586513895435              -2.345596655335798             -2.77166212415045              6613.854920079418              0.0005145691326898325          51.56662965104834              358.7839057398513              245.5478395887822              
19740                          -2668.839252894278             -3727.039940944448             -4767.017776141196             7.100132248265349              -2.043430608756472             -2.383449060641393             6613.176055864227              0.0005623130393086961          51.56436944789587              358.7777326804608              246.5010279229336              
19800                          -2236.582426176046             -3840.32697849066              -4898.081248580119             7.302475121191012              -1.731264698487949             -1.983549317475745             6612.579874705772              0.0006405840759626524          51.56239717520656              358.7711783942029              247.3887767427377              
19860                          -1793.265851326068             -3934.622558788366             -5004.849586500183             7.468643285255732              -1.410642767912508             -1.57394564684075              6612.077924732573              0.0007338782303634962          51.5607516776594               358.7642974400322              248.1990480022559              
19920                          -1341.084722425836             -4009.466613430184             -5086.8011554404               7.597842991740946              -1.08314700666702              -1.156664578251756             6611.680006276822              0.0008311870859696237          51.5594654578739               358.7571508227923              248.9215036828782              
19980                          -882.2764415817275             -4064.494965978074             -5143.536982870305             7.689461494913303              -0.7503903547095024            -0.7337666882754544            6611.393967741497              0.0009254675262518812          51.55856403285433              358.7498048197934              249.5476718917198              
20040                          -419.1096822105589             -4099.440948876081             -5174.782509061531             7.743069165322772              -0.4140088685413053            -0.3073368425146771            6611.225532085412              0.001012223060733924           51.55806542152905              358.7423297013238              250.0710752534706              
20100                          46.12662048437251              -4114.136559663484             -5180.388750552253             7.758420833509105              -0.0756541017859991            0.1205255245714038             6611.178158547355              0.00108851643851913            51.55797977403784              358.734798368796               250.4873198201067              
20160                          511.1343751714522              -4108.513163699448             -5160.332884567742             7.735456400671344              0.2630145312328648             0.5477161323902312             6611.252943993001              0.001152411324557705           51.55830915093648              358.7272849344542              250.7941435600515              
20220                          973.617440893812               -4082.60173692473              -5114.718248791334             7.674300725133476              0.6003373573765658             0.9721355143410952             6611.448568001368              0.001202667530450147           51.55904745816434              358.7198632700488              250.991424121793               
20280                          1431.292695553123              -4036.532654295031             -5043.7737646235               7.575262808562748              0.9346620037948208             1.391698605276369              6611.761285155236              0.001238569690036018           51.56018054062924              358.7126055522043              251.081146155685               
20340                          1881.901045558514              -3970.535025922225             -4947.852787038447             7.438834291486359              1.26435092089233               1.804344264604082              6612.184967209916              0.001259823927691876           51.56168643439121              358.7055808325505              251.067329395295               
20400                          2323.218321839998              -3884.935583320922             -4827.431385573164             7.265687261435459              1.587788851690578              2.208044712661677              6612.711196672306              0.001266488493440904           51.56353577431639              358.6988536613948              250.9559189962147              
20460                          2753.066023671515              -3780.157119241511             -4683.10606192526              7.056671370661777              1.903390241441516              2.600814872077061              6613.329411998178              0.001258920674403883           51.56569235089996              358.6924827929481              250.7546404321902              
20520                          3169.321868609992              -3656.716484964447             -4515.590910248255             6.812810253445362              2.209606577378066              2.980721600579716              6614.027103102387              0.001237730737688587           51.5681138067877               358.6865199991125              250.4728216958201              
20580                          3569.930106081725              -3515.222149632727             -4325.714227171695             6.535297227370661              2.504933645084387              3.345892797229823              6614.790054307164              0.001203738161216457           51.57075246043348              358.6810090170624              250.1211860773683              
20640                          3952.911553792634              -3356.371325930421             -4114.414578220383             6.225490256633076              2.787918685321158              3.694526360476193              6615.602630289102              0.001157927935443175           51.57355624142016              358.6759846534891              249.7116192923386              
20700                          4316.373297225631              -3180.946675297451             -3882.736339086842             5.884906168559626              3.057167416447121              4.024898953189359              6616.448099047917              0.001101406235740124           51.57646971916891              358.6714720655912              249.2569151593143              
20760                          4658.518038029415              -2989.812588364315             -3631.824706866976             5.515214078093534              3.311350915928452              4.33537456457392               6617.308984660228              0.001035355734182675           51.57943520477794              358.6674862347567              248.7705044212344              
20820                          4977.653015261657              -2783.911060405053             -3362.920208586748             5.118228022034989              3.54921230324948               4.624412795548103              6618.167441304666              0.0009609914928150418          51.58239390342053              358.6640316456771              248.2661716210405              
20880                          5272.198452109332              -2564.257178607063             -3077.352729793753             4.695898800505519              3.76957318201894               4.890576813625161              6619.005639196085              0.0008795188497579546          51.58528709348243              358.6611021787907              247.757765457417               
20940                          5540.695501006649              -2331.934223948563             -2776.535067768802             4.250305000295685              3.971339809181256              5.132540935471951              6619.806152564821              0.000792095019182038           51.58805730802651              358.6586812190946              247.2589077854691              
21000                          5781.813621015307              -2088.088415701548             -2461.956046893644             3.783643229347648              4.15350892584961               5.349097754723374              6620.552339489344              0.0006997963018113085          51.59064949353396              358.6567419800672              246.782707229786               
21060                          5994.357346769376              -1833.923317024865             -2135.173220968144             3.298217580388355              4.315173199738201              5.539164751896384              6621.228703619439              0.000603592824548527           51.59301212147928              358.6552480363321              246.3414828087271              
21120                          6177.27240307093               -1570.693927069401             -1797.805196229517             2.796428363384861              4.455526223113718              5.701790316256835              6621.82122833061               0.0005043326327325969          51.59509822914166              358.6541540541629              245.9465033097367              
21180                          6329.651122807804              -1299.700487904754             -1451.523612396088             2.280760160719186              4.573867011945175              5.836159112193478              6622.31767474526               0.0004027369444899145          51.59686636761249              358.6534067045384              245.6077477947556              
21240                          6450.737129541521              -1022.282037750645             -1098.044822982169             1.753769273609584              4.669603955105654              5.941596727153176              6622.707836253821              0.0002994094917824825          51.59828143700631              358.6529457394441              245.3336923450297              
21300                          6539.929250419455              -739.809745769177              -739.1213207874703             1.218070643395721              4.742258167371256              6.017573544883531              6622.983743622884              0.0001948724541293307          51.5993153914045               358.6527052086129              245.1311277236437              
21360                          6596.784631805555              -453.6800614621264             -376.5329514956691             0.6763243338946163             4.791466207914272              6.063707797925563              6623.139816422529              8.976135210983734e-05          51.59994779900839              358.6526147909408              245.0050120438309              
21420                          6621.021032041542              -165.3077235961808             -12.07797325489665             0.1312216888251687             4.816982131016784              6.079767760547472              6623.172958232745              2.097816362662969e-05          51.60016624616624              358.652601212498               244.9583618563829              
21480                          6612.518277121985              123.8813294776619              352.4359840686594              -0.4145287241502291            4.818678848603673              6.065673059582667              6623.08259486423               0.0001240720344104442          51.59996657745685              358.6525897213954              244.9921842803205              
21540                          6571.318869430776              412.457121602103               715.2010257709409              -0.9582152986356928            4.796548792622666              6.021495090550981              6622.870656523566              0.0002300248885309843          51.59935296761201              358.6525055888327              245.1054518604742              
21600                          6497.627744665041              698.9928075799762              1074.418082590948              -1.497137547320452             4.750703872718452              5.947456538029                 6622.541506386584              0.0003356615975032407          51.59833782461018              358.6522756053923              245.2951209997555              
21660                          6391.811182628034              982.0718237666454              1428.305952366093              -2.028620153497751             4.681374738001259              5.84393001388438               6622.10181941904               0.0004403949795570071          51.59694152695344              358.6518295420768              245.5561936795893              
21720                          6254.394880447738              1260.294974341941              1775.110234665387              -2.550026801439632             4.588909357288785              5.711435835164909              6621.560416367849              0.0005436321747858522          51.59519200153629              358.6511015466639              245.8818213647382              
21780                          6086.061205559117              1532.287410878181              2113.112105027893              -3.05877368296807              4.473770942047545              5.550638975559376              6620.928058656693              0.0006446836815251001          51.59312415171523              358.6500314476421              246.2634488404719              
21840                          5887.64565007242               1796.705468820466              2440.636883149813              -3.552342594757934             4.336535242048793              5.362345231219765              6620.217210465238              0.000742746538960936           51.59077914821596              358.6485659402036              246.6909949874007              
21900                          5660.132513624059              2052.243323766629              2756.062348631487              -4.028293545926691             4.177887249342351              5.147496648669437              6619.441774541675              0.0008369057508073189          51.58820359805794              358.6466596314739              247.1530665518785              
21960                          5404.649846209364              2297.639433215394              3057.826761561385              -4.484276807131078             3.998617350035415              4.907166267110081              6618.616807968587              0.0009261460513592166          51.58544860890509              358.6442759252217              247.6372002984872              
22020                          5122.463686302181              2531.682731902217              3344.436548446504              -4.918044343216563             3.799616966021381              4.642552230491546              6617.75822370093               0.001009371355159882           51.58256876806308              358.6413877296446              248.1301283213606              
22080                          4814.97163295121               2753.218551271495              3614.473617195402              -5.327460582380028             3.581873730910189              4.354971327120153              6616.882484895044              0.001085430031767908           51.57962105698645              358.6379779756991              248.6180608098712              
22140                          4483.695790853774              2961.154237738026              3866.602270075736              -5.710512487161838             3.346466242673335              4.045852011945199              6616.006296762005              0.001153144508968045           51.57666372279419              358.6340399370181              249.0869802651177              
22200                          4130.275137749339              3154.46444147289               4099.575680232373              -6.065318891763688             3.094558441098473              3.716726973764409              6615.146300639519              0.001211343903383556           51.5737551289951               358.6295773464547              249.5229409938729              
22260                          3756.457348269674              3332.196061289817              4312.241914374155              -6.390139099359279             2.8273936451042                3.369225292217193              6614.318774493051              0.001258898609540479           51.57095260759292              358.6246043080016              249.9123676176805              
22320                          3364.09012227064               3493.472822766412              4503.549474040479              -6.683380720107346             2.546288292186142              3.005064238944767              6613.539343564788              0.001294756050245474           51.56831133460407              358.619145006804               250.2423466059972              
22380                          2955.112081415128              3637.499466451302              4672.552328018401              -6.943606732239116             2.252625430931354              2.626040788171477              6612.822704504756              0.001317977103890406           51.56588325038845              358.6132332238705              250.5009048655256              
22440                          2531.543244950383              3763.565547315495              4818.414437536044              -7.169541793933639             1.947847976878452              2.23402284919103               6612.182365906531              0.001327773106399919           51.56371604484463              358.6069116649321              250.6772699281237              
22500                          2095.475162334988              3871.048818379084              4940.41374233501               -7.360077782522107             1.633451786879957              1.830940291491217              6611.630408134573              0.001323543806355499           51.56185222666243              358.6002311171042              250.7621067306045              
22560                          1649.060732271731              3959.418195440336              5037.945604532142              -7.514278580978569             1.310978569905534              1.418775784871323              6611.177265179991              0.001304917364798569           51.560328293843                358.5932494493858              250.7477263789006              
22620                          1194.503757498762              4028.23629211084               5110.525698070701              -7.631384116405456             0.9820086635711075             0.9995554917047992             6610.831531329913              0.001271794625431711           51.55917402099004              358.5860304761356              250.6282630600117              
22680                          734.0482794735991              4077.161517991489              5157.792336000674              -7.710813659981119             0.648153699246913              0.5753396402054183             6610.59979552941               0.00122440182248551            51.55841187671498              358.5786427050128              250.3998157920496              
22740                          269.9677369932288              4105.949733924465              5179.508229232219              -7.752168397201176             0.3110491759470028             0.1482130042246393             6610.486506400321              0.00116335938611965            51.55805658219693              358.5711579930162              250.0605524428538              
22800                          -195.4460077009655             4114.455459385296              5175.56167183382               -7.755233275883601             -0.02765303952099899           -0.2797246882933984            6610.493870945834              0.001089780961143743           51.5581148194395               358.5636501360031              249.6107741335627              
22860                          -659.8937305195936             4102.632628133249              5145.967149335393              -7.71997813717216              -0.366292269808678             -0.7063683974400859            6610.621789947802              0.001005428826224987           51.55858509511191              358.5561934184245              249.0529388674695              
22920                          -1121.079960751356             4070.534888706444              5090.86536676633               -7.646558130344114             -0.7032066348293579            -1.129617455124392             6610.867832914575              0.0009129739548914574          51.55945776309139              358.5488611507842              248.3916439228396              
22980                          -1576.7240835355               4018.315448359561              5010.522696737591              -7.535313411245608             -1.03674068078783              -1.547385253149411             6611.227255109823              0.0008164448430206206          51.56071520590124              358.5417242232854              247.6335672681389              
23040                          -2024.571430717865             3946.226455791557              4905.330041659498              -7.386768109960238             -1.365253050840801             -1.957608960564059             6611.693058707335              0.0007219826029151537          51.56233217240666              358.5348497030247              246.7873689783928              
23100                          -2462.404250543157             3854.617927791252              4775.801120055581              -7.201628568356345             -1.687124136510343             -2.358259193052704             6612.256099325901              0.000638919520640228           51.56427626593337              358.5282995032812              245.8635541865888              
23160                          -2888.052577065831             3743.936213694745              4622.570168648368              -6.980780816808992             -2.000763743080068             -2.747349674974916             6612.905238345472              0.0005804592919746284          51.56650857434689              358.5221291503071              244.8743000163649              
23220                          -3299.404917804718             3614.722000874647              4446.389066928456              -6.725287273658935             -2.304618725158508             -3.122946837772588             6613.627540202488              0.0005612852451844835          51.56898443056846              358.5163866730126              243.8332491306128              
23280                          -3694.418716531681             3467.607864126891              4248.123889285691              -6.436382643770722             -2.597180573435439             -3.48317932958176              6614.408512595988              0.0005897271056460525          51.57165428935407              358.5111116381575              242.7552736973248              
23340                          -4071.130546753971             3303.315361639116              4028.7508896214                -6.115468987893275             -2.87699292868992              -3.826247404443862             6615.23238613253               0.0006614591095572908          51.57446470371799              358.5063343510297              241.6562135867607              
23400                          -4427.66598384306              3122.651683147287              3789.351927321444              -5.764109937374911             -3.142658988798898             -4.150432146553689             6616.082428510595              0.0007638925716995151          51.57735938213921              358.5020752385391              240.552593499493               
23460                          -4762.249103823738             2926.505857852698              3531.109345980778              -5.384024031356392             -3.392848769255074             -4.454104478429798             6616.941286845597              0.0008841821187433488          51.58028030581811              358.4983444281344              239.4613240269518              
23520                          -5073.211555617423             2715.844532237084              3255.300319580703              -4.977077159155436             -3.626306171202392             -4.735733893835011             6617.791349986082              0.001012471315831819           51.58316888370601              358.4951415320979              238.3993920784924              
23580                          -5359.001154170219             2491.707329652103              2963.29068302733               -4.545274097479679             -3.841855806448442             -4.993896850804284             6618.615123206106              0.001141694412310802           51.58596712218522              358.4924556423599              237.3835464495232              
23640                          -5618.189931039117             2255.201815762256              2656.528279738171              -4.090749160082614             -4.038409515632496             -5.227284744274885             6619.395606219104              0.001266685157654167           51.58861878564859              358.4902655368176              236.4299845490987              
23700                          -5849.481615660502             2007.49806716618               2336.535824059641              -3.615755932287257             -4.214972538967432             -5.434711405677697             6620.116664316492              0.001383502389905847           51.59107052448259              358.4885400935124              235.5540463454709              
23760                          -6051.71845039747              1749.822904855357              2004.903359764026              -3.122656194505                -4.370649242310095             -5.615120009559463             6620.76338117213               0.00148903215986204            51.59327294652724              358.4872389053878              234.769921799626               
23820                          -6223.887335887757             1483.453779961875              1663.280299268109              -2.613908005691894             -4.504648370192292             -5.767589350023816             6621.322383527118              0.001580771401067512           51.59518161015519              358.4863130830456              234.0903777314152              
23880                          -6365.125229502151             1209.712370699909              1313.36712076599               -2.092053065481558             -4.616287742046622             -5.891339384853857             6621.782132086259              0.001656714911640416           51.5967579186162               358.4857062292206              233.5265098925875              
23940                          -6474.723771600778             929.9579031821322              956.9067404989781              -1.559703392802236             -4.704998346527875             -5.985735991189146             6622.133168676506              0.001715297771252155           51.59796989690117              358.4853555653497              233.0875256482377              
24000                          -6552.133084800977             645.5802694956516              595.6756549423076              -1.019527484109466             -4.770327768347816             -6.05029485504158              6622.368313181355              0.001755366521280446           51.59879283478794              358.4851931872442              232.7805620791587              
24060                          -6596.964739608989             357.9929356831468              231.4748442880964              -0.4742359679594631            -4.811942923313282             -6.084684464289452             6622.482805656899              0.0017761644144451             51.5992097830447               358.485147424003               232.6105436501457              
24120                          -6608.993842540335             68.62572203027923              -133.879456950678              0.07343305052383874            -4.829632051859786             -6.088728148637352             6622.47439066776               0.00177732265769801            51.59921189244156              358.4851442723365              232.5800827401054              
24180                          -6588.160238945373             -221.0825225145799             -498.5650939717041             0.6207288733784899             -4.823305954918737             -6.062405148765913             6622.343342851578              0.001758853401633715           51.59879858883672              358.485108876839               232.6894255011066              
24240                          -6534.568820211406             -509.6912826941063             -860.7633424050144             1.164903148546881              -4.792998458333622             -6.005850703023182             6622.092434589779              0.001721142598624972           51.59797758105057              358.4849670259476              232.9364444021749              
24300                          -6448.48893514858              -795.7657592556906             -1218.668254054408             1.703224790055389              -4.738866106779509             -5.919355155366826             6621.726848415065              0.001664942553715278           51.59676470175737              358.4846466331132              233.3166778357427              
24360                          -6330.352910822384             -1077.884202370289             -1570.495910541023             2.232994710295462              -4.66118709594982              -5.803362101400609             6621.254038344179              0.001591365530113083           51.59518358511917              358.4840791731869              233.8234160602924              
24420                          -6180.753697648011             -1354.645160089177             -1914.493539413316             2.751560261719276              -4.560359464590602             -5.65846560338055              6620.683545616164              0.001501881602885019           51.59326518829045              358.4832010451247              234.4478316895038              
24480                          -6000.441659579307             -1624.6745968393               -2248.948436239517             3.256329274371264              -4.436898576081377             -5.485406515743406             6620.026775279066              0.001398326699696516           51.59104716709227              358.4819548338063              235.1791519187509              
24540                          -5790.320536699519             -1886.632840421615             -2572.196640803536             3.744783589292435              -4.291433927104209             -5.28506797221471              6619.296740691514              0.001282931527656267           51.58857311907723              358.480290446015               236.0048687426315              
24600                          -5551.442614223391             -2139.221317376911             -2882.631317539689             4.214491998149228              -4.124705327816454             -5.058470093936112             6618.507783288486              0.001158390991512748           51.58589170980938              358.4781660983681              236.9109825600799              
24660                          -5285.003127566229             -2381.189048286326             -3178.710804976325             4.66312252901935               -3.937558495980864             -4.806763974610977             6617.675274891791              0.001028010860549243           51.58305570031391              358.4755491380378              237.882273895857               
24720                          -4992.333971889019             -2611.338844192548             -3458.966261989008             5.088453969456249              -3.730940134727667             -4.531225034749732             6616.815309637966              0.0008960006481477016          51.58012089583822              358.4724166809181              238.9025972892987              
24780                          -4674.896713388496             -2828.533219731787             -3722.008930105847             5.488386663042931              -3.505892512912282             -4.233245768118202             6615.944391821824              0.0007680324992529791          51.57714503663683              358.4687560549258              239.955191164705               
24840                          -4334.275001185913             -3031.699946779439             -3966.536918838174             5.86095245142743               -3.263547636624407             -3.914327997021839             6615.079125578937              0.0006522070159847695          51.57418665352574              358.4645650409948              241.0229970836781              
24900                          -3972.166405097486             -3219.837252024255             -4191.341518942568             6.204323786898424              -3.005121046785058             -3.576074680108038             6614.235911311843              0.0005602249375831418          51.57130391053787              358.4598519076277              242.0889817487196              
24960                          -3590.373713312199             -3392.018642054587             -4395.313023825208             6.516822007280743              -2.731905280829284             -3.220181321371715             6613.430653036767              0.0005068171873932444          51.56855345727107              358.4546352388518              243.1364552333516              
25020                          -3190.795782922746             -3547.397314816549             -4577.446010178807             6.796924723121871              -2.445263075734099             -2.848427080081228             6612.678480228583              0.0005030313918619759          51.56598931357129              358.4489435601922              244.1493790856548              
25080                          -2775.417960609265             -3685.210163079074             -4736.844085363902             7.043272354967285              -2.146620332813087             -2.462665606508654             6611.993486935428              0.0005461720589285502          51.56366180771776              358.4428147700783              245.1126582364532              
25140                          -2346.302139471001             -3804.781348491615             -4872.724076633043             7.254673810116471              -1.837458896285371             -2.064815669909843             6611.388490555109              0.0006214642860762792          51.56161658856927              358.436295388442               246.0124112551994              
25200                          -1905.576500728503             -3905.525437687879             -4984.41965295898              7.430111312285694              -1.519309182366453             -1.656851625069051             6610.874812297872              0.0007130609807908201          51.55989373042767              358.4294396373416              246.8362138956309              
25260                          -1455.424990709406             -3986.950092534496             -5071.384371125638             7.568744398459494              -1.193742693883487             -1.240793761479115             6610.462081171081              0.0008095362581785296          51.55852694759031              358.4223083716348              247.5733115949579              
25320                          -998.0765825890524             -4048.658308618284             -5133.194140248265             7.669913099866212              -0.8623644519002968            -0.8186985746763612            6610.158063269398              0.0009035924384173345          51.55754293345898              358.4149678804376              248.2147972596294              
25380                          -535.7943722465981             -4090.350197784117             -5169.549101076269             7.733140325532725              -0.5268053730277025            -0.3926489956360301            6609.96851821173               0.0009905991746243974          51.55696083674259              358.4074885825336              248.7537514070646              
25440                          -70.8645470416932              -4111.824312675985             -5180.274918783613             7.758133468201442              -0.1887146108245313            0.03525539889079374            6609.897084703343              0.00106754378821081            51.55679188474603              358.3999436407134              249.1853425093732              
25500                          394.4146957291159              -4112.978510405072             -5165.32348826333              7.744785249087916              0.1502480951454436             0.4629081403261901             6609.94519740448               0.001132435712242989           51.55703916104865              358.3924075222444              249.5068860978754              
25560                          857.7442986597127              -4093.810358461254             -5124.773055190672             7.693173822417026              0.4884200901037251             0.8882056216456639             6610.112037464305              0.001183983187515156           51.55769754198289              358.3849545322238              249.717862111519               
25620                          1316.835432414617              -4054.417080866423             -5058.827754891003             7.603562151562027              0.8241434165113861             1.309056751522749              6610.394519196991              0.001221413832910312           51.55875379341561              358.3776573495975              249.8198904699821              
25680                          1769.420561622118              -3994.995048114388             -4967.816572103648             7.476396668351431              1.15577241467049               1.723392568014158              6610.787315327058              0.001244368991789059           51.56018682633879              358.3705855929626              249.8166658422506              
25740                          2213.26439418823               -3915.838812344723             -4852.191726818343             7.312305221890838              1.481681261557252              2.129175748609259              6611.282922908148              0.001252835458478921           51.56196810675543              358.3638044450192              249.7138531916917              
25800                          2646.174682337617              -3817.339693171356             -4712.526494193316             7.112094322490873              1.800271443666835              2.524410011144688              6611.871771444166              0.001247095620826477           51.56406221236085              358.3573733625439              249.5189461679947              
25860                          3066.012843842323              -3699.983916458315             -4549.512462630139             6.87674567403076               2.109979159269102              2.907149399147509              6612.542373964525              0.001227685954635988           51.56642752572903              358.3513448972932              249.2410914336115              
25920                          3470.704351702413              -3564.350311801201             -4363.956239194506             6.607411989067435              2.409282629135381              3.275507424551048              6613.281520749546              0.001195358491234829           51.56901705092933              358.3457636515747              248.8908821570576              
25980                          3858.248850928791              -3411.107574488865             -4156.775611251102             6.305412074960722              2.696709299968046              3.627666047021615              6614.074514242524              0.001151042468012612           51.5717793379951               358.3406653895609              248.4801247416663              
26040                          4226.72995827609               -3241.011098995602             -3928.995174917474             5.972225176934029              2.97084291939171               3.961884462248428              6614.905442367403              0.001095804916256097           51.57465949739832              358.3360763225285              248.0215831895548              
26100                          4574.32469989122               -3054.899392460868             -3681.741442776987             5.60948456306438               3.230330456636432              4.276507665530242              6615.757486094134              0.001030809947045438           51.57760028473495              358.3320125828304              247.5287059356988              
26160                          4899.312538780121              -2853.690079779061             -3416.237447424471             5.218970340221415              3.473888836079441              4.569974748334298              6616.613255698274              0.0009572772244488103          51.58054323422762              358.3284798977223              247.0153403554614              
26220                          5200.083959904618              -2638.375502973429             -3133.796845588484             4.80260147231614               3.700311457730133              4.840826893599228              6617.455148883004              0.0008764406886753206          51.58342981865333              358.3254734699959              246.4954403550091              
26280                          5475.148523201313              -2410.0179577965               -2835.817580471896             4.362427051827638              3.908474430440023              5.087714977438429              6618.265722597884              0.0007895090983235541          51.58620261207367              358.3229780687756              245.9827727713846              
26340                          5723.142413059126              -2169.744532731259             -2523.775057626626             3.900616728531177              4.097342527609248              5.309406785657121              6619.028069756423              0.0006976303874201019          51.58880643264537              358.3209683283218              245.4906281192025              
26400                          5942.835345647071              -1918.741637919504             -2199.214950068427             3.419450441304649              4.265974745021035              5.504793697935607              6619.726190924168              0.0006018623944923951          51.59118944147914              358.3194092500865              245.0315416982558              
26460                          6133.136870607002              -1658.249184190061             -1863.74558140724              2.921307359741637              4.413529468973416              5.672896846217283              6620.345351232691              0.0005031533955058573          51.5933041760152               358.3182568973632              244.6170302766814              
26520                          6293.101975059752              -1389.554475844327             -1519.02997096984              2.408654150070643              4.539269163443685              5.812872635835908              6620.872412458347              0.0004023386629428517          51.59510849633971              358.3174592691494              244.2573500690178              
26580                          6421.935960708975              -1113.985845719136             -1166.777578326588             1.884032620361766              4.642564531000688              5.924017573893936              6621.296130861762              0.0003001708461736012          51.59656642524043              358.3169573354915              243.9612807864141              
26640                          6518.998570683748              -832.9060445362642             -808.7357636145099             1.350046777578931              4.722898107412972              6.00577235522108               6621.607412261872              0.0001974697089384557          51.59764886500125              358.3166862133427              243.7359403834444              
26700                          6583.807320165468              -547.7054411801652             -446.6810371829555             0.8093494225624726             4.779867233664776              6.057725139223811              6621.799516960291              9.619724802233782e-05          51.59833417617116              358.3165764592246              243.5866344555716              
26760                          6616.040012883471              -259.7950551527003             -82.41012644364925             0.264628348756876              4.813186373747949              6.079613979925765              6621.868208754573              3.522490921899834e-05          51.59860860666909              358.3165554524642              243.5167435431285              
26820                          6615.536418360265              29.40050992143566              282.2690518573859              -0.2814076933572351            4.822688743810347              6.07132837159081               6621.811844022972              0.0001226647402799518          51.59846656255135              358.3165488410169              243.5276508497263              
26880                          6582.299104626161              318.4502365930826              645.5465194302998              -0.8260432399479115            4.808327240105396              6.032909894970667              6621.631398838937              0.0002247820691731229          51.59791071518372              358.3164820206505              243.6187120039858              
26940                          6516.493412818074              605.9238766833674              1005.6193485787                -1.366570356195786             4.770174649231442              5.964551951084092              6621.330434046984              0.0003275434278204358          51.59695194284492              358.3162816176646              243.7872676198649              
27000                          6418.446578859412              890.3991368029068              1360.700745351819              -1.900302821035735             4.708423146089094              5.866598591520817              6620.915000205415              0.0004296612239696364          51.59560910824663              358.3158769453271              244.0286984842933              
27060                          6288.646010853327              1170.468805589726              1709.029027039458              -2.424590105460502             4.623383091045956              5.739542465429139              6620.39348615265               0.0005304512351973665          51.59390867686866              358.3152014048601              244.3365222137336              
27120                          6127.736734603167              1444.747794041361              2048.876457944924              -2.936831060632441             4.515481146372437              5.5840219118136                6619.776416555572              0.0006292451045688921          51.59188418419527              358.3141938030337              244.7025294609157              
27180                          5936.518030236871              1711.880040185559              2378.557882392196              -3.434487200360102             4.385257742925161              5.400817240777705              6619.076205150004              0.0007252862592604969          51.58957556299389              358.3127995602148              245.1169566938552              
27240                          5715.939287394544              1970.545242182284              2696.439110312731              -3.915095494089969             4.233363934625044              5.190846254543131              6618.306871442721              0.0008177055595835202          51.58702834464997              358.3109717851067              245.5686919983373              
27300                          5467.095104023824              2219.465391437488              3000.945020128815              -4.376280608402057             4.060557678425583              4.955159058462591              6617.483729098377              0.0009055235013433388          51.58429275085664              358.3086721950751              246.0455095329708              
27360                          5191.219675352985              2457.411058700384              3290.567321016025              -4.815766508455503             3.867699592842438              4.694932232697469              6616.623054023934              0.0009876664682472796          51.58142269424916              358.3058718642599              246.5343277258053              
27420                          4889.680503776495              2683.207415026831              3563.871952518051              -5.231387393134314             3.65574823744954               4.411462419521563              6615.741741878869              0.001062992083477929           51.57847470832947              358.3025517852924              247.0214858516483              
27480                          4563.971479432078              2895.739952578807              3819.506078907058              -5.621097913001183             3.425754966827885              4.106159396095581              6614.856962858963              0.001130320700408555           51.57550682818648              358.2987032342081              247.4930332743561              
27540                          4215.705362667441              3093.959890643039              4056.204660749131              -5.98298266398545              3.17885839705807               3.780538681486626              6613.985821032574              0.001188470819626435           51.57257744417259              358.2943279319305              247.9350254659548              
27600                          3846.605706917085              3276.88924389819               4272.796575901286              -6.315264938914101             2.916278524723694              3.436213729499128              6613.145024970727              0.001236296661402245           51.56974415117609              358.2894379997481              248.333820814184               
27660                          3458.498321074111              3443.625507367578              4468.210236021951              -6.616314681675951             2.639310578014333              3.074887810370836              6612.350575534674              0.001272726543070706           51.56706261646938              358.2840557111315              248.6763722280439              
27720                          3053.302225046479              3593.345990945856              4641.478738092759              -6.884655733489938             2.349318572410444              2.69834554358343               6611.617475321209              0.001296801176742821           51.56458548736606              358.278213044289               248.9505078127104              
27780                          2633.020234873982              3725.311740963869              4791.744477110511              -7.118972287403158             2.047728669341437              2.308444209672242              6610.959463697362              0.001307711472545158           51.56236136044188              358.2719510460413              249.1451950931523              
27840                          2199.729149669085              3838.87106979174               4918.26324521301               -7.318114618126477             1.736022315847671              1.907104811119438              6610.388780081333              0.001304836040556627           51.56043383144993              358.2653190189552              249.2507836021614              
27900                          1755.569654269781              3933.462657385851              5020.407775953761              -7.481104049548597             1.41572924108799               1.496302979950989              6609.915957596273              0.001287779349257085           51.55884064432185              358.2583735489833              249.2592211477759              
27960                          1302.735908445002              4008.618238442591              5097.670749720138              -7.60713720831933              1.088420280092482              1.078059693160771              6609.549648363246              0.001256412639816794           51.55761295484255              358.2511773916527              249.1642395784002              
28020                          843.4649269952939              4063.964848763788              5149.667230929927              -7.69558953746993              0.755700088509782              0.6544318778290563             6609.296481428346              0.001210921540536441           51.55677472304738              358.2437982394083              248.9615064580221              
28080                          380.0257619667665              4099.226633362994              5176.136540558108              -7.746018091397978             0.4191997432319536             0.227502898982254              6609.160953907482              0.001151867549970106           51.55634224546537              358.2363073934175              248.648739678807               
28140                          -85.29145983499997             4114.226207458632              5176.943554826543              -7.758163609209467             0.08056925237867363            -0.2006270397110849            6609.145355821878              0.001080276468621163           51.55632383594104              358.2287783654921              248.2257827501153              
28200                          -550.1866020931966             4108.885565702001              5152.079425776123              -7.731951866426074             -0.2585300110459664            -0.627850564025123             6609.249729078083              0.0009977779552003507          51.55671966097534              358.2212854368234              247.6946391945121              
28260                          -1012.360643597494             4083.226535502742              5101.661720165878              -7.667494301391379             -0.5964329371298656            -1.05206284703905              6609.471861079976              0.0009068410694075826          51.55752173272334              358.2139022010325              247.0594652261798              
28320                          -1469.526818525258             4037.37077119303               5025.933974283435              -7.565087909586464             -0.9314783539755529            -1.471171357663217             6609.807313529749              0.0008111861702346777          51.5587140599277               358.2067001193317              246.3265206247625              
28380                          -1919.421729790712             3971.539286392973              4925.264663010709              -7.425214395339652             -1.262016735499659             -1.88310562134531              6610.249487005522              0.0007164956266319349          51.56027295420694              358.1997471154024              245.5040784792609              
28440                          -2359.816382792702             3886.051524310419              4800.145584893842              -7.248538570366769             -1.586417919965566             -2.285826964265087             6610.78972182805               0.0006314943066919666          51.56216748624451              358.1931062371004              244.6022952239555              
28500                          -2788.527103952908             3781.323964983294              4651.189663404981              -7.035905981817651             -1.903078828421092             -2.677338226337796             6611.417435537344              0.0005688763268574508          51.56436008369919              358.1868344106978              243.6330431028719              
28560                          -3203.426308455765             3657.868265355396              4479.128160667315              -6.788339742004369             -2.210431170648214             -3.055693425935176             6612.120296936845              0.0005436407033082998          51.56680726006018              358.1809813118215              242.6097078773046              
28620                          -3602.453019621519             3516.288947233811              4284.80732654336               -6.507036566073495             -2.506949077983223             -3.419007299628057             6612.884435968743              0.0005657009162213334          51.56946046078615              358.1755883760845              241.546955423194               
28680                          -3983.623158965627             3357.280620226989              4069.184466170735              -6.193361963411651             -2.791156685579926             -3.7654647429332               6613.694688078967              0.0006323214557660929          51.57226701134782              358.1706879682371              240.4604712083965              
28740                          -4345.039496716339             3181.624761766832              3833.323458294564              -5.848844596359982             -3.061635587561957             -4.093330055518924             6614.534870567947              0.0007313007221310244          51.57517114902126              358.166302727658               239.3666774947878              
28800                          -4684.901261455877             2990.186044169282              3578.389711933381              -5.47516975359894              -3.317032165158921             -4.400955988477201             6615.388087474753              0.0008494837350622884          51.57811511911788              358.1624451032417              238.2824334783163              
28860                          -5001.513314037811             2783.908235091154              3305.644598552278              -5.074171957066862             -3.556064713793458             -4.686792500461227             6616.237057683985              0.0009766812436816359          51.58104031417885              358.1591170884782              237.2247238855934              
28920                          -5293.294858684333             2563.80967391719               3016.439364224283              -4.647826675561546             -3.777530341042568             -4.949395185717302             6617.064460777852              0.00110562659719573            51.58388843408669              358.1563101626892              236.2103422375931              
28980                          -5558.78762907798              2330.978343154048              2712.208548541949              -4.198241153784537             -3.98031157679401              -5.187433299846191             6617.853294595017              0.001231041163485878           51.58660264428939              358.1540054406687              235.2555747430924              
29040                          -5796.663496415664             2086.566554878801              2394.462937936205              -3.727644371029772             -4.163382638987302             -5.399697311904316             6618.587235923438              0.001348907661795179           51.58912870897428              358.1521740289951              234.3758912598178              
29100                          -6005.731457865535             1831.785263292935              2064.782069287864              -3.238376132571484             -4.325815303187487             -5.585105917129686             6619.250994623238              0.001456042325415002           51.59141607627623              358.1507775830261              233.5856495106545              
29160                          -6184.943925728837             1567.898062536042              1724.80636194444               -2.732875396802271             -4.466784291504633             -5.742712407247049             6619.830650319476              0.001549864798155091           51.59341889272014              358.1497690547587              232.8978187797884              
29220                          -6333.402319002455             1296.214845529337              1376.228847866848              -2.213667790821936             -4.585572158899643             -5.871710368480451             6620.313966423842              0.001628280546259788           51.59509692715136              358.1490936165526              232.3237286857748              
29280                          -6450.361867180462             1018.085208377346              1020.786610488334              -1.683352483511134             -4.681573581531218             -5.971438593241861             6620.690670285726              0.001689623732376516           51.59641638416397              358.1486897434257              231.8728485638167              
29340                          -6535.235612238034             734.8916158225938              660.2519527917658              -1.144588461830184             -4.754299011341224             -6.041385161800855             6620.952690760657              0.001732631612869882           51.59735059011686              358.1484904324886              231.5526021162941              
29400                          -6587.597577835118             448.0423457440129              296.4233189561559              -0.6000802703414267            -4.803377651044869             -6.081190638200672             6621.094345950142              0.001756434480872199           51.59788053722932              358.1484245352623              231.3682213660204              
29460                          -6607.185061067626             158.9643101908395              -68.88390525089481             -0.05256343255959808           -4.82855969422547              -6.090650319233622             6621.112475128468              0.001760552242345363           51.5979952738887               358.1484181761622              231.3226432233205              
29520                          -6593.90004874384              -130.9042572126568             -433.8467257838893             0.4952104264475977             -4.829717818097264             -6.069715521408742             6621.006510726102              0.001744892757387093           51.59769213296283              358.1483962284272              231.4164508419672              
29580                          -6547.809733049799             -420.1211840581498             -796.6439258697056             1.040488592451553              -4.806847899445244             -6.018493875211123             6620.77848804188               0.001709749537357597           51.59697679282723              358.1482838175579              231.647861184133               
29640                          -6469.146127325191             -707.2477429215094             -1155.465416083788             1.58053223383904               -4.760068949013987             -5.937248627819434             6620.432992500805              0.001655798178713453           51.5958631696224               358.1480078216157              232.0127590203083              
29700                          -6358.304786136394             -990.8560228577796             -1508.521531953211             2.112631263734438              -4.689622270459539             -5.826396964851953             6619.977046310319              0.001584092510108289           51.59437314272701              358.1474983377609              232.5047766831494              
29760                          -6215.84264143799              -1269.536221767119             -1854.052194809953             2.6341189252548                -4.59586985949992              -5.686507377803722             6619.419938331958              0.001496063313264481           51.59253611891038              358.146690085049               233.1154177650433              
29820                          -6042.474974530472             -1541.903821510269             -2190.335888183797             3.142385992451638              -4.479292071135899             -5.518296116938703             6618.773002783201              0.001393525268257492           51.59038844411393              358.1455237148436              233.8342221095409              
29880                          -5839.071550304729             -1806.606602004663             -2515.698395195937             3.634894475979189              -4.340484592018333             -5.322622781212262             6618.049353859148              0.001278702551603519           51.58797267492226              358.1439470020917              234.6489684759481              
29940                          -5606.65194644134              -2062.331453925575             -2828.521246965458             4.109190737451643              -4.180154762977801             -5.100485106283218             6617.263584525885              0.001154292448167579           51.58533672475028              358.1419158932248              235.5459105161917              
30000                          -5346.380115558783             -2307.810952527184             -3127.249835927386             4.562917931184713              -3.999117302718556             -4.853013018678453             6616.431438495404              0.001023603698774625           51.58253290233821              358.139395389442               236.5100410363011              
30060                          -5059.558223339967             -2541.829657816039             -3410.40115162129              4.993827706642478              -3.798289488074746             -4.581462029168473             6615.569464749967              0.0008908396658170964          51.57961686233554              358.1363602475844              237.5253789659682              
30120                          -4747.619803264362             -2763.230114060997             -3676.571106210793             5.399791128429134              -3.578685844043248             -4.287206034720904             6614.694663925066              0.0007616523881088711          51.57664648944364              358.1327954845563              238.5752731056209              
30180                          -4412.122292912763             -2970.918508673076             -3924.441401707813             5.778808755298855              -3.341412412181377             -3.971729618489617             6613.824135512949              0.0006441327744279252          51.57368073906457              358.1286966755782              239.6427163796589              
30240                          -4054.738981314299             -3163.869983874257             -4152.785931527468             6.129019888258325              -3.08766063833633              -3.636619899583025             6612.974734013098              0.000550100638067815           51.57077845778501              358.1240700404028              240.7106643563948              
30300                          -3677.250411694052             -3341.133577545455             -4360.476688170715             6.448710971625129              -2.818700927231929             -3.283557993742479             6612.162741246436              0.0004947739675990394          51.56799720751568              358.118932316072               241.7623517382281              
30360                          -3281.535350260518             -3501.836746970224             -4546.489123057191             6.736323094497381              -2.535875954792659             -2.914310202353272             6611.403561044996              0.0004899638088238045          51.56539211731581              358.1133104200285              242.7816005309014              
30420                          -2869.561282510315             -3645.189508034501             -4709.906997734497             6.990458685099406              -2.240593718718068             -2.530718901761738             6610.711440957038              0.0005331389229195502          51.56301478504789              358.1072409096618              243.7531142058306              
30480                          -2443.374561652372             -3770.488137993105             -4849.926666063953             7.20988733790005               -1.934320419410288             -2.134693252175665             6610.099224756189              0.0006089266694553162          51.56091225116058              358.10076925052                244.6627522315566              
30540                          -2005.090222970558             -3877.118450551988             -4965.860798837722             7.393550822521624              -1.618573180618411             -1.728199736354953             6609.578138117049              0.0007009522965230982          51.55912606443282              358.0939489077198              245.4977799067701              
30600                          -1556.881523383756             -3964.558629765138             -5057.141536158132             7.540567281050946              -1.294912647798328             -1.313252576224656             6609.157608872189              0.0007976062047522876          51.55769145794676              358.0868402791071              246.2470890141567              
30660                          -1100.969253075237             -4032.381616819954             -5123.323061970804             7.650234631057191              -0.9649354902364465            -0.891904059983051             6608.845122362626              0.0008915949962046595          51.55663665120747              358.0795094915658              246.9013853342467              
30720                          -639.6108663863104             -4080.2570446623               -5164.083596289723             7.722033189508029              -0.6302668306248924            -0.4662348093717985            6608.646111704445              0.0009783551774448505          51.55598229182232              358.0720270844798              247.4533397721416              
30780                          -175.089478305213              -4107.952716751694             -5179.226802330249             7.755627531094998              -0.2925526231469673            -0.03834401350774304           6608.563882352768              0.001054953399259035           51.55574104741366              358.0644666064352              247.8977005026227              
30840                          290.2972278657608              -4115.335627437038             -5168.682607272185             7.750867592335108              0.04654800088598542            0.3896603467895307             6608.599570118201              0.001119473865862496           51.55591735553927              358.0569031528782              248.2313642935478              
30900                          754.2481366934907              -4102.372522540033             -5132.507436755944             7.707789030442068              0.3853704022387279             0.8156712619595203             6608.752131795776              0.00117068868092387            51.55650733636747              358.0494118735232              248.453405902359               
30960                          1214.469834029064              -4069.129999960126             -5070.883864855939             7.626612843947282              0.7222520995515184             1.237592420851331              6609.018367722062              0.001207875300784842           51.55749886975138              358.0420664789032              248.5650652112699              
31020                          1668.687704830503              -4015.774149982222             -4984.119680540391             7.50774425689137               1.055540423787426              1.653347891748755              6609.392975800025              0.0012307090257719             51.55887183525825              358.0349377752262              248.5696925279208              
31080                          2114.656929342923              -3942.569738000545             -4872.646376895418             7.351770871136933              1.383600128914831              2.060891716177486              6609.868636700377              0.001239193848134189           51.56059851055097              358.0280922567227              248.4726531967899              
31140                          2550.173348200306              -3849.878932916886             -4737.017068537781             7.159460086624522              1.704820952603155              2.458217407267281              6610.436130045388              0.001233612811329577           51.56264412053638              358.0215907829988              248.2811935609616              
31200                          2973.084157136431              -3738.159582990078             -4577.903841213753             6.931755782795906              2.017625112691767              2.843367334019868              6611.084481363969              0.001214487954902128           51.56496752682899              358.0154873675301              248.0042706928562              
31260                          3381.298385809507              -3607.96304192884              -4396.094539151542             6.669774252531099              2.320474719349509              3.214441965355062              6611.80113943585               0.001182544499175913           51.56752204431614              358.0098281014945              247.6523494998073              
31320                          3772.797092831091              -3459.931558145084             -4192.489009499564             6.374799396181138              2.611879064330648              3.569608925119201              6612.572183269061              0.001138676386716941           51.57025636889355              358.0046502348806              247.2371708225155              
31380                          4145.643261771765              -3294.795227600478             -3968.094805196399             6.048277154270332              2.890401785418852              3.907111854286949              6613.382557558481              0.00108391169931016            51.57311559842942              357.9999814331134              246.7714953485756              
31440                          4497.991337522431              -3113.368522123959             -3724.022364033745             5.691809178119668              3.154667867854882              4.225279031638363              6614.216334739503              0.001019377358727087           51.57604232683129              357.9958392246638              246.2688281080445              
31500                          4828.096359847777              -2916.546403228248             -3461.479678620519             5.307145731520789              3.403370454190914              4.522531716091473              6615.057000959032              0.0009462631453197898          51.57897778953265              357.9922306511478              245.7431291032599              
31560                          5134.322647888143              -2705.300033934023             -3181.766475248057             4.896177820500712              3.63527742811037               4.797392166582169              6615.887762327881              0.0008657855858867157          51.58186303750439              357.9891521274021              245.2085157772935              
31620                          5415.151989313414              -2480.672103295795             -2886.267922446143             4.460928552670369              3.849237733830978              5.048491290624469              6616.691866795498              0.0007791527487561143          51.58464011613772              357.9865895147885              244.678963275951               
31680                          5669.191289275585              -2243.771779554111             -2576.447891540292             4.003543731616725              4.044187389836281              5.274575869237161              6617.452935956734              0.0006875315248765257          51.58725322508909              357.9845184065958              244.1680085779135              
31740                          5895.179625768923              -1995.769319771218             -2253.841806972007             3.526281717820293              4.219155145222247              5.474515293876387              6618.155300104799              0.0005920197460057187          51.58964983532872              357.9829046200762              243.6884645350856              
31800                          6091.994691597044              -1737.890333852188             -1920.049084933746             3.031502534260938              4.373267749293738              5.647307776913769              6618.784329115412              0.0004936270379085147          51.59178174073386              357.9817048850922              243.2521496838281              
31860                          6258.6585383302                -1471.409772455428             -1576.725252020173             2.521656338519016              4.505754752076462              5.792085936664562              6619.326750930029              0.0003932729247264574          51.59360602215089              357.9808677157008              242.8696394839853              
31920                          6394.342630129093              -1197.6456162134               -1225.573715466307             1.999271212551739              4.615952822696867              5.908121738000307              6619.770949344346              0.0002918292839058101          51.59508590456258              357.9803344464831              242.5500441929144              
31980                          6498.372135649832              -917.9523374874617             -868.3372783323092             1.466940409237628              4.703309509723343              5.994830698535027              6620.107232550455              0.0001903422863886692          51.59619148938498              357.9800404125213              242.3008179548206              
32040                          6570.229443440319              -633.7141485220501             -506.789418185046              0.9273090920744259             4.76738641185483               6.05177532182979               6620.328064371509              9.173285096179564e-05          51.59690034705292              357.9799162485781              242.1276032759497              
32100                          6609.556868366425              -346.3380790797449             -142.7253854639466             0.3830606679836184             4.807861714535771              6.078667705777424              6620.428250796306              4.340962967312238e-05          51.5971979578888               357.979889280663               242.0341140261216              
32160                          6616.158528196523              -57.24692174692314             222.0468289472894              -0.1630971895927342            4.824532059333582              6.075371288478006              6620.405075479471              0.0001285033596446522          51.59707799248778              357.9798849812993              242.0220594770044              
32220                          6590.001374955852              232.1279142432899              585.7156043067775              -0.7084467195643616            4.817313720460553              6.041901703995977              6620.258379265359              0.0002279122846856867          51.59654242633414              357.9798284585554              242.0911108979508              
32280                          6531.215372327989              520.3535985616223              946.4748248233489              -1.250274340055783             4.786243072149218              5.978426732517078              6619.990580430579              0.0003280291320019957          51.59560148689525              357.9796459483573              242.2389113251829              
32340                          6440.09281819736               806.0030796268211              1302.532981357798              -1.785884881797107             4.731476341278762              5.885265343328935              6619.606634171547              0.0004273960789513977          51.59427343500821              357.9792662797103              242.4611281705265              
32400                          6317.086812004051              1087.662261035788              1652.122204619914              -2.312615699337421             4.65328864616627               5.762885835882093              6619.113931768486              0.000525349139793604           51.59258418577286              357.9786222832171              242.7515474224474              
32460                          6162.808894447121              1363.937070034776              1993.507124065406              -2.827850467307565             4.552072345748607              5.611903118360113              6618.522141880494              0.0006212946103399401          51.59056677777914              357.9776521147814              243.1022072768892              
32520                          5978.025855697688              1633.460441222604              2324.993581137667              -3.329032675258326             4.428334709807915              5.433075136863165              6617.842998128091              0.0007145682848389939          51.58826070205208              357.9763004682358              243.503568223221               
32580                          5763.655753670007              1894.899122629932              2644.937081243751              -3.813678623329217             4.282694953421843              5.227298518912008              6617.090038989993              0.0008043943282837382          51.58571110544978              357.9745196533256              243.94471594488                
32640                          5520.763179576219              2146.96027672719               2951.750951157391              -4.279389851734093             4.115880681494506              4.995603492555885              6616.278307371659              0.0008898771280514653          51.5829678854661               357.9722705185324              244.4135925942883              
32700                          5250.553768567458              2388.397881795274              3243.914208240709              -4.723865005568063             3.928723763568654              4.739148106873121              6615.424017425267              0.0009700108013178118          51.58008469480642              357.9695232010826              244.8972516647773              
32760                          4954.368044637705              2618.018840497201              3519.979027721955              -5.144910963356273             3.722155722933239              4.459211868157933              6614.544199040615              0.001043700672206646           51.57711787700182              357.9662576911265              245.3821311370648              
32820                          4633.674612377794              2834.688808392091              3778.577824368546              -5.540453262889778             3.497202671498623              4.157188830459611              6613.656329430011              0.001109793394588562           51.57412535422143              357.9624642002474              245.8543393493646              
32880                          4290.062740263585              3037.337709945332              4018.429909397161              -5.908545781708179             3.254979841473207              3.834580207270359              6612.777961037675              0.00116711311373612            51.57116548941498              357.9581433285695              246.2999479004247              
32940                          3925.234388694832              3224.964913030801              4238.34768822427               -6.247379643357734             2.996685768345385              3.492986574952982              6611.926355077791              0.001214501417001238           51.56829594521326              357.9533060289281              246.7052857831295              
33000                          3540.995728099521              3396.644044434667              4437.242378852755              -6.55529134722344              2.72359617048981               3.134099725679131              6611.118129253656              0.001250859187050567           51.5655725615706               357.9479733704069              247.0572290558621              
33060                          3139.248189741294              3551.527431279089              4614.129233635274              -6.830770127696562             2.437057564369971              2.75969421926102               6610.368927265012              0.001275188899278893           51.56304827340556              357.9421761072946              247.3434804831641              
33120                          2721.979109610858              3688.850148332725              4768.132241754349              -7.072464541495878             2.138480662244419              2.371618693576575              6609.693116617357              0.001286636420914475           51.56077208850134              357.9359540633212              247.5528338298755              
33180                          2291.251972359314              3807.933672605305              4898.48831435977               -7.279188319973852             1.829333556402854              1.97178693737726               6609.103519910951              0.001284532009830226           51.55878814416712              357.9293553435396              247.6754178492911              
33240                          1849.196362076643              3908.189112076221              5004.550915346394              -7.449925460306559             1.511134760774582              1.562168816484062              6608.611183681834              0.001268431040378337           51.55713486003511              357.9224353906333              247.7029152916029              
33300                          1397.99760119302               3989.120021283278              5085.793152868489              -7.583834607379727             1.185446087037492              1.144781022451296              6608.225187383571              0.001238156181153271           51.55584420169198              357.9152559031775              247.6287528889279              
33360                          939.886157302948               4050.324782073845              5141.810307819402              -7.680252712752172             0.8538653993595753             0.7216777003368552             6607.952494124784              0.001193844612393796           51.55494106828835              357.907883637026               247.4482585974692              
33420                          477.126857460031               4091.498545634475              5172.321796143652              -7.738697983547915             0.518019260633011              0.294940971496536              6607.797843650794              0.001136007062631721           51.55444281473564              357.9003891122641              247.1587830690032              
33480                          12.00794523978088              4112.434731336824              5177.17256093736               -7.758872126896052             0.1795554781154617             -0.1333286386246457            6607.76368722108               0.001065611211282548           51.55435891675159              357.8928452495089              246.7597828938424              
33540                          -453.1699861197326             4113.026076117193              5156.333887915839              -7.740661885859552             -0.1598644461456999            -0.5610218605110842            6607.850163391065              0.0009842128400400661          51.55469078464142              357.8853259603764              246.2528637452851              
33600                          -916.1051212858818             4093.265227610405              5109.903638600337              -7.684139857027301             -0.4985729331747781            -0.9860303937428169            6608.055113259273              0.0008941785794793555          51.55543172923127              357.877904718103               245.6417823582424              
33660                          -1374.50558043001              4053.244878574046              5038.105899526645              -7.589564580942461             -0.8349040093719367            -1.40625666784764              6608.374133424743              0.0007990804246491279          51.55656708081777              357.8706531341545              244.9324068552751              
33720                          -1826.10056004468              3993.157438860973              4941.290044925259              -7.457379889494994             -1.167201036645731             -1.819623628923735             6608.800664799508              0.0007043905501493184          51.55807445950985              357.8636395668665              244.1326357636653              
33780                          -2268.651411866138             3913.294242567349              4819.929211985343              -7.288213492151908             -1.49382447337189              -2.224084529508065             6609.32611537775               0.0006185791518997678          51.55992419280741              357.8569277877775              243.2522767753399              
33840                          -2699.962613635797             3814.044289087367              4674.61818927577               -7.08287478088833              -1.813159646301113             -2.617632695420014             6609.940015091004              0.0005541841814449681          51.56207987374726              357.8505757305893              242.3028870604585              
33900                          -3117.892588390225             3695.892516792299              4506.070718757707              -6.842351830030462             -2.123624513361908             -2.998311242884347             6610.630200904714              0.0005264765055314116          51.56449905048288              357.8446343465214              241.2975777057436              
33960                          -3520.364301080523             3559.417617400853              4315.116224937507              -6.567807583200197             -2.42367737388118              -3.364222690378185             6611.383030227821              0.0005461315800936767          51.56713403556788              357.8391465887237              240.2507856221673              
34020                          -3905.375628100669             3405.289382227605              4102.695960320095              -6.260575182751023             -2.711824529359813             -3.713538466729444             6612.183620683063              0.0006109496307931999          51.56993282124569              357.8341465455305              239.1780168408313              
34080                          -4271.009410188143             3234.265593073376              3869.858587535562              -5.922152439959589             -2.9866278316928               -4.044508235317986             6613.016113897748              0.0007086705325619223          51.57284008438529              357.8296587412551              238.0955658627099              
34140                          -4615.443135059494             3047.188470328757              3617.755216625455              -5.554195441808392             -3.246712078587196             -4.355468982945617             6613.86396059185               0.000825928735008001           51.57579826275408              357.8256976199012              237.0202164862685              
34200                          -4936.958224308984             2844.980676936247              3347.633897118764              -5.158511262887085             -3.490772233556183             -4.644853842853712             6614.710223424057              0.0009524447839728779          51.57874868275487              357.8222672236989              235.9689294853943              
34260                          -5233.948851561299             2628.640897824556              3060.833593233215              -4.737049793968728             -3.717580408663345             -4.911200573854312             6615.537893476031              0.001080961984415987           51.5816327168659               357.8193610754735              234.9585236470239              
34320                          -5504.930244244874             2399.239008467156              2758.777661864607              -4.291894689546025             -3.925992563792084             -5.153159636846465             6616.330217073266              0.00120624893031748            51.58439294830653              357.8169622693637              234.0053562856556              
34380                          -5748.546416136828             2157.910851331335              2442.96685975576               -3.825253449246872             -4.114954868436932             -5.369501800686554             6617.071027088662              0.001324337185812246           51.58697431953159              357.8150437706291              233.1250099169702              
34440                          -5963.577278076629             1905.852643865556              2114.971912419418              -3.339446662042889             -4.283509668742131             -5.559125205898963             6617.745071807352              0.001432077838384884           51.58932524086025              357.8135689209867              232.3319915821512              
34500                          -6148.945085715236             1644.315033146585              1776.425666138596              -2.83689643119667              -4.430801008199348             -5.721061821300678             6618.338332276096              0.00152690497910753            51.59139863562438              357.8124921415331              231.6394511642711              
34560                          -6303.720156588703             1374.596851398261              1429.014894949929              -2.320114081680288             -4.556079629148138             -5.854483206047302             6618.838324710866              0.001606715743529              51.59315289986833              357.8117598203668              231.0589248103288              
34620                          -6427.125842093484             1098.038570928069              1074.471761834149              -1.791687150091347             -4.658707421184032             -5.958705533775354             6619.234378984002              0.001669813049736148           51.59455275584791              357.8113113681797              230.6001089049514              
34680                          -6518.542693774345             816.0155182013208              714.5650126920427              -1.254265783119431             -4.738161246201957             -6.033193795664408             6619.517884637194              0.00171488133494858            51.59556998003792              357.8110804213728              230.2706696109726              
34740                          -6577.511797818377             529.9308810919283              351.0909476982064              -0.7105486289567312            -4.794036097563173             -6.077565132417846             6619.682497163088              0.00174097905189119            51.59618398937594              357.8109961683867              230.0760921075125              
34800                          -6603.737252849869             241.2085365629366              -14.13579396452832             -0.1632683007439865            -4.826047554325237             -6.091591249323262             6619.724297799882              0.001747538835421615           51.59638227238909              357.8109847719945              230.0195727945993              
34860                          -6597.087763278823             -48.71423162205458             -379.2915464449407             0.3848234218998904             -4.83403349093984              -6.075199872145589             6619.641901035742              0.001734370231792818           51.59616065511879              357.8109708579468              230.10195680786                
34920                          -6557.597340513005             -338.3941112502808             -742.5530082503994             0.9309705880811316             -4.817955024417856             -6.028475224117146             6619.43650538337               0.001701662300455418           51.59552339560609              357.8108790386266              230.321722074038               
34980                          -6485.465103468945             -626.3891555962288             -1102.106609604289             1.472428072851349              -4.777896682608325             -5.951657512691413             6619.111884532292              0.00164998509386388            51.59448310440742              357.8106354394913              230.6750101568978              
35040                          -6381.054179702322             -911.2661812072624             -1456.157840906987             2.006476510685657              -4.714065793296259             -5.845141428889094             6618.674317792221              0.001580290553570969           51.59306049260169              357.8101691959153              231.1557030061149              
35100                          -6244.889718074481             -1191.608095208101             -1802.940448635379             2.530436982260455              -4.626791104051275             -5.709473680732442             6618.132460667177              0.001493915182118527           51.59128395268602              357.8094138887188              231.7555438013687              
35160                          -6077.656029602545             -1466.021120804401             -2140.725459523118             3.041685356230743              -4.516520654691059             -5.545349593314184             6617.49715830871               0.001392589560605754           51.58918898139309              357.8083088880705              232.4642989798831              
35220                          -5880.192881386994             -1733.141873022093             -2467.829973299336             3.537666161836766              -4.38381893484062              -5.353608822807566             6616.781206500584              0.0012784644833646             51.58681745707511              357.8068005776088              233.2699578352403              
35280                          -5653.490974886452             -1991.644243480282             -2782.625673118592             4.015905888354212              -4.229363368519953             -5.135230242735975             6615.999066516214              0.001154172343237776           51.58421678735765              357.8048434334067              234.1589652033945              
35340                          -5398.68664572823              -2240.246055276934             -3083.547006005577             4.47402562059502               -4.053940175486135             -4.891326070095793             6615.166541669569              0.0010229599498598             51.58143894554274              357.8024009357576              235.1164821901521              
35400                          -5117.055827223721             -2477.715452235225             -3369.098989906191             4.909752935452497              -3.858439664877322             -4.623135305559426             6614.300424530569              0.0008889638486821917          51.57853941647091              357.7994462955868              236.1266694076294              
35460                          -4810.007321465488             -2702.876991783948             -3637.864610388725             5.320933004016847              -3.643851018772915             -4.332016563684641             6613.418124558611              0.0007577624458223036          51.57557607424607              357.7959629814265              237.1729868424618              
35520                          -4479.075440489564             -2914.617403425589             -3888.511761761189             5.705538840567093              -3.41125663570035              -4.019440384927891             6612.537286346033              0.0006374059328954101          51.57260801554003              357.7919450374899              238.2385042511569              
35580                          -4125.912033858072             -3111.891012301129             -4119.79973248541              6.061680717509107              -3.161826069804662             -3.686981074136775             6611.675408519646              0.0005398941275909483          51.56969437233275              357.7873971873339              239.3062160544032              
35640                          -3752.278012502149             -3293.724767188558             -4330.585163546826             6.387614663641221              -2.896809663645947             -3.336308193794075             6610.849473211948              0.0004812665833601066          51.56689312885025              357.7823347232071              240.359354507872               
35700                          -3360.03435071951              -3459.222899517705             -4519.82751216828              6.681750127950261              -2.61753187849414              -2.969177713378295             6610.075594929596              0.0004747457108211976          51.56425996582499              357.776783184032               241.3816953820224              
35760                          -2951.132684840814             -3607.571158960884             -4686.593957877613             6.942656748420053              -2.325384417219361             -2.587422938397211             6609.368696958615              0.000518277838175692           51.56184715544048              357.7707778308869              242.3578504777888              
35820                          -2527.605516733135             -3738.040638192219             -4830.06376704411              7.169070288683788              -2.021819151798319             -2.192945231654043             6608.742221919861              0.0005955339005012235          51.55970252796821              357.7643629313126              243.2735416470623              
35880                          -2091.556088930326             -3849.99116710426              -4949.532094194929             7.359897746855765              -1.708340903474978             -1.787704587642836             6608.207881803231              0.0006891629257711419          51.55786852988208              357.7575908681305              244.1158515595425              
35940                          -1645.147977391632             -3942.874270127561             -5044.413214267281             7.514221663001208              -1.386500103943679             -1.373710094997437             6607.775451282324              0.0007871168215620582          51.55638139096901              357.7505210912821              244.8734467746835              
36000                          -1190.59444928042              -4016.235680285966             -5114.243180031014             7.631303647944104              -1.05788536241827              -0.953010317647611             6607.452606614555              0.000881980766115711           51.55527041568238              357.7432189339312              245.5367692994569              
36060                          -730.147631863297              -4069.71740496858              -5158.681900576727             7.710587153495318              -0.7241159588268141            -0.5276836195885387            6607.244811016348              0.0009691908770394924          51.55455741148582              357.7357543163137              246.0981933580697              
36120                          -266.0875333132028             -4103.05933971145              -5177.514638174799             7.751699500409496              -0.3868342767032557            -0.09982844990529567           6607.155246137614              0.001045856387857403           51.55425626430808              357.7282003625115              246.5521447115188              
36180                          199.2890122430929              -4116.100425523035             -5170.652921453115             7.754453173950905              -0.04769821045704632           0.3284463683638138             6607.184788214437              0.001110121798414858           51.55437266852239              357.7206319571885              246.895180477416               
36240                          663.6795123385947              -4108.77935186156              -5138.134875681872             7.718846397657733              0.2916264987109318             0.755031403516132              6607.332026686353              0.001160828793516054           51.55490401606266              357.7131242684531              247.126028160902               
36300                          1124.786921695028              -4081.134797175986             -5080.124968705872             7.645062980265697              0.6294738900262105             1.177826297495718              6607.593322551694              0.001197329540234733           51.5558394465437               357.705751266897               247.2455830877598              
36360                          1580.330782003947              -4033.305211730435             -4996.913173662064             7.533471436323008              0.964185461939577              1.594749476663068              6607.962903404175              0.001219375651789365           51.55716005743474              357.6985842664674              247.2568644518888              
36420                          2028.05824526976               -3965.528140997902             -4888.91355389391              7.384623375250191              1.294117809640724              2.003747773275446              6608.432991913845              0.001227045345641125           51.55883927051493              357.6916905164417              247.1649305427836              
36480                          2465.754988108102              -3878.139092678004             -4756.662273586018             7.199251150664587              1.617650241836947              2.402805982953792              6608.993964464811              0.00122069005993004            51.56084334817372              357.6851318703779              246.9767547624324              
36540                          2891.255983859552              -3771.569943343007             -4600.815030790292             6.978264746680038              1.933192365945104              2.789956342983048              6609.634536720902              0.001200890943430648           51.56313205057635              357.6789635574216              246.7010646457193              
36600                          3302.456036228396              -3646.346897077487             -4422.143933351203             6.722747908815233              2.239191581590565              3.163287855647403              6610.34197288141               0.001168420241878736           51.5656594217912               357.6732330806688              246.3481466407266              
36660                          3697.320072209772              -3503.087994716479             -4221.533816172857             6.433953494672394              2.534140489039966              3.52095546336625               6611.102315636482              0.00112420500093966            51.56837469085978              357.6679792638473              245.929620499197               
36720                          4073.893129759565              -3342.500182664192             -3999.978014515373             6.113298040694219              2.816584170550219              3.861189022020191              6611.900633879976              0.001069291819873978           51.5712232712461               357.6632314660573              245.4581873165798              
36780                          4430.309995764739              -3165.375949376087             -3758.573605889923             5.762355538018237              3.085127314634267              4.182302033815562              6612.721285340782              0.001004812153980515           51.57414784001947              357.6590089811799              244.9473561792884              
36840                          4764.804446768832              -2972.58953996819              -3498.516136309815             5.3828504151143                3.338441148126833              4.482700094776947              6613.548191264681              0.0009319481641482697          51.57708947623284              357.6553206353022              244.4111547390576              
36900                          5075.718044908481              -2765.092761610189             -3221.093849451864             4.976649729722381              3.575270138113828              4.760889008608339              6614.365120147909              0.0008518994887191851          51.5799888363842               357.6521645918546              243.8638294865414              
36960                          5361.508440599762              -2543.910395746204             -2927.681441634128             4.545754580420874              3.794438422281827              5.015482514607948              6615.155977270055              0.0007658516598603881          51.58278734364129              357.6495283701756              243.3195418349378              
37020                          5620.757142111595              -2310.135229372456             -2619.733360304695             4.092290742643158              3.994855930113756              5.245209581907065              6615.905096442822              0.0006749472834035627          51.58542836684193              357.647389078863               242.7920662680935              
37080                          5852.176692669936              -2064.922735800051             -2298.776687710324             3.618498572055313              4.175524139828095              5.448921202120736              6616.597529904397              0.0005802617164745096          51.58785836482713              357.6457138610065              242.2944969313794              
37140                          6054.617224041275              -1809.48541997359              -1966.403630647415             3.126722191478176              4.335541435161671              5.625596635381318              6617.219331893832              0.0004827862817691435          51.59002797221215              357.6444605435778              241.8389688728503              
37200                          6227.072343975108              -1545.086851509364             -1624.263648024399             2.619397997658013              4.474108015429382              5.774349052309871              6617.757830951798              0.0003834260139613562          51.59189300344904              357.6435784789055              241.4363999560264              
37260                          6368.68431264079               -1273.035418608587             -1274.055260711398             2.099042548117314              4.590530308807593              5.894430511346836              6618.201885581294              0.0002830351627064371          51.5934153534126               357.6430095617991              241.0962590315894              
37320                          6478.748470099626              -994.6778444680926             -917.5175985058723             1.568239909462013              4.684224842642756              5.985236216881276              6618.542117635797              0.0001826098732769277          51.5945637747981               357.6426894017547              240.8263655154897              
37380                          6556.716898969307              -711.3924712895624             -556.4216918966027             1.029628484308609              4.754721542406475              6.046308022859772              6618.771117752844              8.486035057425112e-05          51.5953145153843               357.6425486259517              240.6327245987068              
37440                          6602.201278094205              -424.582374848634              -192.5615907242887             0.4858874504212571             4.801666408160921              6.077337123907594              6618.883617130236              4.182391918227647e-05          51.59565180085202              357.6425142857877              240.5194018698057              
37500                          6614.974913785961              -135.668336619825              172.2546550605266              -0.06027711809244926           4.824823543106252              6.078165905265446              6618.876620374123              0.0001294755148957361          51.59556815263373              357.6425113370388              240.4884398920403              
37560                          6594.97393162667               153.9182867863479              536.2141010612743              -0.6061463484102282            4.82407650792687               6.048788923348166              6618.749494670338              0.000227558838117097           51.59506453381167              357.6424641620602              240.539818561494               
37620                          6542.297618424706              442.7427544174091              897.5080459702056              -1.14900277743357              4.799428982465683              5.989352999180622              6618.504011395206              0.0003257849145514592          51.59415032013884              357.6422981014217              240.6714599079532              
37680                          6457.207911052004              729.3741504354531              1254.341147911969              -1.686144562172269             4.75100472527919               5.90015641848496               6618.144337321511              0.0004229994586586364          51.59284309720056              357.6419409622247              240.8792770605814              
37740                          6340.128035377691              1012.392570047454              1604.940466094567              -2.214899580969147             4.679046830565778              5.781647243707017              6617.676973852213              0.0005186435760477482          51.59116828876867              357.6413244710006              241.1572660636957              
37800                          6191.640305160727              1290.396239969901              1947.56437493862               -2.732639315543281             4.583916291299492              5.634420755098501              6617.110644124955              0.0006122040372307474          51.58915862521593              357.6403856405649              241.497638290989               
37860                          6012.483096387962              1562.008533504161              2280.511300707762              -3.236792409953105             4.46608988606132               5.45921604867456               6616.456129337293              0.0007030983058795924          51.58685346440794              357.639068022396               241.8909903231861              
37920                          5803.547024345098              1825.884833595624              2602.128222855742              -3.724857794268046             4.326157419525499              5.256911835126383              6615.726057217117              0.0007906360672548515          51.5842979807641               357.6373228190592              242.3265073751991              
37980                          5565.870343153552              2080.719219885585              2910.818910468997              -4.194417308449577             4.164818345730628              5.028521480292169              6614.934647016189              0.0008740076287840838          51.58154224073483              357.6351098345702              242.7921957551771              
38040                          5300.633602390256              2325.250936023287              3205.051840111271              -4.643147731773009             3.982877815750036              4.775187345161883              6614.097416033766              0.0009522880804011697          51.5786401851977               357.6323982444682              243.2751391807897              
38100                          5009.153614656788              2558.270591296158              3483.367739644975              -5.068832127863914             3.781242207594123              4.498174503737913              6613.230855435791              0.001024453252024109           51.57564854132296              357.6291671720014              243.7617736097327              
38160                          4692.876753336789              2778.626090991551              3744.386751687644              -5.469370497923819             3.560914173286892              4.1988638838383                6612.352083432965              0.001089405036956095           51.57262568694677              357.6254060609377              244.2381746754918              
38220                          4353.371627214254              2985.228258731734              3986.815172551046              -5.842789685030188             3.322987255822638              3.878744900951983              6611.478483915718              0.001146004003087183           51.56963049116318              357.6211148400951              244.69035210334                
38280                          3992.321213882881              3177.05610637892               4209.451714788162              -6.187252467437366             3.068640152498493              3.53940768559149               6610.627339637731              0.001193107297999943           51.56672115506914              357.6163038797402              245.1045450507099              
38340                          3611.514420449462              3353.161779177499              4411.193326347396              -6.501065915958368             2.799130618919721              3.18253489354889               6609.815468758845              0.001229610019917216           51.56395407491517              357.6109937428388              245.467512795165               
38400                          3212.837218905968              3512.675097458411              4591.040474808193              -6.78268890381663              2.515789129674896              2.809893251952915              6609.058873756909              0.001254488452783945           51.56138275036293              357.6052147404088              245.7668151651978              
38460                          2798.26332231051               3654.807727969177              4748.10193644943               -7.030738863090791             2.220012280284303              2.423324817221139              6608.372410725355              0.001266843973530019           51.55905675739536              357.5990063015346              245.991077544023               
38520                          2369.844489871846              3778.856947467225              4881.59904762945               -7.243997756701752             1.913255995767062              2.024738029518098              6607.769486585931              0.001265946956289937           51.55702080463958              357.5924161733879              246.1302355571179              
38580                          1929.700494823249              3884.208994416614              4990.869414964746              -7.421417294795373             1.597028568175602              1.616098590818293              6607.261790626912              0.001251280758108728           51.55531388926148              357.5854994685978              246.1757550185148              
38640                          1480.008801634689              3970.341998466121              5075.370073724921              -7.562123411356939             1.272883549517172              1.199420199446725              6606.859065661754              0.001222586988434739           51.55396856643155              357.5783175797156              246.1208231602568              
38700                          1022.993996406959              4036.828479678658              5134.680086629451              -7.665420017365613             0.942412520174047              0.7767551659205482             6606.568922862309              0.001179915050914321           51.5530103439683               357.5709369822367              245.9605076790131              
38760                          560.9170134427656              4083.337410534259              5168.502576531555              -7.730792043564637             0.607237748580489              0.3501849295334404             6606.39670304792               0.00112368200611738            51.55245721136559              357.5634279489111              245.6918806707372              
38820                          96.06420443662694              4109.635834425539              5176.666187552873              -7.75790778111106              0.2690047575221975             -0.07818950516902594           6606.345385963565              0.001054754363103151           51.55231931003188              357.5558631990197              245.3141050936447              
38880                          -369.2637308810744             4115.590036221465              5159.12597010047               -7.746620523507427             -0.07062520963433272           -0.5062572205037251            6606.415547900743              0.0009745739237714779          51.55259874924852              357.5483165063531              244.8284819746923              
38940                          -832.7628575557937             4101.166256966345              5115.963684882423              -7.6969695029267               -0.4099827749223888            -0.9319070654637482            6606.605366961574              0.0008853700214454192          51.55328957012262              357.5408612910791              244.2384572365045              
39000                          -1292.137181072054             4066.43095280408               5047.387525006292              -7.609180116326346             -0.7473980992939621            -1.353037407490755             6606.910674331649              0.0007905377765504159          51.5543778575832               357.5335692187575              243.5495876542882              
39060                          -1745.109804028197             4011.550591296508              4953.731251964437              -7.483663421668597             -1.081208604424226             -1.767565905529985             6607.325049178191              0.0006953177336594429          51.55584199842513              357.5265088311154              242.7694660550842              
39120                          -2189.434033848676             3936.790982809996              4835.452744208435              -7.321014884335859             -1.409766739397516             -2.173439298924672             6607.839954200261              0.0006079176071708907          51.55765308130937              357.5197442318593              241.9076066634452              
39180                          -2622.90439044493              3842.516145046806              4693.131958664454              -7.122012350283891             -1.731447770896289             -2.568643183811529             6608.444908385916              0.0005407620352185134          51.55977543257882              357.5133338504438              240.9752922321459              
39240                          -3043.367466643467             3729.186700437329              4527.468307406802              -6.887613221136734             -2.044657575204184             -2.951211748186832             6609.127693211871              0.0005095877946179919          51.56216727971432              357.5073293057289              239.9853850666514              
39300                          -3448.732596869448             3597.35780617386               4339.277451653242              -6.61895080332705              -2.347840408820044             -3.319237434685601             6609.874588316277              0.0005261968442508112          51.5647815322374               357.5017743903118              238.9521051947622              
39360                          -3836.982280721807             3447.676619569661              4129.487519398023              -6.317329807395537             -2.639486624113284             -3.670880487201025             6610.670632494586              0.0005891249760027583          51.5675666678008               357.4967041949869              237.8907791926022              
39420                          -4206.182310456437             3280.879303006096              3899.134754878291              -5.984220975721049             -2.918140294283949             -4.00437833478566              6611.499905772792              0.0006858948150603517          51.5704677091742               357.4921443910771              236.8175641671587              
39480                          -4554.49154955411              3097.787575117731              3649.358611200418              -5.6212548219927               -3.182406706578649             -4.318054759780651             6612.345828201066              0.0008026751476469632          51.57342727584346              357.4881106862707              235.7491518730467              
39540                          -4880.171308733876             2899.304817464537              3381.396300800169              -5.230214472136189             -3.430959678219573             -4.610328791718711             6613.191470695644              0.0009289205537875028          51.57638669201637              357.4846084671728              234.7024585209792              
39600                          -5181.594264475716             2686.411749487753              3096.57682298501               -4.813027605652331             -3.662548644779672             -4.879723263008947             6614.01987283255               0.001057286840070581           51.57928713102405              357.4816326389059              233.6943063199324              
39660                          -5457.252871116898             2460.161683335467              2796.314485987645              -4.37175749800482              -3.876005472403032             -5.124872964609287             6614.814364159097              0.001182540285902294           51.58207077489288              357.4791676684236              232.7411030872263              
39720                          -5705.767204037646             2221.675382882645              2482.101957793503              -3.908593193126791             -4.070250931623903             -5.344532324141886             6615.558884003927              0.001300742305543968           51.58468196647974              357.4771878348178              231.8585265558659              
39780                          -5925.89218621189              1972.135548697409              2155.502875998464              -3.42583883449659              -4.244300778927367             -5.537582539402252             6616.238294002293              0.001408782620182178           51.587068330826                357.4756576857208              231.0612199991047              
39840                          -6116.524156550851             1712.780945903386              1818.144040608615              -2.92590217926678              -4.397271394509497             -5.703038102799502             6616.83867545367               0.001504132347731632           51.58918184178684              357.4745326947067              230.3625057118461              
39900                          -6276.706730293177             1444.900198497199              1471.707222515678              -2.411282341065493             -4.52838491897062              -5.84005264645365              6617.347609711589              0.00158471859489647            51.59097981125429              357.4737601093929              229.7741225902773              
39960                          -6405.635882553012             1169.825324067123              1117.920684981119              -1.884556908487569             -4.636973813422962             -5.947924020103136             6617.75443526819               0.001648863708393662           51.5924257783479               357.4732799760465              229.305993796087               
40020                          -6502.664263515238             888.9249771180845              758.5503779804003              -1.348368389277983             -4.722484829710368             -6.02609858162061              6618.050474909657              0.001695258460315115           51.59349027819976              357.4730263217016              228.9660294727973              
40080                          -6567.304671154646             603.5974953747858              395.3909288552483              -0.8054101800621831            -4.784482311947339             -6.074174611183569             6618.229227507302              0.001722952675061608           51.59415147137425              357.4729284709543              228.7599691883952              
40140                          -6599.232673410105             315.2637609107271              30.25644511411296              -0.2584121084448189            -4.822650805169745             -6.091904820667989             6618.286519400725              0.001731354238585298           51.59439561848208              357.4729124705476              228.6912675269223              
40200                          -6598.288352478078             25.35992824818526              -335.0288029028058             0.2898743228785886             -4.836796933547153             -6.07919791764825              6618.220610753478              0.001720231443627594           51.59421738754912              357.4729025918701              228.7610255131885              
40260                          -6564.477157772971             -264.6699379396541             -698.639764511273              0.8366908743566159             -4.826850524893577             -6.036119200770212             6618.032253065796              0.001689715993682741           51.59361998567259              357.4728228790334              228.9679691309984              
40320                          -6497.969860239721             -553.3812695945117             -1058.759997507841             1.379287565219675              -4.792864966841051             -5.962890174768065             6617.724694966931              0.001640305590376886           51.59261511054572              357.4725987086182              229.3084755827558              
40380                          -6399.101608380608             -839.3364002270264             -1413.591004492687             1.914937599471098              -4.735016790454479             -5.85988718678918              6617.303634578408              0.001572866431340696           51.59122272182405              357.4721583264962              229.7766462506352              
40440                          -6268.370093983266             -1121.111921845856             -1761.361458358776             2.440952095616549              -4.65360448776305              -5.727639099289572             6616.777118044466              0.001488637592548957           51.589470636694                357.4714343273924              230.3644246674658              
40500                          -6106.432844387408             -1397.3059462912               -2100.336257405785             2.954694493181155              -4.549046581258559             -5.566824029515359             6616.155385251265              0.001389241748805949           51.58739395833645              357.4703650440762              231.0617565644579              
40560                          -5914.103655835022             -1666.545239690242             -2428.825370947574             3.453594543377694              -4.421878967504845             -5.378265188947609             6615.450665200017              0.001276711027489803           51.58503434995164              357.4688958151299              231.8567882523903              
40620                          -5692.348216757665             -1927.492155613278             -2745.192383864789             3.935161716924602              -4.272751584389663             -5.162925894943066             6614.676925077031              0.001153545140332826           51.5824391710815               357.4669801033922              232.7360987003321              
40680                          -5442.278936101661             -2178.851365585261             -3047.862738780929             4.396998005375703              -4.102424434238854             -4.921903797009442             6613.849578316379              0.001022835748929265           51.57966049569814              357.4645804406616              233.684960097542               
40740                          -5165.149021285253             -2419.376333638605             -3335.331610734194             4.836810003753519              -3.911763016681513             -4.656424392554121             6612.985158327548              0.0008885256834715757          51.57675403452638              357.4616691786737              234.6876213052756              
40800                          -4862.345857880453             -2647.875495362787             -3606.171367035403             5.252420197718077              -3.701733232886343             -4.36783391479737              6612.100965650992              0.0007559392782257357          51.57377798610041              357.4582290312607              235.7276080075617              
40860                          -4535.383748016091             -2863.218109873119             -3859.03857536728              5.641777403152317              -3.473395827035116             -4.057591679571384             6611.214697142826              0.000632815329401868           51.57079184234289              357.4542533977805              236.7880333204575              
40920                          -4185.896030903959             -3064.339779265093             -4092.680554273228             6.00296636276938               -3.227900406571562             -3.727261943854002             6610.344066251129              0.0005309571218525388          51.5678551747268               357.4497464627629              237.8519128603284              
40980                          -3815.626663797942             -3250.247590678588             -4305.941413627543             6.334216441155241              -2.966479118631913             -3.378505377736817             6609.506423871504              0.0004669788136118794          51.56502642747495              357.4447230724656              238.9024778339844              
41040                          -3426.421306022377             -3420.024871474128             -4497.767575298527             6.633909431889403              -2.690440032238541             -3.013070212348539             6608.718389092711              0.0004560753336849183          51.56236174314299              357.4392083937798              239.9234804589832              
41100                          -3020.217961137778             -3572.835539878904             -4667.212754701721             6.900586481315579              -2.4011602801036               -2.632783132118671             6607.995498819374              0.0004978506021422998          51.55991384462958              357.4332373656864              240.8994860283883              
41160                          -2599.037229774034             -3707.928038121624             -4813.442389717599             7.132954146002594              -2.100079007126165             -2.239539970501872             6607.351884589373              0.0005754786277508025          51.55773099575122              357.4268539577313              241.8161464692284              
41220                          -2164.972224425375             -3824.63883771415              -4935.7375067469               7.329889607571357              -1.788690166369617             -1.835296259912841             6606.799983982623              0.0006704186650007001          51.55585606017026              357.4201102536727              242.6604506810118              
41280                          -1720.178196580139             -3922.395508663977             -5033.498016343772             7.490445072124857              -1.468535197132085             -1.422057678571924             6606.350292878631              0.0007699129939448023          51.55432567580537              357.4130653815293              243.4209474451436              
41340                          -1266.861917017853             -4000.719347662622             -5106.245434466399             7.613851384708459              -1.141195607543439             -1.001870421346324             6606.011163504069              0.0008662419966700792          51.55316955895675              357.4057843135865              244.087937267439               
41400                          -807.2708860937906             -4059.227555199822             -5153.625021056034             7.699520877259444              -0.8082855053260987            -0.5768115490500534            6605.788651827189              0.0009547154716669512          51.55240994948387              357.3983365622963              244.6536300225553              
41460                          -343.6823529687823             -4097.634969461584             -5175.407344646788             7.747049491219573              -0.4714440456787327            -0.1489792750499694            6605.686416340059              0.001032386997478273           51.55206120510822              357.3907947976429              245.1122659965922              
41520                          121.6077302897458              -4115.755339739909             -5171.489258476528             7.756218169538858              -0.1323278682831009            0.2795167193352013             6605.705668989815              0.001097378010483607           51.55212955033079              357.3832334145415              245.4601983296488              
41580                          586.2958375104832              -4113.502148129976             -5141.894298186384             7.726993546602677              0.2073965102899428             0.70656498457909               6605.845177622335              0.00114852790866869            51.55261298220681              357.3757270766316              245.6959356219841              
41640                          1048.082012714724              -4090.888973434975             -5086.772497366852             7.659527933328734              0.5460603218990142             1.130061983552501              6606.101318265364              0.001185203892876322           51.55350133272817              357.3683492638404              245.8201440691837              
41700                          1504.680992635809              -4048.029397166147             -5006.399623015255             7.554158596613219              0.882000184536011              1.547921746037923              6606.468174540772              0.001207188438783311           51.55477648492921              357.3611708498734              245.8356090511033              
41760                          1953.833264640454              -3985.136451168673             -4901.175832847257             7.411406324775663              1.213565741846095              1.958085483205166              6606.937680670517              0.00121460479444422            51.55641273747468              357.3542587347861              245.7471568317987              
41820                          2393.316016834711              -3902.521607138302             -4771.623757361665             7.231973265709355              1.53912729148407               2.358531144791536              6607.49980379585               0.001207861139213921           51.55837731029353              357.3476745564855              245.5615376433607              
41880                          2820.953936225546              -3800.593309174012             -4618.386010727751             7.01674002090481               1.857083385807846              2.747282897089041              6608.142760751167              0.001187603777850089           51.56063098178476              357.3414735034773              245.2872720930563              
41940                          3234.629810645564              -3679.855051333575             -4442.22213561732              6.766761976094089              2.165868384900723              3.122420495261804              6608.853264026194              0.001154674584463302           51.56312884622334              357.335703249472               244.9344635165426              
42000                          3632.294883072918              -3540.903005360486             -4244.00499155874              6.483264853072563              2.463959932884123              3.482088512318454              6609.616791406894              0.001110070416195898           51.56582117816566              357.3304030286689              244.5145795364197              
42060                          4011.978920828965              -3384.423201260586             -4024.716592460563             6.167639460576396              2.749886334906827              3.824505394747212              6610.417873740195              0.00105490356944726            51.56865438905434              357.3256028682574              244.0402067421837              
42120                          4371.799945446521              -3211.188268530921             -3785.443406391618             5.821435632722439              3.022233795926632              4.147972294860586              6611.240395298571              0.0009903631252504764          51.57157205955918              357.3213229926471              243.5247829304271              
42180                          4709.973570436275              -3022.053749534942             -3527.371135294428             5.44635535166107               3.279653479630241              4.45088162682604               6612.067901358834              0.0009176775091844667          51.57451602971155              357.3175734113613              242.9823121201871              
42240                          5024.821897411032              -2817.953999230206             -3251.778995561242             5.044245058340113              3.520868344729496              4.731725292337519              6612.883907813355              0.0008380789289787462          51.57742752760596              357.3143536996898              242.4270675926891              
42300                          5314.781939230264              -2599.897675201077             -2960.033506440712             4.617087138103391              3.744679726833219              4.989102534645412              6613.672207908444              0.0007527706400877451          51.58024831647983              357.311652978019               241.8732891563241              
42360                          5578.41350285219               -2368.962843443922             -2653.581822457303             4.166990614233119              3.949973604166114              5.221727344570341              6614.417171355584              0.0006628983548798218          51.58292183883642              357.3094500928163              241.3348805705346              
42420                          5814.406482324998              -2126.29172646629              -2333.944646430569             3.696181088093829              4.135726496386684              5.428435356261381              6615.104031317415              0.000569527732276705           51.58539433576197              357.3077139984969              240.8251135916107              
42480                          6021.587536590034              -1873.085101503834             -2002.708734655656             3.2069899326281                4.301010963089168              5.608190190436956              6615.719155071198              0.0004736314214006922          51.58761591968138              357.3064043354113              240.3563448846307              
42540                          6198.92609969085               -1610.596376488724             -1661.519032412779             2.701842789825147              4.445000646874706              5.760089178001722              6616.250294283204              0.0003760941318979818          51.58954157870823              357.3054721956238              239.9397519621789              
42600                          6345.539664264067              -1340.125403725764             -1312.070519141329             2.183247489274281              4.566974798915605              5.883368392078061              6616.686811009272              0.0002777650939480647          51.59113209132521              357.3048610641023              239.5850940533282              
42660                          6460.698344748149              -1063.012008423049             -956.0997344468411             1.653781350051434              4.666322277683134              5.977406973928338              6617.019875948101              0.000179710422187503           51.59235483201556              357.3045079186762              239.3005031669036              
42720                          6543.82865355043               -780.6293043791475             -595.3760803494971             1.116078016584932              4.742544953651693              6.041730676360014              6617.242635497826              8.51846835289265e-05           51.5931844493838               357.3043444687996              239.0923101522258              
42780                          6594.516472131896              -494.376835420181              -231.6929498781089             0.572813917343694              4.795260491636438              6.076014593639324              6617.350344585189              4.540008776069989e-05          51.59360340102251              357.3042985093413              238.9649097592082              
42840                          6612.509205188609              -205.6735558249111             133.1413001778631              0.02669439092170245            4.824204490262177              6.080085054270961              6617.340462607856              0.0001283342416278493          51.59360233220812              357.3042953625794              238.9206676819394              
42900                          6597.717093561418              84.04929243346493              497.3124575936581              -0.5195603877477606            4.829231948825075              6.053920646616803              6617.212710179489              0.0002236838002826011          51.59318028844295              357.3042593790829              238.9598717977769              
42960                          6550.21367921885               373.3553706267656              859.0095991358887              -1.063229589873307             4.810318048791795              5.9976523664098                6616.969084945013              0.0003195656657343816          51.59234475567492              357.304115466179               239.08072860435                
43020                          6470.235418680878              660.8104603239307              1216.434217376187              -1.601605918083063             4.767558242118806              5.911562882398005              6616.613835301071              0.0004146035216696617          51.59111152576845              357.3037906115399              239.2794048817241              
43080                          6358.180447873655              944.9896649364543              1567.809277128378              -2.132009689309652             4.701167646778783              5.796084926778759              6616.153391564589              0.0005081947144289613          51.58950438888332              357.3032153690467              239.5501135035074              
43140                          6214.606507682476              1224.484554402283              1911.388149450843              -2.651802711582453             4.611479757920919              5.651798827244321              6615.596254903346              0.0005998229812013224          51.58755465847949              357.3023252745465              239.8852413110944              
43200                          6040.228045283632              1497.910212841533              2245.463373004382              -3.158401855419588             4.498944490797305              5.479429207030581              6614.952845186912              0.0006889187304101953          51.58530053865489              357.3010621604528              240.2755160014594              
43260                          5835.91251288524               1763.912148818719              2568.375192708518              -3.649292223509499             4.364125579553402              5.279840889343984              6614.235309826658              0.0007748141913890665          51.5827863473233               357.2993753403136              240.7102081297198              
43320                          5602.675894938073              2021.173026439942              2878.519824451405              -4.122039824366684             4.207697365625792              5.054034054700165              6613.457296638073              0.0008567292312358745          51.58006161222795              357.2972226374633              241.1773636117177              
43380                          5341.677478587165              2268.419200747725              3174.357425449197              -4.574303707240577             4.030441001019258              4.803138685987976              6612.633693835972              0.0009337733809499391          51.57718005943039              357.294571235255               241.6640614502503              
43440                          5054.213931642676              2504.426990065461              3454.419688829528              -5.003847428535784             3.833240127154365              4.528408386134326              6611.780342506493              0.001004959246161629           51.57419851712979              357.2913983311315              242.1566911025511              
43500                          4741.712697832243              2728.02868938966               3717.317067802778              -5.408549858322043             3.617076054820675              4.231213600643476              6610.913727448368              0.001069224759784899           51.57117575876744              357.2876915810351              242.6412434575386              
43560                          4405.724779595356              2938.118269351624              3961.745563391434              -5.786415232658642             3.383022511345176              3.91303433468293               6610.050652035652              0.001125462378844465           51.56817131102535              357.2834493260467              243.1036092680251              
43620                          4047.916928383946              3133.656757253377              4186.493072204235              -6.135582459438329             3.132239986387751              3.575452404542921              6609.207903742196              0.001172553535528973           51.56524425236113              357.2786805978471              243.5298791198156              
43680                          3670.063306227737              3313.677263544357              4390.445251668521              -6.454333631327555             2.865969736098166              3.22014330231175               6608.401917416972              0.001209406798266844           51.56245202790281              357.273404905123               243.9066387131479              
43740                          3274.036659031623              3477.289640311097              4572.590888017982              -6.741101747116176             2.585527486877144              2.848867726425518              6607.648443483396              0.001234998417166775           51.55984930544701              357.2676518077913              244.2212539069669              
43800                          2861.799050423801              3623.684754086255              4732.026747506588              -6.994477639298656             2.292296882430946              2.463462834028207              6606.962228246935              0.001248414220500216           51.55748689586456              357.2614602905525              244.4621400232309              
43860                          2435.39220360059               3752.13835876254               4867.961895665518              -7.213216114957916             1.987722712983418              2.065833264417291              6606.35671327548               0.001248892252305749           51.55541075922366              357.2548779514574              244.6190104509387              
43920                          1996.927498019202              3862.014556591113              4979.721472191001              -7.396241322343048             1.673303960830224              1.657941976586113              6605.843760418053              0.001235866157279546           51.55366111549559              357.2479600247471              244.6831000366319              
43980                          1548.575668692218              3952.768836831787              5066.749911146764              -7.54265135815681              1.350586692659346              1.24180093892261               6605.43340845432               0.001209010272324047           51.55227167595158              357.2407682602135              244.647359265351               
44040                          1092.55624287814               4023.950685459306              5128.613600245499              -7.651722135025374             1.021156815388981              0.819461691543199              6605.133666625422              0.001168288955525277           51.55126900834819              357.2333696834121              244.5066158050249              
44100                          631.1267829401029              4075.205753826861              5165.002968143182              -7.722910516500405             0.6866327327286845             0.3930058282257122             6604.950349469013              0.001114015441941983           51.55067204601626              357.2258352632214              244.2577005635058              
44160                          166.5719467108683              4106.277586642286              5175.734000900045              -7.755856742263521             0.3486578948460445             -0.03546461265654978           6604.886956374011              0.001046930604770493           51.55049174769884              357.2182385132797              243.8995360149866              
44220                          -298.8075657118235             4117.008898945179              5160.749178854451              -7.750386143130781             0.008893272232840664           -0.4638368086094896            6604.944598285992              0.0009683218004186338          51.55073091213981              357.2106540551072              243.4331851579173              
44280                          -762.7061571113344             4107.342399791407              5120.117832391809              -7.706510151040872             -0.3309902511773838            -0.8899968711981181            6605.121972930466              0.0008802212186468332          51.55138414844627              357.2031561697443              242.8618600953623              
44340                          -1222.824507949503             4077.321157109212              5054.035913506214              -7.624426597932784             -0.6693195419704641            -1.311839591484948             6605.415388855104              0.0007857602711703261          51.55243800059907              357.195817364764               242.1908898579532              
44400                          -1676.880750581636             4027.088501476166              4962.825182243419              -7.504519294374066             -1.004426937790588             -1.727278211380896             6605.818837572808              0.0006898187193665748          51.55387122199261              357.1887069819302              241.4276478068259              
44460                          -2122.621598851807             3956.887465007824              4846.931806001337              -7.347356869420923             -1.334658012852469             -2.134254205016943             6606.324112106827              0.00060015018333071            51.55565519367042              357.1818898696688              240.5814394084455              
44520                          -2557.833382843207             3867.059753511181              4706.92437252563               -7.153690850678204             -1.658379370151799             -2.530747045699761             6606.920969342852              0.0005288373230715706          51.55775447786114              357.1754251430618              239.6633521595277              
44580                          -2980.352945618099             3758.04425066951               4543.491317783967              -6.924452958650371             -1.973986444335349             -2.914783936552784             6607.59733274562               0.000492059717953201           51.56012749659943              357.1693650522099              238.6860697749398              
44640                          -3388.078353359329             3630.375054315316              4357.437771867356              -6.660751587765108             -2.279911291592783             -3.284449473246524             6608.339531279975              0.0005033310108638617          51.56272732353463              357.1637539780575              237.6636536567039              
44700                          -3778.979369277316             3484.679046399855              4149.681828094023              -6.363867446350802             -2.574630337976199             -3.637895200948328             6609.132569725273              0.0005627276373368399          51.56550257549058              357.1586275728164              236.6112952125068              
44760                          -4151.107640034134             3321.67300015378               3921.250242976336              -6.035248329904521             -2.856672051844708             -3.973349020515879             6609.960425038279              0.0006577443536288701          51.56839838890491              357.1540120600781              235.5450432439966              
44820                          -4502.606544664605             3142.160228704214              3673.273575617473              -5.676503003310107             -3.124624502435193             -4.289124394333815             6610.806362993898              0.0007738364375557707          51.57135746495151              357.1499237075048              234.4815112356046              
44880                          -4831.720634263067             2947.026793269243              3406.980793924139              -5.289394196464817             -3.377142745333587             -4.583629277146014             6611.653268846189              0.0008999349716700649          51.57432116569958              357.1463684828983              233.4375699466063              
44940                          -5136.804658179731             2737.237255086724              3123.693328061419              -4.875830652542732             -3.612956022673642             -4.855374752465526             6612.483985204104              0.001028437830673612           51.57723064301446              357.1433419012051              232.430030999295               
45000                          -5416.332049619754             2513.830022932576              2824.818644516423              -4.437858307769881             -3.83087466849972              -5.102983240943229             6613.281651543116              0.001153998679645835           51.58002798000641              357.1408290684208              231.4753278099743              
45060                          -5668.902869728196             2277.912289269954              2511.843332233971              -3.977650568361592             -4.029796702287824             -5.325196256750488             6614.030039449375              0.001272631588197277           51.58265732504074              357.1388049239454              230.5892002896499              
45120                          -5893.251146970658             2030.654577052259              2186.325732690223              -3.49749771423829              -4.208714043515547             -5.520881628692615             6614.713876595166              0.001381207866743778           51.58506599709934              357.1372346806202              229.7863896303124              
45180                          -6088.251546707058             1773.284935558755              1849.888166541137              -2.999795496573012             -4.366718275389977             -5.689040098921817             6615.319150550048              0.001477194145829198           51.58720554039064              357.1360744583117              229.0803500222137              
45240                          -6252.925346191326             1507.082788466929              1504.208762689392              -2.48703293655604              -4.503005918213373             -5.828811249449865             6615.833389898708              0.001558520547735843           51.58903270761366              357.1352721020575              228.4829832662554              
45300                          -6386.445636658927             1233.372510010959              1151.012990512817              -1.96177947917782              -4.616883128537689             -5.939478659747058             6616.24591712546               0.001623516704625389           51.5905103507271               357.1347681728194              228.0044024237295              
45360                          -6488.141756955147             953.5167019846548              792.0648609865691              -1.426671462969961             -4.707769807339909             -6.020474271183661             6616.548066848944              0.001670882640283243           51.59160819964248              357.1344970945971              227.6527296588856              
45420                          -6557.502880891983             668.9092805455092              429.1579392056815              -0.8843981360484824            -4.775203034376092             -6.071381867680086             6616.733364952312              0.001699677206354666           51.59230351010547              357.1343884380415              227.4339330753955              
45480                          -6594.180765448255             380.9683457576594              64.10613417436707              -0.3376871926239562            -4.818839818575618             -6.091939657598028             6616.797664898852              0.001709314778493419           51.59258156499631              357.1343683166567              227.3517061996736              
45540                          -6597.99161440439              91.12893188473365              -301.2656073757171             0.2107099513715176             -4.838459111776782             -6.082041903619123             6616.739238078453              0.00169956515464021            51.59243601529471              357.1343608685605              227.4073930004815              
45600                          -6568.91705527058              -199.1643591032172             -665.1306994293284             0.7580331042752843             -4.833963074253504             -6.04173958805527              6616.558815988115              0.001670554060254811           51.59186905054388              357.1342897937826              227.599960141154               
45660                          -6507.104215700893             -488.4647643659059             -1025.670309728401             1.301528284018136              -4.805377571930973             -5.971240099332173             6616.259582915399              0.001622763262329259           51.59089139207221              357.1340799148634              227.9260171011656              
45720                          -6412.864901796864             -775.3307809378651             -1381.082713743586             1.838462655055341              -4.752851904582611             -5.870905943998932             6615.847118808834              0.001557030636443403           51.58952210635269              357.133658726994               228.3798836357064              
45780                          -6286.673886245132             -1058.333541919225             -1729.592535897732             2.366139269522546              -4.676657771206062             -5.741252501196796             6615.329293033382              0.001474552047506177           51.58778824010107              357.132957903282               228.9537029457661              
45840                          -6129.166319943703             -1336.064111514733             -2069.459832261582             2.881911509082604              -4.577187488840849             -5.582944846568543             6614.716110746942              0.001376889158081792           51.58572428308455              357.1319147209843              229.6375978011456              
45900                          -5941.13428987959              -1607.140649803197             -2398.988953746422             3.383197104455916              -4.454951491362581             -5.396793686903828             6614.019514677724              0.00126599124686481            51.58337146899974              357.1304733757667              230.4198660619295              
45960                          -5723.522549225208             -1870.215409319672             -2716.537143139047             3.867491636051976              -4.310575141618315             -5.183750453881269             6613.25314607269               0.001144246815427689           51.58077692891958              357.1285861532128              231.2872109047821              
46020                          -5477.423457342805             -2123.981517832044             -3020.522810384484             4.332381411523857              -4.144794901576525             -4.944901620154877             6612.432069561472              0.001014596609686641           51.57799271579377              357.1262144299811              232.2250007258272              
46080                          -5204.071166911976             -2367.179514591267             -3309.433446764096             4.775555647614595              -3.958453907903266             -4.681462302584667             6611.572467505832              0.0008807732850679106          51.57507472175204              357.123329480892               233.2175527409336              
46140                          -4904.835102924329             -2598.60360442985              -3581.833135467754             5.194817886487221              -3.752497007098305             -4.394769225847518             6610.691310177594              0.0007478025916887083          51.57208151291129              357.1199130730303              234.2484342859079              
46200                          -4581.212780996917             -2817.107599168952             -3836.369622676649             5.588096594625103              -3.527965306955749             -4.086273121928069             6609.806008703192              0.0006230183491928485          51.56907310842772              357.115957833185               235.300775356005               
46260                          -4234.822015248804             -3021.610519058535             -4071.780917607208             5.953454906789406              -3.285990302612104             -3.757530642060149             6608.93405816936               0.0005178344395480726          51.56610973192416              357.1114673807115              236.357585983239               
46320                          -3867.392567803163             -3211.101830471496             -4286.901394536343             6.289099491821595              -3.027787635191579             -3.410195856525887             6608.092678557505              0.0004491220810494913          51.56325056393445              357.1064562238417              237.402072121411               
46380                          -3480.757294911064             -3384.646298692194             -4480.667373368718             6.593388528960621              -2.754650540582774             -3.046011416414176             6607.298461266521              0.0004338675153442394          51.56055252370351              357.1009494234429              238.417943914772               
46440                          -3076.842829140119             -3541.388444499624             -4652.122166781754             6.864838806608809              -2.467943031418439             -2.666799431735745             6606.567028848403              0.0004735397244995815          51.55806910745338              357.0949820337738              239.3897106238564              
46500                          -2657.659892645762             -3680.556572970726             -4800.420560074063             7.102131924705194              -2.169092890520882             -2.274452166688347             6605.912715392753              0.0005510214716197872          51.55584930870272              357.0885983359609              240.3029567787762              
46560                          -2225.293223441677             -3801.466392559393             -4924.832745144118             7.304119671203197              -1.859584469294971             -1.870922540145315             6605.348274297863              0.0006466977820693507          51.55393664293718              357.0818508830793              241.1445948503497              
46620                          -1781.891232620693             -3903.524186951131             -5024.747668844386             7.469828547186504              -1.540951375881219             -1.458214540826784             6604.884619764529              0.000747220200019965           51.55236829674323              357.0747993818112              241.9030900851549              
46680                          -1329.65540007912              -3986.229549543033             -5099.675808553857             7.598463496756929              -1.214769054710081             -1.038373556377212             6604.530607337486              0.0008446604077754296          51.55117441727452              357.0675094372937              242.5686538415694              
46740                          -870.8294872866101             -4049.177667069998             -5149.251363046617             7.689410855214194              -0.882647304895932             -0.6134766760501027            6604.292857968041              0.0009342601618588609          51.55037755452873              357.0600511912448              243.1334023427198              
46800                          -407.6885740806523             -4092.061156796354             -5173.233864701521             7.742240554035748              -0.5462227292434131            -0.1856229547879648            6604.175628956298              0.001013041950040713           51.54999226473942              357.0524978838003              243.5914784939341              
46860                          57.47200203491515              -4114.671446833815             -5171.509205041175             7.756707591700349              -0.2071511534901815            0.2430763113166173             6604.180734147378              0.001079101924407331           51.55002487952262              357.0449243711944              243.9391348889512              
46920                          522.347776210163               -4116.89970132935              -5144.090077699697             7.732752792522256              0.1328999836837331             0.6705072984382845             6604.307514608609              0.001131254130586095           51.55047344147989              357.0374056303714              244.1747768918467              
46980                          984.6363109665185              -4098.73728847106              -5091.115839286523             7.670502862128576              0.4722592586467258             1.09456334328406               6604.552860028723              0.001168842080955686           51.55132780350408              357.0300152808357              244.2989652648184              
47040                          1442.04833323422               -4060.275790481526             -5012.851789972558             7.570269742578173              0.8092589005420964             1.513154595639052              6604.911280051904              0.001191629716752321           51.55256988584097              357.022824152305               244.3143784593012              
47100                          1892.318811608894              -4001.706555268265             -4909.687876275075             7.432549263383488              1.142242430118646              1.924217623808656              6605.375023757892              0.001199730226189827           51.55417408217513              357.0158989245186              244.2257353106725              
47160                          2333.217928630799              -3923.319790505776             -4782.136820125706             7.25801907969924               1.46957228736013               2.32572495668986               6605.93424449855               0.001193552686981668           51.55610780364131              357.0093008629867              244.0396795233082              
47220                          2762.561917263586              -3825.503198885315             -4630.831674808437             7.047535877727029              1.78963744396274               2.715694556075593              6606.577206368502              0.001173756666019931           51.55833214780601              357.003084671436               243.7646279359769              
47280                          3178.223700797837              -3708.740157898309             -4456.522816148208             6.802131832513027              2.100860971423689              3.092199181282548              6607.290527703325              0.001141209918501533           51.56080267803704              356.9972974792223              243.4105852015782              
47340                          3578.143278076598              -3573.60745402124              -4260.074385360014             6.523010311328862              2.401707533331592              3.453375606018568              6608.059456255084              0.001096946931907045           51.56347029744127              356.9919779789261              242.9889281357919              
47400                          3960.33787027077               -3420.772557081457             -4042.460164752516             6.211540763283628              2.690690822132494              3.797433709175313              6608.868170269854              0.001042127484469521           51.56628220122104              356.987155725463               242.5121634577363              
47460                          4322.911699463893              -3250.990462968204             -3804.758930435229             5.869252823544428              2.966380846884122              4.122665323482601              6609.70009901533               0.0009779952522902431          51.56918288983218              356.9828506072666              241.993663498276               
47520                          4664.065405833677              -3065.100098318447             -3548.149273739532             5.497829587642656              3.227411076089274              4.427452844272016              6610.538256246554              0.0009058370612710913          51.57211522573476              356.9790724954847              241.4473844549129              
47580                          4982.105032420106              -2864.020303817955             -3273.903917148832             5.09910006141377               3.472485377184535              4.710277524991545              6611.365579818747              0.0008269438377677111          51.57502151581697              356.9758210756929              240.8875728591784              
47640                          5275.45053257575               -2648.745408113287             -2983.383542979067             4.675030785098378              3.700384709783264              4.969727405219364              6612.165270677679              0.0007425747873216947          51.5778446016479               356.9730858637337              240.3284656888482              
47700                          5542.643750352085              -2420.340408761994             -2678.030158959084             4.227716643214846              3.90997352267725               5.204504808786568              6612.921124553287              0.0006539270179207496          51.58052893963097              356.9708464049993              239.7839902324495              
47760                          5782.355825580767              -2179.935779539619             -2359.36002841534              3.759370882540443              4.100205802880117              5.413433348117795              6613.617849910129              0.0005621142144898758          51.58302165323352              356.9690726540368              239.2674697884468              
47820                          5993.393977100339              -1928.721926556387             -2028.956196616529             3.272314372344033              4.270130724172275              5.595464370591314              6614.24136605181               0.0004681615984448719          51.58527353965389              356.9677255289463              238.7913413456472              
47880                          6174.707620561521              -1667.943317869987             -1688.460647467702             2.768964151404894              4.41889784360303               5.749682784615948              6614.7790757305                0.0003730361424289254          51.58724001361918              356.9667576325662              238.3668912895009              
47940                          6325.393775674132              -1398.892321931083             -1339.566138283825             2.251821332989069              4.545761792394636              5.875312202311052              6615.220107153039              0.0002777785469844293          51.58888197146516              356.9661141299198              238.0040148968665              
48000                          6444.701739298137              -1122.902763785736             -984.0077256981931             1.723458394003464              4.650086425712446              5.971719355376639              6615.555520969504              0.0001840648120929121          51.59016655956505              356.9657337687175              237.7110049394814              
48060                          6532.036965875789              -841.3432777134293             -623.5540859643907             1.186506014125194              4.731348367331102              6.038417714123566              6615.778478431828              9.786437692958048e-05          51.59106783173249              356.9655500272443              237.4943742305677              
48120                          6586.964157823858              -555.6104434278648             -259.9986135631314             0.6436394591904497             4.789139937718878              6.075070294428219              6615.884367861724              6.492092092813174e-05          51.59156728215618              356.9654923710787              237.3587160982424              
48180                          6609.209524846748              -267.1217666964278             104.8496221839571              0.09756464912064342            4.823171420283211              6.081491604453455              6615.870887238362              0.0001324558947215559          51.59165424150203              356.9654875977654              237.3066060975552              
48240                          6598.662198198873              22.6914414814506               469.1749930203508              -0.4489959605709618            4.833272643937451              6.057648711808496              6615.738081659794              0.0002217421575800747          51.59132612613038              356.9654612460277              237.338547212009               
48300                          6555.374796483883              312.3912702259217              831.1644782798394              -0.9933176237019202            4.819393873691785              6.003661424291178              6615.488335282496              0.0003139376811207676          51.59058853271512              356.9653390439944              237.4529598755198              
48360                          6479.563135638351              600.5404441134136              1189.016812443569              -1.532687542830316             4.781605999468086              5.919801580316925              6615.126318216039              0.0004062130818633193          51.5894551732959               356.9650483691432              237.6462170494387              
48420                          6371.60508726134               885.7095488535201              1540.951563656864              -2.064419000658599             4.72010002639963               5.806491459679826              6614.658889683077              0.0004975917963987955          51.5879476488251               356.964519691333               237.9127235663482              
48480                          6232.03859491241               1166.484205676198              1885.218090982497              -2.585865279360327             4.635185877327807              5.664301334866705              6614.094959577286              0.0005874253710791156          51.58609506263952              356.9636879695532              238.2450379080974              
48540                          6061.5588641044                1441.472153679092              2220.10432967189               -3.094433268769792             4.527290526015352              5.49394619272713               6613.445311307957              0.0006750824113166459          51.58393347878385              356.9624939729208              238.6340336259309              
48600                          5861.014745846803              1709.310202696204              2543.945358175769              -3.587596674866195             4.39695548568152               5.296281663357023              6612.722389521987              0.0007598561868836361          51.58150523369392              356.9608854970862              239.0690967172122              
48660                          5631.40435123708               1968.671005735226              2855.13168478087               -4.062908720410519             4.244833691867218              5.072299212638652              6611.940057010867              0.0008409355079540086          51.57885811348275              356.9588184487319              239.5383544837632              
48720                          5373.869895568869              2218.269655576455              3152.117259092814              -4.518014337268897             4.071685794924655              4.823120617770105              6611.113324784205              0.0009174024591360288          51.57604441187193              356.9562577725729              240.0289308699566              
48780                          5089.691869262255              2456.869999542575              3433.427080974245              -4.950661653442059             3.878375944224563              4.549991842788256              6610.258061038352              0.0009882452692347879          51.5731198882783               356.9531781992                 240.5272224611299              
48840                          4780.282500338792              2683.290727009506              3697.664472856812              -5.358712878865021             3.665867059255337              4.254276301233898              6609.390684967046              0.001052381136544333           51.57014264676758              356.9495647946555              241.0191895078024              
48900                          4447.178604075113              2896.411139251048              3943.517907591417              -5.74015443404187              3.435215668671395              3.937447619038867              6608.527850702372              0.001108685952185487           51.56717196013595              356.9454132979477              241.4906555435527              
48960                          4092.033854418961              3095.176595340588              4169.767385882933              -6.093106326336053             3.187566357675089              3.601081948683436              6607.686127252782              0.00115602873176715            51.56426706439363              356.9407302371359              241.9276095541218              
49020                          3716.610493741641              3278.603627579334              4375.290355837498              -6.415830782077217             2.924145848845134              3.246849866241034              6606.881680281975              0.001193309051726128           51.56148594981075              356.9355328194844              242.3165045139394              
49080                          3322.770568612384              3445.78467986062               4559.067121552289              -6.706740075635687             2.646256788384466              2.876507946666026              6606.129961665292              0.001219496169085452           51.55888417559031              356.9298485975168              242.6445464066492              
49140                          2912.466709289878              3595.892470965084              4720.185744170292              -6.964403587091756             2.355271258319828              2.491890041707018              6605.445412411625              0.001233668907007019           51.55651373410079              356.9237149173554              242.899968100025               
49200                          2487.732511215939              3728.183960272471              4857.846410746727              -7.187554078407169             2.052624059771952              2.094898318721952              6604.841184388009              0.001235055836687522           51.55442198978353              356.917178161529               243.0722828803828              
49260                          2050.672563115654              3842.003904404383              4971.365259283253              -7.375093198715295             1.739805799247394              1.687494100683496              6604.328885910971              0.001223075883913186           51.5526507158307               356.9102928031917              243.1525129170896              
49320                          1603.452167630963              3936.787993871973              5060.177649126861              -7.526096229933647             1.418355806995706              1.271688543969203              6603.918355857651              0.001197380365976789           51.55123524924206              356.9031202931421              243.1333884687447              
49380                          1148.286802785117              4012.065559977267              5123.84086761882               -7.639816084419634             1.08985491446932               0.8495331879627543             6603.617470466882              0.001157898893194043           51.55020378185193              356.895727804846               243.0095142154751              
49440                          687.4313482363274              4067.461846999029              5162.036268281346              -7.715686570816828             0.7559180968492699             0.4231103835897193             6603.431986438007              0.00110489407907341            51.54957680144917              356.8881868652866              242.7774997179022              
49500                          223.1691805538411              4102.699834183318              5174.570828131727              -7.753324925196265             0.4181870415758072             -0.005476321469588978          6603.365423377672              0.001039034695657602           51.54936669356406              356.8805719029563              242.4360516677061              
49560                          -242.1989235051665             4117.601616027735              5161.378130626778              -7.752533634385132             0.07832258176506185            -0.4341119191931176            6603.418987912863              0.0009615060215221229          51.54957751036892              356.8729587429266              241.9860261726681              
49620                          -706.3659148073547             4112.089320830513              5122.518760061496              -7.713301532459333             -0.2620029078065111            -0.8606796741560928            6603.591541210134              0.0008741944333989163          51.55020490964267              356.8654230829935              241.4304401338386              
49680                          -1167.029678101595             4086.185573503984              5058.180111793851              -7.635804181115684             -0.6011132064355079            -1.283070921681179             6603.879610830755              0.0007800196983004076          51.55123626272214              356.8580389811333              240.7744412318798              
49740                          -1621.904226746296             4040.013494148831              4968.675613843842              -7.520403519168756             -0.9373359898728596            -1.69919487287657              6604.277447183246              0.0006835543778151993          51.552650926993                356.8508773856099              240.0252369689124              
49800                          -2068.730856292357             3973.79623083501               4854.443360057039              -7.367646769144947             -1.269010617453044             -2.106988422942422             6604.777124028001              0.0005921400915530939          51.55442067518403              356.8440047363143              239.1919836718989              
49860                          -2505.289209715063             3887.856024217016              4716.04415522208               -7.178264582219874             -1.594495947804185             -2.504425940730035             6605.368681743803              0.0005174880961972773          51.55651027087272              356.8374816638857              238.285637193314               
49920                          -2929.408207942958             3782.612802786614              4554.158973973661              -6.953168399214896             -1.912178165258426             -2.889529015191974             6606.04031126545               0.000476019299066294           51.55887817713239              356.8313618104137              237.318767657579               
49980                          -3338.976797912888             3658.582308758288              4369.585836928902              -6.693447002884718             -2.22047859496733              -3.260376129051432             6606.778575816311              0.0004826722340154418          51.56147738318654              356.8256907925181              236.3053412741883              
50040                          -3731.954467580665             3516.373756547408              4163.236110187678              -6.40036223688114              -2.517861478919701             -3.61511222274706              6607.568666775497              0.0005389677876124411          51.5642563322582               356.8205053244407              235.260472908878               
50100                          -4106.381486825495             3356.687023177017              3936.130230375332              -6.075343858784054             -2.802841688085372             -3.951958115002446             6608.394689284263              0.000632428431951466           51.56715993259436              356.8158325153732              234.20015366192                
50160                          -4460.388790349892             3180.30938867437               3689.392883973054              -5.719983531618853             -3.07399230884224              -4.26921970220961              6609.239972395439              0.0007478780172149542          51.57013063238016              356.8116893525089              233.1409584278754              
50220                          -4792.207506167872             2988.111811267207              3424.247621744242              -5.336027890492848             -3.329952103578368             -4.565296931975943             6610.087398054001              0.000873800711407964           51.57310953926094              356.8080823769434              232.099738585408               
50280                          -5100.178014374738             2781.04477250447               3142.01096069582               -4.925370725272311             -3.569432750260299             -4.838692433455543             6610.919741848842              0.001002390511263081           51.57603756382084              356.8050075579768              231.0933059608851              
50340                          -5382.758521020342             2560.133690181221              2844.08597217187               -4.490044247718473             -3.791225837620996             -5.088019772720195             6611.720019495977              0.001128217532953738           51.57885656708873              356.8024503667741              230.13811382928                
50400                          -5638.53307908437              2326.473921489761              2531.955389263216              -4.032209465992385             -3.994209548632348             -5.312011249713384             6612.471832761799              0.001247257390442493           51.58151049182065              356.8003860480405              229.2499416810506              
50460                          -5866.219005647148             2081.225375953944              2207.174261937944              -3.554145688422404             -4.177354974162795             -5.509525164847243             6613.159706942095              0.001356356840331443           51.58394645752439              356.7987800853443              228.4435899632708              
50520                          -6064.673644050436             1825.606762177642              1871.362193974606              -3.058239193446244             -4.339731995213839             -5.679552479778751             6613.769409910114              0.001452961064666671           51.58611579906767              356.7975888530678              227.7325913457662              
50580                          -6232.90042252871              1560.889496103681              1526.195200232042              -2.546971118879287             -4.480514673994112             -5.821222800588862             6614.288248549276              0.001534979063018371           51.58797503023636              356.7967604442628              227.1289446689962              
50640                          -6370.054164410848             1288.391302000308              1173.397226985185              -2.022904637061142             -4.598986095605982             -5.933809614329154             6614.705336518858              0.001600719882433637           51.58948671421027              356.796235661162               226.6428773993184              
50700                          -6475.445608809049             1009.46954259522               814.7313843704555              -1.48867149928377              -4.69454260451325              -6.01673471396245              6615.011825436153              0.001648864570384988           51.59062022353821              356.7959491524359              226.2826419024741              
50760                          -6548.545109705065             725.514307401266               451.9909300921801              -0.946958026464334             -4.766697389265683             -6.069571758061103             6615.201094229988              0.001678455699310471           51.5913523739328               356.7958306781578              226.0543501259262              
50820                          -6588.985476961079             437.9413166113633              86.99007955895408              -0.4004906834950595            -4.815083366528455             -6.09204891279782              6615.268892123209              0.001688894763349934           51.59166791779955              356.7958064807117              225.9618505039443              
50880                          -6596.56394409368              148.1846657114957              -278.4453244378068             0.1479786820659096             -4.839455336754362             -6.084050546617568             6615.213431764052              0.00167994222305221            51.59155988565453              356.7958007372013              226.0066498968754              
50940                          -6571.243243594596             -142.3105247056541             -642.4871995457036             0.6956877774945558             -4.839691382559351             -6.045617951934094             6615.035430165916              0.001651717508457912           51.59102976596228              356.7957370665785              226.1878823806783              
51000                          -6513.151783031403             -432.0955395560676             -1003.314650175168             1.23987891213298               -4.815793498034519             -5.976949083308254             6614.738096358334              0.001604697938378431           51.5900875167656               356.7955400626522              226.5023256148224              
51060                          -6422.582918786086             -719.7254990536729             -1359.123329328732             1.777813960807868              -4.767887440615513             -5.87839731485208              6614.327065945847              0.001539716858869145           51.58875140567347              356.795136822524               226.9444643618217              
51120                          -6299.993337450883             -1003.766760229774             -1708.134701615974             2.306789153477718              -4.69622181541107              -5.75046923540955              6613.810284069029              0.001457962789947736           51.58704767833134              356.7944584389755              227.5065997203201              
51180                          -6146.000557981067             -1282.804242006918             -2048.605147228656             2.824149564838587              -4.601166407735236             -5.593821510043337             6613.197839470179              0.001360983526013973           51.58501005910981              356.793441424921               228.1790014451872              
51240                          -5961.379576490912             -1555.448627781695             -2378.834849944657             3.327303186556057              -4.483209790677209             -5.409256849817873             6612.501753555903              0.001250702922238042           51.58267909175542              356.7920290384302              228.9500999187903              
51300                          -5747.058681845299             -1820.343403581917             -2697.176417846018             3.813734478694997              -4.342956243271334             -5.197719141965369             6611.735729361626              0.001129465473773887           51.5801013315713               356.7901724779909              229.8067133621562              
51360                          -5504.114476139315             -2076.171691692361             -3002.043188162499             4.28101730763703               -4.181122022344527             -4.960287801352321             6610.91486622633               0.001000139209824249           51.57732840458034              356.787831919744               230.7343052078404              
51420                          -5233.766139329693             -2321.662842417325             -3291.917171521357             4.726827191021998              -3.998531037170623             -4.698171410962918             6610.055346701689              0.0008663409789798811          51.57441595272181              356.7849773713499              231.717265977547               
51480                          -4937.368983764941             -2555.598748160387             -3565.356593265509             5.14895278163455               -3.796109981943353             -4.412700725840016             6609.174102759638              0.000732921094581949           51.57142248739969              356.7815893209445              232.7392135694154              
51540                          -4616.407330637575             -2776.819859976472             -3821.003008660726             5.54530655955906               -3.574882971978501             -4.105321100892312             6608.288468652013              0.000606981920038356           51.56840817628618              356.7776591639926              233.7833056871323              
51600                          -4272.486806497951             -2984.23084390865              -4057.587919612377             5.913934633230673              -3.335965774177109             -3.777584464282724             6607.415828098219              0.0004997789454043324          51.56543359101266              356.7731893968185              234.8325578136782              
51660                          -3907.326018825101             -3176.805918602488             -4273.93894180146              6.253025744603493              -3.080559624774137             -3.431140821323648             6606.57326303305               0.0004285980359433125          51.56255844341602              356.7681935696142              235.8701606746945              
51720                          -3522.747772301563             -3353.593776645843             -4468.985410571428             6.560919330696477              -2.809944764111302             -3.067729463712768             6605.777211485763              0.0004118567106635579          51.55984034049644              356.7626960002285              236.879790623093               
51780                          -3120.669813236474             -3513.722122434318             -4641.763465655164             6.836112733193521              -2.525473695013459             -2.689169886571467             6605.043141272386              0.0004518442757336425          51.5573335862485               356.7567312541119              237.8459073281374              
51840                          -2703.095129327848             -3656.401812279783             -4791.420598405671             7.077267564828327              -2.228564193244531             -2.297352449347549             6604.385245843192              0.0005304582156063133          51.55508805797538              356.7503434021386              238.7540332505405              
51900                          -2272.101964839739             -3780.930542223347             -4917.219604107067             7.283215176110259              -1.920692188719803             -1.894228935164224             6603.816168192252              0.0006271570708619385          51.55314818344972              356.7435850758178              239.5910097263868              
51960                          -1829.833457263525             -3886.696130939199             -5018.541992112299             7.452961341447893              -1.603384451778529             -1.481802918073863             6603.346757550352              0.0007283834487180373          51.55155204095552              356.7365163407968              240.3452254936747              
52020                          -1378.487072675311             -3973.179342313034             -5094.890796626795             7.585690106562448              -1.278211206347478             -1.06212009694089              6602.985863242333              0.0008262887260060033          51.55033060248391              356.7292034180758              241.006813532189               
52080                          -920.3038065233318             -4039.956270384723             -5145.892814248651             7.680766869498048              -0.9467786382394765            -0.6372585515829099            6602.740168897807              0.0009162324067252793          51.54950713521996              356.7217172827093              241.567813165756               
52140                          -457.5572302804778             -4086.700270545995             -5171.300253744073             7.73774069782916               -0.6107213438309307            -0.2093189789069054            6602.614069512018              0.0009953288849288576          51.54909677279229              356.7141321740851              242.0222947742832              
52200                          7.457580687664276              -4113.183436452729             -5170.991799953207             7.756345905833116              -0.2716947291083269            0.2195850792525305             6602.60959297561               0.001061734197546651           51.54910626302433              356.7065240526533              242.3664452245766              
52260                          472.4351900409919              -4119.277619585869             -5144.973091501593             7.736502905492739              0.06863262429314636            0.6473369958598579             6602.726366925955              0.00111429596724684            51.54953389443886              356.6989690386025              242.598612773927               
52320                          935.0709755275244              -4104.954990120089             -5093.376613534081             7.678318341326839              0.4085866178343364             1.071826795622544              6602.961631091495              0.001152371619094881           51.55036959934671              356.6915418671699              242.7193108885667              
52380                          1393.072281718733              -4070.288138377734             -5016.461008654988             7.582084514512667              0.7464953005384624             1.490960844892829              6603.310294632585              0.001175725067457964           51.55159522720849              356.6843143938968              242.7311810865349              
52440                          1844.169543263629              -4015.449714187914             -4914.609803393913             7.44827808811376               1.080696554860427              1.902671513183481              6603.765037357811              0.00118446040184939            51.55318497835638              356.6773541799072              242.638915565657               
52500                          2286.127264932219              -3940.711609334895             -4788.329565187882             7.277558080709355              1.409545740111497              2.304926725883238              6604.31645293134               0.0011789728096417             51.55510598470384              356.6707231857952              242.4491411454665              
52560                          2716.754897307304              -3846.443678836773             -4638.247481924288             7.070763121618915              1.731423340311662              2.695739465000717              6604.953231603111              0.001159907034878484           51.55731902184259              356.6644765966183              242.1702664974136              
52620                          3133.917519521223              -3733.112003071774             -4465.108373261362             6.82890795608959               2.044742567079879              3.07317715455943               6605.662379243043              0.001128118546129333           51.55977933464882              356.6586617985427              241.8122955058916              
52680                          3535.546268897038              -3601.276700769675             -4269.771150979438             6.553179197718145              2.347956885419891              3.435370889753788              6606.429468811669              0.00108463510700128            51.56243755702325              356.6533175230244              241.3866101836084              
52740                          3919.648512880747              -3451.589288234535             -4053.204723124622             6.244930290891931              2.639567468361156              3.780524514582284              6607.238919925585              0.001030617833020082           51.56524070590212              356.6484731694779              240.9057268818397              
52800                          4284.317686748992              -3284.789596513295             -3816.483362537116             5.905675679849226              2.918130528743995              4.106923482468658              6608.074301563911              0.0009673216793792728          51.56813322896128              356.6441483144815              240.383030585449               
52860                          4627.742758438229              -3101.70225271845              -3560.781550669298             5.537084167507599              3.182264500437033              4.41294346372475               6608.918652533793              0.0008960559390888172          51.57105808573815              356.6403524111996              239.8324920577961              
52920                          4948.21727040427               -2903.232735999854             -3287.368313830999             5.140971456883195              3.430657028514372              4.6970586483508                6609.754813890669              0.0008181459251264037          51.57395784227798              356.6370846794773              239.2683733807398              
52980                          5244.1479094043                -2690.363020924194             -2997.601071778323             4.71929187428273               3.662071724512275              4.957849688865597              6610.565767154217              0.0007348977729705031          51.57677576015996              356.6343341839437              238.7049276106445              
53040                          5514.062555293425              -2464.146823767922             -2692.919022006521             4.274129282015362              3.875354639197843              5.194011223845369              6611.33497189088               0.0006475695868819665          51.57945686168172              356.6320800947448              238.1560985403385              
53100                          5756.617762458668              -2225.704468279169             -2374.836084242988             3.807687194695524              4.069440403887392              5.404358921551218              6612.046696065976              0.0005573549082501862          51.58194895405195              356.630292123145               237.6352266936356              
53160                          5970.605615964474              -1976.217404124445             -2044.933451465273             3.322278150892473              4.243357979183909              5.587835970444984              6612.686332477385              0.0004653916609076432          51.58420359643713              356.6289311222426              237.1547676689679              
53220                          6154.959947869137              -1716.92237156187              -1704.851740622046             2.820312320234948              4.396235982693121              5.743518979304712              6613.240694788097              0.0003728320930832511          51.58617699529615              356.6279498409324              236.7260287380968              
53280                          6308.761826553567              -1449.105287084406             -1356.282843829072             2.304285490880441              4.527307507507606              5.870623186406005              6613.698286687606              0.0002810945233035387          51.58783081383292              356.6272938181388              236.3589294555159              
53340                          6431.244322312408              -1174.094837516223             -1000.961464289017             1.776766418221211              4.635914415387397              5.96850695606803               6614.049538367271              0.000192834872044091           51.58913288349471              356.6269024022216              236.061791409139               
53400                          6521.796492171807              -893.2558399813785             -640.6564136888127             1.240383658397264              4.721511040417706              6.03667549063615               6614.287004865058              0.0001169043141348736          51.59005780598824              356.626709879478               235.8411618657165              
53460                          6579.966561135056              -607.9823993268666             -277.1617127840764             0.6978119652526076             4.783667267502141              6.074783718669303              6614.405521658635              9.126606320104369e-05          51.59058743590618              356.6266466940654              235.7016751307001              
53520                          6605.464277350994              -319.6908985815015             87.71245809612425              0.1517583422432645             4.822070952540524              6.08263832413766               6614.402313725554              0.0001444911225939524          51.59071123530568              356.6266407403741              235.6459548632947              
53580                          6598.162422482969              -29.81286518709078             452.1489031485297              -0.3950521416323167            4.836529656686907              6.060198889723297              6614.27705532277               0.00022564795805896            51.59042649316407              356.6266187075401              235.6745594554768              
53640                          6558.097466656459              260.2122457842651              814.3325968256431              -0.939890663240101             4.826971676961597              6.007578139699422              6614.031878832294              0.0003130114851242672          51.58973840424815              356.6265074545302              235.7859717454248              
53700                          6485.469363705913              548.9443088933053              1172.459857016591              -1.480038971807297             4.793446364269541              5.925041279196954              6613.67133222246               0.0004018428085797666          51.58866000386019              356.6262353930644              235.9766332565423              
