0                            0                            31041.499627897938           0                            32.149618165567517           6628.1369999999997           0                            0                            0                            4.8169050670943001           6.077421678863729            
60                           60.000000824220479           31041.500322342392           0.00069444445398403332       32.149618165567517           6611.8121585397821           288.77698807753325           364.3458825228733            -0.54393789720703556         4.805041218844142            6.0624532276391463           
120                          120.00000164844096           31041.501016786846           0.0013888889079680666        32.149618165567517           6562.9180490475655           576.13148336479242           726.8970258094065            -1.0851963990014206          4.7695081144795042           6.0176216073819431           
180                          180.00000247266144           31041.5017112313             0.0020833333619520999        32.149618165567517           6481.6955200712327           860.64800015940125           1085.8675313679501           -1.621109308462124           4.7104807872851007           5.9431476551367028           
240                          240.00000329688191           31041.502405675754           0.0027777778159361333        32.149618165567517           6368.5446674170526           1140.925032418414            1439.489138647421            -2.1490367606366165          4.6282500012443188           5.8393982237501092           
300                          300.00000412110239           31041.503100120208           0.0034722222699201666        32.149618165567517           6224.0228633091174           1415.581957467143            1786.0199353500668           -2.6663782263085434          4.5232208187586389           5.7068843747825868           
360                          360.00000494532287           31041.503794564662           0.0041666667239041999        32.149618165567517           6048.8420108175187           1683.265836838151            2123.7529379547996           -3.1705853220006528          4.3959106053420021           5.5462588610591537           
420                          420.00000576954335           31041.504489009116           0.0048611111778882332        32.149618165567517           5843.8650370796313           1942.658080740011            2451.024500184119            -3.6591743631118905          4.2469464811189095           5.3583129112602101           
480                          480.00000659376383           31041.50518345357            0.0055555556318722665        32.149618165567517           5610.1016425887528           2192.4809433271848           2766.2225079951718           -4.1297385983529127          4.0770622316798466           5.1439723323911188           
540                          540.00000741798431           31041.505877898024           0.0062500000858562998        32.149618165567517           5348.7033274886689           2431.5038167758207           3067.7943207270632           -4.579960065214145           3.8870946935110511           4.9042929493295278           
600                          600.00000824220479           31041.506572342478           0.0069444445398403332        32.149618165567517           5060.9577193742734           2658.5492931613685           3354.2544192869545           -5.0076210080672761          3.6779796318036135           4.640455403914844            
660                          660.00000906642526           31041.507266786932           0.0076388889938243665        32.149618165567517           4748.2822305390564           2872.4989642776436           3624.1917237005896           -5.4106148026555019          3.4507471309475579           4.3537593391991454           
720                          720.00000989064574           31041.507961231386           0.0083333334478083998        32.149618165567517           4412.2170759133105           3072.2989308279211           3876.2765439815489           -5.7869563331593685          3.2065165204169372           4.0456169975074729           
780                          780.00001071486622           31041.50865567584            0.0090277779017924331        32.149618165567517           4054.4176860862235           3256.9649938502066           4109.2671300798229           -6.1347917707215718          2.9464908610406528           3.7175462638428911           
840                          840.0000115390867            31041.509350120294           0.0097222223557764664        32.149618165567517           3676.6465527846549           3425.5875028041069           4322.0157886451498           -6.4524077052624991          2.6719510188191853           3.3711631889040543           
900                          900.00001236330718           31041.510044564748           0.0104166668097605           32.149618165567517           3280.7645469771433           3577.3358364380397           4513.4745364744131           -6.7382395856038482          2.3842493554791453           3.008174028546228            
960                          960.00001318752766           31041.510739009202           0.011111111263744533         32.149618165567517           2868.7217523694862           3711.4624943643621           4682.7002627947113           -6.9908794263250318          2.0848030668455046           2.6303668388987949           
1020                         1020.0000140117481           31041.511433453656           0.011805555717728566         32.149618165567517           2442.5478594453957           3827.3067791876424           4828.859374953041            -7.2090827433888904          1.7750872018461281           2.2396026685410235           
1080                         1080.0000148359686           31041.51212789811            0.0125000001717126           32.149618165567517           2004.3421673703683           3924.298051048198            4951.2319046283001           -7.3917746843724377          1.4566273965364669           1.8378063911227596           
1140                         1140.0000156601891           31041.512822342564           0.013194444625696633         32.149618165567517           1556.2632430086969           4001.958538549286            5049.215054338777            -7.5380553231055831          1.1309923589360205           1.4269572235878134           
1200                         1200.0000164844096           31041.513516787018           0.013888889079680666         32.149618165567517           1100.5182879924146           4059.9056922215254           5122.3261667752404           -7.6472040926368585          0.79978614169570039          1.009078976706564            
1260                         1260.00001730863             31041.514211231472           0.0145833335336647           32.149618165567517           639.35226621919958           4097.8540689315641           5170.2051023330014           -7.7186833346896817          0.46464024066029191          0.58623008594285608          
1320                         1320.0000181328505           31041.514905675926           0.015277777987648733         32.149618165567517           175.03684533632202           4115.6167379525732           5192.6160131313509           -7.7521409481248593          0.12720555824790955          0.16049347176237874          
1380                         1380.000018957071            31041.51560012038            0.015972222441632766         32.149618165567517           -290.14079331598657          4113.1062017703416           5189.448504781707            -7.747412123363179           -0.21085572876581293         -0.26603372067015374         
1440                         1440.0000197812915           31041.516294564834           0.0166666668956168           32.149618165567517           -753.88922118039909          4090.3348270891661           5160.7181801817278           -7.7045201542244666          -0.54787835700012899         -0.69125045186357448         
1500                         1500.000020605512            31041.516989009287           0.017361111349600833         32.149618165567517           -1213.9240498798167          4047.4147839144339           5106.5665626566524           -7.6236763231840605          -0.88220217942596191         -1.1130621375559813          
1560                         1560.0000214297324           31041.517683453741           0.018055555803584866         32.149618165567517           -1667.9791839353147          3984.5574930119792           5027.2603988265073           -7.5052788606118952          -1.2121803431199412          -1.5293909664725043          
1620                         1620.0000222539529           31041.518377898195           0.0187500002575689           32.149618165567517           -2113.8179833747104          3902.0725844659714           4923.1903446331826           -7.3499109831209664          -1.5361874015327157          -1.9381861354606487          
1680                         1680.0000230781734           31041.519072342649           0.019444444711552933         32.149618165567517           -2549.2442812456102          3800.3663724654134           4794.8690409998972           -7.1583380206880172          -1.8526273213111502          -2.3374339515857523          
1740                         1740.0000239023939           31041.519766787103           0.020138889165536966         32.149618165567517           -2972.1132017615446          3679.9398538323126           4642.9285886022371           -6.9315036466981317          -2.1599413442334159          -2.725167751424419           
1800                         1800.0000247266144           31041.520461231557           0.020833333619520999         32.149618165567517           -3380.3417257918368          3541.3862401506508           4468.117434189804            -6.6705252294836521          -2.4566156655297258          -3.0994775886942678          
1860                         1860.0000255508348           31041.521155676011           0.021527778073505033         32.149618165567517           -3771.9189516504371          3385.3880356526365           4271.2966837962476           -6.3766883282554296          -2.7411888907658728          -3.4585196424994931          
1920                         1920.0000263750553           31041.521850120465           0.022222222527489066         32.149618165567517           -4144.9160006398861          3212.7136752564152           4053.4358609984738           -6.0514403605389937          -3.012259234557578           -3.8005252998479602          
1980                         1980.0000271992758           31041.522544564919           0.022916666981473099         32.149618165567517           -4497.4955185564677          3024.2137393159223           3815.6081311195794           -5.6963834723093649          -3.268491425655327           -4.1238098677000705          
2040                         2040.0000280234963           31041.523239009373           0.023611111435457133         32.149618165567517           -4827.9207263528797          2820.8167637287979           3558.9850149006475           -5.3132666459456726          -3.5086232843858034          -4.4267808716345094          
2100                         2100.0000288477167           31041.523933453827           0.024305555889441166         32.149618165567517           -5134.5639753755986          2603.5246660413954           3284.8306176814763           -4.9039770848811317          -3.7314719400499508          -4.7079459002523389          
2160                         2160.0000296719372           31041.524627898281           0.025000000343425199         32.149618165567517           -5415.9147650344403          2373.4078100815268           2994.4954025168336           -4.4705309173870003          -3.9359396576512404          -4.9659199566784631          
2220                         2220.0000304961577           31041.525322342735           0.025694444797409233         32.149618165567517           -5670.5871834099926          2131.5997334302251           2689.4095379013911           -4.0150632652828282          -4.1210192452521586          -5.1994322809475975          
2280                         2280.0000313203782           31041.526016787189           0.026388889251393266         32.149618165567517           -5897.3267341470191          1879.2915637045367           2371.0758528719066           -3.5398177264939141          -4.2857990153226773          -5.4073326096681766          
2340                         2340.0000321445987           31041.526711231643           0.027083333705377299         32.149618165567517           -6095.0165160050838          1617.7261511563179           2041.0624341892753           -3.0471353232638787          -4.4294672756415094          -5.5885968421295811          
2400                         2400.0000329688191           31041.527405676097           0.027777778159361333         32.149618165567517           -6262.6827246264456          1348.1919464893851           1700.9949020661552           -2.5394429704627641          -4.5513163276283279          -5.7423320849419133          
2460                         2460.0000337930396           31041.528100120551           0.028472222613345366         32.149618165567517           -6399.49944941995            1072.016654052426            1352.5484024893244           -2.0192415207947398          -4.650745952411441           -5.8677810503587695          
2520                         2520.0000346172601           31041.528794565005           0.029166667067329399         32.149618165567517           -6504.792741931793           790.5606916715235            997.43935558195119           -1.4890934457938758          -4.7272663674588893          -5.9643257866173043          
2580                         2580.0000354414806           31041.529489009459           0.029861111521313433         32.149618165567517           -6578.0439356627548          505.21048933866518           637.41700065271391           -0.95161021329037332         -4.7805006392087597          -6.0314907219201164          
2640                         2640.0000362657011           31041.530183453913           0.030555555975297466         32.149618165567517           -6618.8922009786711          217.37165976636032           274.25477958018359           -0.40943942352488627         -4.8101865398143504          -6.0689450070646371          
2700                         2700.0000370899215           31041.530877898367           0.031250000429281499         32.149618165567517           -6627.1363225289278          -71.537925550320381          -90.258399022751902          0.13474823272257216          -4.8161778388579837          -6.0765041451803281          
2760                         2760.000037914142            31041.531572342821           0.031944444883265533         32.149618165567517           -6602.7356904174731          -360.09512065750408          -454.32697183238542          0.67827212974591045          -4.7984450236705518          -6.0541309005458057          
2820                         2820.0000387383625           31041.532266787275           0.032638889337249566         32.149618165567517           -6545.8105002439916          -646.87851544784746          -816.15756561827106          1.2184549114649075           -4.7570754447086276          -6.0019354820090784          
2880                         2880.000039562583            31041.532961231729           0.033333333791233599         32.149618165567517           -6456.641161029801           -930.47543741522156          -1173.9678312590754          1.7526356798712375           -4.6922728852729563          -5.9201750001074069          
2940                         2940.0000403868034           31041.533655676183           0.034027778245217633         32.149618165567517           -6335.6669139450205          -1209.488910368663           -1525.9952234545369          2.2781831024033283           -4.6043565576879049          -5.8092522005609766          
3000                         3000.0000412110239           31041.534350120637           0.034722222699201666         32.149618165567517           -6183.4836686410117          -1482.5445358275042          -1870.5056828853474          2.7925083736841443           -4.4937595308865967          -5.6697134803790572          
3060                         3060.0000420352444           31041.535044565091           0.035416667153185699         32.149618165567517           -6000.8410678461914          -1748.2972632004748          -2205.8021780533363          3.2930779677733981           -4.3610265971473146          -5.5022461963512033          
3120                         3120.0000428594649           31041.535739009545           0.036111111607169732         32.149618165567517           -5788.6387946847417          -2005.4380153994009          -2530.233064725508           3.7774261181175892           -4.2068115884894794          -5.3076752791816313          
3180                         3180.0000436836854           31041.536433453999           0.036805556061153766         32.149618165567517           -5547.922140908142           -2252.7001372502555          -2842.2002218039652          4.2431669637226186           -4.0318741559484055          -5.086959169945283           
3240                         3240.0000445079058           31041.537127898453           0.037500000515137799         32.149618165567517           -5279.876857869971           -2488.8656349371781          -3140.16692354508            4.6880063017178895           -3.8370760275938878          -4.8411850988822707          
3300                         3300.0000453321263           31041.537822342907           0.038194444969121832         32.149618165567517           -4985.8233156077622          -2712.7711757444745          -3422.6654093499524          5.1097528884196821           -3.6233767637253411          -4.571563729787              
3360                         3360.0000461563468           31041.538516787361           0.038888889423105866         32.149618165567517           -4667.2099988037935          -2923.3138185423077          -3688.3041138379945          5.5063292332256477           -3.3918290301530289          -4.2794231963732923          
3420                         3420.0000469805673           31041.539211231815           0.039583333877089899         32.149618165567517           -4325.6063716631425          -3119.4564467881864          -3935.7745215888153          5.875781832170544            -3.1435734128488613          -3.9662025599918977          
3480                         3480.0000478047878           31041.539905676269           0.040277778331073932         32.149618165567517           -3962.6951468561465          -3300.2328772817036          -4163.8576127865526          6.216290790733531            -2.8798327995093644          -3.6334447209271588          
3540                         3540.0000486290082           31041.540600120723           0.040972222785057966         32.149618165567517           -3580.2639966077791          -3464.752619507185           -4371.4298680158545          6.5261787884958187           -2.6019063557068205          -3.282788818191257           
3600                         3600.0000494532287           31041.541294565177           0.041666667239041999         32.149618165567517           -3180.1967467645022          -3612.2052621201119          -4557.4688026303793          6.8039193414894639           -2.3111631253015732          -2.9159621552540056          
3660                         3660.0000502774492           31041.541989009631           0.042361111693026032         32.149618165567517           -2764.4640972159305          -3741.8644649698358          -4721.0580034319719          7.0481443215376727           -2.0090352866393588          -2.5347716914814611          
3720                         3720.0000511016697           31041.542683454085           0.043055556147010066         32.149618165567517           -2335.1139143817586          -3853.091536994184           -4861.3916428501734          7.2576506955468618           -1.697011097753131           -2.1410951411958346          
3780                         3780.0000519258901           31041.543377898539           0.043750000600994099         32.149618165567517           -1894.2611435824203          -3945.3385823615295          -4977.7784483856258          7.4314064515533031           -1.3766275653207316          -1.7368717242020344          
3840                         3840.0000527501106           31041.544072342993           0.044444445054978132         32.149618165567517           -1444.0773909843565          -4018.1511993626727          -5069.6451077641786          7.568555682333109            -1.0494628734905629          -1.3240926133430257          
3900                         3900.0000535743311           31041.544766787447           0.045138889508962166         32.149618165567517           -986.78022643838017          -4071.1707187580264          -5136.5390930281701          7.6684228015340734           -0.7171286098702776          -0.9047911261386069          
3960                         3960.0000543985516           31041.545461231901           0.045833333962946199         32.149618165567517           -524.62225990454897          -4104.1359705541436          -5178.1308896536711          7.7305158715610558           -0.38126182697264011         -0.48103270882280924         
4020                         4020.0000552227721           31041.546155676355           0.046527778416930232         32.149618165567517           -59.88004527221203           -4116.8845705066215          -5194.215619713149           7.7545290268219604           -0.043516978223268277        -0.054904762117770442        
4080                         4080.0000560469925           31041.546850120809           0.047222222870914266         32.149618165567517           405.15713376586933           -4109.3537200121527          -5184.7140510880945          7.7403439803976788           0.29444223174715861          0.37149364113847738          
4140                         4140.000056871213            31041.547544565263           0.047916667324898299         32.149618165567517           868.19854054540974           -4081.5805154495192          -5149.6729877602056          7.6880306067141602           0.63095104238140221          0.79606209586014653          
4200                         4200.0000576954335           31041.548239009717           0.048611111778882332         32.149618165567517           1326.9632694197119           -4033.7017654457368          -5089.2650392586547          7.5978465973464635           0.96435183767557742          1.2167092111443809           
4260                         4260.000058519654            31041.548933454171           0.049305556232866365         32.149618165567517           1779.1914813219576           -3965.9533169674974          -5003.7877703990853          7.4702361916502831           1.2930023114655584           1.6313629122987878           
4320                         4320.0000593438745           31041.549627898625           0.050000000686850399         32.149618165567517           2222.6555355551782           -3878.668893557503           -4893.6622355026675          7.3058279884737374           1.6152835572983104           2.0379806477188231           
4380                         4380.0000601680949           31041.550322343079           0.050694445140834432         32.149618165567517           2655.1709629755806           -3772.2784514384803          -4759.4309043155454          7.1054318497287365           1.9296080430380849           2.4345594503367742           
4440                         4440.0000609923154           31041.551016787533           0.051388889594818465         32.149618165567517           3074.6072265161943           -3647.306061582547           -4601.7549898454272          6.8700349110747432           2.2344274309251881           2.8191458040804114           
4500                         4500.0000618165359           31041.551711231987           0.052083334048802499         32.149618165567517           3478.8982160453279           -3504.3673281787324          -4421.4111912781673          6.6007967193659418           2.5282402045663228           3.1898452667399182           
4560                         4560.0000626407564           31041.552405676441           0.052777778502786532         32.149618165567517           3866.0524258630062           -3344.1663562150056          -4219.2878680185067          6.2990435208144149           2.809599065286557            3.544831801841605            
4620                         4620.0000634649768           31041.553100120895           0.053472222956770565         32.149618165567517           4234.162764701824            -3167.4922831123636          -3996.3806637013454          5.9662617280053132           3.0771180614090681           3.8823567735603355           
4680                         4680.0000642891973           31041.553794565349           0.054166667410754599         32.149618165567517           4581.4159499089301           -2975.2153914957794          -3753.7876017292792          5.6040905979450821           3.3294794153443781           4.2007575603624412           
4740                         4740.0000651134178           31041.554489009803           0.054861111864738632         32.149618165567517           4906.1014395341335           -2768.2828222502731          -3492.7036764954669          5.2143141572100289           3.565440014859389            4.4984657449489491           
4800                         4800.0000659376383           31041.555183454257           0.055555556318722665         32.149618165567517           5206.6198583253654           -2547.7139089792031          -3214.4149669349858          4.7988524139713551           3.7838375365507231           4.7740148401561937           
4860                         4860.0000667618588           31041.555877898711           0.056250000772706699         32.149618165567517           5481.4908761257075           -2314.595156846904           -2920.2923014008852          4.3597519001855201           3.9835961713586352           5.0260475127565245           
4920                         4920.0000675860792           31041.556572343165           0.056944445226690732         32.149618165567517           5729.360499863622            -2070.0748905394726          -2611.7845050712485          3.8991755905383751           4.1637319239180508           5.2533222695753095           
4980                         4980.0000684102997           31041.557266787619           0.057638889680674765         32.149618165567517           5949.0077432166108           -1815.3575977074445          -2290.4112631500261          3.4193922478015142           4.3233574596425379           5.4547195729889379           
5040                         5040.0000692345202           31041.557961232073           0.058333334134658799         32.149618165567517           6139.3506410940545           -1551.6979957541114          -1957.7556350169259          2.9227652470848464           4.4616864756648811           5.6292473556793254           
5100                         5100.0000700587407           31041.558655676527           0.059027778588642832         32.149618165567517           6299.4515793123865           -1280.3948511960248          -1615.4562562010917          2.4117409340361928           4.5780375741033117           5.7760459074797019           
5160                         5160.0000708829612           31041.559350120981           0.059722223042626865         32.149618165567517           6428.5219132089915           -1002.7845820410112          -1265.1992665910343          1.8888365743345321           4.6718376185740471           5.8943921102394512           
5220                         5220.0000717071816           31041.560044565435           0.060416667496610899         32.149618165567517           6525.9258524439701           -720.2346746979              -908.71000464180122          1.3566279538367341           4.742624557416125            5.9837029998474041           
5280                         5280.0000725314021           31041.560739009888           0.061111111950594932         32.149618165567517           6591.1835928534629           -434.13694784574892          -547.7445084930971           0.8177366904584753           4.7900496997216626           6.0435386378673055           
5340                         5340.0000733556226           31041.561433454342           0.061805556404578965         32.149618165567517           6623.9736799273296           -145.9006964442093           -184.08086586315537          0.27481732029004646          4.8138794329599124           6.073604278640051            
5400                         5400.0000741798431           31041.562127898796           0.062500000858562998         32.149618165567517           6624.1345922688479           143.05425034289243           180.48954467187789           -0.26945577844019636         4.8139963737342573           6.0737518211776838           
5460                         5460.0000750040635           31041.56282234325            0.063194445312547032         32.149618165567517           6591.6655372364503           431.3045231146387            544.17087786828802           -0.81240155914319412         4.7903999460036122           6.0439805386972356           
5520                         5520.000075828284            31041.563516787704           0.063888889766531065         32.149618165567517           6526.7264548482026           717.43022363903344           905.17166800758662           -1.3513455134943695          4.7432063839199712           5.9844370822008104           
5580                         5580.0000766525045           31041.564211232158           0.064583334220515098         32.149618165567517           6429.6372299298237           1000.0219191603111           1261.7136535161108           -1.8836328458518325          4.6726481592680731           5.8954147580842449           
5640                         5640.000077476725            31041.564905676612           0.065277778674499132         32.149618165567517           6300.8761163871459           1277.6875851541261           1612.040536542039            -2.4066415505714582          4.5790728363276427           5.7773520833328185           
5700                         5700.0000783009455           31041.565600121066           0.065972223128483165         32.149618165567517           6141.0773813648602           1549.0594623311649           1954.4266343408381           -2.9177953278010067          4.4629413597990037           5.6308306254209777           
5760                         5760.0000791251659           31041.56629456552            0.066666667582467198         32.149618165567517           5951.02818089634             1812.8007941121134           2287.1853798530915           -3.4145762741311017          4.3248257842256548           5.4565721375565719           
5820                         5820.0000799493864           31041.566989009974           0.067361112036451232         32.149618165567517           5731.6646824347617           2067.6124113857009           2608.6776296015364           -3.8945372855898999          4.1654064560984461           5.2554350033811952           
5880                         5880.0000807736069           31041.567683454428           0.068055556490435265         32.149618165567517           5484.0674533656584           2312.2391321138339           2917.31973798324             -4.3553141118853071          3.9854686625221412           5.0284100086396668           
5940                         5940.0000815978274           31041.568377898882           0.068750000944419298         32.149618165567517           5209.4561382167576           2545.475944259852            3211.5913581836239           -4.7946370025164464          3.7858987629527543           4.7766154606471991           
6000                         6000.0000824220479           31041.569072343336           0.069444445398403332         32.149618165567517           4909.1834507847161           2766.1739415832908           3490.0429312855977           -5.2103418873865843          3.5676798230603817           4.5012916795952753           
6060                         6060.0000832462683           31041.56976678779            0.070138889852387365         32.149618165567517           4584.7285107730477           2973.2459830619041           3751.3028266830879           -5.6003810368426459          3.3318867722248364           4.2037948888316947           
6120                         6120.0000840704888           31041.570461232244           0.070833334306371398         32.149618165567517           4237.6895577645128           3165.6720480630502           3994.0840986257895           -5.9628331486308781          3.0796811085178404           3.8855905342107513           
6180                         6180.0000848947093           31041.571155676698           0.071527778760355432         32.149618165567517           3869.7760784182969           3342.5042608853187           4217.1908256129973           -6.2959128120810233          2.8123051772546406           3.5482460654218828           
6240                         6240.0000857189298           31041.571850121152           0.072222223214339465         32.149618165567517           3482.8003856728346           3502.8715599198822           4419.5240014090896           -6.5979793028992351          2.5310760512984465           3.1934232148554931           
6300                         6300.0000865431502           31041.572544565606           0.072916667668323498         32.149618165567517           3078.6686914344359           3645.9839884316443           4600.0869486620413           -6.8675446652472187          2.2373790432628056           2.8228698120395355           
6360                         6360.0000873673707           31041.57323901006            0.073611112122307532         32.149618165567517           2659.3717167269701           3771.1365858241497           4757.9902284578684           -7.1032810412960039          1.9326608815703594           2.4384111739683676           
6420                         6420.0000881915912           31041.573933454514           0.074305556576291565         32.149618165567517           2226.9748855562607           3877.7128602201929           4892.4560216269601           -7.3040272121494159          1.6184225839821105           2.041941113734425            
6480                         6480.0000890158117           31041.574627898968           0.075000001030275598         32.149618165567517           1783.608150793458            3965.1878252524307           5002.8219602202762           -7.4687943179172773          1.296212063701679            1.6354126117534824           
6540                         6540.0000898400322           31041.575322343422           0.075694445484259631         32.149618165567517           1331.4555021942776           4033.1305861050555           5088.5443902819234           -7.5967707287616753          0.96761650447629044          1.2208281955363314           
6600                         6600.0000906642526           31041.576016787876           0.076388889938243665         32.149618165567517           872.74420823678508           4081.2064620678475           5149.2010498458785           -7.6873260429218435          0.63425454225414291          0.80023007539534918          
6660                         6660.0000914884731           31041.57671123233            0.077083334392227698         32.149618165567517           409.7338447715893            4109.1786351471064           5184.4931489653191           -7.7400141920238079          0.29776829191069543          0.37569008467669851          
6720                         6720.0000923126936           31041.577405676784           0.077777778846211731         32.149618165567517           -55.29483547154333           4116.9093166125131           5194.2468415284538           -7.7545756383781903          -0.040184741680389199        -0.050700525928211199        
6780                         6780.0000931369141           31041.578100121238           0.078472223300195765         32.149618165567517           -520.05113769272452          4104.3604257335974           5178.4140816108438           -7.7309386534425171          -0.37793982838623263         -0.47684138971958151         
6840                         6840.0000939611346           31041.578794565692           0.079166667754179798         32.149618165567517           -982.24570880483589          4071.5937773624341           5137.0728601458441           -7.6692196711503851          -0.71383321314478521         -0.90063337023082624         
6900                         6900.000094785355            31041.579489010146           0.079861112208163831         32.149618165567517           -1439.6018146072481          4018.7707774385317           5070.426820747397            -7.569722714367046           -1.0462103114917487          -1.31998890141014            
6960                         6960.0000956095755           31041.5801834546             0.080555556662147865         32.149618165567517           -1889.8665547998951          3946.15162791584             4978.8042565775631           -7.4329378972966174          -1.3734338599138551          -1.7328422708071116          
7020                         7020.000096433796            31041.580877899054           0.081250001116131898         32.149618165567517           -2330.8219605934264          3854.0940450283265           4862.6564932001411           -7.2595390112179556          -1.6938919808804975          -2.1371597951102079          
7080                         7080.0000972580165           31041.581572343508           0.081944445570115931         32.149618165567517           -2760.295920249474           3743.0514972078727           4722.5556653863659           -7.0503802054416767          -2.0060061228260042          -2.5309498379112418          
7140                         7140.0000980822369           31041.582266787962           0.082638890024099965         32.149618165567517           -3176.172878732687           3613.5709713343558           4559.1918988238931           -6.8064917798376543          -2.3082388359708212          -2.9122726203500755          
7200                         7200.0000989064574           31041.582961232416           0.083333334478083998         32.149618165567517           -3576.4042587688759          3466.2902783211807           4373.3699106118074           -6.5290751096586881          -2.5991013456785206          -3.2792497763131294          
7260                         7260.0000997306779           31041.58365567687            0.084027778932068031         32.149618165567517           -3959.0185519759762          3301.9349113087542           4166.0050452873083           -6.2194967276602373          -2.8771608860428755          -3.6300736051175067          
7320                         7320.0001005548984           31041.584350121324           0.084722223386052065         32.149618165567517           -4322.1310303596738          3121.3144719421889           3938.1187659103266           -5.8792815926672715          -3.1410477575803224          -3.9630159761027497          
7380                         7380.0001013791189           31041.585044565778           0.085416667840036098         32.149618165567517           -4663.9530303356632          2925.3186823371079           3690.8336224166269           -5.5101055777467263          -3.3894620742621684          -4.2764368412669205          
7440                         7440.0001022033393           31041.585739010232           0.086111112294020131         32.149618165567517           -4982.8007635461563          2714.9130023782909           3425.367722024876            -5.1137872149882373          -3.6211801666511998          -4.5687923140143942          
7500                         7500.0001030275598           31041.586433454686           0.086805556748004165         32.149618165567517           -5277.1036110692439          2491.1338739400267           3143.028728936034            -4.6922787375577206          -3.8350606096013418          -4.8386422742201249          
7560                         7560.0001038517803           31041.58712789914            0.087500001201988198         32.149618165567517           -5545.4118601644905          2255.0836154547383           2845.2074228820884           -4.2476564631499247          -4.0300498448283895          -5.0846574621484129          
7620                         7620.0001046760008           31041.587822343594           0.088194445655972231         32.149618165567517           -5786.4038454441916          2007.9249919788533           2533.3708482541892           -3.7821105662103705          -4.2051873706554659          -5.3056260262820798          
7680                         7680.0001055002213           31041.588516788048           0.088888890109956264         32.149618165567517           -5998.8924592933736          1750.8754875033562           2209.0550875570557           -3.2979342893078201          -4.359610473368944           -5.5004594928080044          
7740                         7740.0001063244417           31041.589211232502           0.089583334563940298         32.149618165567517           -6181.8309994688098          1485.2013077231475           1873.8576947870604           -2.7975126468012794          -4.4925584768785125          -5.6681981273537065          
7800                         7800.0001071486622           31041.589905676956           0.090277779017924331         32.149618165567517           -6334.3183250721277          1212.2111428071191           1529.4298260065661           -2.2833106764463604          -4.6033764897479337          -5.8080156625636103          
7860                         7860.0001079728827           31041.59060012141            0.090972223471908364         32.149618165567517           -6455.6032954992152          933.24972089304185           1177.4681058786759           -1.7578612968126626          -4.6915186311388872          -5.9192233682271951          
7920                         7920.0001087971032           31041.591294565864           0.091666667925892398         32.149618165567517           -6545.0884704999025          649.69118406224845           819.70627022724352           -1.2237528303255945          -4.7565507197771586          -6.0012734439100157          
7980                         7980.0001096213236           31041.591989010318           0.092361112379876431         32.149618165567517           -6602.3330531217644          362.93231942353043           457.90662579020318           -0.68361625339314647         -4.7981524126955364          -6.0537617173756315          
8040                         8040.0001104455441           31041.592683454772           0.093055556833860464         32.149618165567517           -6627.0550610413302          74.385678649413165           93.85136923482311            -0.14011223642248866         -4.8161187832181254          -6.0764296355063818          
8100                         8100.0001112697646           31041.593377899226           0.093750001287844498         32.149618165567517           -6619.1327155868976          -214.52738014257616          -270.6661918032745           0.40408196243373745          -4.8103613304131025          -6.0691655379157314          
8160                         8160.0001120939851           31041.59407234368            0.094444445741828531         32.149618165567517           -6578.6050416107173          -502.38369388849787          -633.85047241285065          0.94628568524106238          -4.7809084150413401          -6.0320052069785737          
8220                         8220.0001129182056           31041.594766788134           0.095138890195812564         32.149618165567517           -6505.6716752556094          -787.76530496761382          -993.91245531746904          1.483828078993892            -4.727905119853542           -5.9651316915700843          
8280                         8280.000113742426            31041.595461232588           0.095833334649796598         32.149618165567517           -6400.6918805630121          -1069.2664459503947          -1349.07850343426            2.0140612520279002           -4.6516125349239736          -5.8688744053813027          
8340                         8340.0001145666465           31041.596155677042           0.096527779103780631         32.149618165567517           -6264.1827797664855          -1345.5004642986037          -1697.599096671059           2.5343733173266494           -4.5524064715412624          -5.7437075042531252          
8400                         8400.000115390867            31041.596850121496           0.097222223557764664         32.149618165567517           -6096.8168059881491          -1615.1066529069258          -2037.7574499251414          3.0422012584721516           -4.4307756109914491          -5.5902475505218447          
8460                         8460.0001162150875           31041.59754456595            0.097916668011748698         32.149618165567517           -5899.4183908858786          -1876.7569528394249          -2367.8779698319636          3.5350435548626851           -4.2873190973523245          -5.4092504758814322          
8520                         8520.000117039308            31041.598239010404           0.098611112465732731         32.149618165567517           -5672.9599035676265          -2129.1624952436896          -2686.3345086066379          4.0104725040070459           -4.1227435861566786          -5.2016078577233262          
8580                         8580.0001178635284           31041.598933454858           0.099305556919716764         32.149618165567517           -5418.5568607774849          -2371.0799502176851          -2991.5583743203547          4.466146180196584            -3.937859763462598           -4.9683425272961284          
8640                         8640.0001186877489           31041.599627899312           0.1000000013737008           32.149618165567517           -5137.4624319476816          -2601.3176513553321          -3282.0460581537759          4.8998199706475338           -3.7335783524775423          -4.710603531319121           
8700                         8700.0001195119694           31041.600322343766           0.10069444582768483          32.149618165567517           -4831.0612661842997          -2818.7414658017283          -3556.3666405635236          5.3093576322874929           -3.5109056274072485          -4.4296604718682548          
8760                         8760.0001203361899           31041.60101678822            0.10138889028166886          32.149618165567517           -4500.8626715943701          -3022.2803809026341          -3813.1688398796182          5.6927418147212476           -3.2709384566279396          -4.1268972524159171          
8820                         8820.0001211604103           31041.601711232674           0.1020833347356529           32.149618165567517           -4148.4931805525457          -3210.9317799287955          -4051.1876686129776          6.0480839975405463           -3.0148588995987464          -3.8038052608309854          
8880                         8880.0001219846308           31041.602405677128           0.10277777918963693          32.149618165567517           -3775.6885375302136          -3383.7663808872926          -4269.2506646845504          6.3736337930274978           -2.743928384129533           -3.4619760229191892          
8940                         8940.0001228088513           31041.603100121582           0.10347222364362096          32.149618165567517           -3384.2851489543887          -3539.9328140917437          -4466.2836668815562          6.6677875684271575           -2.4594814926864665          -3.1030933626918218          
9000                         9000.0001236330718           31041.603794566036           0.104166668097605            32.149618165567517           -2976.2110372137145          -3678.661815942598           -4641.3161060913471          6.9290963453166858           -2.1629193883434739          -2.7289251079807597          
9060                         9060.0001244572923           31041.604489010489           0.10486111255158903          32.149618165567517           -2553.4763433714152          -3799.2700182592785          -4793.4857862487233          7.1562729371593861           -1.8557029127628526          -2.3413143822572273          
9120                         9120.0001252815127           31041.605183454943           0.10555555700557306          32.149618165567517           -2118.1634253681009          -3901.1633144982352          -4922.0431314461175          7.3481982898846168           -1.5393453902038372          -1.9421705255501704          
9180                         9180.0001261057332           31041.605877899397           0.1062500014595571           32.149618165567517           -1672.4166004899103          -3983.8397862751767          -5026.3548782857188          7.5039269942603637           -1.215405173006014           -1.533459689187048           
9240                         9240.0001269299537           31041.606572343851           0.10694444591354113          32.149618165567517           -1218.4315826297595          -4046.8921757756502          -5105.9071952852937          7.6226919429049467           -0.88547796526793809         -1.1171951506866247          
9300                         9300.0001277541742           31041.607266788305           0.10763889036752516          32.149618165567517           -758.44466637295466          -4090.0098918750973          -5160.3082139717453          7.7039081089978083           -0.55118896253391914         -0.69542739651184804         
9360                         9360.0001285783947           31041.607961232759           0.1083333348215092           32.149618165567517           -294.72171118548619          -4112.9805400863643          -5189.2899591945015          7.7471754280757468           -0.21418484620825687         -0.27023402153437937         
9420                         9420.0001294026151           31041.608655677213           0.10902777927549323          32.149618165567517           170.45302003195462           -4115.6909687982861          -5192.7096691500419          7.7522807687190776           0.12387432786818139          0.15629050503476655          
9480                         9480.0001302268356           31041.609350121667           0.10972222372947726          32.149618165567517           634.78811304383714           -4098.1278266516501          -5170.5504986153919          7.7191989824202727           0.46132330672281274          0.58204515683625657          
9540                         9540.0001310510561           31041.610044566121           0.1104166681834613           32.149618165567517           1095.9962896065663           -4060.3776283069296          -5122.9216019263367          7.6480930274635526           0.79649984315685041          1.0049326998534707           
9600                         9600.0001318752766           31041.610739010575           0.11111111263744533          32.149618165567517           1551.8056744216849           -4002.6263282798714          -5050.0575952917388          7.5393131662051598           1.1277528838446096           1.4228700232227507           
9660                         9660.000132699497            31041.611433455029           0.11180555709142936          32.149618165567517           1999.9709862153809           -3925.1584049441362          -4952.3174010924886          7.3933952397084575           1.4534507022926748           1.8337984004741066           
9720                         9720.0001335237175           31041.612127899483           0.1125000015454134           32.149618165567517           2438.284597817908            -3828.3554592131318          -4830.1824798580183          7.2110580282328964           1.7719889365966075           2.235693630656312            
9780                         9780.000134347938            31041.612822343937           0.11319444599939743          32.149618165567517           2864.5874107618474           -3712.6943348038626          -4684.2544586295107          6.9931997105788328           2.0817984924018313           2.626576009392001            
9840                         9840.0001351721585           31041.613516788391           0.11388889045338146          32.149618165567517           3276.7794908317919           -3578.7447693421777          -4515.2521673922711          6.7408934397292244           2.381353272139338            3.0045200807461314           
9900                         9900.000135996379            31041.614211232845           0.1145833349073655           32.149618165567517           3672.8304121755618           -3427.1665878799213          -4324.0080981756155          6.4553820565822111           2.6691776924625912           3.3676641218708863           
9960                         9960.0001368205994           31041.614905677299           0.11527777936134953          32.149618165567517           4050.7892590226697           -3258.7064526484855          -4111.4643042624366          6.1380719678143478           2.9438539528553571           3.7142193137063764           
10020                        10020.00013764482            31041.615600121753           0.11597222381533356          32.149618165567517           4408.7942357423835           -3074.1941850592334          -3878.6677597086418          5.7905262180316432           3.2040290196058052           4.0424785525630043           
10080                        10080.00013846904            31041.616294566207           0.1166666682693176           32.149618165567517           4745.0818379029406           -2874.538678068317           -3626.7652020310679          5.4144567903344365           3.4484212907444571           4.3508248591803245           
10140                        10140.000139293261           31041.616989010661           0.11736111272330163          32.149618165567517           5057.9955391560397           -2660.7234190412782          -3356.9974834684404          5.0117161732229478           3.6758269091149343           4.637739343840046            
10200                        10200.000140117481           31041.617683455115           0.11805555717728566          32.149618165567517           5345.9939511557041           -2433.8016451714307          -3070.6934586405778          4.5842882353842436           3.8851256924798916           4.9018086882976268           
10260                        10260.000140941702           31041.618377899569           0.1187500016312697           32.149618165567517           5607.6584163163388           -2194.8911553160679          -2769.2634387147782          4.1342784533107011           4.0752866514508312           5.1417321076770843           
10320                        10320.000141765922           31041.619072344023           0.11944444608525373          32.149618165567517           5841.6999960087314           -1945.1688038069826          -2454.1922443236354          3.6639035398879742           4.245373068060962            5.3563277580352517           
10380                        10380.000142590143           31041.619766788477           0.12013889053923776          32.149618165567517           6046.9658197706131           -1685.8647033583352          -2127.0318914550885          3.1754805250412148           4.39454710996442             5.5445385580323352           
10440                        10440.000143414363           31041.620461232931           0.1208333349932218           32.149618165567517           6222.4447642561317           -1418.2561656279292          -1789.3939463434028          2.6714153422274056           4.5220739575326903           5.7054373960316678           
10500                        10500.000144238584           31041.621155677385           0.12152777944720583          32.149618165567517           6367.2724339501228           -1143.6614092801806          -1442.9415870203243          2.1541909769958951           4.6273254235184478           5.8382316969789123           
10560                        10560.000145062804           31041.621850121839           0.12222222390118986          32.149618165567517           6480.7354191126287           -863.43306654438072          -1089.3814106305624          1.6263552359963578           4.7097830474566527           5.942267326564596            
10620                        10620.000145887025           31041.622544566293           0.1229166683551739           32.149618165567517           6562.2748099792907           -578.95152025444668          -730.45502686812461          1.0905081966830912           4.7690406495601385           6.0170318134384191           
10680                        10680.000146711245           31041.623239010747           0.12361111280915793          32.149618165567517           6611.4889499070296           -291.61810419136054          -367.93047894358813          0.54928939953744349          4.8048063315293881           6.0621568736029072           
10740                        10740.000147535466           31041.623933455201           0.12430555726314196          32.149618165567517           6628.13541390314             -2.8482002228937873          -3.593534341935209           0.0053648458984622838        4.8169039144206369           6.0774202245515081           
10800                        10800.000148359686           31041.624627899655           0.125000001717126            32.149618165567517           6612.1322027918095           285.9357337564449            360.76111172799267           -0.53858613455057214         4.805273806489561            6.0627466802147794           
10860                        10860.000149183907           31041.625322344109           0.12569444617111003          32.149618165567517           6563.5581471355999           573.31117074141412           723.33867686131009           -1.0798840819499853          4.7699732967355093           6.0182085213210614           
10920                        10920.000150008127           31041.626016788563           0.12638889062509406          32.149618165567517           6482.6525189223039           857.86252187247737           1082.3531324144237           -1.6158626050727907          4.7111762727003939           5.9440251393472838           
10980                        10980.000150832348           31041.626711233017           0.1270833350790781           32.149618165567517           6369.8138529298894           1138.1881095154806           1436.0360013420227           -2.1438815157587077          4.6291723639123052           5.8405619558137651           
11040                        11040.000151656568           31041.627405677471           0.12777777953306213          32.149618165567517           6225.597983575457            1412.9070718157236           1782.6450695762837           -2.661339834273929           4.5243655151931579           5.7083286222464613           
11100                        11100.000152480789           31041.628100121925           0.12847222398704616          32.149618165567517           6050.7153069184815           1680.6661647151352           2120.4729680366945           -3.1656886015332608          4.3972719968582217           5.5479765096735401           
11160                        11160.000153305009           31041.628794566379           0.1291666684410302           32.149618165567517           5846.0272813055799           1940.1464279263469           2447.8555829962143           -3.6544434350726207          4.2485178616090096           5.360295500022767            
11220                        11220.000154129229           31041.629489010833           0.12986111289501423          32.149618165567517           5612.5421838942448           2190.0696820276071           2763.1802533749519           -4.125196766922171           4.0788358606468025           5.1462100952251273           
11280                        11280.00015495345            31041.630183455287           0.13055555734899826          32.149618165567517           5351.4101439586848           2429.2048246743434           3064.8937145821355           -4.575629703097281           3.8890618341977032           4.9067748631908099           
11340                        11340.00015577767            31041.630877899741           0.1312500018029823           32.149618165567517           5063.917477443224            2656.3738949127369           3351.5097497756542           -5.0035234462883862          3.6801305942292548           4.6431692430904166           
11400                        11400.000156601891           31041.631572344195           0.13194444625696633          32.149618165567517           4751.480350670864            2870.4578757229847           3621.6165108496266           -5.4067702254824761          3.45307131964001             4.3566917355301173           
11460                        11460.000157426111           31041.632266788649           0.13263889071095036          32.149618165567517           4415.6378044190824           3070.4022062093441           3873.8834730874178           -5.7833836786777759          3.2090024866050215           4.048753506239545            
11520                        11520.000158250332           31041.632961233103           0.1333333351649344           32.149618165567517           4058.0441727256793           3255.2219762843929           4107.0679892220251           -6.1315086375471388          2.9491263590499397           3.7208714347800931           
11580                        11580.000159074552           31041.633655677557           0.13402777961891843          32.149618165567517           3680.4609337690881           3424.0067782588567           4320.0214106190379           -6.4494302658516993          2.6747230663932191           3.3746606425151908           
11640                        11640.000159898773           31041.634350122011           0.13472222407290246          32.149618165567517           3284.7480329650398           3575.925191438464            4511.694745429696            -6.7355825065896617          2.3871442977290287           3.0118265366491674           
11700                        11700.000160722993           31041.635044566465           0.1354166685268865           32.149618165567517           2872.8547210213574           3710.2288776370724           4681.143825842465            -6.9885557962702469          2.0878066435128066           2.6341564095251413           
11760                        11760.000161547214           31041.635739010919           0.13611111298087053          32.149618165567517           2446.8099520818664           3826.2562674318665           4827.5339589795985           -7.2071040083128795          1.7781846175478013           2.2435106345631426           
11820                        11820.000162371434           31041.636433455373           0.13680555743485456          32.149618165567517           2008.7123892574521           3923.4358190024386           4950.1440385287769           -7.3901505913689682          1.4598033936457395           1.841813502206584            
11880                        11880.000163195655           31041.637127899827           0.1375000018888386           32.149618165567517           1560.7200667761997           4001.2888335009643           5048.3700968562362           -7.5367938723293886          1.1342312927402736           1.4310437410184809           
11940                        11940.000164019875           31041.637822344281           0.13819444634282263          32.149618165567517           1105.0397596760708           4059.4318130851725           5121.7282801039628           -7.6463114978955087          0.80307205746109023          1.0132247706197754           
12000                        12000.000164844096           31041.638516788735           0.13888889079680666          32.149618165567517           643.91611340418194           4097.5783499986319           5169.8572316158297           -7.7181639928348522          0.46795695222352057          0.59041473448300985          
12060                        12060.000165668316           31041.639211233189           0.1395833352507907           32.149618165567517           179.62058686940676           4115.5405373928988           5192.5198719521486           -7.7519974173937873          0.13053672774799355          0.16469636167902865          
12120                        12120.000166492537           31041.639905677643           0.14027777970477473          32.149618165567517           -285.55973658602153          4113.2298949419092           5189.6045667243834           -7.7476451107769924          -0.20752651040851869         -0.2618332924830436          
12180                        12180.000167316757           31041.640600122097           0.14097222415875876          32.149618165567517           -749.33341517964664          4090.657804689115            5161.1256764973969           -7.7051285121054427          -0.54456748925409337         -0.68707317638575305         
12240                        12240.000168140978           31041.641294566551           0.1416666686127428           32.149618165567517           -1209.4159361512579          4047.935454980442            5107.2234860504295           -7.6246570548089956          -0.87892597136598216         -1.1089285917187679          
12300                        12300.000168965198           31041.641989011005           0.14236111306672683          32.149618165567517           -1663.5409690935392          3985.2732927592192           5028.1635133452883           -7.5066271349737441          -1.2089549330899205          -1.5253215117984382          
12360                        12360.000169789419           31041.642683455459           0.14305555752071086          32.149618165567517           -2109.471529717875           3902.9799869210387           4924.3352016056915           -7.3516201587259857          -1.5330286776494459          -1.9342008177642276          
12420                        12420.000170613639           31041.643377899913           0.1437500019746949           32.149618165567517           -2545.0109990634728          3801.4609078349959           4796.2500009504975           -7.1603996782712587          -1.8495508432006933          -2.3335524022293241          
12480                        12480.00017143786            31041.644072344367           0.14444444642867893          32.149618165567517           -2968.0139438700589          3681.216130521042            4644.5388490305422           -6.9339076306960656          -2.1569622663856145          -2.7214090906156261          
12540                        12540.00017226208            31041.644766788821           0.14513889088266296          32.149618165567517           -3376.3966848138116          3542.8379713196741           4469.9490630792616           -6.6732596980596837          -2.4537486626483647          -3.0958603313014073          
12600                        12600.0001730863             31041.645461233275           0.145833335336647            32.149618165567517           -3768.1475605482628          3387.0080701880979           4273.3406586866231           -6.3797398116318575          -2.7384480854822453          -3.4550616068487283          
12660                        12660.000173910521           31041.646155677729           0.14652777979063103          32.149618165567517           -4141.3368369902873          3214.4940329952728           4055.6821134297993           -6.0547938273480808          -3.0096581278635086          -3.7972435199516417          
12720                        12720.000174734741           31041.646850122183           0.14722222424461506          32.149618165567517           -4494.126213038815           3026.1456503556169           3818.0455962285873           -5.7000224036366705          -3.2660428303983484          -4.1207205093485317          
12780                        12780.000175558962           31041.647544566636           0.1479166686985991           32.149618165567517           -4824.7778759018511          2822.8907116270984           3561.6016859254173           -5.317173116700932           -3.5063392621540741          -4.4238991527646476          
12840                        12840.000176383182           31041.64823901109            0.14861111315258313          32.149618165567517           -5131.6630614259766          2605.7304346936426           3287.6136051058038           -4.9081318520958508          -3.7293637417578154          -4.7052860159852505          
12900                        12900.000177207403           31041.648933455544           0.14930555760656716          32.149618165567517           -5413.2700772607795          2375.7345340443712           2997.430997562979            -4.4749135150037951          -3.9340176681181092          -4.9634950093953938          
12960                        12960.000178031623           31041.649627899998           0.1500000020605512           32.149618165567517           -5668.2117493368087          2134.0359514439451           2692.4832800584359           -4.0196521049696354          -4.1192929320476992          -5.197254215748643           
13020                        13020.000178855844           31041.650322344452           0.15069444651453523          32.149618165567517           -5895.2322549762175          1881.8252751503055           2374.2726011271034           -3.5445902039864028          -4.2842768821303165          -5.4054121555316508          
13080                        13080.000179680064           31041.651016788906           0.15138889096851926          32.149618165567517           -6093.2133089767567          1620.3448751703097           2044.3664416114877           -3.0520679297123001          -4.4281568203699502          -5.5869434590619118          
13140                        13140.000180504285           31041.65171123336            0.1520833354225033           32.149618165567517           -6261.179672196964           1350.8827834425326           1704.3898933740052           -2.5445114082346878          -4.5502240054774417          -5.7409539173783868          
13200                        13200.000181328505           31041.652405677814           0.15277777987648733          32.149618165567517           -6398.3039555076739          1074.7663490929797           1356.0176542219479           -2.024420823163295           -4.6498771440744582          -5.8666848870446993          
13260                        13260.000182152726           31041.653100122268           0.15347222433047136          32.149618165567517           -6503.9106954459567          793.35570001741257           1000.9657784774577           -1.4943580999218835          -4.7266253526175248          -5.9635170271671845          
13320                        13320.000182976946           31041.653794566722           0.1541666687844554           32.149618165567517           -6577.4796814951551          508.03704299803132           640.98322382854894           -0.95693428590458252         -4.7800905754518359          -6.030973350219563           
13380                        13380.000183801167           31041.654489011176           0.15486111323843943          32.149618165567517           -6618.6485186010805          220.21583535760519           277.84323610073409           -0.41479668866124553         -4.8100094470837709          -6.0687215716460594          
13440                        13440.000184625387           31041.65518345563            0.15555555769242346          32.149618165567517           -6627.2144123016251          -68.690138213049039          -86.665385612810852          0.12938416453187501          -4.8162345894986478          -6.0765757466690697          
13500                        13500.000185449608           31041.655877900084           0.1562500021464075           32.149618165567517           -6603.1351676763625          -357.25774955123649          -450.74710043525869          0.67292768147999982          -4.7987353381332598          -6.054497186238553           
13560                        13560.000186273828           31041.656572344538           0.15694444660039153          32.149618165567517           -6546.5293971954343          -644.06553724007654          -812.60847039963892          1.2131564094566976           -4.7575978929271052          -6.0025946476112457          
13620                        13620.000187098049           31041.657266788992           0.15763889105437556          32.149618165567517           -6457.6759364438112          -927.70070861593592          -1170.466994783578           1.7474092241259804           -4.6930248937082615          -5.9211237986209477          
13680                        13680.000187922269           31041.657961233446           0.1583333355083596           32.149618165567517           -6337.012470599082           -1206.7660990742656          -1522.5598905680297          2.2730544380320383           -4.6053344220054839          -5.8104859582788428          
13740                        13740.00018874649            31041.6586556779             0.15902777996234363          32.149618165567517           -6185.133378428598           -1479.8870543928413          -1867.1527757681488          2.7875027640852013           -4.4949584342035296          -5.6712261199075105          
13800                        13800.00018957071            31041.659350122354           0.15972222441632766          32.149618165567517           -6002.7868044262996          -1745.7182021706283          -2202.5482128628887          3.288220070187021            -4.3624406337599089          -5.5040302665465868          
13860                        13860.000190394931           31041.660044566808           0.1604166688703117           32.149618165567517           -5790.8709735116163          -2002.9500790266923          -2527.0940702390822          3.7727398621662118           -4.2084337929643043          -5.3097219918541176          
13920                        13920.000191219151           31041.660739011262           0.16111111332429573          32.149618165567517           -5550.42976644398            -2250.3155809140912          -2839.1916604621656          4.2386754335354437           -4.0336965374334692          -5.0892584431487995          
13980                        13980.000192043371           31041.661433455716           0.16180555777827976          32.149618165567517           -5282.6475777480946          -2486.5962047750163          -3137.3036152850714          4.6837316222202867           -3.8390896091809594          -4.8437256065773822          
14040                        14040.000192867592           31041.66212790017            0.1625000022322638           32.149618165567517           -4988.8434814794027          -2710.6280507912675          -3419.9614586036164          5.1057161163475309           -3.6255716266694753          -4.5743329576320875          
14100                        14100.000193691812           31041.662822344624           0.16319444668624783          32.149618165567517           -4670.464733568786           -2921.3075556634603          -3685.7728400545921          5.5025502534015134           -3.3941943627315418          -4.2824075033692255          
14160                        14160.000194516033           31041.663516789078           0.16388889114023186          32.149618165567517           -4329.0796427533514          -3117.5969286772597          -3933.4283936244419          5.8722792595526041           -3.1460975636190174          -3.969387245676518           
14220                        14220.000195340253           31041.664211233532           0.1645833355942159           32.149618165567517           -3966.3698452106401          -3298.5292637790467          -4161.7081874835203          6.2130818787197413           -2.8825033347024771          -3.6368140977886116          
14280                        14280.000196164474           31041.664905677986           0.16527778004819993          32.149618165567517           -3584.1220209507246          -3463.2133024792711          -4369.4877332745964          6.5232793439350401           -2.6047101204760175          -3.2863262889434313          
14340                        14340.000196988694           31041.66560012244            0.16597222450218396          32.149618165567517           -3184.2190927706283          -3610.8378241218697          -4555.7435252542837          6.8013436468181618           -2.3140863085215417          -2.9196502945934739          
14400                        14400.000197812915           31041.666294566894           0.166666668956168            32.149618165567517           -2768.6309511243448          -3740.6756418935779          -4719.5580820020568          7.0459050644257477           -2.0120634889388684          -2.5385923319231556          
14460                        14460.000198637135           31041.666989011348           0.16736111341015203          32.149618165567517           -2339.4047505969747          -3852.0871848891311          -4860.124465861737           7.2557589063991914           -1.7001294024452016          -2.1450294625646484          
14520                        14520.000199461356           31041.667683455802           0.16805555786413606          32.149618165567517           -1898.6548257818372          -3944.5236485873647          -4976.7502578531139          7.4298714491748274           -1.3798206118810632          -1.7409003463395292          
14580                        14580.000200285576           31041.668377900256           0.1687500023181201           32.149618165567517           -1448.5522762341197          -4017.5296982192435          -5068.8609684734993          7.5673850280251331           -1.0527149332222774          -1.3281956915725761          
14640                        14640.000201109797           31041.66907234471            0.16944444677210413          32.149618165567517           -991.31427180478045          -4070.7457117112112          -5136.0028675879648          7.6676222618478898           -0.72042366338224328         -0.90894844901871996         
14700                        14700.000201934017           31041.669766789164           0.17013889122608816          32.149618165567517           -529.19313103578315          -4103.9095511553151          -5177.8452194683878          7.7300893898923579           -0.38458364308973658         -0.48522379770709761         
14760                        14760.000202758238           31041.670461233618           0.1708333356800722           32.149618165567517           -64.465226415647933          -4116.8578540799754          -5194.1819119717193          7.7544787039860035           -0.046849193939881122        -0.059108972031158363        
14820                        14820.000203582458           31041.671155678072           0.17152778013405623          32.149618165567517           400.58022885286175           -4109.5268381607148          -5184.9324718322023          7.7406700642808053           0.29111603066425512          0.36729701980422591          
14880                        14880.000204406679           31041.671850122526           0.17222222458804026          32.149618165567517           863.65245733739914           -4081.9526154068699          -5150.1424610664062          7.6887314910527396           0.62764724053781984          0.79189373533252239          
14940                        14940.000205230899           31041.67254456698            0.1729166690420243           32.149618165567517           1322.4704015659654           -4034.2710142766778          -5089.9832525382735          7.5989188296392269           0.96108670934003237          1.2125896444403588           
15000                        15000.00020605512            31041.673239011434           0.17361111349600833          32.149618165567517           1774.7739603370817           -3966.7169105969424          -5004.7511857898417          7.4716744901650749           1.2897919404040996           1.6273124320807926           
15060                        15060.00020687934            31041.673933455888           0.17430555794999236          32.149618165567517           2218.3351218010139           -3879.6230705831354          -4894.8661072959267          7.307625268264899            1.6121437575469511           2.0340192063346718           
15120                        15120.000207703561           31041.674627900342           0.1750000024039764           32.149618165567517           2650.9689384713693           -3773.4185116591225          -4760.8693023332899          7.1075792575370054           1.926554281004101            2.4307065615359713           
15180                        15180.000208527781           31041.675322344796           0.17569444685796043          32.149618165567517           3070.5442901050174           -3648.6263891509871          -4603.4208286518578          6.8725218689377092           2.2314747492008076           2.8154204468909549           
15240                        15240.000209352002           31041.67601678925            0.17638889131194446          32.149618165567517           3474.9943814332319           -3505.8614192649393          -4423.2962650820018          6.603610976724263            2.5254031478300987           3.1862657919790882           
15300                        15300.000210176222           31041.676711233704           0.1770833357659285           32.149618165567517           3862.3269230330561           -3345.8268510434946          -4221.382891094062           6.3021712148571103           2.8068916086574238           3.5414158417212818           
15360                        15360.000211000443           31041.677405678158           0.17777778021991253          32.149618165567517           4230.6339451887179           -3169.3110022158639          -3998.6753161292972          5.9696874519568821           3.0745535416059955           3.8791211548321129           
15420                        15420.000211824663           31041.678100122612           0.17847222467389656          32.149618165567517           4578.1011964007739           -2977.1833760066584          -3756.270580231771           5.6077974769580692           3.3270704649907437           4.1977182214303523           
15480                        15480.000212648883           31041.678794567066           0.1791666691278806           32.149618165567517           4903.0170802466855           -2770.3903780312075          -3495.3627501151723          5.2182839314892036           3.5631985002556674           4.4956376573581602           
15540                        15540.000213473104           31041.67948901152            0.17986111358186463          32.149618165567517           5203.7810865705223           -2549.9506543757457          -3217.2370372838441          4.8030655287200252           3.7817744992220166           4.7714119348443296           
15600                        15600.000214297324           31041.680183455974           0.18055555803584866          32.149618165567517           5478.9116754704501           -2316.9500738266916          -2923.2634671817355          4.3641876019309347           3.9817217736649937           5.0236826114309636           
15660                        15660.000215121545           31041.680877900428           0.1812500024898327           32.149618165567517           5727.0535752480546           -2072.5363789661915          -2614.8901305545273          3.9038120293616898           4.1620553989954754           5.2512070215544782           
15720                        15720.000215945765           31041.681572344882           0.18194444694381673          32.149618165567517           5946.9844583704253           -1817.9135324821968          -2293.6360502682223          3.4242065849687884           4.3218870659212847           5.4528643978186526           
15780                        15780.000216769986           31041.682266789336           0.18263889139780076          32.149618165567517           6137.6209625596921           -1554.3357865426985          -1961.0836987216621          2.9277337675488515           4.4604294561890772           5.6276613918069511           
15840                        15840.000217594206           31041.68296123379            0.1833333358517848           32.149618165567517           6298.0240273506197           -1283.1015044479425          -1618.8712027116296          2.4168391632548798           4.5770001208522908           5.7747369672388595           
15900                        15900.000218418427           31041.683655678244           0.18402778030576883          32.149618165567517           6427.4035198288057           -1005.5467649946619          -1268.6842741487465          1.8940393988307003           4.6710248419611364           5.8933666413670922           
15960                        15960.000219242647           31041.684350122698           0.18472222475975286          32.149618165567517           6525.1221267634264           -723.03878105673357          -912.24790637283968          1.3619097449050459           4.7420404611151685           5.9829660537227509           
16020                        16020.000220066868           31041.685044567152           0.1854166692137369           32.149618165567517           6590.6984939622143           -436.96916480180892          -551.31787697106381          0.82307143041045772          4.7896971609452228           6.0430938446291611           
16080                        16080.000220891088           31041.685739011606           0.18611111366772093          32.149618165567517           6623.8095973844638           -148.74707271894252          -187.6720989552397           0.28017873061517728          4.8137601882863486           6.0734538293050182           
16140                        16140.000221715309           31041.68643345606            0.18680555812170496          32.149618165567517           6624.2923343321054           140.20773577573252           176.89813709817477           -0.26409410762860486         4.8141110105534715           6.0738964568473852           
16200                        16200.000222539529           31041.687127900514           0.187500002575689            32.149618165567517           6592.1443268808025           428.47189196251622           540.59698680494739           -0.80706603901496554         4.7907478996236348           6.0444195469077124           
16260                        16260.00022336375            31041.687822344968           0.18819444702967303          32.149618165567517           6527.5239335934166           714.62542922079967           901.63289816163433           -1.3460624264031127          4.7437859403485616           5.9851683004320533           
16320                        16320.00022418797            31041.688516789422           0.18888889148365706          32.149618165567517           6430.7494694581665           997.25877767324914           1258.227436590211            -1.87842821587013            4.6734564636557296           5.8964345844126109           
16380                        16380.000225012191           31041.689211233876           0.1895833359376411           32.149618165567517           6302.2976378939447           1274.9797076164468           1608.6240453672931           -2.4015410152983248          4.5801059070303598           5.7786554941738162           
16440                        16440.000225836411           31041.68990567833            0.19027778039162513          32.149618165567517           6142.8011825466865           1546.4201875352028           1951.0966982847694           -2.9128240120730906          4.4641941079915455           5.6324112002750475           
16500                        16500.000226660632           31041.690600122784           0.19097222484560916          32.149618165567517           5953.0457704437977           1810.2431229184765           2283.9584019194976           -3.4097586662597035          4.326292038968691            5.4584220906359793           
16560                        16560.000227484852           31041.691294567237           0.1916666692995932           32.149618165567517           5733.9661218600004           2065.1489426820531           2605.5695056305785           -3.8898971167334819          4.1670789947361335           5.2575452219621832           
16620                        16620.000228309073           31041.691989011691           0.19236111375357723          32.149618165567517           5486.641405958615            2309.8820007537634           2914.345778349787            -4.3508742391516613          3.9873392462603574           5.030770097951045            
16680                        16680.000229133293           31041.692683456145           0.19305555820756126          32.149618165567517           5212.2899248888752           2543.2367612875369           3208.7662123795358           -4.7904192963703807          3.787958177442738            4.7792137950741527           
16740                        16740.000229957514           31041.693377900599           0.1937500026615453           32.149618165567517           4912.263112525141            2764.0637370384006           3487.3805157574907           -5.2063671239177118          3.5699179237879077           4.504115459946247            
16800                        16800.000230781734           31041.694072345053           0.19444444711552933          32.149618165567517           4588.0388774096318           2971.2751516464937           3748.8162562809985           -5.5966687954240202          3.3342925344812895           4.206830205386189            
16860                        16860.000231605954           31041.694766789507           0.19513889156951336          32.149618165567517           4241.214322690882            3163.850297938071            3991.7856220004651           -5.9594017154725236          3.0822426817070627           3.8888224352375187           
16920                        16920.000232430175           31041.695461233961           0.1958333360234974           32.149618165567517           3873.4978789189267           3340.8405658489824           4215.0917648799905           -6.2927790901535055          2.8150099432680467           3.5516586308299973           
16980                        16980.000233254395           31041.696155678415           0.19652778047748143          32.149618165567517           3486.7008884504148           3501.3741152034286           4417.6346963769138           -6.5951587286709374          2.5339106866708248           3.1969996346154526           
17040                        17040.000234078616           31041.696850122869           0.19722222493146546          32.149618165567517           3082.7286829182594           3644.6601703302813           4598.4167058990779           -6.8650511326455392          2.2403295848026774           2.8265924689881525           
17100                        17100.000234902836           31041.697544567323           0.1979166693854495           32.149618165567517           2663.5711977174724           3769.992915362001            4756.5472754489483           -7.1011268332669264          1.9357127951415529           2.4422617305895371           
17160                        17160.000235727057           31041.698239011777           0.19861111383943353          32.149618165567517           2231.2931697395093           3876.7549710282406           4891.2474662454124           -7.3022229401527099          1.62156083609778             2.0459006024882864           
17220                        17220.000236551277           31041.698933456231           0.19930555829341756          32.149618165567517           1788.023966640314            3964.4204358176926           5001.853755715113            -7.4673488696552726          1.2994211955780828           1.6394615285090344           
17280                        17280.000237375498           31041.699627900685           0.2000000027474016           32.149618165567517           1335.9470977422768           4032.5574765276901           5087.821305952586            -7.5956912243991193          0.9708807081815457           1.2249465956472534           
17340                        17340.000238199718           31041.700322345139           0.20069444720138563          32.149618165567517           877.28945823859829           4080.8304554406777           5148.7266475490487           -7.6866178000125469          0.63755773857685571          0.80439767194576017          
17400                        17400.000239023939           31041.701016789593           0.20138889165536966          32.149618165567517           414.31035968225876           4109.0015836492839           5184.269765569501            -7.7396806993167848          0.30109420956489824          0.37988634841291713          
17460                        17460.000239848159           31041.701711234047           0.2020833361093537           32.149618165567517           -50.709599205464187          4116.9320923858249           5194.2755774027364           -7.7546185386323581          -0.03685248590416014         -0.046496265472174711        
17520                        17520.00024067238            31041.702405678501           0.20277778056333773          32.149618165567517           -515.47976658539517          4104.5829165863706           5178.6947952045593           -7.7313577353345879          -0.37461764891853327         -0.47264984240093194         
17580                        17580.0002414966             31041.703100122955           0.20347222501732176          32.149618165567517           -977.71072107173109          4072.0148873221833           5137.6041686858507           -7.6700128703158406          -0.71053747478106599         -0.89647518328285136         
17640                        17640.000242320821           31041.703794567409           0.2041666694713058           32.149618165567517           -1435.1255492421963          4019.388432150633            5071.206107049512            -7.5708861235690206          -1.0429572487806578          -1.3158845577355591          
17700                        17700.000243145041           31041.704489011863           0.20486111392528983          32.149618165567517           -1885.4710615349472          3946.9627848616319           4979.8276819385856           -7.4344657856726446          -1.3702394971871215          -1.7288119880809014          
17760                        17760.000243969262           31041.705183456317           0.20555555837927386          32.149618165567517           -2326.5288912836031          3855.0947085123271           4863.9190163070316           -7.2614238525097541          -1.6907720533183339          -2.1332234261889251          
17820                        17820.000244793482           31041.705877900771           0.20625000283325789          32.149618165567517           -2756.1264222174268          3744.2367380402575           4724.0510671493403           -7.0526127150688964          -2.0029759989468401          -2.5271267730394036          
17880                        17880.000245617703           31041.706572345225           0.20694444728724193          32.149618165567517           -3172.1474905986479          3614.9349511117616           4560.9128130111749           -6.8090609606330075          -2.3053134419271877          -2.9085816916453449          
17940                        17940.000246441923           31041.707266789679           0.20763889174122596          32.149618165567517           -3572.5428092790248          3467.8262781862209           4375.3078601351026           -6.5319683060391132          -2.5962950917319976          -3.275709165000773           
18000                        18000.000247266144           31041.707961234133           0.20833333619520999          32.149618165567517           -3955.3400623275907          3303.6353650465858           4168.1504839592872           -6.2226996879673209          -2.8744875955802685          -3.6267007519711081          
18060                        18060.000248090364           31041.708655678587           0.20902778064919403          32.149618165567517           -4318.6536205042075          3123.1710032510923           3940.4611254683919           -5.8827785393697996          -3.138520599020747           -3.9598274955323274          
18120                        18120.000248914585           31041.709350123041           0.20972222510317806          32.149618165567517           -4660.693829721281           2927.3221460894874           3693.3613645813425           -5.5138792851595637          -3.3870934961904471          -4.273448439477642           
18180                        18180.000249738805           31041.710044567495           0.21041666955716209          32.149618165567517           -4979.7758267394165          2717.0535296688658           3428.0683953366283           -5.1178190941246937          -3.6189818364971109          -4.5660187116390532          
18240                        18240.000250563025           31041.710739011949           0.21111111401114613          32.149618165567517           -5274.3278386715674          2493.4009206992769           3145.8890300899448           -4.6965489276974433          -3.8330433561667809          -4.8360971338064482          
18300                        18300.000251387246           31041.711433456403           0.21180555846513016          32.149618165567517           -5542.8989254129665          2257.4660143881656           2848.2132622590502           -4.2521439296712646          -4.0282236049455307          -5.0823533208584255          
18360                        18360.000252211466           31041.712127900857           0.21250000291911419          32.149618165567517           -5784.1661268582811          2010.4110075761987           2536.5074193252208           -3.7867932042052641          -4.2035611402387127          -5.3035742341350369          
18420                        18420.000253035687           31041.712822345311           0.21319444737309823          32.149618165567517           -5996.9409796992986          1753.4528738468032           2212.3069398191083           -3.3027890324688318          -4.3581922631017589          -5.4986701567710652          
18480                        18480.000253859907           31041.713516789765           0.21388889182708226          32.149618165567517           -6180.1753717019628          1487.8573688097508           1877.2088098709833           -2.8025155810444269          -4.4913552727534212          -5.6666800615558302          
18540                        18540.000254684128           31041.714211234219           0.21458333628106629          32.149618165567517           -6332.9667046250188          1214.9327950883205           1532.8636965823316           -2.2884371577100162          -4.6023942186540738          -5.8067763448778305          
18600                        18600.000255508348           31041.714905678673           0.21527778073505033          32.149618165567517           -6454.5623403481441          936.02355772320368           1180.967816969197            -1.7630860724522677          -4.6907621316666201          -5.9182689034352221          
18660                        18660.000256332569           31041.715600123127           0.21597222518903436          32.149618165567517           -6544.3633083082841          652.50354173873745           823.25458253022236           -1.2290501635062048          -4.7560237183835428          -6.0006085336305333          
18720                        18720.000257156789           31041.716294567581           0.21666666964301839          32.149618165567517           -6601.9272559816654          365.76934449304645           461.48606059758151           -0.68896004986706083         -4.7978575053480927          -6.0533896369045257          
18780                        18780.00025798101            31041.716989012035           0.21736111409700243          32.149618165567517           -6626.9706278776403          77.233396149012833           97.444294531527589           -0.14547617306746968         -4.8160574226073205          -6.0763522176828655          
18840                        18840.00025880523            31041.717683456489           0.21805555855098646          32.149618165567517           -6619.3700623107588          -211.68299784590772          -267.07747448540977          0.39872430794883096          -4.8105338187964888          -6.069383164093928           
18900                        18900.000259629451           31041.718377900943           0.21875000300497049          32.149618165567517           -6579.162999070777           -499.55665799882792          -630.2836408138179           0.94096070430194467          -4.781313902754678           -6.0325168051490108          
18960                        18960.000260453671           31041.719072345397           0.21944444745895453          32.149618165567517           -6506.5474949971967          -784.96954124196873          -990.38507936992642          1.4785620020389547           -4.728541609496161           -5.9659347416403072          
19020                        19020.000261277892           31041.719766789851           0.22013889191293856          32.149618165567517           -6401.8812483667889          -1066.5157261015752          -1345.6079587154215          2.0088800193391259           -4.6524768911978249          -5.869964951589659           
19080                        19080.000262102112           31041.720461234305           0.22083333636692259          32.149618165567517           -6265.6798368999471          -1342.8083381568056          -1694.2024788119652          2.5293024512498268           -4.5534944366951473          -5.7450801746545439          
19140                        19140.000262926333           31041.721155678759           0.22152778082090663          32.149618165567517           -6098.6141780652961          -1612.4863816743409          -2034.4514903989198          3.037265737695793            -4.4320818257943673          -5.5918955834496034          
19200                        19200.000263750553           31041.721850123213           0.22222222527489066          32.149618165567517           -5901.5072241928583          -1874.2214437666012          -2364.6789535359057          3.5302676913749682           -4.2888371274926218          -5.4111657532546085          
19260                        19260.000264574774           31041.722544567667           0.22291666972887469          32.149618165567517           -5675.3299086754305          -2126.7242380494226          -2683.258193644072           4.0058798233368726           -4.1244659539369657          -5.2037809450358257          
19320                        19320.000265398994           31041.723239012121           0.22361111418285873          32.149618165567517           -5421.1963632268553          -2368.7509555656475          -2988.6199143774702          4.4617593055286617           -3.9397779846343024          -4.9707627200903213          
19380                        19380.000266223215           31041.723933456575           0.22430555863684276          32.149618165567517           -5140.3584297566204          -2599.109391690482           -3279.2599278537418          4.8956605113823484           -3.7356829780336471          -4.7132589079151543          
19440                        19440.000267047435           31041.724627901029           0.22500000309082679          32.149618165567517           -4834.1994938947719          -2816.664818837949           -3553.7465641656431          5.3054460775951053           -3.5131862901273601          -4.4325379520893113          
19500                        19500.000267871656           31041.725322345483           0.22569444754481083          32.149618165567517           -4504.2276705428476          -3020.3455760399711          -3810.7277236747             5.6890974326132344           -3.2733839221464049          -4.129982662020157           
19560                        19560.000268695876           31041.726016789937           0.22638889199879486          32.149618165567517           -4152.0683750181797          -3209.1483478642258          -4048.9375373479534          6.0447247399572896           -3.0174571217442558          -3.807083401332735           
19620                        19620.000269520096           31041.726711234391           0.22708333645277889          32.149618165567517           -3779.4563163855214          -3382.1431066672649          -4267.2026023295211          6.3705762074083392           -2.746666564263617           -3.4654307464554899          
19680                        19680.000270344317           31041.727405678845           0.22777778090676293          32.149618165567517           -3388.2269524162925          -3538.4776938377317          -4464.4477620310226          6.6650467161990097           -2.4623461427485811          -3.1067076515655399          
19740                        19740.000271168537           31041.728100123299           0.22847222536074696          32.149618165567517           -2980.3074482675747          -3677.3820174628258          -4639.7014022685917          6.9266857277026173           -2.1658963972921286          -2.7326811584884227          
19800                        19800.000271992758           31041.728794567753           0.22916666981473099          32.149618165567517           -2557.7071834177232          -3798.1718457406678          -4792.1002373581132          7.1542044286726627           -1.8587776160854972          -2.3451936923886798          
19860                        19860.000272816978           31041.729489012207           0.22986111426871503          32.149618165567517           -2122.5078536206756          -3900.2521774524685          -4920.8935625928007          7.3464820798357868           -1.542502642153099           -1.9461539861280175          
19920                        19920.000273641199           31041.730183456661           0.23055555872269906          32.149618165567517           -1676.8532166359767          -3983.120172891865           -5025.4469521556903          7.502571536565501            -1.2186294212064599          -1.5375276779969622          
19980                        19980.000274465419           31041.730877901115           0.23125000317668309          32.149618165567517           -1222.9385322462122          -4046.3676308138752          -5105.2453842514487          7.62170391444233             -0.88875332732585688         -1.1213276291348406          
20040                        20040.00027528964            31041.731572345569           0.23194444763066713          32.149618165567517           -762.99974857952805          -4089.6829992021926          -5159.8957780633227          7.703292376718144            -0.55449930427274952         -0.69960400833370195         
20100                        20100.00027611386            31041.732266790023           0.23263889208465116          32.149618165567517           -299.30248800455314          -4112.8529099499929          -5189.1289300384287          7.7469350250279456           -0.21751386114427176         -0.27443419306766914         
20160                        20160.000276938081           31041.732961234477           0.23333333653863519          32.149618165567517           165.86911314766726           -4115.7632298944909          -5192.8008399633181          7.7524168791096928           0.12054303820141377          0.15208746350553315          
20220                        20220.000277762301           31041.733655678931           0.23402778099261923          32.149618165567517           630.22365606005894           -4098.3996230279326          -5170.8934202977443          7.7197109357802036           0.45800615199686956          0.57785994916394734          
20280                        20280.000278586522           31041.734350123385           0.23472222544660326          32.149618165567517           1091.473766680343            -4060.8476211156685          -5123.51458527246            7.6489783019507094           0.79321316341569781          1.0007859420427725           
20340                        20340.000279410742           31041.735044567838           0.23541666990058729          32.149618165567517           1547.3473631461848           -4003.2922023733627          -5050.8977193121837          7.5405674010268608           1.1245128690148303           1.4187821418773483           
20400                        20400.000280234963           31041.735739012292           0.23611111435457133          32.149618165567517           1995.5988478822148           -3926.016880278828           -4953.4005274022356          7.3950122566023646           1.4502733124331593           1.8297895321768365           
20460                        20460.000281059183           31041.736433456746           0.23680555880855536          32.149618165567517           2434.0201692375349           -3829.4023070068706          -4831.5032730618359          7.213029861900635            1.7688898232805543           2.2317835227779343           
20520                        20520.000281883404           31041.7371279012             0.23750000326253939          32.149618165567517           2860.4516981749316           -3713.9243983665374          -4685.8064126036852          6.9955166479224431           2.078792921618327            2.6227839228171956           
20580                        20580.000282707624           31041.737822345654           0.23819444771652343          32.149618165567517           3272.7928664341148           -3580.1519894771686          -4517.0276373332672          6.743544067697103            2.378456049094293            3.0008646949959012           
20640                        20640.000283531845           31041.738516790108           0.23888889217050746          32.149618165567517           3669.0125137661753           -3428.7440327312365          -4325.9983382577802          6.4583533183889141           2.666403088649457            3.3641634430886915           
20700                        20700.000284356065           31041.739211234562           0.23958333662449149          32.149618165567517           4047.1588932696527           -3260.4463518465291          -4113.6595107192534          6.1413492272573009           2.9412156357548604           3.7108905859612915           
20760                        20760.000285180286           31041.739905679016           0.24027778107847553          32.149618165567517           4405.3692855426516           -3076.0879679970412          -3881.0571191253039          5.7940933315879111           3.2015399853610274           4.0393381729067803           
20820                        20820.000286004506           31041.74060012347            0.24097222553245956          32.149618165567517           4741.8791742925041           -2876.5770161196983          -3629.3369446105248          5.4182961866824622           3.4460938001428358           4.3478882968768007           
20880                        20880.000286828727           31041.741294567924           0.24166666998644359          32.149618165567517           5055.030938204618            -2662.8962715128878          -3359.7389410084843          5.0158089397975063           3.6736724271925953           4.6350210641647713           
20940                        20940.000287652947           31041.741989012378           0.24236111444042763          32.149618165567517           5343.2820162550252           -2436.0983087624431          -3073.5911269364206          4.5886142115382436           3.8831548320457765           4.8993220812830511           
21000                        21000.000288477167           31041.742683456832           0.24305555889441166          32.149618165567517           5605.2125062449904           -2197.3003168417958          -2772.3030440797024          4.1388163296249578           4.0735091208088345           5.1394894221543037           
21060                        21060.000289301388           31041.743377901286           0.24375000334839569          32.149618165567517           5839.5321591278589           -1947.6785959267338          -2457.3588139000535          3.6686309631397362           4.2437976231875894           5.3543400412972222           
21120                        21120.000290125608           31041.74407234574            0.24444444780237973          32.149618165567517           6045.0867346746354           -1688.462763033009           -2130.3098269696675          3.1803742083143844           4.3931815113775343           5.5428156014157857           
21180                        21180.000290949829           31041.744766790194           0.24513889225636376          32.149618165567517           6220.8636871708268           -1420.9296950193725          -1792.7671009429341          2.6764511796220618           4.5209249320638083           5.7039876866857364           
21240                        21240.000291774049           31041.745461234648           0.24583333671034779          32.149618165567517           6365.9971531371875           -1146.3972387923352          -1446.3933448098587          2.1593441623720673           4.6263986311768956           5.8370623760581175           
21300                        21300.00029259827            31041.746155679102           0.24652778116433183          32.149618165567517           6479.7722165053083           -866.21771969568226          -1092.894768522              1.631600385167121            4.7090830535488015           5.9413841540520682           
21360                        21360.00029342249            31041.746850123556           0.24722222561831586          32.149618165567517           6561.6284302380782           -581.77128006191208          -734.01267833609654          1.0958194724550825           4.768570902201076            6.0164391397726753           
21420                        21420.000294246711           31041.74754456801            0.24791667007229989          32.149618165567517           6611.162577047824            -294.45908073937352          -371.51489927604155          0.55464063898285154          4.8045691446577505           6.0618576182479371           
21480                        21480.000295070931           31041.748239012464           0.24861111452628393          32.149618165567517           6628.1306556130494           -5.6963990838379672          -7.187066965491379           0.010729689231554304         4.8169004564003544           6.0774158616157177           
21540                        21540.000295895152           31041.748933456918           0.24930555898026796          32.149618165567517           6612.4490825097946           283.09434258673281           357.17616827314436           -0.53323411412721178         4.8055040943545695           6.0630372311896457           
21600                        21600.000296719372           31041.749627901372           0.25000000343425199          32.149618165567517           6564.1951039370297           570.49058373294406           719.7799817254089            -1.0745712480691259          4.7704361961058481           6.0187925549752723           
21660                        21660.000297543593           31041.750322345826           0.25069444788823603          32.149618165567517           6483.6064152079425           855.07663301559376           1078.8382154505482           -1.6106151283373655          4.7118695033700764           5.9448997787768789           
21720                        21720.000298367813           31041.75101679028            0.25138889234222006          32.149618165567517           6371.079989881463            1135.4506418801543           1432.5821767554119           -2.1387252448274801          4.6300925110814299           5.8417228926135225           
21780                        21780.000299192034           31041.751711234734           0.25208333679620409          32.149618165567517           6227.1701243016605           1410.2315099527868           1779.2693506359165           -2.6563001685330265          4.5255080462889614           5.7097701377327787           
21840                        21840.000300016254           31041.752405679188           0.25277778125018813          32.149618165567517           6052.585707177429            1678.0656882324415           2117.1919832692638           -3.1607903659807901          4.398631283862148            5.54969150305421             
21900                        21900.000300840475           31041.753100123642           0.25347222570417216          32.149618165567517           5848.1867276523153           1937.6338465670563           2444.6854942753098           -3.6497107580326733          4.2500872087799104           5.3622755233749322           
21960                        21960.000301664695           31041.753794568096           0.25416667015815619          32.149618165567517           5614.9800390654682           2187.6573725703993           2760.1366763089359           -4.1206529611905935          4.0806075375036208           5.1484453951090767           
22020                        22020.000302488916           31041.75448901255            0.25486111461214023          32.149618165567517           5354.1143992710568           2426.9046699663718           3061.991641592886            -4.5712971511046732          3.8910271135992205           4.9092544286946618           
22080                        22080.000303313136           31041.755183457004           0.25555555906612426          32.149618165567517           5066.8748119472057           2654.1972253356594           3348.7634762470634           -4.9994234898459968          3.6822797953633009           4.6458808600690098           
22140                        22140.000304137357           31041.755877901458           0.25625000352010829          32.149618165567517           4754.6761967686798           2868.4154133803877           3619.0395647096666           -5.4029230606541239          3.4553938557103918           4.3596220467709266           
22200                        22200.000304961577           31041.756572345912           0.25694444797409233          32.149618165567517           4419.0564196235528           3068.5040121105089           3871.4885481706274           -5.7798082562956195          3.2114869169812486           4.0518880772592638           
22260                        22260.000305785798           31041.757266790366           0.25763889242807636          32.149618165567517           4061.6687172064817           3253.4774007845481           4104.8668827406764           -6.1282225698613564          2.9517604456228677           3.7241948249277685           
22320                        22320.000306610018           31041.75796123482            0.25833333688206039          32.149618165567517           3684.2735533044347           3422.4244150000609           4318.0249650509895           -6.4464497397739375          2.6774938338590206           3.3781564810316573           
22380                        22380.000307434238           31041.758655679274           0.25902778133604443          32.149618165567517           3288.7299468901806           3574.5128350180044           4509.9127951092096           -6.7329222039575747          2.3900380975045197           3.0154776033081219           
22440                        22440.000308258459           31041.759350123728           0.25972222579002846          32.149618165567517           2876.9863147406559           3708.9934852118836           4679.5851485170415           -6.9862288215259198          2.090809220967297            2.6379447194586296           
22500                        22500.000309082679           31041.760044568182           0.26041667024401249          32.149618165567517           2451.0708736887632           3825.2039244481271           4826.2062325714633           -7.2051218239513597          1.7812811822202854           2.2474175268536065           
22560                        22560.0003099069             31041.760739012636           0.26111111469799653          32.149618165567517           2013.0816497863575           3922.5717092191353           4949.0538033140692           -7.3885229614749335          1.4629786921015491           1.8458197318090737           
22620                        22620.00031073112            31041.76143345709            0.26180555915198056          32.149618165567517           1565.1761435924932           4000.6172134551039           5047.5227232481002           -7.535528814480017           1.1374696837083003           1.435129573560241            
22680                        22680.000311555341           31041.762127901544           0.26250000360596459          32.149618165567517           1109.5607024949109           4058.9559911244178           5121.1279421983209           -7.6454152436665295          0.80635758888145959          1.0173700796102181           
22740                        22740.000312379561           31041.762822345998           0.26319444805994863          32.149618165567517           648.47965241588588           4097.3006699846392           5169.5068866301135           -7.7176409571042948          0.47127343982618791          0.59459910045522457          
22800                        22800.000313203782           31041.763516790452           0.26388889251393266          32.149618165567517           184.20424243878833           4115.462367155631            5192.4212456582754           -7.751850176594635           0.1338678347751896           0.16889917277447744          
22860                        22860.000314028002           31041.764211234906           0.26458333696791669          32.149618165567517           -280.97854318673444          4113.3516195418206           5189.7581449477402           -7.7478743902058644          -0.20419719272870279         -0.25763273898212907         
22920                        22920.000314852223           31041.76490567936            0.26527778142190073          32.149618165567517           -744.77725054976884          4090.9788245203767           5161.5307027236968           -7.7057331823498583          -0.54125636087938145         -0.68289557207640805         
22980                        22980.000315676443           31041.765600123814           0.26597222587588476          32.149618165567517           -1204.9072436003503          4048.4541887245505           5107.8779651522591           -7.6256341373107714          -0.87564934265500871         -1.1047945151521106          
23040                        23040.000316500664           31041.766294568268           0.26666667032986879          32.149618165567517           -1659.1019580874247          3985.9871851744424           5029.0642214099344           -7.5079718167011205          -1.2057289444586812          -1.5212513271113404          
23100                        23100.000317324884           31041.766989012722           0.26736111478385283          32.149618165567517           -2105.1240664765528          3903.8855214293417           4925.4777018158829           -7.353325815882255           -1.5298692200648778          -1.9302145743671739          
23160                        23160.000318149105           31041.767683457176           0.26805555923783686          32.149618165567517           -2540.7764988498361          3802.5536238444238           4797.6286654398209           -7.1624579089230656          -1.8464734799030171          -2.3296697360445879          
23220                        23220.000318973325           31041.76837790163            0.26875000369182089          32.149618165567517           -2963.9132654999835          3682.4906453982508           4646.1468866058722           -6.9363082961606786          -2.1539821562250308          -2.7176491273522614          
23280                        23280.000319797546           31041.769072346084           0.26944444814580493          32.149618165567517           -3372.4500279072727          3544.2880069043586           4471.7785526736443           -6.6759909728473437          -2.4508804854137494          -3.0922415922435             
23340                        23340.000320621766           31041.769766790538           0.27013889259978896          32.149618165567517           -3764.3743660275904          3388.6264837187159           4275.3825883778327           -6.382788241697213           -2.7357059695896631          -3.4516019176210078          
23400                        23400.000321445987           31041.770461234992           0.27083333705377299          32.149618165567517           -4137.7556913157023          3216.2728522937291           4057.9264248323552           -6.0581443963637645          -3.0070555807607442          -3.7939599227118501          
23460                        23460.000322270207           31041.771155679446           0.27152778150775703          32.149618165567517           -4490.7547566529893          3028.0761130975866           3820.4812340405738           -5.7036586069625503          -3.2635926720282753          -4.1176291788390884          
23520                        23520.000323094428           31041.7718501239             0.27222222596174106          32.149618165567517           -4821.632716334474           2824.9633085045475           3564.2166523860369           -5.3210770426846699          -3.5040535618046209          -4.4210153166371438          
23580                        23580.000323918648           31041.772544568354           0.27291667041572509          32.149618165567517           -5128.7596914863489          2607.934956256935            3290.3950190954029           -4.9122842703042897          -3.7272537586096015          -4.7026238797902309          
23640                        23640.000324742869           31041.773239012808           0.27361111486970913          32.149618165567517           -5410.6227987214716          2378.0601209932202           3000.3651580544315           -4.4792939709505744          -3.9320937957826065          -4.9610676866069268          
23700                        23700.000325567089           31041.773933457262           0.27430555932369316          32.149618165567517           -5665.8336024842411          2136.4711481194736           2695.5557336073307           -4.0242390208723862          -4.1175646473691154          -5.1950736631683752          
23760                        23760.000326391309           31041.774627901716           0.27500000377767719          32.149618165567517           -5893.1349543752358          1884.3580859647163           2377.4682130682759           -3.5493609850572074          -4.2827526985034075          -5.4034891143905419          
23820                        23820.00032721553            31041.77532234617            0.27569444823166123          32.149618165567517           -6091.4071857655981          1622.9628236962176           2047.6694706111953           -3.0569990754578433          -4.4268442458036992          -5.5852874021097696          
23880                        23880.00032803975            31041.776016790624           0.27638889268564526          32.149618165567517           -6259.6736231968916          1353.5729738708624           1707.7840689704976           -2.5495786282178501          -4.5491295056111918          -5.7395730022218476          
23940                        23940.000328863971           31041.776711235078           0.27708333713962929          32.149618165567517           -6397.1053993979176          1077.5155297567114           1359.4862569724933           -2.0295991566559386          -4.6490061103286981          -5.8655859159635             
24000                        24000.000329688191           31041.777405679532           0.27777778159361333          32.149618165567517           -6503.0255362198959          796.15032866825595           1004.4917223170005           -1.4996220388594357          -4.7259820756361544          -5.9627054136066606          
24060                        24060.000330512412           31041.778100123985           0.27847222604759736          32.149618165567517           -6576.9122793777024          510.86335351447639           644.54914023432616           -0.96225790053676674         -4.7796782239668127          -6.0304530921244472          
24120                        24120.000331336632           31041.778794568439           0.27916667050158139          32.149618165567517           -6618.4016685705583          223.05990555575616           281.4315596482582            -0.42015375527999144         -4.8098300523061583          -6.0684952317669199          
24180                        24180.000332160853           31041.779489012893           0.27986111495556543          32.149618165567517           -6627.2893303219143          -65.842317999886234          -83.072330723850428          0.12402003441649823          -4.816289035113047           -6.0766444399383976          
24240                        24240.000332985073           31041.780183457347           0.28055555940954946          32.149618165567517           -6603.5314847071768          -354.42020746203582          -447.16701331138933          0.66758291115215362          -4.7990233559448461          -6.0548605742786936          
24300                        24300.000333809294           31041.780877901801           0.28125000386353349          32.149618165567517           -6547.2451610101707          -641.25225078457913          -809.05898626919441          1.2078573268357475           -4.7581180641827325          -6.0032509404012133          
24360                        24360.000334633514           31041.781572346255           0.28194444831751753          32.149618165567517           -6458.7076212460643          -924.92553582253493          -1166.965598126947           1.7421819320772338           -4.6937746560851323          -5.9220697633139494          
24420                        24420.000335457735           31041.782266790709           0.28263889277150156          32.149618165567517           -6338.3549943904463          -1204.0427102264443          -1519.1238289904782          2.2679246857860749           -4.6063100822329375          -5.8117169351270084          
24480                        24480.000336281955           31041.782961235163           0.28333333722548559          32.149618165567517           -6186.7801280421918          -1477.2288646904281          -1863.7989750394652          2.7824958203991805           -4.4961551862558213          -5.6727360452154469          
24540                        24540.000337106176           31041.783655679617           0.28402778167946963          32.149618165567517           -6004.7296681027055          -1743.138305647577           -2199.2931935423758          3.2833605988727754           -4.363852582530316           -5.5058117025406776          
24600                        24600.000337930396           31041.784350124071           0.28472222613345366          32.149618165567517           -5793.1003808567766          -2000.461184050896           -2523.9538662965765          3.7680518005982351           -4.2100539833039461          -5.3117661633204003          
24660                        24660.000338754617           31041.785044568525           0.28541667058743769          32.149618165567517           -5552.934735572192           -2247.929947586963           -2836.181740295955           4.2341818747372688           -4.0355169884118265          -5.0915552806589828          
24720                        24720.000339578837           31041.785739012979           0.28611111504142173          32.149618165567517           -5285.4157693779362          -2484.325584539185           -3134.4388055257837          4.6794547011100569           -3.8411013533993152          -4.8462637960900681          
24780                        24780.000340403058           31041.786433457433           0.28680555949540576          32.149618165567517           -4991.8612597160545          -2708.4836285438964          -3417.2558710793951          5.1016769007031355           -3.6277647544336231          -4.5770999962248453          
24840                        24840.000341227278           31041.787127901887           0.28750000394938979          32.149618165567517           -4673.717233073382           -2919.2998946603193          -3683.2398022773427          5.498768640082365            -3.3965580708661531          -4.2853897608270044          
24900                        24900.000342051499           31041.787822346341           0.28819444840337383          32.149618165567517           -4332.5508419684775          -3115.7359184989637          -3931.0803831395538          5.8687738764892616           -3.1486202086832407          -3.9725700316330248          
24960                        24960.000342875719           31041.788516790795           0.28888889285735786          32.149618165567517           -3970.042645281259           -3296.8240716157429          -4159.556770406457           6.209869993154201            -2.8851724903446154          -3.6401817340898956          
25020                        25020.00034369994            31041.789211235249           0.28958333731134189          32.149618165567517           -3587.9783299518012          -3461.6723279737985          -4367.5435073171093          6.5203767773636416           -2.6075126386447596          -3.2898621868772455          
25080                        25080.00034452416            31041.789905679703           0.29027778176532593          32.149618165567517           -3188.2399148265326          -3609.4686579937602          -4554.016067520929           6.7987646970561446           -2.3170083842322318          -2.9233370366039675          
25140                        25140.000345348381           31041.790600124157           0.29097222621930996          32.149618165567517           -2772.7964799810402          -3739.4850285477764          -4718.0559018141139          7.0436624351773407           -2.0150907282757724          -2.5424117574083893          
25200                        25200.000346172601           31041.791294568611           0.29166667067329399          32.149618165567517           -2343.6944671860747          -3851.0809891935805          -4858.8549628409846          7.2538636446801448           -1.7032468934648195          -2.1489627573342966          
25260                        25260.000346996821           31041.791989013065           0.29236111512727803          32.149618165567517           -1903.0475992959293          -3943.7068269831316          -4975.7196854718422          7.4283328908956996           -1.3830129980671848          -1.744928135292104           
25320                        25320.000347821042           31041.792683457519           0.29305555958126206          32.149618165567517           -1453.0264682154632          -4016.9062743054756          -5068.0744032504153          7.5662107520033146           -1.0559664891309748          -1.3322981341356559          
25380                        25380.000348645262           31041.793377901973           0.29375000403524609          32.149618165567517           -995.84784273465095          -4070.318756425203           -5135.4641840816494          7.6668180524749516           -0.72371837210417689         -0.91310533688205253         
25440                        25440.000349469483           31041.794072346427           0.29444444848923013          32.149618165567517           -533.7637488994153           -4103.6811676453126          -5177.5570711915434          7.7296592086405864           -0.38790527514819356         -0.48941465436715309         
25500                        25500.000350293703           31041.794766790881           0.29513889294321416          32.149618165567517           -69.050376707986047          -4116.8291673452404          -5194.1457183201555          7.7544246698944974           -0.050181387235906046        -0.063313153656779655        
25560                        25560.000351117924           31041.795461235335           0.29583333739719819          32.149618165567517           396.0031322224774            -4109.6979895098484          -5185.1484110930069          7.7409924435172579           0.28778969025344575          0.36310022268193071          
25620                        25620.000351942144           31041.796155679789           0.29652778185118223          32.149618165567517           859.10596078792082           -4082.322761761754           -5150.6094695397205          7.6894286956023299           0.62434313830415666          0.78772499580696187          
25680                        25680.000352766365           31041.796850124243           0.29722222630516626          32.149618165567517           1317.9769007827481           -4034.8383323254034          -5090.6990297769898          7.5999874251270336           0.9578211210319294           1.2084694973954211           
25740                        25740.000353590585           31041.797544568697           0.29791667075915029          32.149618165567517           1770.3555899524927           -3967.4786057753054          -5005.7122059314333          7.473109212773549            1.2865809520533948           1.6232611730376187           
25800                        25800.000354414806           31041.798239013151           0.29861111521313433          32.149618165567517           2214.0136463609697           -3880.5753908404376          -4896.06763643056            7.3094190506630197           1.6090031862303766           2.0300567914775085           
25860                        25860.000355239026           31041.798933457605           0.29930555966711836          32.149618165567517           2646.7656452248916           -3774.5567659404819          -4762.3054218227098          7.1097232636933896           1.9234995969296009           2.4268525094095761           
25920                        25920.000356063247           31041.799627902059           0.30000000412110239          32.149618165567517           3066.4798841449137           -3649.9449705051056          -4605.0844642841103          6.8750055376462216           2.2285209995025093           2.8116937422537713           
25980                        25980.000356887467           31041.800322346513           0.30069444857508643          32.149618165567517           3471.0888837044322           -3507.3538324635001          -4425.1792219184663          6.6064220736276784           2.5225648824473121           3.1826847922858206           
26040                        26040.000357711688           31041.801016790967           0.30138889302907046          32.149618165567517           3858.599571711009            -3347.4857445761554          -4223.4758938370705          6.3052958927125893           2.8041828086627776           3.5379981866955119           
26100                        26100.000358535908           31041.801711235421           0.30208333748305449          32.149618165567517           4227.1031009136441           -3171.1282045032131          -4000.9680548115216          5.9731103188464294           3.0719875503357743           3.8758836795743981           
26160                        26160.000359360129           31041.802405679875           0.30277778193703853          32.149618165567517           4574.784251834596            -2979.1499356527788          -3758.7517610023197          5.6115016721078934           3.3246599223166555           4.1946768734898523           
26220                        26220.000360184349           31041.803100124329           0.30347222639102256          32.149618165567517           4899.9303743981409           -2772.4966079175483          -3498.0201508722025          5.2222512083245674           3.5609552803218301           4.4928074181762518           
26280                        26280.00036100857            31041.803794568783           0.30416667084500659          32.149618165567517           5200.939824310487            -2552.1861793791086          -3220.0575678796877          4.8072763447464499           3.779709651953858            4.768806745957205            
26340                        26340.00036183279            31041.804489013237           0.30486111529899063          32.149618165567517           5476.3298526339331           -2319.3038819262765          -2926.2332339039322          4.3686212149989876           3.9798454703381805           5.0213153057947215           
26400                        26400.000362657011           31041.805183457691           0.30555555975297466          32.149618165567517           5724.7439096918179           -2074.9968754879442          -2617.994504565168           3.9084465998411964           4.1603768821330096           5.2490892603309725           
26460                        26460.000363481231           31041.805877902145           0.30625000420695869          32.149618165567517           5944.9583273258204           -1820.4685972132634          -2296.8597396644495          3.4290192833291226           4.3204146037655571           5.4510066129335515           
26520                        26520.000364305452           31041.806572346599           0.30694444866094273          32.149618165567517           6135.8883465893068           -1556.9728334346444          -1964.410823862393           2.9327008868154203           4.4591703019731632           5.6260727345628627           
26580                        26580.000365129672           31041.807266791053           0.30763889311492676          32.149618165567517           6296.5934611848106           -1285.8075436146385          -1622.2853744394156          2.4219362357878191           4.5759604770710878           5.7734252632367511           
26640                        26640.000365953892           31041.807961235507           0.30833333756891079          32.149618165567517           6426.282050324282            -1008.3084666994482          -1272.1686745214795          1.8992413168505493           4.6702098298183596           5.8923383519579833           
26700                        26700.000366778113           31041.808655679961           0.30902778202289483          32.149618165567517           6524.3152781909957           -725.84254137365338          -915.78537150761485          1.3671908841717024           4.7414540952966933           5.9822262441796026           
26760                        26760.000367602333           31041.809350124415           0.30972222647687886          32.149618165567517           6590.210240794655            -439.80117262748104          -554.89098159212335          0.82840577644616931          4.7893423298430706           6.0426461591957512           
26820                        26820.000368426554           31041.810044568869           0.31041667093086289          32.149618165567517           6623.6423447185743           -151.5933778049739           -191.26324222951126          0.28554000684982228          4.8136386397706961           6.0733004732446734           
26880                        26880.000369250774           31041.810739013323           0.31111111538484693          32.149618165567517           6624.4469060413985           137.36115410491863           173.30664486075449           -0.25873231042119632         4.8142233433627801           6.0740381855800303           
26940                        26940.000370074995           31041.811433457777           0.31180555983883096          32.149618165567517           6592.6199615571613           425.63905574493151           537.02283701340684           -0.80173013262723414         4.7910935604152911           6.0448556622887279           
27000                        27000.000370899215           31041.812127902231           0.31250000429281499          32.149618165567517           6528.3182882977426           711.82029278543087           898.09369679747408           -1.3407786950913527          4.744363226424622            5.9858966541912864           
27060                        27060.000371723436           31041.812822346685           0.31319444874679903          32.149618165567517           6431.858631261498            994.49515890212865           1254.7406174817193           -1.8732226868803035          4.6742625313502728           5.897451588736577            
27120                        27120.000372547656           31041.813516791139           0.31388889320078306          32.149618165567517           6303.7161431522472           1272.2712198788515           1605.2067843118773           -2.3964393306578899          4.5811367857171534           5.7799561393789904           
27180                        27180.000373371877           31041.814211235593           0.31458333765476709          32.149618165567517           6144.5220438143306           1543.780172629261            1947.7658284423221           -2.9078513022803856          4.4654447196430382           5.6339890794851808           
27240                        27240.000374196097           31041.814905680047           0.31527778210875113          32.149618165567517           5955.0605108931668           1807.6845853505183           2280.7303308935748           -3.4049394264930872          4.3277562231699962           5.4602694313418576           
27300                        27300.000375020318           31041.815600124501           0.31597222656273516          32.149618165567517           5736.2648170376915           2062.6844856074372           2602.460134645828            -3.8852550861900021          4.1687495390307276           5.2596529243083978           
27360                        27360.000375844538           31041.816294568955           0.31666667101671919          32.149618165567517           5489.2127326724985           2307.523763894716            2911.3704239237641           -4.3464322841096337          3.989207921678092            5.0331277795611777           
27420                        27420.000376668759           31041.816989013409           0.31736111547070323          32.149618165567517           5215.1212169852679           2540.9963611338317           3205.9395308747471           -4.7861992975518914          3.7900157790350968           4.781809842193546            
27480                        27480.000377492979           31041.817683457863           0.31805555992468726          32.149618165567517           4915.3404232812773           2761.95220962545             3484.7164311852885           -5.2023898687059082          3.5721543159708515           4.5069370846504313           
27540                        27540.0003783172             31041.818377902317           0.31875000437867129          32.149618165567517           4591.3470482341227           2969.3028981926955           3746.327891713001            -5.5929538754660832          3.3366967009623556           4.209863508573215            
27600                        27600.00037914142            31041.819072346771           0.31944444883265533          32.149618165567517           4244.7370577937572           3162.0270336092253           3989.4852349253351           -5.9559674301727474          3.0848027797507629           3.8920524750938319           
27660                        27660.000379965641           31041.819766791225           0.32013889328663936          32.149618165567517           3877.2178255834074           3339.175271902147            4212.9906868240059           -6.2896423565318766          2.8177133620322414           3.5550694964326395           
27720                        27720.000380789861           31041.820461235679           0.32083333774062339          32.149618165567517           3490.5997225110409           3499.8749947459523           4415.7432770857622           -6.5923349980312178          2.53674410932675             3.2005745243080308           
27780                        27780.000381614082           31041.821155680133           0.32152778219460743          32.149618165567517           3086.7871990242897           3643.3346079119387           4596.7442623558118           -6.8625543144633534          2.2432790541325947           2.8303137731444727           
27840                        27840.000382438302           31041.821850124586           0.32222222664859146          32.149618165567517           2667.7694039369376           3768.847440599282            4755.1020459792708           -7.0989692266727804          1.9387637822909147           2.4461111183572402           
27900                        27900.000383262523           31041.82254456904            0.32291667110257549          32.149618165567517           2235.6103860379003           3875.7952264399723           4890.0365699363238           -7.3004151733474272          1.6246983121432201           2.0498591120851906           
27960                        27960.000384086743           31041.823239013494           0.32361111555655953          32.149618165567517           1792.4389267488048           3963.6511490304279           5000.8831573468415           -7.4658998475563321          1.3026297055587188           1.6435096606273909           
28020                        28020.000384910963           31041.823933457948           0.32430556001054356          32.149618165567517           1340.4380539137028           4031.9824369877961           5087.09578661655             -7.5946080847757083          0.97414444722890303          1.2290644095057996           
28080                        28080.000385735184           31041.824627902402           0.32500000446452759          32.149618165567517           881.83428837515032           4080.4524957478179           5148.2497810965915           -7.6859058783254834          0.64086062976840974          0.80856488351644851          
28140                        28140.000386559404           31041.825322346856           0.32569444891851163          32.149618165567517           418.88667630720192           4108.8225656032591           5184.0439010073505           -7.7393435024364541          0.30441998311773355          0.38408243033844497          
28200                        28200.000387383625           31041.82601679131            0.32638889337249566          32.149618165567517           -46.124338668837389          4116.9528978154831           5194.3018273220077           -7.7546577275641386          -0.033520212489677237        -0.04229198276221318         
28260                        28260.000388207845           31041.826711235764           0.32708333782647969          32.149618165567517           -510.90814877079924          4104.8034430057969           5178.9730303002152           -7.7317731170368766          -0.37129529015984397         -0.46845806887336322         
28320                        28320.000389032066           31041.827405680218           0.32777778228046373          32.149618165567517           -973.17526540990218          4072.4340484355339           5138.1330183936398           -7.6708023986509515          -0.70724139635679528         -0.89231656728525044         
28380                        28380.000389856286           31041.828100124672           0.32847222673444776          32.149618165567517           -1430.6485970319413          4020.0041632031453           5071.9829662972497           -7.5720459093823118          -1.0397036869145626          -1.3117795842841093          
28440                        28440.000390680507           31041.828794569126           0.32916667118843179          32.149618165567517           -1881.074665891661           3947.7720528104423           4980.8487239785654           -7.435990115950176           -1.3670444786697307          -1.724780877952812           
28500                        28500.000391504727           31041.82948901358            0.32986111564241583          32.149618165567517           -2322.2347085073516          3856.0935269670013           4865.1792115662556           -7.2633052185201521          -1.6876513165602318          -2.1292860363164676          
28560                        28560.000392328948           31041.830183458034           0.33055556009639986          32.149618165567517           -2751.9556051157097          3745.4201868994396           4725.5442080048115           -7.0548418493507787          -1.9999449164524923          -2.5233024986962254          
28620                        28620.000393153168           31041.830877902488           0.33125000455038389          32.149618165567517           -3168.1205842893282          3616.2972007992066           4562.6315443681715           -6.8116268826457613          -2.3023869445711891          -2.9048893709068624          
28680                        28680.000393977389           31041.831572346942           0.33194444900436793          32.149618165567517           -3568.6796499866955          3469.3606183668289           4377.2437156577835           -6.5348583762521857          -2.5934875952107559          -3.2721669859493021          
28740                        28740.000394801609           31041.832266791396           0.33263889345835196          32.149618165567517           -3951.6596796718804          3305.3342376809869           4170.2939277752012           -6.2258996701215539          -2.8718129294014156          -3.6233261631027913          
28800                        28800.00039562583            31041.83296123585            0.33333333791233599          32.149618165567517           -4315.1741437613719          3125.0260398259561           3942.8015991414463           -5.8862726706041197          -3.1359919383800654          -3.9566371198072132          
28860                        28860.00039645005            31041.833655680304           0.33402778236632003          32.149618165567517           -4657.4323985208121          2929.3242088401635           3695.8873391218212           -5.517650353657606           -3.3847232970718921          -4.2704579924362882          
28920                        28920.000397274271           31041.834350124758           0.33472222682030406          32.149618165567517           -4976.7485066355657          2719.1927565912952           3430.7674279920911           -5.1218485238988549          -3.6167817743156134          -4.5632429239889962          
28980                        28980.000398098491           31041.835044569212           0.33541667127428809          32.149618165567517           -5271.5495420056786          2495.6667741294468           3148.7478256372551           -4.7008168700927424          -3.8310242682560607          -4.8335496788599057          
29040                        29040.000398922712           31041.835739013666           0.33611111572827213          32.149618165567517           -5540.3833378564796          2259.8473329098247           2851.2177384955994           -4.2566293611382617          -4.0263954371742487          -5.0800467471786313          
29100                        29100.000399746932           31041.83643345812            0.33680556018225616          32.149618165567517           -5781.9256399981632          2012.896061001112            2539.6427764367527           -3.7914740298604057          -4.2019328980179012          -5.3015199037229959          
29160                        29160.000400571153           31041.837127902574           0.33750000463624019          32.149618165567517           -5994.9866299980667          1756.0294209967374           2215.5577332824432           -3.3076421949321282          -4.3567719670248684          -5.4968781890972362          
29220                        29220.000401395373           31041.837822347028           0.33819444909022423          32.149618165567517           -6178.5167861329364          1490.5127178155601           1880.5590265325277           -2.807517174018288           -4.4901499190875116          -5.665159283712403           
29280                        29280.000402219594           31041.838516791482           0.33888889354420826          32.149618165567517           -6331.6120532506011          1217.6538659091              1536.2968335376167           -2.2935625437398             -4.6014097448767535          -5.8055342480971621          
29340                        29340.000403043814           31041.839211235936           0.33958333799819229          32.149618165567517           -6453.5182960747361          938.79694657754442           1184.4669628548922           -1.7683100042884499          -4.6900033872184865          -5.9173116061886128          
29400                        29400.000403868034           31041.83990568039            0.34027778245217633          32.149618165567517           -6543.6350140160803          655.31558713069967           826.80250082818372           -1.2343469084703493          -4.7554944407802271          -5.9999407514891354          
29460                        29460.000404692255           31041.840600124844           0.34097222690616036          32.149618165567517           -6601.5182991912225          368.60619450761868           465.06527454058784           -0.69430351660897482         -4.7975603017695487          -6.0530146593107785          
29520                        29520.000405516475           31041.841294569298           0.34166667136014439          32.149618165567517           -6626.8830230780204          80.081076685559253           101.03717319246547           -0.15084004008914839         -4.8159937570550575          -6.0762718917469813          
29580                        29580.000406340696           31041.841989013752           0.34236111581412842          32.149618165567517           -6619.6042410363334          -208.83851423832493          -263.4886293449826           0.39336646263556907          -4.8107040048820222          -6.0695978854951669          
29640                        29640.000407164916           31041.842683458206           0.34305556026811246          32.149618165567517           -6579.717807775517           -496.72938302332489          -626.71650756353802          0.93563527302281824          -4.7817171021546994          -6.0330255161865889          
29700                        29700.000407989137           31041.84337790266            0.34375000472209649          32.149618165567517           -6507.4202007369386          -782.1734018332902           -986.85722942836207          1.4732952174506915           -4.7291758360820575          -5.9667349364435562          
29760                        29760.000408813357           31041.844072347114           0.34444444917608052          32.149618165567517           -6403.0675522615156          -1063.7644958231053          -1342.1367699946441          2.0036978252094584           -4.6533390208191863          -5.8710526884617469          
29820                        29820.000409637578           31041.844766791568           0.34513889363006456          32.149618165567517           -6267.1738953097347          -1340.1155693530782          -1690.8050501153166          2.5242303746605179           -4.5545802225690872          -5.746450095488969           
29880                        29880.000410461798           31041.845461236022           0.34583333808404859          32.149618165567517           -6100.408631375617           -1609.8653387132506          -2031.1445571936495          3.032328763298247            -4.4333859194248433          -5.5935409401237992          
29940                        29940.000411286019           31041.846155680476           0.34652778253803262          32.149618165567517           -5903.5932330674705          -1871.685037700166           -2361.4788055155718          3.5254901383177883           -4.2903531050167052          -5.4130784408706685          
30000                        30000.000412110239           31041.84685012493            0.34722222699201666          32.149618165567517           -5677.6971975982524          -2124.2849630149572          -2680.1805944867883          4.0012852254716433           -4.1261863477682965          -5.2059515418445903          
30060                        30060.00041293446            31041.847544569384           0.34791667144600069          32.149618165567517           -5423.8332711183566          -2366.4208272406258          -2985.6800240952625          4.4573702954840524           -3.9416943202478221          -4.9731805339021813          
30120                        30120.00041375868            31041.848239013838           0.34861111589998472          32.149618165567517           -5143.2519674153691          -2596.8998881042439          -3276.4722281155232          4.8914987090775375           -3.7377858157104495          -4.7159120287689342          
30180                        30180.000414582901           31041.848933458292           0.34930556035396876          32.149618165567517           -4837.3354079812489          -2814.5868238318362          -3551.1247869616459          5.3015319837417749           -3.5154652714540071          -4.4354133109198113          
30240                        30240.000415407121           31041.849627902746           0.35000000480795279          32.149618165567517           -4507.59051379026            -3018.4093256543765          -3808.2847836737651          5.6854503277306669           -3.2758278210396559          -4.133066095035332           
30300                        30300.000416231342           31041.8503223472             0.35069444926193682          32.149618165567517           -4155.6415823244779          -3207.3633799166605          -4046.6854682808876          6.0413625893980392           -3.0200538997498718          -3.8103597197834289          
30360                        30360.000417055562           31041.851016791654           0.35138889371592086          32.149618165567517           -3783.2222864118171          -3380.518213769818           -4265.152497711887           6.3675155728623194           -2.7494034298568457          -3.4688838114540252          
30420                        30420.000417879783           31041.851711236108           0.35208333816990489          32.149618165567517           -3392.167134289658           -3537.0208800853497          -4462.6097205173492          6.6623026741119018           -2.4652096143442002          -3.1103204535846092          
30480                        30480.000418704003           31041.852405680562           0.35277778262388892          32.149618165567517           -2984.4024329611889          -3676.1004590057742          -4638.0844779071804          6.924271795010486            -2.1688723696536831          -2.7364359011486834          
30540                        30540.000419528224           31041.853100125016           0.35347222707787296          32.149618165567517           -2561.9367993582141          -3797.0718554353721          -4790.712394991534           7.1521324962185906           -1.8618514298065827          -2.349071880122326           
30600                        30600.000420352444           31041.85379456947            0.35416667153185699          32.149618165567517           -2126.8512660517099          -3899.3391737648863          -4919.7416386236837          7.3447623537965079           -1.5456591558684494          -1.9501365152864956          
30660                        30660.000421176665           31041.854489013924           0.35486111598584102          32.149618165567517           -1681.2890302486355          -3982.3986532065423          -5024.5366208711421          7.5012124881765798           -1.2218530861771251          -1.5415949309540475          
30720                        30720.000422000885           31041.855183458378           0.35555556043982506          32.149618165567517           -1227.4448965706042          -4045.8411492801806          -5104.5811298719673          7.6207122382695172           -0.89202826403107183         -1.1254595709215207          
30780                        30780.000422825105           31041.855877902832           0.35625000489380909          32.149618165567517           -767.55446561849317          -4089.3541492268614          -5159.4808726538749          7.702672957680476            -0.55780938063120411         -0.70378028532886328         
30840                        30840.000423649326           31041.856572347286           0.35694444934779312          32.149618165567517           -303.88312157924872          -4112.7233114222081          -5188.965417390511           7.7466909143350193           -0.22084277197948268         -0.27863423325844122         
30900                        30900.000424473546           31041.85726679174            0.35763889380177716          32.149618165567517           161.28512687890469           -4115.8335212064294          -5192.8895255274092          7.7525492792316246           0.11721169084308572          0.14788434918765977          
30960                        30960.000425297767           31041.857961236194           0.35833333825576119          32.149618165567517           625.658897454                -4098.6694579301147          -5171.2338672157139          7.7202191945243754           0.45468877807118457          0.57367446493038998          
31020                        31020.000426121987           31041.858655680648           0.35902778270974522          32.149618165567517           1086.9507213797999           -4061.3156704225257          -5124.1051165294921          7.6498599156744218           0.78992610404638375          0.99663870526053644          
31080                        31080.000426946208           31041.859350125102           0.35972222716372926          32.149618165567517           1542.8883113174995           -4003.9561605107256          -5051.7354259976337          7.5418180269700716           1.1212723159984883           1.414693581509495            
31140                        31140.000427770428           31041.860044569556           0.36041667161771329          32.149618165567517           1991.2257544649081           -3926.8734766409957          -4954.4812830386827          7.3966257342797777           1.4470952284797445           1.8257797881510114           
31200                        31200.000428594649           31041.86073901401            0.36111111607169732          32.149618165567517           2429.7545757467346           -3830.447322067359           -4832.821753931793           7.2149982434477851           1.7657898633823175           2.2278723467786632           
31260                        31260.000429418869           31041.861433458464           0.36180556052568136          32.149618165567517           2856.3146165895623           -3715.1526844631339          -4687.3561239738156          6.9978302372462293           2.0757863559345515           2.6189905809906411           
31320                        31320.00043024309            31041.862127902918           0.36250000497966539          32.149618165567517           3268.804675693531            -3581.5574961689158          -4518.8009454469284          6.7461914682380053           2.3755576877316837           2.9972078730463325           
31380                        31380.00043106731            31041.862822347372           0.36319444943364942          32.149618165567517           3665.1928593851139           -3430.3198366024212          -4327.9865079383053          6.4613214892595474           2.6636272087087263           3.3606611542341764           
31440                        31440.000431891531           31041.863516791826           0.36388889388763346          32.149618165567517           4043.5265905659626           -3262.1846906108976          -4115.8527483987573          6.1446235474807862           2.9385759110028462           3.7075600822019874           
31500                        31500.000432715751           31041.86421123628            0.36458333834161749          32.149618165567517           4401.9422269545194           -3077.9802787341996          -3883.444621087031           5.7976576721196844           3.1990494188747838           4.0361958600429437           
31560                        31560.000433539972           31041.864905680734           0.36527778279560152          32.149618165567517           4738.6742412417016           -2878.6139774553999          -3631.9069502070947          5.4221329898606641           3.4437646602575005           4.3449496536951067           
31620                        31620.000434364192           31041.865600125187           0.36597222724958556          32.149618165567517           5052.0639179399404           -2665.0678495353786          -3362.4787905939338          5.0198993058306582           3.6715161870685362           4.6323005661910148           
31680                        31680.000435188413           31041.866294569641           0.36666667170356959          32.149618165567517           5340.5675240855462           -2438.3938064487347          -3076.4873242266167          4.5929379916041331           3.8811821131526982           4.8968331294768381           
31740                        31740.000436012633           31041.866989014095           0.36736111615755362          32.149618165567517           5602.7639135462023           -2199.7084267503546          -2775.3413226339821          4.1433522251221584           4.0717296406052572           5.137244276896987            
31800                        31800.000436836854           31041.867683458549           0.36805556061153766          32.149618165567517           5837.3615274753138           -1950.187455897054           -2460.5242073965992          3.6733566306028487           4.242220147253402            5.352349761998223            
31860                        31860.000437661074           31041.868377903003           0.36875000506552169          32.149618165567517           6043.2047564295854           -1691.0600146176832          -2133.5867429284208          3.1852663694761869           4.3918138102354467           5.5410899920347987           
31920                        31920.000438485295           31041.869072347457           0.36944444951950572          32.149618165567517           6219.2796328104751           -1423.6025443608346          -1796.1393975329402          2.6814857360804392           4.5197737429023599           5.7025352474392097           
31980                        31980.000439309515           31041.869766791911           0.37013889397348976          32.149618165567517           6364.718825589056            -1149.1325196444             -1449.8444103626514          2.1644963142968385           4.6254696246635909           5.8358902615478403           
32040                        32040.000440133736           31041.870461236365           0.37083333842747379          32.149618165567517           6478.805912710618            -869.00195827943935          -1096.4076033593842          1.6368447534620618           4.7083808058968462           5.940498138022174            
32100                        32100.000440957956           31041.871155680819           0.37152778288145782          32.149618165567517           6560.9789101335173           -584.59076143650736          -737.56997850922721          1.1011302237733673           4.7680988726273092           6.0158435866686233           
32160                        32160.000441782176           31041.871850125273           0.37222222733544186          32.149618165567517           6610.8330401184776           -297.29991636072867          -375.09914180331629          0.55999161298008704          4.8043296583428301           6.0615554617175933           
32220                        32220.000442606397           31041.872544569727           0.37291667178942589          32.149618165567517           6628.1227251319833           -8.5445952185307537          -10.780596149385346          0.016094527429585389         4.8168946930350831           6.0774085900584511           
32280                        32280.000443430617           31041.873239014181           0.37361111624340992          32.149618165567517           6612.7627975419346           280.25281592943617           353.59105387549789           -0.52788183850050585         4.8057320823288343           6.0633248804245792           
32340                        32340.000444254838           31041.873933458635           0.37430556069739396          32.149618165567517           6564.8289191467384           567.66972369045516           716.22094210629996           -1.0692578999036246          4.7708968123687709           6.0193737080648413           
32400                        32400.000445079058           31041.874627903089           0.37500000515137799          32.149618165567517           6484.5572084712157           852.29033492320082           1075.3227821599526           -1.605366880769328           4.7125604789620779           5.9457715730065539           
32460                        32460.000445903279           31041.875322347543           0.37569444960536202          32.149618165567517           6372.3430776652722           1132.7126308236907           1429.1276665419539           -2.1335679503127283          4.6310104423109522           5.8428810335933177           
32520                        32520.000446727499           31041.876016791997           0.37638889405934606          32.149618165567517           6228.7392847346664           1407.5552731599344           1775.8927801459201           -2.6512592314997772          4.5266484114987691           5.7112089205510754           
32580                        32580.00044755172            31041.876711236451           0.37708333851333009          32.149618165567517           6054.453210698427            1675.4644086357061           2113.9099852240884           -3.1558906176894341          4.3999884657026787           5.5514038403797068           
32640                        32640.00044837594            31041.877405680905           0.37777778296731412          32.149618165567517           5850.3433750854647           1935.1203378656755           2441.5142355398698           -3.6449763342589381          4.2516545218798765           5.3642529803682919           
32700                        32700.000449200161           31041.878100125359           0.37847222742129816          32.149618165567517           5617.4152069346819           2185.2440161110644           2757.0917782549927           -4.1161071833346004          4.0823772614016418           5.150678230972269            
32760                        32760.000450024381           31041.878794569813           0.37916667187528219          32.149618165567517           5356.8160921304388           2424.6033537536855           3059.0881031494005           -4.5669624113115441          3.8929905307741999           4.911731644653381            
32820                        32820.000450848602           31041.879489014267           0.37986111632926622          32.149618165567517           5069.8297214696686           2652.0192854727611           3346.0156000166417           -4.9953211407039184          3.6844272341762547           4.6485902535517649           
32880                        32880.000451672822           31041.880183458721           0.38055556078325026          32.149618165567517           4757.8697673017114           2866.3715782281947           3616.4608865150617           -5.3990733100131596          3.4577147380461848           4.3625502715179616           
32940                        32940.000452497043           31041.880877903175           0.38125000523723429          32.149618165567517           4422.4729198892228           3066.604349440654            3869.091770378343            -5.7762300677254341          3.2139698103555561           4.055020709065178            
33000                        33000.000453321263           31041.881572347629           0.38194444969121832          32.149618165567517           4065.2913177924897           3251.7312681863241           4102.6638116901022           -6.124933569238161           2.9543931194976949           3.7275164326940273           
33060                        33060.000454145484           31041.882266792083           0.38263889414520236          32.149618165567517           3688.0844095644698           3420.8404137856742           4316.026452897303            -6.4434661284567936          2.6802633198893786           3.3816507027789657           
33120                        33120.000454969704           31041.882961236537           0.38333333859918639          32.149618165567517           3292.7102868452475           3573.0987678531778           4508.1286863665091           -6.7302586789817855          2.3929307534194768           3.0191272267742564           
33180                        33180.000455793925           31041.883655680991           0.38402778305317042          32.149618165567517           2881.1165315483713           3707.7563176805475           4678.0242315650357           -6.9838985032065759          2.0938107977707299           2.6417317668846896           
33240                        33240.000456618145           31041.884350125445           0.38472222750715446          32.149618165567517           2455.3306222251281           3824.1497507404888           4824.8761963646184           -7.2031361912537086          1.784376894380316            2.2513233435410416           
33300                        33300.000457442366           31041.885044569899           0.38541667196113849          32.149618165567517           2017.4499468642371           3921.7057221121872           4947.9611995064033           -7.3868917954698725          1.4661532903829195           1.8498250780112735           
33360                        33360.000458266586           31041.885739014353           0.38611111641512252          32.149618165567517           1569.6314713231495           3999.9436787334016           5046.672933920262            -7.5342601501633357          1.1407075302889074           1.4392147192560127           
33420                        33420.000459090807           31041.886433458807           0.38680556086910656          32.149618165567517           1114.0811142834405           4058.478226567167            5120.5251533458804           -7.6445153303791322          0.8096427343830388           1.0215149016923215           
33480                        33480.000459915027           31041.887127903261           0.38750000532309059          32.149618165567517           653.04288106841932           4097.0210290225714           5169.15406754367             -7.7171142277484446          0.47458970187970018          0.59878318185522139          
33540                        33540.000460739248           31041.887822347715           0.38819444977707462          32.149618165567517           188.78780984894391           4115.3822272781936           5192.3201342969751           -7.7516992257978181          0.13719887773390158          0.17310190303561027          
33600                        33600.000461563468           31041.888516792169           0.38888889423105866          32.149618165567517           -276.39721531246244          4113.4713755117627           5189.9092393782157           -7.7480999615398698          -0.2008677773211037          -0.25343206217944492         
33660                        33660.000462387688           31041.889211236623           0.38958333868504269          32.149618165567517           -740.22072947310903          4091.2978864291849           5161.9332586666414           -7.7063341646679921          -0.53794497346201864         -0.67871764093658205         
33720                        33720.000463211909           31041.889905681077           0.39027778313902672          32.149618165567517           -1200.397974386691           4048.9709848982861           5108.5299996486747           -7.6266075702212737          -0.87237229486253964         -1.1006599098362015          
33780                        33780.000464036129           31041.890600125531           0.39097222759301076          32.149618165567517           -1654.6621530431848          3986.6991699156961           5029.9625225890431           -7.5093129051498329          -1.2025023787714659          -1.5171804143607963          
33840                        33840.00046486035            31041.891294569985           0.39166667204699479          32.149618165567517           -2100.7755957331019          3904.7891875571299           4926.6178447165385           -7.3550279537726828          -1.526709030292384           -1.9262274071788645          
33900                        33900.00046568457            31041.891989014439           0.39236111650097882          32.149618165567517           -2536.540782632942           3803.6445199702885           4799.0050338075362           -7.1645127116574931          -1.8433952328921634          -2.325785954891312           
33960                        33960.000466508791           31041.892683458893           0.39305556095496286          32.149618165567517           -2959.811168615463           3683.7633978534523           4647.752700558035            -6.9387056419420174          -2.1510010151791223          -2.7138878634353194          
34020                        34020.000467333011           31041.893377903347           0.39375000540894689          32.149618165567517           -3368.5017569625925          3545.7363462101421           4473.6059020966977           -6.6787190525383364          -2.4480111351997249          -3.0886213732538974          
34080                        34080.000468157232           31041.894072347801           0.39444444986293092          32.149618165567517           -3760.5993698957022          3390.243275469275            4277.4224718918604           -6.3858336169913059          -2.7329625444015919          -3.4481405764735005          
34140                        34140.000468981452           31041.894766792255           0.39513889431691496          32.149618165567517           -4134.1725653314215          3218.0501322997279           4060.1687941311834           -6.0614920659811471          -3.0044515944958983          -3.7906745097014092          
34200                        34200.000469805673           31041.895461236709           0.39583333877089899          32.149618165567517           -4487.3811510138394          3030.0051266171367           3822.9150433889408           -5.7072920805452982          -3.2611409517187244          -4.1145358776524823          
34260                        34260.000470629893           31041.896155681163           0.39652778322488302          32.149618165567517           -4818.4852491571919          2827.0345533683694           3566.8299130300093           -5.3249784220269305          -3.5017661844322876          -4.418129364633363           
34320                        34320.000471454114           31041.896850125617           0.39722222767886706          32.149618165567517           -5125.8538669473528          2610.1382296753109           3293.1748583180447           -4.9164343375174697          -3.7251419916159905          -4.6999594929424617          
34380                        34380.000472278334           31041.897544570071           0.39791667213285109          32.149618165567517           -5407.9729306844911          2380.3845698141254           3003.2978825857963           -4.4836722831291294          -3.9301680415662736          -4.9586379894757737          
34440                        34440.000473102555           31041.898239014525           0.39861111658683512          32.149618165567517           -5663.4527439913627          2138.9053222903553           2698.6268970764359           -4.0288240107939792          -4.1158343920442659          -5.1928906242513087          
34500                        34500.000473926775           31041.898933458979           0.39930556104081916          32.149618165567517           -5891.0348333486245          1886.8899949345578           2380.6626871647877           -3.5541300674211538          -4.2812264651720389          -5.4015634871660172          
34560                        34560.000474750996           31041.899627903433           0.40000000549480319          32.149618165567517           -6089.5981472366893          1625.579995480047            2050.9715196063021           -3.0619287581385279          -4.4255295525714784          -5.5836286720664443          
34620                        34620.000475575216           31041.900322347887           0.40069444994878722          32.149618165567517           -6258.164578347566           1356.2625164857757           1711.1774272298787           -2.5546446279850903          -4.5480328285538514          -5.7381893401337969          
34680                        34680.000476399437           31041.901016792341           0.40138889440277126          32.149618165567517           -6395.9037816647315          1080.2641947267689           1362.9542090795521           -2.0347765187922784          -4.6481328515913898          -5.864484137641627           
34740                        34740.000477223657           31041.901711236795           0.40208333885675529          32.149618165567517           -6502.1372646775353          798.94457628543182           1008.0171854116999           -1.5048852600851295          -4.7253365368229217          -5.9618909463245533          
34800                        34800.000478047878           31041.902405681249           0.40277778331073932          32.149618165567517           -6576.3417295821073          513.68941953420153           648.11474816201564           -0.96758105463692423         -4.779263584951206           -6.0299299478840469          
34860                        34860.000478872098           31041.903100125703           0.40347222776472336          32.149618165567517           -6618.1516510052643          225.90386899850731           285.01974850398847           -0.42551062081508767         -4.8096483555674423          -6.0682659875357157          
34920                        34920.000479696319           31041.903794570157           0.40416667221870739          32.149618165567517           -6627.3610765538378          -62.994466274934283          -79.479236076908677          0.1186558449458735           -4.8163411756751087          -6.0767102249554865          
34980                        34980.000480520539           31041.904489014611           0.40486111667269142          32.149618165567517           -6603.9246413200053          -351.58249574908143          -443.58671217560794          0.66223782132254183          -4.7993090769673605          -6.0552210644922413          
35040                        35040.000481344759           31041.905183459065           0.40555556112667546          32.149618165567517           -6547.9577913452677          -638.43865742891751          -805.50911492711327          1.2025576661403568           -4.7586359582263569          -6.0039043600647117          
35100                        35100.00048216898            31041.905877903519           0.40625000558065949          32.149618165567517           -6459.7362149423006          -922.14992036432466          -1163.4636429663294          1.7369538062289211           -4.694522172044433           -5.9230128937333877          
35160                        35160.0004829932             31041.906572347973           0.40694445003464352          32.149618165567517           -6339.6944846759625          -1201.318745129699           -1515.6870403677356          2.2627938481226524           -4.6072835379029362          -5.8129451305159172          
35220                        35220.000483817421           31041.907266792427           0.40763889448862756          32.149618165567517           -6188.4239166929156          -1474.5699679935351          -1860.4442823057548          2.7774875450244911           -4.4973497864702523          -5.6742432555796913          
35280                        35280.000484641641           31041.907961236881           0.40833333894261159          32.149618165567517           -6006.6696579446871          -1740.5575748670897          -2196.0371216509479          3.2784995561584429           -4.3652624427822264          -5.5075905034802277          
35340                        35340.000485465862           31041.908655681334           0.40902778339659562          32.149618165567517           -5795.3270156522303          -1997.9713316641939          -2520.8124544021439          3.7633619356593493           -4.2116721587323305          -5.3138077926013638          
35400                        35400.000486290082           31041.909350125788           0.40972222785057966          32.149618165567517           -5555.4370470927888          -2245.5432384115834          -2833.1704627470817          4.2296862894806271           -4.0373355080114601          -5.0938496813756826          
35460                        35460.000487114303           31041.910044570242           0.41041667230456369          32.149618165567517           -5288.1814314334142          -2482.0537753173016          -3131.572495639457           4.675175540435978            -3.8431112592853052          -4.8487996662045552          
35520                        35520.000487938523           31041.910739014696           0.41111111675854772          32.149618165567517           -4994.8766488720848          -2706.3379100295251          -3414.5486480732693          5.097635243421422            -3.6299561459672405          -4.5798648442398564          
35580                        35580.000488762744           31041.91143345915            0.41180556121253176          32.149618165567517           -4676.9674957595189          -2917.2908364945433          -3680.7050017195802          5.4949843950797375           -3.3989201534246041          -4.2883699673181042          
35640                        35640.000489586964           31041.912127903604           0.41250000566651579          32.149618165567517           -4336.0199676456932          -3113.8734171447081          -3928.7304912588579          5.8652656846597475           -3.1511413468331355          -3.9757509163368172          
35700                        35700.000490411185           31041.912822348058           0.41319445012049982          32.149618165567517           -3973.7135453086066          -3295.1173016085768          -4157.4033625858947          6.2066551355755495           -2.8878402651571951          -3.6435476282178536          
35760                        35760.000491235405           31041.913516792512           0.41388889457448386          32.149618165567517           -3591.8329217637015          -3460.1296967288836          -4365.5971910746812          6.5174710901720987           -2.61031390887057            -3.2933965102989315          
35820                        35820.000492059626           31041.914211236966           0.41458333902846789          32.149618165567517           -3192.25921100609            -3608.0977643916012          -4552.2864302577636          6.7961824934388808           -2.319929351033883           -2.9270223795194519          
35880                        35880.000492883846           31041.91490568142            0.41527778348245192          32.149618165567517           -2776.9606817905642          -3738.2926255027141          -4716.5514635876925          7.0414164348668118           -2.018117003199936           -2.5462299661075649          
35940                        35940.000493708067           31041.915600125874           0.41597222793643596          32.149618165567517           -2347.9830620941134          -3850.0729503894795          -4857.5831343959853          7.2519649112976934           -1.7063635693186112          -2.1528950236206299          
36000                        36000.000494532287           31041.916294570328           0.41666667239041999          32.149618165567517           -1907.439462020383           -3942.8881179400637          -4974.6867317354227          7.4267907774530197           -1.3862047223498348          -1.7489550891303305          
36060                        36060.000495356508           31041.916989014782           0.41736111684440402          32.149618165567517           -1457.4999647850673          -4016.2809279199619          -5067.2854124716487          7.5650328548302568           -1.0592175396590404          -1.336399939067062           
36120                        36120.000496180728           31041.917683459236           0.41805556129838806          32.149618165567517           -1000.3809370562262          -4069.8898531044847          -5134.9230427672228          7.6660101738005899           -0.72701273445778414         -0.91726178773731015         
36180                        36180.000497004949           31041.91837790369            0.41875000575237209          32.149618165567517           -538.33411130592845          -4103.4508201335038          -5177.2664449611175          7.7292253280118954           -0.39122672155681382         -0.49360527679540106         
36240                        36240.000497829169           31041.919072348144           0.41944445020635612          32.149618165567517           -73.635493952742934          -4116.79851031611            -5194.1070387757363          7.7543669245734108           -0.053513556515079622        -0.067517304980668255        
36300                        36300.00049865339            31041.919766792598           0.42013889466034016          32.149618165567517           391.42584606734692           -4109.8671739775191          -5185.3618687670078          7.7413111179527023           0.28446321210819764          0.35890325178203009          
36360                        36360.00049947761            31041.920461237052           0.42083333911432419          32.149618165567517           854.55905307495357           -4082.6909543368065          -5151.0740129563774          7.6901222200290267           0.62103873726323255          0.78355587928047132          
36420                        36420.00050030183            31041.921155681506           0.42152778356830822          32.149618165567517           1313.4827692226572           -4035.4037193200952          -5091.4123706318696          7.601052383298061            0.95455507431564413          1.2043487719833037           
36480                        36480.000501126051           31041.92185012596            0.42222222802229226          32.149618165567517           1765.9363722848027           -3968.2384021376502          -5006.6708303634487          7.4745403587884987           1.2833693479516677           1.6192091371100061           
36540                        36540.000501950271           31041.922544570414           0.42291667247627629          32.149618165567517           2209.6911113052493           -3881.5258538731564          -4897.2668223309547          7.3112093348088854           1.6058618448530786           2.0260934050455202           
36600                        36600.000502774492           31041.923239014868           0.42361111693026032          32.149618165567517           2642.5610852497448           -3775.6932137372323          -4763.7392620957999          7.1118638671709036           1.9204439922779353           2.4229972958038681           
36660                        36660.000503598712           31041.923933459322           0.42430556138424436          32.149618165567517           3062.4140105829497           -3651.2618050131878          -4606.7458959451887          6.8774859160105661           2.2255661832452942           2.8079656919541436           
36720                        36720.000504422933           31041.924627903776           0.42500000583822839          32.149618165567517           3467.1817247298723           -3508.844567059426           -4427.0600608855002          6.6092300087296083           2.5197254097776391           3.179102269375603            
36780                        36780.000505247153           31041.92532234823            0.42569445029221242          32.149618165567517           3854.8703736824632           -3349.1430360182449          -4225.5668752448537          6.3084175528840651           2.8014726666002745           3.5345788384015275           
36840                        36840.000506071374           31041.926016792684           0.42638889474619646          32.149618165567517           4223.5702335680662           -3172.9438891038299          -4003.2588786496631          5.9765303270343137           3.0694200888276435           3.8726443493381155           
36900                        36900.000506895594           31041.926711237138           0.42708333920018049          32.149618165567517           4571.4651177993992           -2981.1150694920079          -3761.2311428522935          5.615203181620136            3.3222477884768837           4.191633517997909            
36960                        36960.000507719815           31041.927405681592           0.42777778365416452          32.149618165567517           4896.8413234672098           -2774.6015109002533          -3500.675877493512           5.2262159858156743           3.5587103561324915           4.4899750287590621           
37020                        37020.000508544035           31041.928100126046           0.42847222810814856          32.149618165567517           5198.0960729063954           -2554.420482918315           -3222.876557371319           4.8114848600335201           3.7776429957354059           4.766199274742851            
37080                        37080.000509368256           31041.9287945705             0.42916667256213259          32.149618165567517           5473.7454088530139           -2321.6565800180169          -2929.2016001447851          4.373052737265855            3.9779672622770259           5.018945596981859            
37140                        37140.000510192476           31041.929489014954           0.42986111701611662          32.149618165567517           5722.4315043014049           -2077.4563789259764          -2621.0976256159888          3.9130792997567938           4.1586963741347294           5.2469689869193248           
37200                        37200.000511016697           31041.930183459408           0.43055556147010066          32.149618165567517           5942.9293510534626           -1823.0227906765856          -2300.0823297943703          3.4338303405770807           4.3189400738807278           5.449146219223616            
37260                        37260.000511840917           31041.930877903862           0.43125000592408469          32.149618165567517           6134.1527940129599           -1559.6091351666182          -1967.7370088452269          2.9376666025051401           4.4579090136203234           5.6244813847081199           
37320                        37320.000512665138           31041.931572348316           0.43194445037806872          32.149618165567517           6295.1598815003226           -1288.5129673997374          -1625.698769748858           2.4270321491933458           4.5749186432577202           5.7721107961017522           
37380                        37380.000513489358           31041.93226679277            0.43263889483205276          32.149618165567517           6425.1575052327235           -1011.0696858323322          -1275.6524660399982          1.9044423259021968           4.6693925825361005           5.8913072425047188           
37440                        37440.000514313579           31041.932961237224           0.43333333928603679          32.149618165567517           6523.5053071132688           -728.64595430547536          -919.32239835147413          1.3724713691068755           4.7408654602415465           5.9814835715723538           
37500                        37500.000515137799           31041.933655681678           0.43402778374002082          32.149618165567517           6589.7188335847504           -442.63296996605203          -558.46382064455065          0.83373972601030244          4.7889852065851493           6.0421955817815265           
37560                        37560.00051596202            31041.934350126132           0.43472222819400486          32.149618165567517           6623.4719220098623           -154.43961033874299          -194.85429396560409          0.29090114642578413          4.8135147874711519           6.0731442105324707           
37620                        37620.00051678624            31041.935044570586           0.43541667264798889          32.149618165567517           6624.5983073227726           134.51450669414118           169.71506968014961           -0.25337038938640294         4.8143333721083197           6.0741770073077124           
37680                        37680.000517610461           31041.93573901504            0.43611111710197292          32.149618165567517           6593.0924410377847           422.80601581898696           533.44843020589019           -0.79639384253601142         4.7914369282129483           6.0452888846313488           
37740                        37740.000518434681           31041.936433459494           0.43680556155595696          32.149618165567517           6529.1095185807571           709.01481567675808           894.55406561058578           -1.3354943220900861          4.7449382418715604           5.9866221431295701           
37800                        37800.000519258901           31041.937127903948           0.43750000600994099          32.149618165567517           6432.9647148086015           991.7310641708907            1251.2531978610209           -1.8680162613758653          4.6750663619655057           5.898465770568925            
37860                        37860.000520083122           31041.937822348402           0.43819445046392502          32.149618165567517           6305.1316314826499           1269.5621232388667           1601.7887550128521           -2.3913364990938981          4.5821654718941263           5.7812540183252539           
37920                        37920.000520907342           31041.938516792856           0.43888889491790906          32.149618165567517           6146.2399643435556           1541.1394188780621           1944.4340264091702           -2.9028772008048338          4.46669319415434             5.6355642622954845           
37980                        37980.000521731563           31041.93921123731            0.43958333937189309          32.149618165567517           5957.0724012794517           1805.1251826339314           2277.5011683217504           -3.4001185571396517          4.3292183361281236           5.4621141587892401           
38040                        38040.000522555783           31041.939905681764           0.44027778382587712          32.149618165567517           5738.5607668668163           2060.2190413424728           2599.3495181368498           -3.8806111961829459          4.1704180881819441           5.2617581094101711           
38100                        38100.000523380004           31041.940600126218           0.44097222827986116          32.149618165567517           5491.7814322757104           2305.1644226664243           2908.3936761305436           -4.3419882488868424          3.9910746878801682           5.0354830523406662           
38160                        38160.000524204224           31041.941294570672           0.44166667273384519          32.149618165567517           5217.9500131498244           2538.7547448720247           3203.1113150234032           -4.7819770080822597          3.7920715667441582           4.784403600761796            
38220                        38220.000525028445           31041.941989015126           0.44236111718782922          32.149618165567517           4918.4153815791697           2759.839360355993            3482.0506788452499           -5.1984101236561457          3.5743889985379114           4.5097565523562118           
38280                        38280.000525852665           31041.94268345958            0.44305556164181326          32.149618165567517           4594.653021661994            2967.3292236453449           3743.8377341711835           -5.5892362787481167          3.3390992705163889           4.2128947969397741           
38340                        38340.000526676886           31041.943377904034           0.44375000609579729          32.149618165567517           4248.2577613858366           3160.2022559499787           3987.1829385024485           -5.9525302943763849          3.0873614014226134           3.8952806522324619           
38400                        38400.000527501106           31041.944072348488           0.44444445054978132          32.149618165567517           3880.9359166299782           3337.5083798426094           4210.8875924516296           -6.2865026127184276          2.8204154322522665           3.5584786605959944           
38460                        38460.000528325327           31041.944766792942           0.44513889500376536          32.149618165567517           3494.4968859872779           3498.3741992656542           4413.8497444417926           -6.5895081123324113          2.5395763179090123           3.2041478822208709           
38520                        38520.000529149547           31041.945461237396           0.44583333945774939          32.149618165567517           3090.8442378086183           3642.0073018116859           4595.0696188335232           -6.8600542118963865          2.2462274498397878           2.8340337227260335           
38580                        38580.000529973768           31041.94615568185            0.44652778391173342          32.149618165567517           2671.9663333745589           3767.7001620848064           4753.6545407412868           -7.0968082225467821          1.9418138415570712           2.4499593354276938           
38640                        38640.000530797988           31041.946850126304           0.44722222836571746          32.149618165567517           2239.9265323836321           3874.833626915236            4888.8233332798955           -7.2986039125992068          1.6278350106156552           2.0538166406291207           
38700                        38700.000531622209           31041.947544570758           0.44791667281970149          32.149618165567517           1796.8530290043288           3962.8799652592606           4999.9101655805653           -7.464447252314244           1.3058375921068162           1.6475570061696363           
38760                        38760.000532446429           31041.948239015212           0.44861111727368552          32.149618165567517           1344.9283685575699           4031.4054677609588           5086.367832621544            -7.5935213104099732          0.97740772005516852          1.2331816351397127           
38820                        38820.00053327065            31041.948933459666           0.44930556172766956          32.149618165567517           886.37869646966715           4080.072583170464            5147.770450717132            -7.6851902782013797          0.64416321424688727          0.81273170811153184          
38880                        38880.00053409487            31041.94962790412            0.45000000618165359          32.149618165567517           423.46279245457822           4108.6415810949402           5183.8155553872921           -7.7390026015440556          0.30774561097635328          0.3882783284436086           
38940                        38940.000534919091           31041.950322348574           0.45069445063563762          32.149618165567517           -41.539056057771852          4116.9717328916968           5194.3255912739587           -7.7546932051545046          -0.03018792303286915         -0.038087679811889388        
39000                        39000.000535743311           31041.951016793028           0.45138889508962166          32.149618165567517           -506.33628643849585          4105.022004886433            5179.2487867648106           -7.7321847983501799          -0.36797275370131188         -0.46426607114440754         
39060                        39060.000536567532           31041.951711237482           0.45208333954360569          32.149618165567517           -968.63934399157279          4072.8512605019159           5138.659409016167            -7.6715882557773387          -0.70394497945049861         -0.88815752422963623         
39120                        39120.000537391752           31041.952405681935           0.45277778399758972          32.149618165567517           -1426.1709601206744          4020.6179703013599           5072.7573981188025           -7.573202071251222           -1.0364496274515966          -1.3076739830216735          
39180                        39180.000538215972           31041.953100126389           0.45347222845157376          32.149618165567517           -1876.6773699756345          3948.5794313748765           4981.8673822087385           -7.4375108873989415          -1.3638488058917462          -1.7207489423533127          
39240                        39240.000539040193           31041.953794570843           0.45416667290555779          32.149618165567517           -2317.9394143213026          3857.0904999141803           4866.4370783745153           -7.2651831083479141          -1.6845297721006507          -2.125347627378384           
39300                        39300.000539864413           31041.954489015297           0.45486111735954182          32.149618165567517           -2747.7834709418598          3746.6018432188362           4727.0350872379386           -7.0570676072195564          -1.9969128767944548          -2.51947701671304            
39360                        39360.000540688634           31041.955183459751           0.45555556181352586          32.149618165567517           -3164.0921617333356          3617.6577197444844           4564.3480920720112           -6.8141895446468945          -2.2994593453042049          -2.9011956599027395          
39420                        39420.000541512854           31041.955877904205           0.45625000626750989          32.149618165567517           -3564.8147827420626          3470.8932981283897           4379.1774762530031           -6.5377453189136849          -2.5906788574591593          -3.2686232408548954          
39480                        39480.000542337075           31041.956572348659           0.45694445072149392          32.149618165567517           -3947.9774057714762          3307.031528398556            4172.4353757088065           -6.2290966725903356          -2.8691368887870405          -3.61994984012845            
39540                        39540.000543161295           31041.957266793113           0.45763889517547796          32.149618165567517           -4311.6926017975738          3126.8795807786037           3945.1401858088966           -5.8897639846968133          -3.1334617768690607          -3.953444850455055           
39600                        39600.000543985516           31041.957961237567           0.45833333962946199          32.149618165567517           -4654.1687382962282          2931.3248696305568           3698.4115448286429           -5.5214187814348614          -3.3823514780413828          -4.2674655015747263          
39660                        39660.000544809736           31041.958655682021           0.45902778408344602          32.149618165567517           -4973.7188046844467          2721.3306821213232           3433.4648186989848           -5.12587550238106            -3.6145799811600874          -4.5604649523932732          
39720                        39720.000545633957           31041.959350126475           0.45972222853743006          32.149618165567517           -5268.7687224021784          2497.9314331456608           3151.6051142091951           -4.7050825626997881          -3.8290033468358855          -4.830999910600184           
39780                        39780.000546458177           31041.960044570929           0.46041667299141409          32.149618165567517           -5537.8650986998209          2262.2275698795579           2854.2208501532205           -4.2611127554029862          -4.0245653423898125          -5.077737742213345           
39840                        39840.000547282398           31041.960739015383           0.46111111744539812          32.149618165567517           -5779.682385936886           2015.3801510637686           2542.7769180876057           -3.7961530409343558          -4.2003026447725551          -5.2994630360294792          
39900                        39900.000548106618           31041.961433459837           0.46180556189938216          32.149618165567517           -5993.0294111257126          1758.605127719532            2218.8074663906141           -3.3124937743737952          -4.3553495858182121          -5.4950835906443984          
39960                        39960.000548930839           31041.962127904291           0.46250000635336619          32.149618165567517           -6176.8552435561378          1493.1673534692279           1883.9083431676502           -2.8125174233279213          -4.4889424164577916          -5.6636357945514435          
40020                        40020.000549755059           31041.962822348745           0.46319445080735022          32.149618165567517           -6330.2543715977527          1220.3743539666521           1539.7292352286822           -2.298686832081541           -4.6004230688871992          -5.8042893728161848          
40080                        40080.00055057928            31041.963516793199           0.46388889526133426          32.149618165567517           -6452.4711631791597          941.56988612821715           1187.9655418604241           -1.7735330898199007          -4.6892423981576234          -5.9163514769455974          
40140                        40140.0005514035             31041.964211237653           0.46458333971531829          32.149618165567517           -6542.9035879722715          658.1273188917886            830.35002342244456           -1.2396430626819035          -4.7549628872204783          -5.9992700978054101          
40200                        40200.000552227721           31041.964905682107           0.46527778416930232          32.149618165567517           -6601.1061829464988          371.44286810903463           468.64426590556269           -0.69964665106043955         -4.7972608021020511          -6.0526367847737896          
40260                        40260.000553051941           31041.965600126561           0.46597222862328636          32.149618165567517           -6626.7922466846758          82.928718895663039           104.63000349744216           -0.15620383491935388         -4.8159277865916836          -6.0761886577370507          
40320                        40320.000553876162           31041.966294571015           0.46666667307727039          32.149618165567517           -6619.835251651758           -205.99393068167814          -259.89965810024762          0.38800842905919775          -4.810871888588097           -6.0698097020164949          
40380                        40380.000554700382           31041.966989015469           0.46736111753125442          32.149618165567517           -6580.269467459545           -493.90187031559321          -623.14907436986073          0.93030939395337142          -4.7821180130482572          -6.0335313398476114          
40440                        40440.000555524603           31041.967683459923           0.46805556198523846          32.149618165567517           -6508.2897920572395          -779.37688808026917          -983.32890718180852          1.468027727750681            -4.7298077993074834          -5.9675322755966009          
40500                        40500.000556348823           31041.968377904377           0.46875000643922249          32.149618165567517           -6404.2507916794584          -1061.0127564321708          -1338.6649389338229          1.9985146721199416           -4.6541989233752039          -5.8721376154766896          
40560                        40560.000557173043           31041.969072348831           0.46944445089320652          32.149618165567517           -6268.6649542807691          -1337.4221591766109          -1687.4068122076876          2.5191570899870257           -4.5556638286431577          -5.7478172661004372          
40620                        40620.000557997264           31041.969766793285           0.47013889534719056          32.149618165567517           -6102.200165060216           -1607.2435252784949          -2027.8366518925711          3.0273903376431095           -4.4346878912584495          -5.5951836197566074          
40680                        40680.000558821484           31041.970461237739           0.47083333980117459          32.149618165567517           -5905.6764165112354          -1869.1477358544353          -2358.2775273030702          3.5207108979783901           -4.2918670291987286          -5.4149885378138043          
40740                        40740.000559645705           31041.971155682193           0.47152778425515862          32.149618165567517           -5680.0617692029518          -2121.8446713081057          -2677.1017126082179          3.9966887126109931           -4.1279047668269726          -5.2081196471103492          
40800                        40800.000560469925           31041.971850126647           0.47222222870914266          32.149618165567517           -5426.4675831897603          -2364.0895663581719          -2982.738704881232           4.4529791521639268           -3.943608769385671           -4.9755959675740966          
40860                        40860.000561294146           31041.972544571101           0.47291667316312669          32.149618165567517           -5146.1430435388593          -2594.6891416544222          -3273.682960273748           4.887334565725479            -3.7398868645011962          -4.7185628926102199          
40920                        40920.000562118366           31041.973239015555           0.47361111761711072          32.149618165567517           -4840.4690069426269          -2812.5074817782361          -3548.5013102067119          5.2976153526012766           -3.5177425702961211          -4.4382865469831323          
40980                        40980.000562942587           31041.973933460009           0.47430556207109476          32.149618165567517           -4510.9511997268555          -3016.4716306728396          -3805.8400210463683          5.6818005018194846           -3.2782701521376794          -4.1361475499852203          
41040                        41040.000563766807           31041.974627904463           0.47500000652507879          32.149618165567517           -4159.2128007610036          -3205.5768769406618          -4044.4314624899562          6.0379975474723055           -3.0226492323724061          -3.8136342146145288          
41100                        41100.000564591028           31041.975322348917           0.47569445097906282          32.149618165567517           -3786.9864458063907          -3378.8917029728773          -4263.1003518131311          6.3644518908545882           -2.7521389795989797          -3.472335216261663           
41160                        41160.000565415248           31041.976016793371           0.47638889543304686          32.149618165567517           -3396.1056926883784          -3535.5623735320592          -4460.769543220481           6.6595554434794151           -2.4680719061024958          -3.1139317670194449          
41220                        41220.000566239469           31041.976711237825           0.47708333988703089          32.149618165567517           -2988.4959893343434          -3674.8171411850049          -4636.4653337812188          6.9218545483958334           -2.1718473040034683          -2.7401893341640258          
41280                        41280.000567063689           31041.977405682279           0.47777778434101492          32.149618165567517           -2566.1651891682227          -3795.9700478700393          -4789.3222598134216          7.1500571407889746           -1.8649243524546151          -2.3529489436015756          
41340                        41340.00056788791            31041.978100126733           0.47847222879499895          32.149618165567517           -2131.1936605820633          -3898.4243038726231          -4918.5873600902642          7.343039112589973            -1.5488149298388185          -1.9541181111190866          
41400                        41400.00056871213            31041.978794571187           0.47916667324898299          32.149618165567517           -1685.7240392045146          -3981.6752275646722          -5023.6238848679213          7.4998498497441304           -1.2250761663748067          -1.5456614461112412          
41460                        41460.000569536351           31041.979489015641           0.47986111770296702          32.149618165567517           -1231.9506734457952          -4045.3127314266635          -5103.9144324648987          7.619716914861181            -0.89530277381584367         -1.1295909740686485          
41520                        41520.000570360571           31041.980183460095           0.48055556215695105          32.149618165567517           -772.10881530956226          -4089.0233421065941          -5159.0634979420856          7.7020498521812826           -0.56111919002473454         -0.70795622549810877         
41580                        41580.000571184792           31041.980877904549           0.48125000661093509          32.149618165567517           -308.46360971688171          -4112.5917445651139          -5188.7994213290931          7.7464430961137687           -0.22417157712033547         -0.28283414009610991         
41640                        41640.000572009012           31041.981572349003           0.48194445106491912          32.149618165567517           156.7010634199591            -4115.9018427005285          -5192.9757257999336          7.7526779690214402           0.11388028738790763          0.14368116409318984          
41700                        41700.000572833233           31041.982266793457           0.48263889551890315          32.149618165567517           621.09383941074577           -4098.9373312290772          -5171.5718392063955          7.7207237584094468           0.45137118653377101          0.56948870613917746          
41760                        41760.000573657453           31041.982961237911           0.48333333997288719          32.149618165567517           1082.4271558700534           -4061.7817760034968          -5124.6931954148195          7.6507378682126266           0.78663866662240178          0.99249099149203723          
41820                        41820.000574481674           31041.983655682365           0.48402778442687122          32.149618165567517           1538.4285210701121           -4004.6182023741776          -5052.5707149471455          7.5430650434360764           1.1180312263468062           1.4106043440763669           
41880                        41880.000575305894           31041.984350126819           0.48472222888085525          32.149618165567517           1986.8517080567919           -3927.7281936206405          -4955.5596674845383          7.398235671968294            1.44391645195374             1.8217691703160708           
41940                        41940.000576130114           31041.985044571273           0.48541667333483929          32.149618165567517           2425.4878193873742           -3831.4905038944021          -4834.1379218368056          7.2169631719320417           1.7626890583857995           2.2239601045307538           
42000                        42000.000576954335           31041.985739015727           0.48611111778882332          32.149618165567517           2852.1761679860815           -3716.3791925057262          -4688.903591998127           7.0001404774426534           2.0727787967896902           2.6151959857281817           
42060                        42060.000577778555           31041.986433460181           0.48680556224280735          32.149618165567517           3264.8149205191116           -3582.9612887446519          -4520.5720908844432          6.7488356400846161           2.3726581894389018           2.9935496166479192           
42120                        42120.000578602776           31041.987127904635           0.48750000669679139          32.149618165567517           3661.3714508607709           -3431.8939987391909          -4329.9726062655373          6.4642865677732413           2.6608500539691629           3.357157256983855            
42180                        42180.000579426996           31041.987822349089           0.48819445115077542          32.149618165567517           4039.8923526503145           -3263.9214681095004          -4118.0440162511422          6.147894926917405            2.9359347798628939           3.7042278040227536           
42240                        42240.000580251217           31041.988516793543           0.48888889560475945          32.149618165567517           4398.5130616184451           -3079.8711163649218          -3885.830264451014           5.8012192379207388           3.1965573213392546           4.0330516154757072           
42300                        42300.000581075437           31041.989211237997           0.48958334005874349          32.149618165567517           4735.4670402846514           -2880.649561100392           -3634.4752175906096          5.42596719803241             3.4414338722033606           4.3420089310419545           
42360                        42360.000581899658           31041.989905682451           0.49027778451272752          32.149618165567517           5049.0944797822385           -2667.2381520692898          -3365.2170309133166          5.0239872693644099           3.6693581897749041           4.6295778512210521           
42420                        42420.000582723878           31041.990600126905           0.49097222896671155          32.149618165567517           5337.8504759466314           -2440.688137131528           -3079.3820491248539          4.5972595735121997           3.8792075367449574           4.8943418340704241           
42480                        42480.000583548099           31041.991294571359           0.49166667342069559          32.149618165567517           5600.312639392062            -2202.1154838890657          -2778.3782729232967          4.1478861376310681           4.0699482116918944           5.1349966729798586           
42540                        42540.000584372319           31041.991989015813           0.49236111787467962          32.149618165567517           5835.1881020901365           -1952.6953825170374          -2463.6884232980974          3.6780805400152423           4.2406406410135027           5.3503569210909641           
42600                        42600.00058519654            31041.992683460267           0.49305556232866365          32.149618165567517           6041.319885936322            -1693.6564568691408          -2136.8626377627902          3.1901570061848625           4.3904440071928432           5.5393617307153935           
42660                        42660.00058602076            31041.993377904721           0.49375000678264769          32.149618165567517           6217.6926019333241           -1426.2747123729137          -1799.5108344992013          2.686519009192613            4.5186203905993869           5.7010800789873421           
42720                        42720.000586844981           31041.994072349175           0.49444445123663172          32.149618165567517           6363.4374519176172           -1151.8672505270888          -1453.2947820267793          2.1696474303039941           4.624538404423209            5.834715354009151            
42780                        42780.000587669201           31041.994766793629           0.49513889569061575          32.149618165567517           6477.8365081910797           -871.78578096293415          -1099.9199134612243          1.642088338370828            4.7076763048369186           5.9396092788990345           
42840                        42840.000588493422           31041.995461238082           0.49583334014459979          32.149618165567517           6560.3262499764969           -587.40996302864528          -741.12692568473813          1.1064404480958134           4.7676245610647952           6.0152451544113434           
42900                        42900.000589317642           31041.996155682536           0.49652778459858382          32.149618165567517           6610.5003392767139           -300.14060969561768          -378.68320480973574          0.56534231896775911          4.8040878726992737           6.0612504041565343           
42960                        42960.000590141863           31041.99685012699            0.49722222905256785          32.149618165567517           6628.1116224637208           -11.392787263640011          -14.374120173493743          0.021459357924523904         4.816886624327597            6.0773984098832265           
43020                        43020.000590966083           31041.997544571444           0.49791667350655189          32.149618165567517           6613.0733477380454           277.41115514469573           350.00577025115103           -0.52252931023247573         4.8059577703032339           6.0636096277819318           
43080                        43080.000591790304           31041.998239015898           0.49861111796053592          32.149618165567517           6565.459592461315            564.8485919641962            712.6615597076019            -1.0639440399968729          4.7713551453038008           6.0199519803116237           
43140                        43140.000592614524           31041.998933460352           0.49930556241451995          32.149618165567517           6485.5048982569842           849.50362892900387           1071.8068342253857           -1.6001178648809113          4.7132491991456602           5.9466405216190381           
43200                        43200.000593438745           31041.999627904806           0.50000000686850399          32.149618165567517           6373.6031156766885           1129.9740776566807           1425.672472355235            -2.1284096346831558          4.6319261571614803           5.844036378198803            
43260                        43260.000594262965           31042.00032234926            0.50069445132248802          32.149618165567517           6230.3054641233302           1404.8783627181876           1772.5153597225715           -2.6462170255871982          4.5277866102767259           5.7126449700126649           
43320                        43320.000595087186           31042.001016793714           0.50138889577647205          32.149618165567517           6056.3178165875288           1672.8623271700692           2110.626975472177            -3.1509893590046349          4.4013435417301654           5.5531135208304043           
43380                        43380.000595911406           31042.001711238168           0.50208334023045609          32.149618165567517           5852.4972225726515           1932.6059030253298           2438.3418083078977           -3.6402401660177204          4.2532198001586838           5.3662278700563117           
43440                        43440.000596735626           31042.002405682622           0.50277778468444012          32.149618165567517           5619.8476863361984           2182.8296138047867           2754.045560670646            -4.1115594355301939          4.0841450314937537           5.1529086017459322           
43500                        43500.000597559847           31042.003100127076           0.50347222913842415          32.149618165567517           5359.5152212435696           2422.3008771378422           3056.1831006415396           -4.5626254857928865          3.8949520847828136           4.9142065098812164           
43560                        43560.000598384067           31042.00379457153            0.50416667359240819          32.149618165567517           5072.7822045961311           2649.840076366545            3343.2661223997384           -4.9912164008259028          3.6865729096402005           4.6512974222417967           
43620                        43620.000599208288           31042.004489015984           0.50486111804639222          32.149618165567517           4761.0610607412327           2864.3263712447151           3613.8804775001759           -5.3952209754024345          3.4600339655364429           4.3654764083695854           
43680                        43680.000600032508           31042.005183460438           0.50555556250037625          32.149618165567517           4425.8873035806591           3064.703219109073            3866.6931408578616           -5.7726491146800925          3.2164511655394401           4.0581514001578096           
43740                        43740.000600856729           31042.005877904892           0.50625000695436029          32.149618165567517           4068.9119727496163           3249.9835793255243           4100.4587771248853           -6.1216416372520017          2.9570243794142215           3.7308362564889221           
43800                        43800.000601680949           31042.006572349346           0.50694445140834432          32.149618165567517           3691.8935007249861           3419.2547753738859           4314.0258751146457           -6.4404794333285444          2.6830315231586064           3.3851433060845353           
43860                        43860.00060250517            31042.0072667938             0.50763889586232835          32.149618165567517           3296.689050924901            3571.6829906208359           4506.3424200556374           -6.7275919329373561          2.3958222640892521           3.0227754053005946           
43920                        43920.00060332939            31042.007961238254           0.50833334031631239          32.149618165567517           2885.24536946742             3706.5173756352365           4676.4610757336677           -6.9815648424277903          2.0968113724863193           2.6455175499905552           
43980                        43980.000604153611           31042.008655682708           0.50902778477029642          32.149618165567517           2459.5891956518662           3823.093746813538            4823.5438509957594           -7.2011471111704992          1.7874717525460497           2.2552280827558344           
44040                        44040.000604977831           31042.009350127162           0.50972222922428045          32.149618165567517           2021.8172784000265           3920.837858096103            4946.8662276288242           -7.3852570941346993          1.4693271869702476           1.8538295388959276           
44100                        44100.000605802052           31042.010044571616           0.51041667367826449          32.149618165567517           1574.0860478354384           3999.2682296582489           5045.8207292795414           -7.5329878799867416          1.143944830932216            1.4432991761503369           
44160                        44160.000606626272           31042.01073901607            0.51111111813224852          32.149618165567517           1118.6009928777662           4057.9985196421021           5119.9199138352251           -7.6436117584642025          0.81292749239330853          1.0256592348820592           
44220                        44220.000607450493           31042.011433460524           0.51180556258623255          32.149618165567517           657.60579717738699           4096.739427246278            5168.7987745254386           -7.7165838050195505          0.47790573679664505          0.60296697668018218          
44280                        44280.000608274713           31042.012127904978           0.51250000704021659          32.149618165567517           193.37128690573689           4115.3001177989281           5192.2165379166972           -7.7515445650757124          0.14052985502964696          0.17730455045068269          
44340                        44340.000609098934           31042.012822349432           0.51319445149420062          32.149618165567517           -271.81575515627702          4113.5891627943811           5190.0578499435387           -7.7483218246711392          -0.19753826577941913         -0.24923126408575247         
44400                        44400.000609923154           31042.013516793886           0.51388889594818465          32.149618165567517           -735.66385413086994          4091.6149902627744           5162.3333441335772           -7.7069314587722531          -0.53463332858706658         -0.67453938496614818         
44460                        44460.000610747375           31042.01421123834            0.51458334040216869          32.149618165567517           -1195.8881306688718          4049.4858432542392           5109.1795892275968           -7.6275773530746234          -0.86909482955719275         -1.096524777750175           
44520                        44520.000611571595           31042.014905682794           0.51527778485615272          32.149618165567517           -1650.2215560861673          3987.4092466421375           5030.8584164526392           -7.5106503996780187          -1.1992752375727176          -1.5131087754954538          
44580                        44580.000612395816           31042.015600127248           0.51597222931013675          32.149618165567517           -2096.4261195691543          3905.6909848718092           4927.7556297619212           -7.3567265715825796          -1.5235481098446284          -1.9222393181078574          
44640                        44640.000613220036           31042.016294571702           0.51666667376412079          32.149618165567517           -2532.3038524404551          3804.7335956903739           4800.3791053948235           -7.1665640854910091          -1.8403161036415694          -2.3219010606285604          
44700                        44700.000614044257           31042.016989016156           0.51736111821810482          32.149618165567517           -2955.7076551802024          3685.0343872773815           4649.3562901183777           -6.941099666892578           -2.1480188446748354          -2.7101253006652115          
44760                        44760.000614868477           31042.01768346061            0.51805556267208885          32.149618165567517           -3364.551873869842           3547.1829885437155           4475.4311104737099           -6.6814439358268318          -2.445140613379718           -3.0849996760654852          
44820                        44820.000615692697           31042.018377905064           0.51875000712607289          32.149618165567517           -3756.8225739597297          3391.8584446658379           4279.4603082522644           -6.3888759360564089          -2.7302178112311726          -3.4446775850630327          
44880                        44880.000616516918           31042.019072349518           0.51944445158005692          32.149618165567517           -4130.5874607527421          3219.8258721625225           4062.4092202529228           -6.0648368345978003          -3.0018461703153516          -3.7873872824929196          
44940                        44940.000617341138           31042.019766793972           0.52013889603404095          32.149618165567517           -4484.0053977363696          3031.9326899908906           3825.3470231086912           -5.7109228226456707          -3.258687670643186           -4.1114406072693317          
45000                        45000.000618165359           31042.020461238426           0.52083334048802499          32.149618165567517           -4815.3354758767719          2829.1044452271176           3569.4414666064481           -5.3288772528602557          -3.4994771311318886          -4.4152412981346592          
45060                        45060.000618989579           31042.02115568288            0.52152778494200902          32.149618165567517           -5122.9455892000788          2612.3402538941273           3295.9531214431145           -4.9205820517489034          -3.7230284417877253          -4.6972928567172225          
45120                        45120.0006198138             31042.021850127334           0.52222222939599305          32.149618165567517           -5405.3204744184122          2382.7078793944456           3006.2291697532819           -4.4880484494437374          -3.9282404063907985          -4.9562059191648613          
45180                        45180.00062063802            31042.022544571788           0.52291667384997709          32.149618165567517           -5661.0691749979724          2141.3384727914363           2701.6967689956969           -4.0334070725397808          -4.114102166901243           -5.1907051000422948          
45240                        45240.000621462241           31042.023239016242           0.52361111830396112          32.149618165567517           -5888.9318929018063          1889.4210008479004           2383.8560218875646           -3.5588974487955065          -4.2796981828666407          -5.3996352747797136          
45300                        45300.000622286461           31042.023933460696           0.52430556275794515          32.149618165567517           -6087.7861942561221          1628.1963892690644           2054.2725870162508           -3.0668569753947588          -4.4242127413024575          -5.5819672697258023          
45360                        45360.000623110682           31042.02462790515            0.52500000721192919          32.149618165567517           -6256.6525383714943          1358.9514099999064           1714.5699665278894           -2.5597094051115881          -4.546933974830222           -5.7368029317764231          
45420                        45420.000623934902           31042.025322349604           0.52569445166591322          32.149618165567517           -6394.6991028834645          1083.0123426874909           1366.4215088831697           -2.0399529070942211          -4.6472573682803962          -5.8633795526063341          
45480                        45480.000624759123           31042.026016794058           0.52638889611989725          32.149618165567517           -6501.2458812442574          801.73844153146865           1011.5421660740819           -1.5101477610798013          -4.7246887364866765          -5.9610736257105801          
45540                        45540.000625583343           31042.026711238512           0.52708334057388129          32.149618165567517           -6575.7680323816849          516.51523970451444           651.68004590493558           -0.97290374565724091         -4.7788466586033493          -6.0294039177486241          
45600                        45600.000626407564           31042.027405682966           0.52777778502786532          32.149618165567517           -6617.8984660251044          228.74772432460833           288.60780095044316           -0.43086728270261965         -4.8094643569544697          -6.0680338390620241          
45660                        45660.000627231784           31042.02810012742            0.52847222948184935          32.149618165567517           -6627.4296509632914          -60.146584401296877          -75.88610339180714           0.11329159868738234          -4.8163910111597401          -6.0767731016887021          
45720                        45720.000628056005           31042.028794571874           0.52916667393583339          32.149618165567517           -6604.314637326911           -348.74461577061589          -440.00619874160441          0.6568924145493652           -4.7995925010639127          -6.0555786567065093          
45780                        45780.000628880225           31042.029489016328           0.52986111838981742          32.149618165567517           -6548.6672878598902          -635.62475851978172          -801.95885807251136          1.1972574299069418           -4.7591515748099704          -6.004554906288833           
45840                        45840.000629704446           31042.030183460782           0.53055556284380145          32.149618165567517           -6460.7617170404674          -919.37386356980949          -1159.9611309778966          1.7317248490831794           -4.6952674412282551          -5.9239531894276967          
45900                        45900.000630528666           31042.030877905236           0.53125000729778549          32.149618165567517           -6341.0309408147841          -1198.5942050878089          -1512.2495263447738          2.2576619274972978           -4.6082547885494405          -5.8141705438575872          
45960                        45960.000631352887           31042.03157234969            0.53194445175176952          32.149618165567517           -6190.0647435942919          -1471.9103655747913          -1857.0886991726875          2.7724779403579567           -4.4985422342749422          -5.6757477502787257          
46020                        46020.000632177107           31042.032266794144           0.53263889620575355          32.149618165567517           -6008.6067730240138          -1737.9760110643745          -2192.7799987470607          3.2736369443703381           -4.3666702138407558          -5.5093666685137652          
46080                        46080.000633001328           31042.032961238598           0.53333334065973759          32.149618165567517           -5797.5508768325881          -1995.4805230582897          -2517.6698360593591          3.7586702695938987           -4.2132883184748966          -5.3158468787197739          
46140                        46140.000633825548           31042.033655683052           0.53402778511372162          32.149618165567517           -5557.9366998084561          -2243.1554545302952          -2830.157829256837           4.2251886799168306           -4.0391520953619553          -5.0961416442007028          
46200                        46200.000634649768           31042.034350127506           0.53472222956770565          32.149618165567517           -5290.9445625911967          -2479.7807781967208          -3128.7046869979977          4.6708941422457304           -3.8451193258769365          -4.8513332157070996          
46260                        46260.000635473989           31042.03504457196            0.53541667402168969          32.149618165567517           -4997.8896475046486          -2704.1908962751645          -3411.8397908809989          5.0935911464363617           -3.6321458002215015          -4.5826275003538246          
46320                        46320.000636298209           31042.035739016414           0.53611111847567372          32.149618165567517           -4680.215520071959           -2915.2803821277344          -3678.1684395945326          5.4911975202043761           -3.4012806092764065          -4.2913481214161999          
46380                        46380.00063712243            31042.036433460868           0.53680556292965775          32.149618165567517           -4339.4870181250353          -3112.0094255059512          -3926.3787191070851          5.8617546857426639           -3.1536609768621182          -3.9789298982655699          
46440                        46440.00063794665            31042.037127905322           0.53750000738364179          32.149618165567517           -3977.3825435361559          -3293.408954574466           -4155.2479650525283          6.2034373075219946           -2.8905066578634866          -3.6469117785616554          
46500                        46500.000638770871           31042.037822349776           0.53819445183762582          32.149618165567517           -3595.6857945420102          -3458.5854094829001          -4363.6487854788948          6.5145622837506405           -2.6131139298128607          -3.2969292575170885          
46560                        46560.000639595091           31042.03851679423            0.53888889629160985          32.149618165567517           -3196.2769793860903          -3606.7251439715742          -4550.5546142926851          6.7935970372017778           -2.3228492075286598          -2.9307063215762952          
46620                        46620.000640419312           31042.039211238683           0.53958334074559389          32.149618165567517           -2781.1235545603877          -3737.098433329164           -4715.0447680429124          7.0391670645686686           -2.0211423122631547          -2.5500469561935066          
46680                        46680.000641243532           31042.039905683137           0.54027778519957792          32.149618165567517           -2352.2705332690516          -3849.0630689593695          -4856.3089811355685          7.250062707160148            -1.7094794285151447          -2.1568262595419272          
46740                        46740.000642067753           31042.040600127591           0.54097222965356195          32.149618165567517           -1911.830411853756           -3942.0675218501024          -4973.6513971383729          7.4252451095844423           -1.3893957832017028          -1.7529812059272212          
46800                        46800.000642891973           31042.041294572045           0.54166667410754599          32.149618165567517           -1461.9727638024433          -4015.6536593621172          -5066.493996514977           7.563851337069317            -1.0624680832508078          -1.3405011044040307          
46860                        46860.000643716194           31042.041989016499           0.54236111856153002          32.149618165567517           -1004.9135526005114          -4069.4590019544676          -5134.3794439038511          7.6651986262110956           -0.73030674886670555         -0.92141779959562142         
46920                        46920.000644540414           31042.042683460953           0.54305556301551405          32.149618165567517           -542.90421606851226          -4103.2185087302805          -5176.9733409164046          7.7287877482136089           -0.39454798072630792         -0.49779566298665723         
46980                        46980.000645364635           31042.043377905407           0.54375000746949809          32.149618165567517           -78.220575956064408          -4116.7658830074315          -5194.0658733572172          7.7543054680501031           -0.056845700183012271        -0.071721423991203681        
47040                        47040.000646188855           31042.044072349861           0.54444445192348212          32.149618165567517           386.84837257756101           -4110.0343914829446          -5185.5728447523034          7.7416260874343834           0.28113659782014611          0.35470610911267131          
47100                        47100.000647013076           31042.044766794315           0.54513889637746615          32.149618165567517           850.01173637403622           -4083.0571929560219          -5151.5360910943346          7.6908120640007365           0.61773403899609081          0.77938638774783675          
47160                        47160.000647837296           31042.045461238769           0.54583334083145019          32.149618165567517           1308.988009035965            -4035.9671749903955          -5092.1232747618324          7.6021137036425133           0.95128857075384043          1.2002274701756106           
47220                        47220.000648661517           31042.046155683223           0.54652778528543422          32.149618165567517           1761.5163094484262           -3968.9962993206041          -5007.627058627435           7.4759679275249251           1.2801571296355092           1.6151563262366646           
47280                        47280.000649485737           31042.046850127677           0.54722222973941825          32.149618165567517           2205.3675187019894           -3882.4744592266939          -4898.4636644235516          7.3129961198456783           1.6027197349180089           2.0221290489349708           
47340                        47340.000650309958           31042.047544572131           0.54791667419340229          32.149618165567517           2638.3552605576028           -3776.8278545057947          -4765.1708224667418          7.114001066945141            1.9173874685110133           2.4191409225633311           
47400                        47400.000651134178           31042.048239016585           0.54861111864738632          32.149618165567517           3058.3466713644375           -3652.576892045357           -4608.4051228403896          6.8799630028438088           2.2226103018428298           2.8042362977756889           
47460                        47460.000651958399           31042.048933461039           0.54930556310137035          32.149618165567517           3463.272906378917            -3510.3336223396441          -4428.9387810834369          6.6120347806864279           2.5168847311795486           3.1755182249624037           
47520                        47520.000652782619           31042.049627905493           0.55000000755535439          32.149618165567517           3851.139330731638            -3350.7987245770078          -4227.6558343171973          6.3115361938778207           2.7987611837664965           3.531157798475216            
47580                        47580.000653606839           31042.050322349947           0.55069445200933842          32.149618165567517           4220.0353448422702           -3174.7580551491783          -4005.5477865478942          5.9799474748841153           3.0668511583099156           3.8694031656730057           
47640                        47640.00065443106            31042.051016794401           0.55138889646332245          32.149618165567517           4568.1437958831966           -2983.0787765843143          -3763.7087245956577          5.6189020037237301           3.3198340646254163           4.1885881564104803           
47700                        47700.00065525528            31042.051711238855           0.55208334091730649          32.149618165567517           4893.7499289318248           -2776.7050859724227          -3503.3299287086948          5.2301782620655306           3.5564637287616332           4.4871404904616083           
47760                        47760.000656079501           31042.052405683309           0.55277778537129052          32.149618165567517           5195.2498337188008           -2556.653563924554           -3225.6940044102334          4.8156910725676507           3.7755745315553519           4.763589522448668            
47820                        47820.000656903721           31042.053100127763           0.55347222982527455          32.149618165567517           5471.1583453641824           -2324.0081669764663          -2932.1685644843301          4.3774821666112675           3.9760871503800694           5.0165734861260267           
47880                        47880.000657727942           31042.053794572217           0.55416667427925859          32.149618165567517           5720.1163601831422           -2079.9148881037463          -2624.1994922225717          3.9177101268920076           4.1570138758045916           5.2448462023338394           
47940                        47940.000658552162           31042.054489016671           0.55486111873324262          32.149618165567517           5940.897530524082            -1825.5761116503224          -2303.3038191164096          3.4386397544108891           4.317463476972196            5.4472832175788257           
48000                        48000.000659376383           31042.055183461125           0.55555556318722665          32.149618165567517           6132.4143056610073           -1562.2446904775002          -1971.0622520790305          2.9426309122422696           4.4566455917339383           5.6228873430039847           
48060                        48060.000660200603           31042.055877905579           0.55625000764121069          32.149618165567517           6293.7232889830393           -1291.2177745090494          -1629.1113870071033          2.4321269010334552           4.5738746199105851           5.7707935664626637           
48120                        48120.000661024824           31042.056572350033           0.55694445209519472          32.149618165567517           6424.0298850921627           -1013.8304210724307          -1279.1356470377727          1.909642423497377            4.6685731005053261           5.8902733135005523           
48180                        48180.000661849044           31042.057266794487           0.55763889654917875          32.149618165567517           6522.6922139177868           -731.44901851113286          -922.85898521242154          1.3777511971842913           4.7402745562313333           5.9807380362562803           
48240                        48240.000662673265           31042.057961238941           0.55833334100316279          32.149618165567517           6589.2242725676424           -445.46455546287649          -562.03639241921883          0.83907327655102038          4.7886257913422945           6.0417421126020194           
48300                        48300.000663497485           31042.058655683395           0.55902778545714682          32.149618165567517           6623.2983293399056           -157.28576895869958          -198.44525244568041          0.29626214677822899          4.8133886314469532           6.0729850412431405           
48360                        48360.000664321706           31042.059350127849           0.55972222991113085          32.149618165567517           6624.746538103841            131.6677949051485            166.12341327444656           -0.24800834708942562         4.8144410967374576           6.0743129219639886           
48420                        48420.000665145926           31042.060044572303           0.56041667436511489          32.149618165567517           6593.5617650966851           419.97277353992172           529.87376809226839           -0.79105717129423303         4.7917780028523485           6.0457192137283027           
48480                        48480.000665970147           31042.060739016757           0.56111111881909892          32.149618165567517           6529.8976240639877           706.20899923683385           891.01400629420482           -1.3302093099274097          4.7455109864143061           5.9873447668998292           
48540                        48540.000666794367           31042.061433461211           0.56180556327308295          32.149618165567517           6434.067719570372            988.96649480178974           1247.7651793963744           -1.8628089418476224          4.6758679551169067           5.8994771294244828           
48600                        48600.000667618588           31042.062127905665           0.56250000772706699          32.149618165567517           6306.5441022080349           1266.8524189924347           1598.3699591052805           -2.3862325230475987          4.5831919650692026           5.782549130391728            
48660                        48660.000668442808           31042.062822350119           0.56319445218105102          32.149618165567517           6147.9549433125621           1538.4979275448561           1941.1012937791293           -2.8979017100261015          4.4679395309282368           5.637136747952427            
48720                        48720.000669267029           31042.063516794573           0.56388889663503505          32.149618165567517           5959.0814406402087           1802.5649159930497           2274.2709157487398           -3.3952960605057618          4.3306783771436574           5.4639562720956585           
48780                        48780.000670091249           31042.064211239027           0.56458334108901909          32.149618165567517           5740.8539702490316           2057.7526110665494           2596.2376575916496           -3.8759654489340183          4.1720846413916064           5.2638607762604259           
48840                        48840.00067091547            31042.064905683481           0.56527778554300312          32.149618165567517           5494.3475035394149           2302.8039781975185           2905.4155363940936           -4.3375421356093922          3.9929395439735802           5.0378359151627965           
48900                        48900.00067173969            31042.065600127935           0.56597222999698715          32.149618165567517           5220.7763120292611           2536.5119135744276           3200.2815661784234           -4.7777524299815237          3.7941255395864948           4.7869950695381061           
48960                        48960.00067256391            31042.066294572389           0.56666667445097119          32.149618165567517           4921.4879859477714           2757.7251902407379           3479.3832600125711           -5.1944278906724488          3.5766219704200739           4.5125738617147952           
49020                        49020.000673388131           31042.066989016843           0.56736111890495522          32.149618165567517           4597.9567961116718           2965.3541289485779           3741.3457848467337           -5.5855160070487484          3.3415002419940487           4.2159240690357356           
49080                        49080.000674212351           31042.067683461297           0.56805556335893925          32.149618165567517           4251.7764317828114           3158.3759658332383           3984.8787338331213           -5.9490903097279055          3.0899185454986187           3.8985069651090911           
49140                        49140.000675036572           31042.068377905751           0.56875000781292329          32.149618165567517           3884.6521502799051           3335.839890467752            4208.7824827688746           -6.2833598602153691          2.8231161526354906           3.561886121689148            
49200                        49200.000675860792           31042.069072350205           0.56944445226690732          32.149618165567517           3498.3923770147103           3496.8717294804533           4411.9540993507753           -6.5866780729270715          2.5424073110627052           3.2077197066445025           
49260                        49260.000676685013           31042.069766794659           0.57013889672089135          32.149618165567517           3094.8997973303376           3640.6782526644442           4593.3927761332543           -6.8575508261408729          2.2491747705137524           2.8377523159532227           
49320                        49320.000677509233           31042.070461239113           0.57083334117487539          32.149618165567517           2676.1619840224985           3766.5510803673656           4752.2047604273694           -7.0946438219229488          1.9448629714808692           2.4538063799599077           
49380                        49380.000678333454           31042.071155683567           0.57152778562885942          32.149618165567517           2244.2416067118261           3873.8701729139984           4887.6077568564306           -7.2967891587747422          1.6309709300144737           2.0577731862267745           
49440                        49440.000679157674           31042.071850128021           0.57222223008284345          32.149618165567517           1801.2662712951305           3962.1068848730624           4998.9347808816619           -7.4629910846241341          1.309044853687692            1.6516035631994883           
49500                        49500.000679981895           31042.072544572475           0.57291667453682749          32.149618165567517           1349.4180395256512           4030.8265691231368           5085.6374443157201           -7.5924309018220333          0.98067052509914798          1.2372982705792652           
49560                        49560.000680806115           31042.073239016929           0.57361111899081152          32.149618165567517           890.92268034802942           4079.690717890297            5147.2886566398847           -7.6844709999827732          0.64746549043227475          0.81689814373753888          
49620                        49620.000681630336           31042.073933461383           0.57430556344479555          32.149618165567517           428.03870593508816           4108.4586302108437           5183.5847288184486           -7.7386579968028686          0.31107109154970497          0.392474040721011            
49680                        49680.000682454556           31042.074627905837           0.57500000789877959          32.149618165567517           -36.953753565963375          4116.9885976053729           5194.3468692470942           -7.7547249713866595          -0.026855619127991108        -0.033883358632639166        
49740                        49740.000683278777           31042.075322350291           0.57569445235276362          32.149618165567517           -501.76418177577131          4105.2386021236307           5179.5220644662995           -7.7325927790777111          -0.36465004113254101         -0.4600738512196319          
49800                        49800.000684102997           31042.076016794745           0.57638889680674765          32.149618165567517           -964.10295898684308          4073.266523321633            5139.1833403014934           -7.6723704413191927          -0.70064822563929974         -0.88399805610582782         
49860                        49860.000684927218           31042.076711239199           0.57708334126073169          32.149618165567517           -1421.6926406506184          4021.2298531515257           5073.5294021435511           -7.5743546086227767          -1.0331950719486314          -1.3035677559125225          
49920                        49920.000685751438           31042.077405683653           0.57777778571471572          32.149618165567517           -1872.2791758906621          3949.3849201685707           4982.8836561416456           -7.4390280992915221          -1.3606524803821205          -1.7167161832114461          
49980                        49980.000686575659           31042.078100128107           0.57847223016869975          32.149618165567517           -2313.6430107804636          3858.0856268767907           4867.6926161299079           -7.2670575210947552          -1.6814074214330896          -2.1214082012589888          
50040                        50040.000687399879           31042.078794572561           0.57916667462268379          32.149618165567517           -2743.6100216919649          3747.7817064330075           4728.5237041353284           -7.0592899876105069          -1.9938798814234155          -2.5156503289201511          
50100                        50100.0006882241             31042.079489017015           0.57986111907666782          32.149618165567517           -3160.0622248580066          3619.0165072965801           4566.0624553013349           -6.816748945410481           -2.2965306455269636          -2.8975005604002426          
50160                        50160.00068904832            31042.080183461469           0.58055556353065185          32.149618165567517           -3560.9482093942197          3472.4243167375189           4381.109140995477            -6.540629132642521           -2.587868879821078           -3.2650779314130802          
50220                        50220.000689872541           31042.080877905923           0.58125000798463589          32.149618165567517           -3944.293242388123           3308.7272363871512           4174.5748267354402           -6.2322906938442131          -2.8664594750175385          -3.6165717846635159          
50280                        50280.000690696761           31042.081572350377           0.58194445243861992          32.149618165567517           -4308.2089962785367          3128.7316252221331           3947.4768843517659           -5.8932524799775861          -3.1309301156983356          -3.9502506890032341          
50340                        50340.000691520981           31042.082266794831           0.58263889689260395          32.149618165567517           -4650.9028506090208          2933.3241275033752           3700.9339804940273           -5.5251845666884378          -3.3799780402337705          -4.2644709683247664          
50400                        50400.000692345202           31042.082961239284           0.58333334134658799          32.149618165567517           -4970.6867223356312          2723.4673052359813           3436.1605661666636           -5.129900027644684           -3.6123764580840443          -4.5576847981810555          
50460                        50460.000693169422           31042.083655683738           0.58402778580057202          32.149618165567517           -5265.9853811915536          2500.1948966643022           3154.4608944386118           -4.7093460034777177          -3.8269805928732308          -4.8284478302472751          
50520                        50520.000693993643           31042.084350128192           0.58472223025455605          32.149618165567517           -5535.3442091478528          2264.6067241584474           2857.2225957949854           -4.2655941103203912          -4.0227333214678911          -5.0754263070673646          
50580                        50580.000694817863           31042.085044572646           0.58541667470854009          32.149618165567517           -5777.4363657477606          2017.8632765755597           2545.9098427781623           -3.8008302351884597          -4.1986703812827164          -5.2974036320386384          
50640                        50640.000695642084           31042.0857390171             0.58611111916252412          32.149618165567517           -5991.0693240186911          1761.1799927827431           2222.0561375886978           -3.3173437684726004          -4.3539251201623683          -5.4932863622712063          
50700                        50700.000696466304           31042.086433461554           0.58680556361650815          32.149618165567517           -6175.1907447665581          1495.8212745005419           1887.256758173781            -2.8175163265809529          -4.4877327654420212          -5.6621095948018896          
50760                        50760.000697290525           31042.087127906008           0.58750000807049219          32.149618165567517           -6328.8936603160819          1223.0942579592556           1543.1609000132044           -2.3038100202835148          -4.5994341911575205          -5.8030417196305164          
50820                        50820.000698114745           31042.087822350462           0.58819445252447622          32.149618165567517           -6451.42094216243            944.3423750484036            1191.463552311805            -1.7787553265476195          -4.6884791648481601          -5.9153885161655344          
50880                        50880.000698938966           31042.088516794916           0.58888889697846025          32.149618165567517           -6542.1690305268339          660.93873567662547           833.89714861560174           -1.2449386236069031          -4.754429057958637           -5.9985965729002197          
50940                        50940.000699763186           31042.08921123937            0.58958334143244429          32.149618165567517           -6600.6909074447058          374.27936393998039           472.22303298004738           -0.70498945066501206         -4.7969590064889056          -6.0522560134743202          
51000                        51000.000700587407           31042.089905683824           0.59027778588642832          32.149618165567517           -6626.6982987410756          85.776321416762613           108.22278372738114           -0.16156755499176167         -4.8158595112487488          -6.0761025156928543          
51060                        51060.000701411627           31042.090600128278           0.59097223034041235          32.149618165567517           -6620.0630940465553          -203.14924853706492          -256.31056246843281          0.38265020978327674          -4.8110374698343605          -6.0700186135565284          
51120                        51120.000702235848           31042.091294572732           0.59166667479439639          32.149618165567517           -6580.8179778589729          -491.0741212285605           -619.58134293970704          0.92498306964176724          -4.7825166352434874          -6.0340342758900167          
51180                        51180.000703060068           31042.091989017186           0.59236111924838042          32.149618165567517           -6509.1562685421068          -776.58000132099801          -979.80011431847197          1.4627595354591314           -4.7304374988700184          -5.9683267587178896          
51240                        51240.000703884289           31042.09268346164            0.59305556370236445          32.149618165567517           -6405.4309660545723          -1058.2605092454378          -1335.1924671941335          1.9933305625504143           -4.6550565984544026          -5.8732197321153317          
51300                        51300.000704708509           31042.093377906094           0.59375000815634849          32.149618165567517           -6270.1530130997344          -1334.7281089161581          -1684.0077667150388          2.5140825996565956           -4.5567452543988569          -5.749181685834758           
51360                        51360.00070553273            31042.094072350548           0.59444445261033252          32.149618165567517           -6103.9887782620217          -1604.620942624573           -2024.5277760784243          3.0224504630930773           -4.435987740672215           -5.5968236215620291          
51420                        51420.00070635695            31042.094766795002           0.59513889706431655          32.149618165567517           -5907.7567735275588          -1866.6095394434697          -2355.0751204301232          3.5159299726432867           -4.2933788993143143          -5.4168960431700839          
51480                        51480.000707181171           31042.095461239456           0.59583334151830059          32.149618165567517           -5682.4236223583239          -2119.4033640965094          -2674.0215494815129          3.9920902869539825           -4.1296212102907832          -5.2102852597957341          
51540                        51540.000708005391           31042.09615568391            0.59652778597228462          32.149618165567517           -5429.0992981808113          -2361.7571740337635          -2979.7959581427108          4.4485858776690792           -3.945521331131852           -4.9780090199503828          
51600                        51600.000708829612           31042.096850128364           0.59722223042626865          32.149618165567517           -5149.0316567439968          -2592.4771533988292          -3270.8921256630065          4.8831680833183215           -3.7419861234006149          -4.7212114981706916          
51660                        51660.000709653832           31042.097544572818           0.59791667488025269          32.149618165567517           -4843.6002892797951          -2810.4267936720885          -3545.8761351561152          5.2936961860473142           -3.5200181855641186          -4.4411576589045696          
51720                        51720.000710478052           31042.098239017272           0.59861111933423672          32.149618165567517           -4514.3097267448966          -3014.5324920225298          -3803.3934369622857          5.6781479566257262           -3.2807109142719573          -4.1392270253955221          
51780                        51780.000711302273           31042.098933461726           0.59930556378822075          32.149618165567517           -4162.7820286192791          -3203.7888397910688          -4042.1755210536667          6.034629615789858            -3.0252431183701516          -3.8169068842593941          
51840                        51840.000712126493           31042.09962790618            0.60000000824220479          32.149618165567517           -3790.7487927684638          -3377.2635750547356          -4261.0461656151801          6.3613851628507225           -2.7548732121812449          -3.4757849592271439          
51900                        51900.000712950714           31042.100322350634           0.60069445269618882          32.149618165567517           -3400.0426257282502          -3534.1021748757794          -4458.9272310209417          6.6568050256157134           -2.4709330166540657          -3.1175415901423054          
51960                        51960.000713774934           31042.101016795088           0.60138889715017285          32.149618165567517           -2992.5881154286881          -3673.532064614621           -4634.8439706654681          6.9194339890149372           -2.174821198918206           -2.7439414557387374          
52020                        52020.000714599155           31042.101711239542           0.60208334160415689          32.149618165567517           -2570.3923508249063          -3794.8664235719298          -4787.9298324889842          7.1479783633765193           -1.8679963825594565          -2.3568248809715935          
52080                        52080.000715423375           31042.102405683996           0.60277778605814092          32.149618165567517           -2135.5350351343654          -3897.5075682135107          -4917.4307275449128          7.3413123570404242           -1.5519699625544514          -1.9580987717209726          
52140                        52140.000716247596           31042.10310012845            0.60347223051212495          32.149618165567517           -1690.158241381949           -3980.9498963125006          -5022.7087445828483          7.4984836219198705           -1.2282986602575683          -1.5497272215231324          
52200                        52200.000717071816           31042.103794572904           0.60416667496610899          32.149618165567517           -1236.4558607162742          -4044.782377506282           -5103.2452923493565          7.6187179446933042           -0.89857685511365659         -1.1337218365998025          
52260                        52260.000717896037           31042.104489017358           0.60486111942009302          32.149618165567517           -776.66279547399802          -4088.6905779998106          -5158.6436541277917          7.7014230605184677           -0.56442873086995837         -0.71213182684374099         
52320                        52320.000718720257           31042.105183461812           0.60555556387407705          32.149618165567517           -313.04395022622117          -4112.4582094418156          -5188.6309419337458          7.7461915704825808           -0.22750027497438219         -0.28703391157154473         
52380                        52380.000719544478           31042.105877906266           0.60625000832806109          32.149618165567517           152.11692496376224           -4115.9681943442592          -5193.0594407398175          7.7528029484174095           0.11054882942954897          0.13947791023279185          
52440                        52440.000720368698           31042.10657235072            0.60694445278204512          32.149618165567517           616.52848411412549           -4099.2032427968452          -5171.9073361082837          7.721224627193874            0.44805337897166886          0.56530267479261043          
52500                        52500.000721192919           31042.107266795174           0.60763889723602915          32.149618165567517           1077.9030723150734           -4062.2459376357806          -5125.2788216472918          7.6516121591451691           0.78335085271634319          0.98834280272134378          
52560                        52560.000722017139           31042.107961239628           0.60833334169001319          32.149618165567517           1533.9679945374744           -4005.2783276471869          -5053.4035857613226          7.5443084498281836           1.1147896016101821           1.4065144315340279           
52620                        52620.00072284136            31042.108655684082           0.60902778614399722          32.149618165567517           1982.4767107502928           -3928.5810308090659          -4956.6356802241262          7.3998420688976214           1.4407369843757145           1.8177576805904403           
52680                        52680.00072366558            31042.109350128536           0.60972223059798125          32.149618165567517           2421.2199022005516           -3832.5318519891562          -4835.4517761474535          7.2189246464133321           1.7595874097742503           2.2200467979055398           
52740                        52740.000724489801           31042.11004457299            0.61041667505196529          32.149618165567517           2848.0363543442022           -3717.6039219077816          -4690.4488159365674          7.0024473674064787           2.0697702456223732           2.6114001388448438           
52800                        52800.000725314021           31042.110739017444           0.61111111950594932          32.149618165567517           3260.8236028194297           -3584.3633665330485          -4522.3410727987684          6.7514765819719766           2.3697575556028623           2.9898899275504411           
52860                        52860.000726138242           31042.111433461898           0.61180556395993335          32.149618165567517           3657.5482900211782           -3433.46651838873            -4331.9566322896053          6.4672485525115739           2.6580716257591379           3.3536517530136489           
52920                        52920.000726962462           31042.112127906352           0.61250000841391739          32.149618165567517           4036.2561812611998           -3265.6566835117419          -4120.2333132283957          6.1511633640022358           2.9332922435982924           3.7008937530173887           
52980                        52980.000727786683           31042.112822350806           0.61319445286790142          32.149618165567517           4395.0817911748409           -3081.7604799849114          -3888.2140480762864          5.8047780272873855           3.1940636939464229           4.0299054407089017           
53040                        53040.000728610903           31042.11351679526            0.61388889732188545          32.149618165567517           4732.2575729555901           -2882.6837660811502          -3637.0417455327556          5.4297988093636151           3.439101437095228            4.3390661303238067           
53100                        53100.000729435124           31042.114211239714           0.61458334177586948          32.149618165567517           5046.1226251520238           -2669.4071780766526          -3367.9536606570218          5.0280728284433236           3.6671984363438441           4.6268529205570514           
53160                        53160.000730259344           31042.114905684168           0.61527778622985352          32.149618165567517           5335.1308731380414           -2442.9812997135327          -3082.2753002466748          4.6015789551952935           3.8772311037669511           4.8918481962552676           
53220                        53220.000731083564           31042.115600128622           0.61597223068383755          32.149618165567517           5597.858684955193            -2204.5214871067196          -2781.4138934951702          4.1524180649829994           4.0681648349207542           5.1327466114778133           
53280                        53280.000731907785           31042.116294573076           0.61666667513782158          32.149618165567517           5833.0118840120513           -1955.2023745872291          -2466.8514600912149          3.6828026891173846           4.2390591052233058           5.3483615195284822           
53340                        53340.000732732005           31042.11698901753            0.61736111959180562          32.149618165567517           6039.4321240965628           -1696.2520885455945          -2140.137509906031           3.1950461161011696           4.3890721029048319           5.5376308182840406           
53400                        53400.000733556226           31042.117683461984           0.61805556404578965          32.149618165567517           6216.1025952986211           -1428.9461977776039          -1802.8814102292861          2.6915509965511593           4.5174648757064606           5.6996221820259789           
53460                        53460.000734380446           31042.118377906438           0.61875000849977368          32.149618165567517           6362.1530327359324           -1154.6014301324756          -1456.7444581520651          2.1747975079297852           4.6236049709010913           5.8335376540038464           
53520                        53520.000735204667           31042.119072350892           0.61944445295375772          32.149618165567517           6476.8640034105529           -874.56918641476398          -1103.4316971477263          1.6473311373854771           4.7069695507059155           5.9387175771076306           
53580                        53580.000736028887           31042.119766795346           0.62013889740774175          32.149618165567517           6559.6704500793858           -590.2288834900047           -744.68351816149789          1.1117501428826433           4.7671479677403132           6.0146438432869189           
53640                        53640.000736853108           31042.1204612398             0.62083334186172578          32.149618165567517           6610.1644746818656           -302.98115938544396          -382.26708658120776          0.57069275438676847          4.8038437878426485           6.060942445710519            
53700                        53700.000737677328           31042.121155684254           0.62152778631570982          32.149618165567517           6628.0973476137797           -14.240973856986775          -17.967637319207945          0.026824178150551832         4.8168762502816849           6.0773853210947628           
