0                            0                            50000.5                      0                            32.149618165567517           6628.1369999999997           0                            0                            0                            4.8169050670943001           6.077421678863729            
60                           60.000000195577741           50000.500694444447           0.0006944444467080757        32.149618165567517           6611.8121585397821           288.7769880775333            364.3458825228733            -0.54393789720703567         4.8050412188441465           6.0624532276391481           
120                          120.00000039115548           50000.501388888893           0.0013888888934161514        32.149618165567517           6562.9180490475674           576.13148336479264           726.8970258094065            -1.0851963990014208          4.7695081144795086           6.017621607381944            
180                          180.00000058673322           50000.50208333334            0.0020833333401242271        32.149618165567517           6481.6955200712327           860.64800015940102           1085.8675313679501           -1.6211093084621235          4.7104807872851087           5.9431476551367037           
240                          240.00000078231096           50000.502777777787           0.0027777777868323028        32.149618165567517           6368.5446674170498           1140.9250324184136           1439.4891386474205           -2.1490367606366161          4.6282500012443277           5.8393982237501083           
300                          300.0000009778887            50000.503472222234           0.0034722222335403785        32.149618165567517           6224.0228633091183           1415.5819574671427           1786.0199353500652           -2.6663782263085443          4.5232208187586442           5.7068843747825868           
360                          360.00000117346644           50000.50416666668            0.0041666666802484542        32.149618165567517           6048.8420108175187           1683.2658368381506           2123.7529379547973           -3.1705853220006537          4.3959106053420101           5.5462588610591554           
420                          420.00000136904418           50000.504861111127           0.0048611111269565299        32.149618165567517           5843.8650370796304           1942.6580807400119           2451.0245001841167           -3.6591743631118896          4.2469464811189166           5.3583129112602128           
480                          480.00000156462193           50000.505555555574           0.0055555555736646056        32.149618165567517           5610.1016425887537           2192.4809433271862           2766.22250799517             -4.12973859835291            4.0770622316798546           5.1439723323911233           
540                          540.00000176019967           50000.50625000002            0.0062500000203726813        32.149618165567517           5348.7033274886708           2431.5038167758248           3067.7943207270605           -4.5799600652141423          3.88709469351106             4.9042929493295331           
600                          600.00000195577741           50000.506944444467           0.006944444467080757         32.149618165567517           5060.9577193742789           2658.5492931613735           3354.2544192869518           -5.0076210080672725          3.6779796318036229           4.640455403914852            
660                          660.00000215135515           50000.507638888914           0.0076388889137888327        32.149618165567517           4748.28223053906             2872.4989642776486           3624.1917237005864           -5.4106148026554974          3.4507471309475677           4.3537593391991605           
720                          720.00000234693289           50000.50833333336            0.0083333333604969084        32.149618165567517           4412.2170759133123           3072.298930827928            3876.2765439815475           -5.7869563331593614          3.2065165204169479           4.0456169975074907           
780                          780.00000254251063           50000.509027777807           0.0090277778072049841        32.149618165567517           4054.4176860862258           3256.9649938502134           4109.2671300798238           -6.1347917707215656          2.9464908610406648           3.7175462638429102           
840                          840.00000273808837           50000.509722222254           0.0097222222539130598        32.149618165567517           3676.6465527846576           3425.5875028041137           4322.0157886451489           -6.4524077052624902          2.6719510188191959           3.3711631889040747           
900                          900.00000293366611           50000.510416666701           0.010416666700621136         32.149618165567517           3280.7645469771451           3577.3358364380474           4513.4745364744131           -6.738239585603842           2.3842493554791564           3.0081740285462497           
960                          960.00000312924385           50000.511111111147           0.011111111147329211         32.149618165567517           2868.7217523694903           3711.4624943643712           4682.7002627947149           -6.9908794263250273          2.0848030668455171           2.6303668388988188           
1020                         1020.0000033248216           50000.511805555594           0.011805555594037287         32.149618165567517           2442.547859445398            3827.306779187651            4828.8593749530473           -7.209082743388886           1.7750872018461412           2.2396026685410506           
1080                         1080.0000035203993           50000.512500000041           0.012500000040745363         32.149618165567517           2004.3421673703715           3924.298051048208            4951.2319046283092           -7.3917746843724323          1.45662739653648             1.8378063911227875           
1140                         1140.0000037159771           50000.513194444487           0.013194444487453438         32.149618165567517           1556.2632430087006           4001.9585385492974           5049.2150543387834           -7.5380553231055796          1.1309923589360356           1.4269572235878434           
1200                         1200.0000039115548           50000.513888888934           0.013888888934161514         32.149618165567517           1100.5182879924184           4059.9056922215354           5122.3261667752486           -7.6472040926368514          0.79978614169571638          1.009078976706596            
1260                         1260.0000041071326           50000.514583333381           0.01458333338086959          32.149618165567517           639.35226621920401           4097.8540689315741           5170.2051023330114           -7.7186833346896737          0.46464024066030979          0.58623008594289017          
1320                         1320.0000043027103           50000.515277777828           0.015277777827577665         32.149618165567517           175.03684533632722           4115.6167379525841           5192.6160131313609           -7.7521409481248504          0.12720555824792867          0.16049347176241496          
1380                         1380.000004498288            50000.515972222274           0.015972222274285741         32.149618165567517           -290.14079331598055          4113.1062017703543           5189.4485047817188           -7.7474121233631692          -0.21085572876579256         -0.26603372067011566         
1440                         1440.0000046938658           50000.516666666721           0.016666666720993817         32.149618165567517           -753.88922118039261          4090.3348270891797           5160.7181801817414           -7.7045201542244586          -0.54787835700010679         -0.69125045186353429         
1500                         1500.0000048894435           50000.517361111168           0.017361111167701893         32.149618165567517           -1213.9240498798094          4047.4147839144493           5106.5665626566697           -7.623676323184049           -0.8822021794259377          -1.1130621375559391          
1560                         1560.0000050850213           50000.518055555614           0.018055555614409968         32.149618165567517           -1667.9791839353068          3984.5574930119951           5027.2603988265291           -7.5052788606118854          -1.212180343119915           -1.5293909664724588          
1620                         1620.000005280599            50000.518750000061           0.018750000061118044         32.149618165567517           -2113.8179833747013          3902.0725844659887           4923.1903446332071           -7.3499109831209575          -1.5361874015326873          -1.9381861354606005          
1680                         1680.0000054761767           50000.519444444508           0.01944444450782612          32.149618165567517           -2549.2442812456002          3800.3663724654311           4794.8690409999272           -7.1583380206880118          -1.8526273213111177          -2.3374339515857021          
1740                         1740.0000056717545           50000.520138888955           0.020138888954534195         32.149618165567517           -2972.113201761535           3679.9398538323344           4642.9285886022717           -6.9315036466981308          -2.1599413442333812          -2.7251677514243666          
1800                         1800.0000058673322           50000.520833333401           0.020833333401242271         32.149618165567517           -3380.3417257918277          3541.3862401506749           4468.1174341898432           -6.6705252294836548          -2.4566156655296885          -3.0994775886942123          
1860                         1860.00000606291             50000.521527777848           0.021527777847950347         32.149618165567517           -3771.9189516504293          3385.3880356526643           4271.2966837962867           -6.3766883282554359          -2.7411888907658328          -3.4585196424994344          
1920                         1920.0000062584877           50000.522222222295           0.022222222294658422         32.149618165567517           -4144.9160006398797          3212.7136752564438           4053.4358609985152           -6.0514403605390035          -3.0122592345575354          -3.8005252998478993          
1980                         1980.0000064540654           50000.522916666741           0.022916666741366498         32.149618165567517           -4497.4955185564622          3024.2137393159542           3815.6081311196258           -5.6963834723093827          -3.2684914256552822          -4.1238098677000057          
2040                         2040.0000066496432           50000.523611111188           0.023611111188074574         32.149618165567517           -4827.9207263528779          2820.8167637288352           3558.9850149006998           -5.3132666459456974          -3.5086232843857581          -4.4267808716344437          
2100                         2100.0000068452209           50000.524305555635           0.02430555563478265          32.149618165567517           -5134.5639753755959          2603.5246660414346           3284.8306176815331           -4.9039770848811681          -3.731471940049905           -4.7079459002522714          
2160                         2160.0000070407987           50000.525000000081           0.025000000081490725         32.149618165567517           -5415.9147650344385          2373.4078100815677           2994.4954025168963           -4.4705309173870411          -3.9359396576511947          -4.9659199566783965          
2220                         2220.0000072363764           50000.525694444528           0.025694444528198801         32.149618165567517           -5670.5871834099971          2131.5997334302688           2689.4095379014589           -4.0150632652828815          -4.1210192452521124          -5.1994322809475335          
2280                         2280.0000074319541           50000.526388888975           0.026388888974906877         32.149618165567517           -5897.3267341470291          1879.2915637045837           2371.075852871978            -3.539817726493975           -4.2857990153226302          -5.4073326096681162          
2340                         2340.0000076275319           50000.527083333422           0.027083333421614952         32.149618165567517           -6095.0165160050974          1617.7261511563677           2041.0624341893501           -3.0471353232639502          -4.4294672756414641          -5.5885968421295251          
2400                         2400.0000078231096           50000.527777777868           0.027777777868323028         32.149618165567517           -6262.6827246264647          1348.1919464894386           1700.9949020662339           -2.5394429704628436          -4.5513163276282818          -5.7423320849418547          
2460                         2460.0000080186874           50000.528472222315           0.028472222315031104         32.149618165567517           -6399.4994494199718          1072.0166540524824           1352.5484024894067           -2.0192415207948282          -4.6507459524113992          -5.8677810503587127          
2520                         2520.0000082142651           50000.529166666762           0.029166666761739179         32.149618165567517           -6504.7927419318185          790.5606916715825            997.43935558203702           -1.4890934457939733          -4.7272663674588502          -5.9643257866172483          
2580                         2580.0000084098428           50000.529861111208           0.029861111208447255         32.149618165567517           -6578.043935662783           505.21048933872669           637.41700065280281           -0.95161021329047923         -4.7805006392087241          -6.0314907219200666          
2640                         2640.0000086054206           50000.530555555655           0.030555555655155331         32.149618165567517           -6618.8922009787084          217.3716597664237            274.2547795802754            -0.40943942352499968         -4.8101865398143229          -6.0689450070645936          
2700                         2700.0000088009983           50000.531250000102           0.031250000101863407         32.149618165567517           -6627.1363225289724          -71.53792555025538           -90.258399022657457          0.13474823272245168          -4.8161778388579632          -6.0765041451802908          
2760                         2760.0000089965761           50000.531944444549           0.031944444548571482         32.149618165567517           -6602.7356904175267          -360.09512065743809          -454.3269718322889           0.67827212974578388          -4.7984450236705385          -6.0541309005457764          
2820                         2820.0000091921538           50000.532638888995           0.032638888995279558         32.149618165567517           -6545.8105002440525          -646.87851544778027          -816.15756561817261          1.2184549114647749           -4.7570754447086214          -6.0019354820090571          
2880                         2880.0000093877316           50000.533333333442           0.033333333441987634         32.149618165567517           -6456.6411610298719          -930.47543741515403          -1173.9678312589763          1.7526356798711009           -4.6922728852729554          -5.9201750001073989          
2940                         2940.0000095833093           50000.534027777889           0.034027777888695709         32.149618165567517           -6335.6669139451005          -1209.4889103685955          -1525.9952234544367          2.2781831024031889           -4.6043565576879111          -5.8092522005609784          
3000                         3000.000009778887            50000.534722222335           0.034722222335403785         32.149618165567517           -6183.4836686411008          -1482.5445358274369          -1870.5056828852476          2.792508373684004            -4.4937595308866092          -5.6697134803790696          
3060                         3060.0000099744648           50000.535416666782           0.035416666782111861         32.149618165567517           -6000.841067846286           -1748.2972632004069          -2205.8021780532385          3.2930779677732569           -4.3610265971473359          -5.5022461963512264          
3120                         3120.0000101700425           50000.536111111229           0.036111111228819937         32.149618165567517           -5788.6387946848463          -2005.4380153993341          -2530.2330647254107          3.777426118117448            -4.2068115884895079          -5.3076752791816659          
3180                         3180.0000103656203           50000.536805555676           0.036805555675528012         32.149618165567517           -5547.922140908252           -2252.7001372501895          -2842.2002218038701          4.2431669637224783           -4.0318741559484383          -5.0869591699453283          
3240                         3240.000010561198            50000.537500000122           0.037500000122236088         32.149618165567517           -5279.8768578700838          -2488.8656349371145          -3140.1669235449876          4.6880063017177536           -3.8370760275939291          -4.8411850988823248          
3300                         3300.0000107567757           50000.538194444569           0.038194444568944164         32.149618165567517           -4985.8233156078823          -2712.7711757444126          -3422.6654093498655          5.1097528884195516           -3.6233767637253904          -4.5715637297870613          
3360                         3360.0000109523535           50000.538888889016           0.038888889015652239         32.149618165567517           -4667.2099988039199          -2923.3138185422467          -3688.3041138379094          5.5063292332255251           -3.3918290301530867          -4.2794231963733615          
3420                         3420.0000111479312           50000.539583333462           0.039583333462360315         32.149618165567517           -4325.6063716632771          -3119.4564467881291          -3935.774521588733           5.8757818321704294           -3.1435734128489252          -3.9662025599919741          
3480                         3480.000011343509            50000.540277777909           0.040277777909068391         32.149618165567517           -3962.6951468562888          -3300.2328772816504          -4163.8576127864753          6.2162907907334262           -2.8798327995094333          -3.6334447209272445          
3540                         3540.0000115390867           50000.540972222356           0.040972222355776466         32.149618165567517           -3580.2639966079278          -3464.752619507135           -4371.4298680157817          6.5261787884957236           -2.6019063557068938          -3.2827888181913498          
3600                         3600.0000117346644           50000.541666666802           0.041666666802484542         32.149618165567517           -3180.1967467646587          -3612.2052621200655          -4557.4688026303147          6.8039193414893857           -2.3111631253016491          -2.9159621552541046          
3660                         3660.0000119302422           50000.542361111249           0.042361111249192618         32.149618165567517           -2764.4640972160919          -3741.8644649697949          -4721.0580034319137          7.0481443215376105           -2.0090352866394392          -2.5347716914815668          
3720                         3720.0000121258199           50000.543055555696           0.043055555695900694         32.149618165567517           -2335.1139143819232          -3853.091536994149           -4861.3916428501216          7.2576506955468121           -1.6970110977532151          -2.141095141195946           
3780                         3780.0000123213977           50000.543750000143           0.043750000142608769         32.149618165567517           -1894.2611435825895          -3945.3385823614999          -4977.7784483855785          7.431406451553265            -1.3766275653208182          -1.7368717242021492          
3840                         3840.0000125169754           50000.544444444589           0.044444444589316845         32.149618165567517           -1444.0773909845284          -4018.1511993626505          -5069.6451077641341          7.5685556823330851           -1.0494628734906508          -1.3240926133431423          
3900                         3900.0000127125531           50000.545138889036           0.045138889036024921         32.149618165567517           -986.78022643855275          -4071.1707187580096          -5136.5390930281346          7.6684228015340645           -0.71712860987036575         -0.90479112613872459         
3960                         3960.0000129081309           50000.545833333483           0.045833333482732996         32.149618165567517           -524.62225990472223          -4104.1359705541299          -5178.1308896536402          7.7305158715610576           -0.38126182697272715         -0.48103270882292659         
4020                         4020.0000131037086           50000.546527777929           0.046527777929441072         32.149618165567517           -59.880045272384805          -4116.8845705066115          -5194.2156197131253          7.7545290268219782           -0.043516978223353153        -0.054904762117886113        
4080                         4080.0000132992864           50000.547222222376           0.047222222376149148         32.149618165567517           405.15713376569789           -4109.3537200121464          -5184.7140510880772          7.7403439803977117           0.29444223174707695          0.37149364113836514          
4140                         4140.0000134948641           50000.547916666823           0.047916666822857223         32.149618165567517           868.1985405452408            -4081.580515449516           -5149.6729877601956          7.6880306067142019           0.63095104238132449          0.79606209586003895          
4200                         4200.0000136904418           50000.54861111127            0.048611111269565299         32.149618165567517           1326.9632694195461           -4033.7017654457381          -5089.265039258652           7.5978465973465168           0.9643518376755047           1.2167092111442801           
4260                         4260.0000138860196           50000.549305555716           0.049305555716273375         32.149618165567517           1779.1914813217954           -3965.9533169675015          -5003.7877703990871          7.4702361916503497           1.2930023114654909           1.6313629122986932           
4320                         4320.0000140815973           50000.550000000163           0.050000000162981451         32.149618165567517           2222.6555355550204           -3878.6688935575103          -4893.6622355026739          7.3058279884738138           1.6152835572982487           2.0379806477187361           
4380                         4380.0000142771751           50000.55069444461            0.050694444609689526         32.149618165567517           2655.1709629754291           -3772.2784514384903          -4759.4309043155581          7.1054318497288209           1.92960804303803             2.4345594503366961           
4440                         4440.0000144727528           50000.551388889056           0.051388889056397602         32.149618165567517           3074.6072265160483           -3647.3060615825634          -4601.7549898454436          6.8700349110748311           2.2344274309251397           2.8191458040803439           
4500                         4500.0000146683306           50000.552083333503           0.052083333503105678         32.149618165567517           3478.8982160451874           -3504.367328178751           -4421.4111912781864          6.6007967193660368           2.5282402045662824           3.1898452667398605           
4560                         4560.0000148639083           50000.55277777795            0.052777777949813753         32.149618165567517           3866.052425862872            -3344.1663562150279          -4219.2878680185313          6.2990435208145144           2.809599065286525            3.544831801841557            
4620                         4620.000015059486            50000.553472222397           0.053472222396521829         32.149618165567517           4234.1627647016967           -3167.4922831123868          -3996.3806637013718          5.9662617280054162           3.077118061409045            3.8823567735602986           
4680                         4680.0000152550638           50000.554166666843           0.054166666843229905         32.149618165567517           4581.4159499088119           -2975.215391495803           -3753.7876017293083          5.6040905979451878           3.3294794153443643           4.2007575603624137           
4740                         4740.0000154506415           50000.55486111129            0.05486111128993798          32.149618165567517           4906.1014395340244           -2768.2828222502967          -3492.7036764954983          5.2143141572101337           3.5654400148593828           4.498465744948934            
4800                         4800.0000156462193           50000.555555555737           0.055555555736646056         32.149618165567517           5206.6198583252644           -2547.7139089792281          -3214.414966935019           4.7988524139714581           3.7838375365507249           4.7740148401561893           
4860                         4860.000015841797            50000.556250000183           0.056250000183354132         32.149618165567517           5481.490876125612            -2314.59515684693            -2920.2923014009179          4.3597519001856231           3.9835961713586445           5.0260475127565245           
4920                         4920.0000160373747           50000.55694444463            0.056944444630062208         32.149618165567517           5729.3604998635328           -2070.0748905394976          -2611.7845050712826          3.8991755905384751           4.1637319239180668           5.2533222695753166           
4980                         4980.0000162329525           50000.557638889077           0.057638889076770283         32.149618165567517           5949.0077432165263           -1815.3575977074679          -2290.4112631500598          3.4193922478016083           4.3233574596425584           5.4547195729889513           
5040                         5040.0000164285302           50000.558333333523           0.058333333523478359         32.149618165567517           6139.3506410939744           -1551.6979957541341          -1957.7556350169582          2.9227652470849326           4.4616864756649042           5.629247355679345            
5100                         5100.000016624108            50000.55902777797            0.059027777970186435         32.149618165567517           6299.4515793123091           -1280.3948511960461          -1615.4562562011233          2.4117409340362714           4.5780375741033401           5.7760459074797268           
5160                         5160.0000168196857           50000.559722222417           0.05972222241689451          32.149618165567517           6428.5219132089187           -1002.7845820410304          -1265.1992665910639          1.8888365743346043           4.6718376185740764           5.8943921102394832           
5220                         5220.0000170152634           50000.560416666864           0.060416666863602586         32.149618165567517           6525.9258524439001           -720.23467469791728          -908.71000464182896          1.3566279538367969           4.7426245574161561           5.9837029998474387           
5280                         5280.0000172108412           50000.56111111131            0.061111111310310662         32.149618165567517           6591.1835928533965           -434.13694784576421          -547.74450849312257          0.8177366904585277           4.7900496997216973           6.0435386378673428           
5340                         5340.0000174064189           50000.561805555757           0.061805555757018737         32.149618165567517           6623.9736799272659           -145.90069644422277          -184.0808658631787           0.27481732029008876          4.8138794329599488           6.0736042786400919           
5400                         5400.0000176019967           50000.562500000204           0.062500000203726813         32.149618165567517           6624.1345922687888           143.05425034288109           180.48954467185692           -0.26945577844016377         4.813996373734291            6.0737518211777273           
5460                         5460.0000177975744           50000.56319444465            0.063194444650434889         32.149618165567517           6591.6655372363921           431.30452311462932           544.17087786826937           -0.81240155914317169         4.7903999460036459           6.0439805386972827           
5520                         5520.0000179931521           50000.563888889097           0.063888889097142965         32.149618165567517           6526.7264548481444           717.43022363902628           905.17166800757047           -1.3513455134943568          4.7432063839200014           5.9844370822008575           
5580                         5580.0000181887299           50000.564583333544           0.06458333354385104          32.149618165567517           6429.6372299297709           1000.0219191603053           1261.7136535160967           -1.8836328458518288          4.6726481592681006           5.8954147580842919           
5640                         5640.0000183843076           50000.565277777991           0.065277777990559116         32.149618165567517           6300.8761163870931           1277.6875851541211           1612.0405365420274           -2.4066415505714636          4.5790728363276676           5.7773520833328647           
5700                         5700.0000185798854           50000.565972222437           0.065972222437267192         32.149618165567517           6141.0773813648075           1549.0594623311608           1954.4266343408294           -2.9177953278010196          4.4629413597990277           5.6308306254210185           
5760                         5760.0000187754631           50000.566666666884           0.066666666883975267         32.149618165567517           5951.0281808962854           1812.8007941121095           2287.1853798530869           -3.4145762741311194          4.3248257842256725           5.4565721375566145           
5820                         5820.0000189710408           50000.567361111331           0.067361111330683343         32.149618165567517           5731.6646824347008           2067.6124113856981           2608.6776296015332           -3.8945372855899247          4.1654064560984576           5.2554350033812307           
5880                         5880.0000191666186           50000.568055555777           0.068055555777391419         32.149618165567517           5484.0674533655938           2312.2391321138316           2917.3197379832395           -4.3553141118853391          3.9854686625221505           5.0284100086396952           
5940                         5940.0000193621963           50000.568750000224           0.068750000224099495         32.149618165567517           5209.4561382166939           2545.4759442598493           3211.5913581836235           -4.7946370025164864          3.7858987629527596           4.7766154606472204           
6000                         6000.0000195577741           50000.569444444671           0.06944444467080757          32.149618165567517           4909.1834507846497           2766.173941583289            3490.0429312855986           -5.2103418873866252          3.5676798230603821           4.5012916795952913           
6060                         6060.0000197533518           50000.570138889118           0.070138889117515646         32.149618165567517           4584.7285107729767           2973.2459830619014           3751.3028266830879           -5.6003810368426903          3.3318867722248307           4.2037948888317098           
6120                         6120.0000199489295           50000.570833333564           0.070833333564223722         32.149618165567517           4237.6895577644373           3165.672048063047            3994.0840986257904           -5.9628331486309252          3.0796811085178297           3.8855905342107553           
6180                         6180.0000201445073           50000.571527778011           0.071527778010931797         32.149618165567517           3869.7760784182183           3342.5042608853146           4217.1908256129973           -6.2959128120810748          2.8123051772546259           3.5482460654218784           
6240                         6240.000020340085            50000.572222222458           0.072222222457639873         32.149618165567517           3482.8003856727537           3502.8715599198758           4419.5240014090887           -6.5979793028992839          2.5310760512984243           3.193423214855482            
6300                         6300.0000205356628           50000.572916666904           0.072916666904347949         32.149618165567517           3078.6686914343527           3645.9839884316352           4600.0869486620359           -6.8675446652472667          2.237379043262778            2.8228698120395177           
6360                         6360.0000207312405           50000.573611111351           0.073611111351056024         32.149618165567517           2659.3717167268837           3771.1365858241411           4757.990228457862            -7.1032810412960457          1.9326608815703272           2.4384111739683441           
6420                         6420.0000209268183           50000.574305555798           0.0743055557977641           32.149618165567517           2226.9748855561729           3877.7128602201824           4892.4560216269501           -7.3040272121494514          1.6184225839820723           2.0419411137343944           
6480                         6480.000021122396            50000.575000000244           0.075000000244472176         32.149618165567517           1783.6081507933693           3965.1878252524193           5002.821960220268            -7.4687943179173102          1.2962120637016361           1.6354126117534451           
6540                         6540.0000213179737           50000.575694444691           0.075694444691180252         32.149618165567517           1331.4555021941874           4033.1305861050409           5088.5443902819143           -7.5967707287617028          0.96761650447624414          1.2208281955362885           
6600                         6600.0000215135515           50000.576388889138           0.076388889137888327         32.149618165567517           872.74420823669345           4081.2064620678298           5149.2010498458676           -7.6873260429218639          0.63425454225409306          0.800230075395301            
6660                         6660.0000217091292           50000.577083333585           0.077083333584596403         32.149618165567517           409.73384477149693           4109.1786351470864           5184.4931489653036           -7.7400141920238195          0.29776829191064258          0.37569008467664544          
6720                         6720.000021904707            50000.577777778031           0.077777778031304479         32.149618165567517           -55.294835471635977          4116.9093166124876           5194.2468415284329           -7.754575638378193           -0.040184741680444572        -0.050700525928268472        
6780                         6780.0000221002847           50000.578472222478           0.078472222478012554         32.149618165567517           -520.05113769281695          4104.3604257335664           5178.4140816108165           -7.73093865344251            -0.3779398283862907          -0.47684138971964279         
6840                         6840.0000222958624           50000.579166666925           0.07916666692472063          32.149618165567517           -982.24570880492706          4071.5937773623996           5137.072860145815            -7.6692196711503708          -0.71383321314484527         -0.90063337023089118         
6900                         6900.0000224914402           50000.579861111371           0.079861111371428706         32.149618165567517           -1439.6018146073375          4018.7707774384953           5070.426820747366            -7.569722714367022           -1.0462103114918102          -1.3199889014102082          
6960                         6960.0000226870179           50000.580555555818           0.080555555818136781         32.149618165567517           -1889.8665547999826          3946.1516279158004           4978.8042565775268           -7.4329378972965827          -1.3734338599139175          -1.7328422708071816          
7020                         7020.0000228825957           50000.581250000265           0.081250000264844857         32.149618165567517           -2330.821960593511           3854.0940450282833           4862.656493200102            -7.2595390112179095          -1.6938919808805606          -2.1371597951102794          
7080                         7080.0000230781734           50000.581944444712           0.081944444711552933         32.149618165567517           -2760.2959202495549          3743.0514972078277           4722.5556653863214           -7.0503802054416216          -2.0060061228260668          -2.5309498379113133          
7140                         7140.0000232737511           50000.582638889158           0.082638889158261009         32.149618165567517           -3176.1728787327625          3613.5709713343085           4559.191898823844            -6.8064917798375921          -2.308238835970883           -2.912272620350147           
7200                         7200.0000234693289           50000.583333333605           0.083333333604969084         32.149618165567517           -3576.4042587689478          3466.2902783211307           4373.3699106117529           -6.5290751096586153          -2.5991013456785819          -3.2792497763132005          
7260                         7260.0000236649066           50000.584027778052           0.08402777805167716          32.149618165567517           -3959.0185519760439          3301.9349113087014           4166.0050452872465           -6.2194967276601547          -2.8771608860429367          -3.6300736051175764          
7320                         7320.0000238604844           50000.584722222498           0.084722222498385236         32.149618165567517           -4322.1310303597365          3121.3144719421339           3938.1187659102598           -5.87928159266718            -3.1410477575803832          -3.9630159761028203          
7380                         7380.0000240560621           50000.585416666945           0.085416666945093311         32.149618165567517           -4663.9530303357242          2925.3186823370479           3690.8336224165555           -5.5101055777466277          -3.3894620742622283          -4.2764368412669898          
7440                         7440.0000242516398           50000.586111111392           0.086111111391801387         32.149618165567517           -4982.8007635462136          2714.9130023782268           3425.3677220247996           -5.1137872149881325          -3.6211801666512589          -4.5687923140144608          
7500                         7500.0000244472176           50000.586805555839           0.086805555838509463         32.149618165567517           -5277.103611069293           2491.1338739399598           3143.0287289359549           -4.6922787375576025          -3.8350606096013986          -4.838642274220188           
7560                         7560.0000246427953           50000.587500000285           0.087500000285217538         32.149618165567517           -5545.4118601645332          2255.0836154546669           2845.2074228820065           -4.2476564631497968          -4.0300498448284428          -5.0846574621484706          
7620                         7620.0000248383731           50000.588194444732           0.088194444731925614         32.149618165567517           -5786.4038454442261          2007.9249919787794           2533.3708482541042           -3.7821105662102346          -4.2051873706555147          -5.3056260262821366          
7680                         7680.0000250339508           50000.588888889179           0.08888888917863369          32.149618165567517           -5998.8924592934036          1750.8754875032805           2209.0550875569684           -3.2979342893076762          -4.3596104733689822          -5.5004594928080568          
7740                         7740.0000252295285           50000.589583333625           0.089583333625341766         32.149618165567517           -6181.830999468827           1485.2013077230699           1873.8576947869722           -2.797512646801128           -4.4925584768785418          -5.6681981273537554          
7800                         7800.0000254251063           50000.590277778072           0.090277778072049841         32.149618165567517           -6334.3183250721358          1212.21114280704             1529.4298260064745           -2.283310676446201           -4.6033764897479568          -5.8080156625636503          
7860                         7860.000025620684            50000.590972222519           0.090972222518757917         32.149618165567517           -6455.6032954992152          933.24972089296239           1177.468105878582            -1.7578612968124965          -4.6915186311389068          -5.9192233682272297          
7920                         7920.0000258162618           50000.591666666965           0.091666666965465993         32.149618165567517           -6545.0884704998925          649.69118406216808           819.7062702271478            -1.2237528303254221          -4.7565507197771737          -6.0012734439100388          
7980                         7980.0000260118395           50000.592361111412           0.092361111412174068         32.149618165567517           -6602.3330531217416          362.9323194234496            457.90662579010632           -0.68361625339296794         -4.7981524126955426          -6.0537617173756493          
8040                         8040.0000262074172           50000.593055555859           0.093055555858882144         32.149618165567517           -6627.0550610412974          74.385678649332277           93.851369234725553           -0.14011223642230386         -4.8161187832181271          -6.0764296355063925          
8100                         8100.000026402995            50000.593750000306           0.09375000030559022          32.149618165567517           -6619.1327155868557          -214.52738014265685          -270.6661918033721           0.4040819624339278           -4.8103613304130954          -6.0691655379157323          
8160                         8160.0000265985727           50000.594444444752           0.094444444752298295         32.149618165567517           -6578.6050416106591          -502.38369388857797          -633.85047241294819          0.94628568524125822          -4.7809084150413268          -6.0320052069785692          
8220                         8220.0000267941505           50000.595138889199           0.095138889199006371         32.149618165567517           -6505.6716752555376          -787.76530496769249          -993.91245531756579          1.4838280789940932           -4.727905119853518           -5.9651316915700727          
8280                         8280.0000269897282           50000.595833333646           0.095833333645714447         32.149618165567517           -6400.6918805629293          -1069.2664459504717          -1349.0785034343551          2.0140612520281058           -4.6516125349239443          -5.8688744053812796          
8340                         8340.000027185306            50000.596527778092           0.096527778092422523         32.149618165567517           -6264.1827797663891          -1345.5004642986787          -1697.599096671152           2.5343733173268599           -4.552406471541226           -5.7437075042530905          
8400                         8400.0000273808837           50000.597222222539           0.097222222539130598         32.149618165567517           -6096.8168059880418          -1615.1066529069976          -2037.7574499252312          3.0422012584723652           -4.4307756109914047          -5.5902475505217959          
8460                         8460.0000275764614           50000.597916666986           0.097916666985838674         32.149618165567517           -5899.4183908857603          -1876.756952839494           -2367.8779698320491          3.5350435548628996           -4.2873190973522659          -5.4092504758813718          
8520                         8520.0000277720392           50000.598611111433           0.09861111143254675          32.149618165567517           -5672.9599035674992          -2129.1624952437542          -2686.3345086067175          4.0104725040072626           -4.1227435861566075          -5.2016078577232525          
8580                         8580.0000279676169           50000.599305555879           0.099305555879254825         32.149618165567517           -5418.5568607773421          -2371.079950217747           -2991.5583743204284          4.4661461801968008           -3.937859763462519           -4.968342527296044           
8640                         8640.0000281631947           50000.600000000326           0.1000000003259629           32.149618165567517           -5137.4624319475279          -2601.3176513553881          -3282.0460581538418          4.8998199706477461           -3.7335783524774531          -4.7106035313190233          
8700                         8700.0000283587724           50000.600694444773           0.10069444477267098          32.149618165567517           -4831.0612661841315          -2818.7414658017788          -3556.3666405635836          5.309357632287707            -3.5109056274071486          -4.429660471868142           
8760                         8760.0000285543501           50000.601388889219           0.10138888921937905          32.149618165567517           -4500.8626715941882          -3022.2803809026796          -3813.1688398796723          5.6927418147214599           -3.2709384566278277          -4.1268972524157848          
8820                         8820.0000287499279           50000.602083333666           0.10208333366608713          32.149618165567517           -4148.4931805523493          -3210.9317799288328          -4051.1876686130231          6.048083997540755            -3.0148588995986212          -3.803805260830837           
8880                         8880.0000289455056           50000.602777778113           0.1027777781127952           32.149618165567517           -3775.6885375300026          -3383.7663808873212          -4269.2506646845868          6.3736337930277047           -2.7439283841293971          -3.4619760229190248          
8940                         8940.0000291410834           50000.60347222256            0.10347222255950328          32.149618165567517           -3384.2851489541663          -3539.9328140917623          -4466.2836668815817          6.6677875684273591           -2.4594814926863204          -3.1030933626916428          
9000                         9000.0000293366611           50000.604166667006           0.10416666700621136          32.149618165567517           -2976.2110372134803          -3678.6618159426057          -4641.3161060913599          6.9290963453168786           -2.1629193883433153          -2.728925107980563           
9060                         9060.0000295322388           50000.604861111453           0.10486111145291943          32.149618165567517           -2553.4763433711687          -3799.2700182592748          -4793.4857862487233          7.1562729371595672           -1.855702912762681           -2.3413143822570133          
9120                         9120.0000297278166           50000.6055555559             0.10555555589962751          32.149618165567517           -2118.1634253678444          -3901.1633144982216          -4922.0431314461066          7.3481982898847837           -1.5393453902036525          -1.9421705255499395          
9180                         9180.0000299233943           50000.606250000346           0.10625000034633558          32.149618165567517           -1672.4166004896438          -3983.8397862751513          -5026.354878285696           7.5039269942605138           -1.2154051730058169          -1.5334596891867995          
9240                         9240.0000301189721           50000.606944444793           0.10694444479304366          32.149618165567517           -1218.4315826294849          -4046.8921757756134          -5105.9071952852555          7.622691942905079            -0.8854779652677286          -1.1171951506863591          
9300                         9300.0000303145498           50000.60763888924            0.10763888923975173          32.149618165567517           -758.44466637267271          -4090.0098918750477          -5160.3082139716953          7.7039081089979238           -0.55118896253369765         -0.69542739651156638         
9360                         9360.0000305101275           50000.608333333686           0.10833333368645981          32.149618165567517           -294.72171118519793          -4112.9805400863006          -5189.2899591944306          7.7471754280758436           -0.2141848462080243          -0.2702340215340826          
9420                         9420.0000307057053           50000.609027778133           0.10902777813316789          32.149618165567517           170.45302003224782           -4115.6909687982079          -5192.7096691499564          7.7522807687191495           0.1238743278684247           0.15629050503507763          
9480                         9480.000030901283            50000.60972222258            0.10972222257987596          32.149618165567517           634.78811304413398           -4098.1278266515519          -5170.5504986152882          7.7191989824203189           0.46132330672306554          0.58204515683658098          
9540                         9540.0000310968608           50000.610416667027           0.11041666702658404          32.149618165567517           1095.9962896068648           -4060.3776283068128          -5122.921601926214           7.6480930274635721           0.79649984315711142          1.0049326998538075           
9600                         9600.0000312924385           50000.611111111473           0.11111111147329211          32.149618165567517           1551.8056744219843           -4002.6263282797399          -5050.0575952915924          7.5393131662051482           1.1277528838448776           1.4228700232230993           
9660                         9660.0000314880162           50000.61180555592            0.11180555592000019          32.149618165567517           1999.9709862156785           -3925.1584049439875          -4952.3174010923203          7.3933952397084139           1.4534507022929493           1.8337984004744656           
9720                         9720.000031683594            50000.612500000367           0.11250000036670826          32.149618165567517           2438.2845978182022           -3828.3554592129672          -4830.1824798578318          7.2110580282328192           1.7719889365968866           2.2356936306566788           
9780                         9780.0000318791717           50000.613194444813           0.11319444481341634          32.149618165567517           2864.5874107621362           -3712.6943348036816          -4684.2544586293016          6.99319971057872             2.0817984924021138           2.6265760093923727           
9840                         9840.0000320747495           50000.61388888926            0.11388888926012442          32.149618165567517           3276.7794908320725           -3578.7447693419795          -4515.2521673920373          6.7408934397290743           2.3813532721396204           3.0045200807465071           
9900                         9900.0000322703272           50000.614583333707           0.11458333370683249          32.149618165567517           3672.8304121758306           -3427.1665878797057          -4324.0080981753563          6.4553820565820219           2.6691776924628754           3.3676641218712646           
9960                         9960.000032465905            50000.615277778154           0.11527777815354057          32.149618165567517           4050.7892590229285           -3258.7064526482536          -4111.4643042621547          6.1380719678141196           2.9438539528556382           3.7142193137067534           
10020                        10020.000032661483           50000.6159722226             0.11597222260024864          32.149618165567517           4408.7942357426264           -3074.1941850589842          -3878.6677597083362          5.7905262180313724           3.2040290196060841           4.0424785525633764           
10080                        10080.00003285706            50000.616666667047           0.11666666704695672          32.149618165567517           4745.0818379031634           -2874.5386780680524          -3626.7652020307405          5.414456790334123            3.4484212907447298           4.3508248591806904           
10140                        10140.000033052638           50000.617361111494           0.11736111149366479          32.149618165567517           5057.9955391562444           -2660.7234190409977          -3356.997483468092           5.0117161732225917           3.6758269091152003           4.6377393438404013           
10200                        10200.000033248216           50000.61805555594            0.11805555594037287          32.149618165567517           5345.9939511558832           -2433.8016451711351          -3070.6934586402094          4.5842882353838448           3.8851256924801452           4.901808688297967            
10260                        10260.000033443794           50000.618750000387           0.11875000038708095          32.149618165567517           5607.6584163164935           -2194.8911553157582          -2769.2634387143885          4.1342784533102588           4.0752866514510684           5.1417321076774058           
10320                        10320.000033639371           50000.619444444834           0.11944444483378902          32.149618165567517           5841.6999960088569           -1945.1688038066579          -2454.1922443232279          3.6639035398874928           4.2453730680611823           5.3563277580355511           
10380                        10380.000033834949           50000.62013888928            0.1201388892804971           32.149618165567517           6046.9658197707085           -1685.8647033579975          -2127.0318914546629          3.175480525040693            4.3945471099646234           5.5445385580326096           
10440                        10440.000034030527           50000.620833333727           0.12083333372720517          32.149618165567517           6222.4447642561918           -1418.2561656275802          -1789.393946342961           2.6714153422268465           4.5220739575328741           5.7054373960319165           
10500                        10500.000034226105           50000.621527778174           0.12152777817391325          32.149618165567517           6367.2724339501492           -1143.6614092798211          -1442.9415870198684          2.1541909769953023           4.6273254235186076           5.8382316969791308           
10560                        10560.000034421682           50000.622222222621           0.12222222262062132          32.149618165567517           6480.7354191126151           -863.43306654401317          -1089.381410630094           1.6263552359957316           4.7097830474567868           5.9422673265647852           
10620                        10620.00003461726            50000.622916667067           0.1229166670673294           32.149618165567517           6562.2748099792389           -578.95152025407185          -730.45502686764621          1.0905081966824339           4.7690406495602469           6.0170318134385727           
10680                        10680.000034812838           50000.623611111514           0.12361111151403747          32.149618165567517           6611.4889499069359           -291.6181041909802           -367.9304789431016           0.54928939953675915          4.8048063315294662           6.0621568736030245           
10740                        10740.000035008416           50000.624305555961           0.12430555596074555          32.149618165567517           6628.1354139030063           -2.8482002225095187          -3.5935343414430747          0.0053648458977538227        4.8169039144206875           6.077420224551588            
10800                        10800.000035203993           50000.625000000407           0.12500000040745363          32.149618165567517           6612.1322027916303           285.93573375683121           360.76111172848812           -0.53858613455130078         4.8052738064895788           6.0627466802148158           
10860                        10860.000035399571           50000.625694444854           0.1256944448541617           32.149618165567517           6563.5581471353771           573.31117074180042           723.33867686180633           -1.0798840819507309          4.7699732967354915           6.0182085213210517           
10920                        10920.000035595149           50000.626388889301           0.12638888930086978          32.149618165567517           6482.6525189220383           857.86252187286152           1082.3531324149178           -1.6158626050735481          4.7111762727003388           5.9440251393472279           
10980                        10980.000035790727           50000.627083333748           0.12708333374757785          32.149618165567517           6369.8138529295802           1138.1881095158606           1436.0360013425131           -2.1438815157594715          4.6291723639122102           5.8405619558136612           
11040                        11040.000035986304           50000.627777778194           0.12777777819428593          32.149618165567517           6225.5979835751014           1412.9070718160965           1782.6450695767669           -2.6613398342746946          4.52436551519303             5.7083286222463112           
11100                        11100.000036181882           50000.628472222641           0.128472222640994            32.149618165567517           6050.7153069180804           1680.6661647154988           2120.472968037167            -3.1656886015340233          4.3972719968580583           5.5479765096733393           
11160                        11160.00003637746            50000.629166667088           0.12916666708770208          32.149618165567517           5846.0272813051315           1940.1464279266997           2447.8555829966731           -3.6544434350733765          4.2485178616088124           5.3602955000225219           
11220                        11220.000036573038           50000.629861111534           0.12986111153441016          32.149618165567517           5612.5421838937536           2190.0696820279468           2763.180253375393            -4.1251967669229161          4.0788358606465707           5.146210095224836            
11280                        11280.000036768615           50000.630555555981           0.13055555598111823          32.149618165567517           5351.41014395815             2429.2048246746676           3064.8937145825585           -4.5756297030980093          3.8890618341974359           4.9067748631904724           
11340                        11340.000036964193           50000.631250000428           0.13125000042782631          32.149618165567517           5063.9174774426428           2656.3738949130452           3351.5097497760567           -5.0035234462890896          3.6801305942289502           4.6431692430900293           
11400                        11400.000037159771           50000.631944444875           0.13194444487453438          32.149618165567517           4751.4803506702419           2870.4578757232712           3621.6165108500031           -5.406770225483152           3.453071319639669            4.3566917355296848           
11460                        11460.000037355348           50000.632638889321           0.13263888932124246          32.149618165567517           4415.6378044184194           3070.4022062096083           3873.8834730877661           -5.7833836786784181          3.2090024866046449           4.0487535062390663           
11520                        11520.000037550926           50000.633333333768           0.13333333376795053          32.149618165567517           4058.0441727249795           3255.2219762846339           4107.0679892223425           -6.1315086375477437          2.9491263590495271           3.7208714347795682           
11580                        11580.000037746504           50000.634027778215           0.13402777821465861          32.149618165567517           3680.4609337683542           3424.0067782590713           4320.0214106193216           -6.4494302658522589          2.6747230663927737           3.3746606425146224           
11640                        11640.000037942082           50000.634722222661           0.13472222266136669          32.149618165567517           3284.7480329642744           3575.9251914386514           4511.6947454299461           -6.7355825065901715          2.3871442977285531           3.0118265366485582           
11700                        11700.000038137659           50000.635416667108           0.13541666710807476          32.149618165567517           2872.8547210205638           3710.2288776372307           4681.1438258426797           -6.9885557962707043          2.0878066435123039           2.6341564095244951           
11760                        11760.000038333237           50000.636111111555           0.13611111155478284          32.149618165567517           2446.8099520810492           3826.2562674319929           4827.5339589797713           -7.2071040083132818          1.7781846175472729           2.2435106345624627           
11820                        11820.000038528815           50000.636805556001           0.13680555600149091          32.149618165567517           2008.7123892566144           3923.4358190025328           4950.1440385289052           -7.3901505913693084          1.4598033936451864           1.841813502205873            
11880                        11880.000038724393           50000.637500000448           0.13750000044819899          32.149618165567517           1560.7200667753441           4001.2888335010248           5048.3700968563207           -7.5367938723296657          1.1342312927396989           1.4310437410177421           
11940                        11940.00003891997            50000.638194444895           0.13819444489490706          32.149618165567517           1105.0397596752016           4059.431813085198            5121.728280104001            -7.6463114978957174          0.80307205746049715          1.0132247706190132           
12000                        12000.000039115548           50000.638888889342           0.13888888934161514          32.149618165567517           643.91611340330257           4097.5783499986228           5169.8572316158215           -7.7181639928349934          0.46795695222291162          0.59041473448222759          
12060                        12060.000039311126           50000.639583333788           0.13958333378832322          32.149618165567517           179.62058686852146           4115.5405373928552           5192.5198719520922           -7.7519974173938593          0.13053672774737238          0.16469636167823071          
12120                        12120.000039506704           50000.640277778235           0.14027777823503129          32.149618165567517           -285.55973658690868          4113.2298949418264           5189.6045667242761           -7.7476451107769888          -0.2075265104091493          -0.26183329248385329         
12180                        12180.000039702281           50000.640972222682           0.14097222268173937          32.149618165567517           -749.33341518053135          4090.6578046889931           5161.1256764972377           -7.7051285121053628          -0.54456748925473042         -0.68707317638657039         
12240                        12240.000039897859           50000.641666667128           0.14166666712844744          32.149618165567517           -1209.4159361521358          4047.9354549802815           5107.2234860502213           -7.6246570548088393          -0.87892597136662243         -1.1089285917195888          
12300                        12300.000040093437           50000.642361111575           0.14236111157515552          32.149618165567517           -1663.540969094405           3985.27329275902             5028.1635133450309           -7.5066271349735105          -1.2089549330905605          -1.5253215117992576          
12360                        12360.000040289015           50000.643055556022           0.14305555602186359          32.149618165567517           -2109.4715297187236          3902.9799869208018           4924.3352016053859           -7.351620158725674           -1.5330286776500823          -1.9342008177650418          
12420                        12420.000040484592           50000.643750000469           0.14375000046857167          32.149618165567517           -2545.0109990643009          3801.4609078347198           4796.2500009501437           -7.1603996782708661          -1.8495508432013232          -2.3335524022301279          
12480                        12480.00004068017            50000.644444444915           0.14444444491527975          32.149618165567517           -2968.0139438708602          3681.2161305207296           4644.5388490301384           -6.9339076306955931          -2.1569622663862327          -2.7214090906164161          
12540                        12540.000040875748           50000.645138889362           0.14513888936198782          32.149618165567517           -3376.3966848145815          3542.8379713193253           4469.9490630788086           -6.6732596980591339          -2.4537486626489691          -3.0958603313021791          
12600                        12600.000041071326           50000.645833333809           0.1458333338086959           32.149618165567517           -3768.1475605489977          3387.0080701877146           4273.3406586861238           -6.3797398116312287          -2.7384480854828319          -3.4550616068494771          
12660                        12660.000041266903           50000.646527778255           0.14652777825540397          32.149618165567517           -4141.3368369909831          3214.4940329948563           4055.682113429255            -6.0547938273473756          -3.0096581278640739          -3.7972435199523642          
12720                        12720.000041462481           50000.647222222702           0.14722222270211205          32.149618165567517           -4494.1262130394662          3026.1456503551672           3818.0455962280002           -5.7000224036358942          -3.2660428303988902          -4.1207205093492192          
12780                        12780.000041658059           50000.647916667149           0.14791666714882012          32.149618165567517           -4824.7778759024559          2822.8907116266168           3561.6016859247902           -5.3171731167000882          -3.5063392621545884          -4.4238991527652995          
12840                        12840.000041853637           50000.648611111596           0.1486111115955282           32.149618165567517           -5131.6630614265259          2605.730434693131            3287.6136051051385           -4.9081318520949413          -3.729363741758299           -4.7052860159858625          
12900                        12900.000042049214           50000.649305556042           0.14930555604223628          32.149618165567517           -5413.2700772612725          2375.7345340438314           2997.4309975622778           -4.4749135150028208          -3.9340176681185586          -4.9634950093959613          
12960                        12960.000042244792           50000.650000000489           0.15000000048894435          32.149618165567517           -5668.2117493372416          2134.0359514433799           2692.4832800577037           -4.0196521049686007          -4.1192929320481131          -5.1972542157491644          
13020                        13020.00004244037            50000.650694444936           0.15069444493565243          32.149618165567517           -5895.2322549765859          1881.8252751497171           2374.2726011263426           -3.5445902039853117          -4.2842768821306914          -5.4054121555321224          
13080                        13080.000042635947           50000.651388889382           0.1513888893823605           32.149618165567517           -6093.2133089770587          1620.3448751697001           2044.3664416107003           -3.0520679297111557          -4.4281568203702841          -5.5869434590623293          
13140                        13140.000042831525           50000.652083333829           0.15208333382906858          32.149618165567517           -6261.1796721971978          1350.8827834419046           1704.3898933731946           -2.5445114082334941          -4.5502240054777285          -5.7409539173787456          
13200                        13200.000043027103           50000.652777778276           0.15277777827577665          32.149618165567517           -6398.3039555078376          1074.7663490923355           1356.0176542211177           -2.024420823162056           -4.649877144074698           -5.866684887044995           
13260                        13260.000043222681           50000.653472222722           0.15347222272248473          32.149618165567517           -6503.9106954460467          793.35570001675558           1000.9657784766116           -1.4943580999206061          -4.726625352617714           -5.9635170271674172          
13320                        13320.000043418258           50000.654166667169           0.15416666716919281          32.149618165567517           -6577.4796814951678          508.03704299736438           640.98322382769106           -0.95693428590327223         -4.7800905754519754          -6.0309733502197274          
13380                        13380.000043613836           50000.654861111616           0.15486111161590088          32.149618165567517           -6618.648518601015           220.21583535693125           277.84323609986859           -0.41479668865990682         -4.8100094470838597          -6.0687215716461544          
13440                        13440.000043809414           50000.655555556063           0.15555555606260896          32.149618165567517           -6627.2144123014768          -68.690138213726627          -86.665385613679874          0.12938416453323634          -4.8162345894986807          -6.0765757466690964          
13500                        13500.000044004992           50000.656250000509           0.15625000050931703          32.149618165567517           -6603.1351676761342          -357.257749551914            -450.74710043612697          0.67292768148137783          -4.7987353381332341          -6.0544971862385069          
13560                        13560.000044200569           50000.656944444956           0.15694444495602511          32.149618165567517           -6546.5293971951232          -644.06553724075047          -812.60847040050214          1.2131564094580853           -4.7575978929270217          -6.0025946476111232          
13620                        13620.000044396147           50000.657638889403           0.15763888940273318          32.149618165567517           -6457.6759364434165          -927.70070861660315          -1170.4669947844318          1.7474092241273735           -4.6930248937081211          -5.9211237986207506          
13680                        13680.000044591725           50000.658333333849           0.15833333384944126          32.149618165567517           -6337.0124705986036          -1206.7660990749223          -1522.5598905688696          2.2730544380334297           -4.6053344220052805          -5.8104859582785675          
13740                        13740.000044787303           50000.659027778296           0.15902777829614934          32.149618165567517           -6185.1333784280368          -1479.8870543934843          -1867.1527757689689          2.7875027640865819           -4.4949584342032622          -5.6712261199071579          
13800                        13800.00004498288            50000.659722222743           0.15972222274285741          32.149618165567517           -6002.7868044256547          -1745.7182021712536          -2202.5482128636854          3.2882200701883857           -4.3624406337595802          -5.504030266546156           
13860                        13860.000045178458           50000.66041666719            0.16041666718956549          32.149618165567517           -5790.8709735108896          -2002.9500790272953          -2527.0940702398511          3.7727398621675547           -4.2084337929639144          -5.3097219918536078          
13920                        13920.000045374036           50000.661111111636           0.16111111163627356          32.149618165567517           -5550.4297664431742          -2250.3155809146679          -2839.1916604629018          4.2386754335367582           -4.0336965374330198          -5.0892584431482124          
13980                        13980.000045569614           50000.661805556083           0.16180555608298164          32.149618165567517           -5282.6475777472087          -2486.5962047755634          -3137.3036152857699          4.6837316222215648           -3.8390896091804469          -4.8437256065767187          
14040                        14040.000045765191           50000.66250000053            0.16250000052968971          32.149618165567517           -4988.8434814784423          -2710.6280507917827          -3419.9614586042708          5.1057161163487681           -3.6255716266689042          -4.5743329576313512          
14100                        14100.000045960769           50000.663194444976           0.16319444497639779          32.149618165567517           -4670.46473356775            -2921.3075556639378          -3685.7728400552005          5.5025502534027              -3.3941943627309112          -4.2824075033684155          
14160                        14160.000046156347           50000.663888889423           0.16388888942310587          32.149618165567517           -4329.0796427522482          -3117.5969286776981          -3933.4283936249985          5.8722792595537303           -3.1460975636183282          -3.9693872456756365          
14220                        14220.000046351925           50000.66458333387            0.16458333386981394          32.149618165567517           -3966.3698452094741          -3298.5292637794405          -4161.7081874840214          6.2130818787208044           -2.8825033347017306          -3.6368140977876582          
14280                        14280.000046547502           50000.665277778317           0.16527777831652202          32.149618165567517           -3584.1220209494982          -3463.2133024796171          -4369.4877332750375          6.5232793439360295           -2.6047101204752172          -3.2863262889424094          
14340                        14340.00004674308            50000.665972222763           0.16597222276323009          32.149618165567517           -3184.2190927693478          -3610.8378241221667          -4555.7435252546629          6.8013436468190731           -2.3140863085206891          -2.9196502945923859          
14400                        14400.000046938658           50000.66666666721            0.16666666720993817          32.149618165567517           -2768.630951123012           -3740.6756418938226          -4719.558082002367           7.0459050644265746           -2.0120634889379652          -2.5385923319220041          
14460                        14460.000047134236           50000.667361111657           0.16736111165664624          32.149618165567517           -2339.4047505955946          -3852.0871848893189          -4860.1244658619798          7.2557589063999242           -1.7001294024442513          -2.1450294625634374          
14520                        14520.000047329813           50000.668055556103           0.16805555610335432          32.149618165567517           -1898.6548257804161          -3944.5236485874934          -4976.7502578532813          7.4298714491754598           -1.3798206118800704          -1.7409003463382637          
14580                        14580.000047525391           50000.66875000055            0.1687500005500624           32.149618165567517           -1448.5522762326643          -4017.5296982193113          -5068.8609684735866          7.5673850280256598           -1.0527149332212464          -1.3281956915712618          
14640                        14640.000047720969           50000.669444444997           0.16944444499677047          32.149618165567517           -991.31427180329626          -4070.7457117112144          -5136.0028675879703          7.6676222618483054           -0.72042366338117758         -0.90894844901736149         
14700                        14700.000047916546           50000.670138889443           0.17013888944347855          32.149618165567517           -529.1931310342776           -4103.9095511552523          -5177.8452194683105          7.7300893898926581           -0.38458364308864018         -0.48522379770570045         
14760                        14760.000048112124           50000.67083333389            0.17083333389018662          32.149618165567517           -64.465226414128395          -4116.8578540798489          -5194.1819119715537          7.7544787039861802           -0.046849193938758846        -0.059108972029728604        
14820                        14820.000048307702           50000.671527778337           0.1715277783368947           32.149618165567517           400.58022885438777           -4109.5268381605192          -5184.9324718319531          7.740670064280855            0.29111603066539804          0.36729701980568158          
14880                        14880.00004850328            50000.672222222784           0.17222222278360277          32.149618165567517           863.65245733892368           -4081.9526154066057          -5150.1424610660688          7.6887314910526587           0.62764724053897825          0.79189373533399687          
14940                        14940.000048698857           50000.67291666723            0.17291666723031085          32.149618165567517           1322.4704015674806           -4034.271014276344           -5089.9832525378442          7.598918829639012            0.96108670934120088          1.2125896444418451           
15000                        15000.000048894435           50000.673611111677           0.17361111167701893          32.149618165567517           1774.7739603385792           -3966.7169105965377          -5004.7511857893251          7.4716744901647214           1.2897919404052722           1.6273124320822836           
15060                        15060.000049090013           50000.674305556124           0.174305556123727            32.149618165567517           2218.3351218024854           -3879.6230705826597          -4894.8661072953182          7.3076252682644043           1.612143757548121            2.0340192063361591           
15120                        15120.000049285591           50000.67500000057            0.17500000057043508          32.149618165567517           2650.9689384728072           -3773.4185116585759          -4760.8693023325968          7.1075792575363677           1.926554281005262            2.4307065615374475           
15180                        15180.000049481168           50000.675694445017           0.17569444501714315          32.149618165567517           3070.5442901064134           -3648.6263891503722          -4603.4208286510775          6.8725218689369276           2.2314747492019529           2.8154204468924098           
15240                        15240.000049676746           50000.676388889464           0.17638888946385123          32.149618165567517           3474.9943814345775           -3505.8614192642558          -4423.2962650811342          6.6036109767233411           2.5254031478312222           3.1862657919805142           
15300                        15300.000049872324           50000.677083333911           0.1770833339105593           32.149618165567517           3862.3269230343431           -3345.8268510427451          -4221.3828910931134          6.3021712148560454           2.8068916086585167           3.5414158417226722           
15360                        15360.000050067902           50000.677777778357           0.17777777835726738          32.149618165567517           4230.6339451899375           -3169.3110022150508          -3998.675316128265           5.9696874519556777           3.0745535416070529           3.8791211548334563           
15420                        15420.000050263479           50000.678472222804           0.17847222280397546          32.149618165567517           4578.1011964019181           -2977.183376005783           -3756.2705802306591          5.6077974769567298           3.3270704649917588           4.1977182214316429           
15480                        15480.000050459057           50000.679166667251           0.17916666725068353          32.149618165567517           4903.0170802477451           -2770.3903780302735          -3495.3627501139845          5.2182839314877301           3.5631985002566307           4.4956376573593904           
15540                        15540.000050654635           50000.679861111697           0.17986111169739161          32.149618165567517           5203.7810865714919           -2549.9506543747552          -3217.2370372825858          4.8030655287184221           3.7817744992229243           4.7714119348454886           
15600                        15600.000050850213           50000.680555556144           0.18055555614409968          32.149618165567517           5478.9116754713195           -2316.9500738256493          -2923.2634671804099          4.3641876019292072           3.9817217736658388           5.0236826114320436           
15660                        15660.00005104579            50000.681250000591           0.18125000059080776          32.149618165567517           5727.0535752488177           -2072.5363789651024          -2614.8901305531404          3.9038120293598464           4.1620553989962508           5.251207021555464            
15720                        15720.000051241368           50000.681944445038           0.18194444503751583          32.149618165567517           5946.9844583710747           -1817.9135324810643          -2293.6360502667799          3.4242065849668375           4.3218870659219837           5.4528643978195435           
15780                        15780.000051436946           50000.682638889484           0.18263888948422391          32.149618165567517           6137.6209625602205           -1554.3357865415262          -1961.0836987201703          2.9277337675468025           4.4604294561896927           5.6276613918077372           
15840                        15840.000051632524           50000.683333333931           0.18333333393093199          32.149618165567517           6298.0240273510244           -1283.1015044467354          -1618.8712027100939          2.4168391632527393           4.5770001208528219           5.774736967239539            
15900                        15900.000051828101           50000.684027778378           0.18402777837764006          32.149618165567517           6427.4035198290803           -1005.5467649934258          -1268.6842741471733          1.8940393988284787           4.6710248419615787           5.893366641367658            
15960                        15960.000052023679           50000.684722222824           0.18472222282434814          32.149618165567517           6525.1221267635638           -723.03878105547369          -912.24790637123624          1.3619097449027542           4.7420404611155149           5.9829660537231968           
16020                        16020.000052219257           50000.685416667271           0.18541666727105621          32.149618165567517           6590.6984939622134           -436.96916480053125          -551.31787696943741          0.82307143040810582          4.7896971609454697           6.0430938446294808           
16080                        16080.000052414834           50000.686111111718           0.18611111171776429          32.149618165567517           6623.809597384321            -148.74707271765323          -187.67209895359815          0.28017873061277732          4.8137601882864907           6.0734538293052074           
16140                        16140.000052610412           50000.686805556164           0.18680555616447236          32.149618165567517           6624.2923343318153           140.20773577702721           176.89813709982366           -0.26409410763104085         4.8141110105535105           6.0738964568474403           
16200                        16200.00005280599            50000.687500000611           0.18750000061118044          32.149618165567517           6592.1443268803623           428.47189196380987           540.59698680659551           -0.80706603901742546         4.7907478996235602           6.0444195469076289           
16260                        16260.000053001568           50000.688194445058           0.18819444505788852          32.149618165567517           6527.52393359283             714.62542922208547           901.63289816327324           -1.3460624264055843          4.7437859403483751           5.9851683004318312           
16320                        16320.000053197145           50000.688888889505           0.18888888950459659          32.149618165567517           6430.7494694574325           997.25877767451993           1258.227436591832            -1.8784282158725989          4.6734564636554303           5.8964345844122468           
16380                        16380.000053392723           50000.689583333951           0.18958333395130467          32.149618165567517           6302.2976378930643           1274.9797076176969           1608.6240453688886           -2.401541015300777           4.5801059070299468           5.7786554941733073           
16440                        16440.000053588301           50000.690277778398           0.19027777839801274          32.149618165567517           6142.8011825456606           1546.420187536424            1951.0966982863297           -2.9128240120755113          4.464194107991017            5.6324112002743965           
16500                        16500.000053783879           50000.690972222845           0.19097222284472082          32.149618165567517           5953.0457704426253           1810.2431229196616           2283.9584019210151           -3.4097586662620794          4.3262920389680488           5.4584220906351844           
16560                        16560.000053979456           50000.691666667291           0.19166666729142889          32.149618165567517           5733.9661218586925           2065.1489426831963           2605.5695056320442           -3.8898971167357996          4.1670789947353795           5.2575452219612471           
16620                        16620.000054175034           50000.692361111738           0.19236111173813697          32.149618165567517           5486.6414059571689           2309.8820007548588           2914.3457783511908           -4.3508742391539093          3.9873392462594923           5.0307700979499685           
16680                        16680.000054370612           50000.693055556185           0.19305555618484505          32.149618165567517           5212.2899248872973           2543.2367612885764           3208.7662123808709           -4.7904192963725416          3.787958177441769            4.7792137950729421           
16740                        16740.00005456619            50000.693750000632           0.19375000063155312          32.149618165567517           4912.2631125234357           2764.0637370393788           3487.3805157587485           -5.2063671239197742          3.5699179237868357           4.5041154599449067           
16800                        16800.000054761767           50000.694444445078           0.1944444450782612           32.149618165567517           4588.0388774078056           2971.2751516474041           3748.8162562821735           -5.5966687954259706          3.3342925344801171           4.2068302053847244           
16860                        16860.000054957345           50000.695138889525           0.19513888952496927          32.149618165567517           4241.2143226889457           3163.8502979389086           3991.7856220015492           -5.9594017154743515          3.0822426817057975           3.8888224352359346           
16920                        16920.000055152923           50000.695833333972           0.19583333397167735          32.149618165567517           3873.4978789168867           3340.8405658497409           4215.0917648809764           -6.2927790901551974          2.8150099432666926           3.5516586308282969           
16980                        16980.000055348501           50000.696527778418           0.19652777841838542          32.149618165567517           3486.700888448278            3501.3741152041034           4417.6346963777942           -6.5951587286724846          2.5339106866693886           3.1969996346136447           
17040                        17040.000055544078           50000.697222222865           0.1972222228650935           32.149618165567517           3082.7286829160344           3644.6601703308665           4598.4167058998446           -6.8650511326469283          2.2403295848011653           2.8265924689862474           
17100                        17100.000055739656           50000.697916667312           0.19791666731180158          32.149618165567517           2663.5711977151686           3769.9929153624939           4756.5472754495977           -7.1011268332681521          1.9357127951399711           2.4422617305875423           
17160                        17160.000055935234           50000.698611111759           0.19861111175850965          32.149618165567517           2231.2931697371387           3876.7549710286357           4891.2474662459399           -7.3022229401537597          1.6215608360961358           2.0459006024862108           
17220                        17220.000056130812           50000.699305556205           0.19930555620521773          32.149618165567517           1788.0239666378868           3964.4204358179891           5001.8537557155132           -7.467348869656135           1.2994211955763839           1.6394615285068881           
17280                        17280.000056326389           50000.700000000652           0.2000000006519258           32.149618165567517           1335.9470977398037           4032.5574765278834           5087.8213059528534           -7.5956912243997898          0.97088070817979999          1.2249465956450463           
17340                        17340.000056521967           50000.700694445099           0.20069444509863388          32.149618165567517           877.28945823609115           4080.8304554407646           5148.7266475491851           -7.6866178000130203          0.63755773857507214          0.80439767194350364          
17400                        17400.000056717545           50000.701388889545           0.20138888954534195          32.149618165567517           414.3103596797298            4109.0015836492612           5184.2697655694974           -7.7396806993170557          0.30109420956308602          0.37988634841062191          
17460                        17460.000056913123           50000.702083333992           0.20208333399205003          32.149618165567517           -50.709599208002913          4116.9320923856922           5194.27557740259             -7.7546185386324202          -0.036852485905992986        -0.046496265474497769        
17520                        17520.0000571087             50000.702777778439           0.20277777843875811          32.149618165567517           -515.47976658793129          4104.5829165861296           5178.6947952042729           -7.7313577353344405          -0.37461764892037774         -0.47264984240327146         
17580                        17580.000057304278           50000.703472222885           0.20347222288546618          32.149618165567517           -977.71072107425209          4072.0148873218336           5137.6041686854278           -7.6700128703154782          -0.71053747478291285         -0.89647518328519504         
17640                        17640.000057499856           50000.704166667332           0.20416666733217426          32.149618165567517           -1435.1255492446887          4019.3884321501728           5071.2061070489481           -7.5708861235684433          -1.0429572487824963          -1.3158845577378941          
17700                        17700.000057695433           50000.704861111779           0.20486111177888233          32.149618165567517           -1885.4710615373976          3946.9627848610639           4979.8276819378871           -7.4344657856718532          -1.3702394971889427          -1.728811988083216           
17760                        17760.000057891011           50000.705555556226           0.20555555622559041          32.149618165567517           -2326.5288912859992          3855.0947085116504           4863.9190163061958           -7.2614238525087469          -1.6907720533201274          -2.1332234261912073          
17820                        17820.000058086589           50000.706250000672           0.20625000067229848          32.149618165567517           -2756.1264222197565          3744.2367380394758           4724.051067148368            -7.0526127150676814          -2.0029759989485969          -2.5271267730416418          
17880                        17880.000058282167           50000.706944445119           0.20694444511900656          32.149618165567517           -3172.1474906008975          3614.9349511108762           4560.9128130100698           -6.8090609606315828          -2.3053134419288992          -2.9085816916475253          
17940                        17940.000058477744           50000.707638889566           0.20763888956571463          32.149618165567517           -3572.5428092811835          3467.826278185235            4375.3078601338702           -6.5319683060374851          -2.5962950917336545          -3.2757091650028851          
18000                        18000.000058673322           50000.708333334012           0.20833333401242271          32.149618165567517           -3955.3400623296457          3303.6353650455026           4168.1504839579311           -6.2226996879654948          -2.8744875955818627          -3.6267007519731393          
18060                        18060.0000588689             50000.709027778459           0.20902777845913079          32.149618165567517           -4318.6536205061457          3123.171003249915            3940.4611254669176           -5.8827785393677825          -3.1385205990222675          -3.9598274955342689          
18120                        18120.000059064478           50000.709722222906           0.20972222290583886          32.149618165567517           -4660.6938297230936          2927.3221460882219           3693.3613645797559           -5.513879285157361           -3.3870934961918855          -4.2734484394794858          
18180                        18180.000059260055           50000.710416667353           0.21041666735254694          32.149618165567517           -4979.7758267410945          2717.0535296675166           3428.0683953349326           -5.1178190941223161          -3.6189818364984618          -4.5660187116407842          
18240                        18240.000059455633           50000.711111111799           0.21111111179925501          32.149618165567517           -5274.3278386730981          2493.4009206978499           3145.8890300881476           -4.6965489276948995          -3.8330433561680333          -4.8360971338080576          
18300                        18300.000059651211           50000.711805556246           0.21180555624596309          32.149618165567517           -5542.8989254143416          2257.4660143866658           2848.2132622571589           -4.2521439296685681          -4.0282236049466773          -5.0823533208599025          
18360                        18360.000059846789           50000.712500000693           0.21250000069267116          32.149618165567517           -5784.1661268594889          2010.4110075746348           2536.5074193232449           -3.7867932042024224          -4.2035611402397492          -5.3035742341363701          
18420                        18420.000060042366           50000.713194445139           0.21319444513937924          32.149618165567517           -5996.94097970033            1753.4528738451806           2212.3069398170578           -3.3027890324658582          -4.3581922631026764          -5.49867015677225            
18480                        18480.000060237944           50000.713888889586           0.21388888958608732          32.149618165567517           -6180.1753717028123          1487.8573688080767           1877.2088098688671           -2.8025155810413347          -4.4913552727542161          -5.6666800615568569          
18540                        18540.000060433522           50000.714583334033           0.21458333403279539          32.149618165567517           -6332.9667046256791          1214.932795086602            1532.8636965801591           -2.2884371577068183          -4.6023942186547391          -5.806776344878692           
18600                        18600.0000606291             50000.71527777848            0.21527777847950347          32.149618165567517           -6454.5623403486061          936.02355772144915           1180.9678169669785           -1.7630860724489785          -4.6907621316671486          -5.9182689034359104          
18660                        18660.000060824677           50000.715972222926           0.21597222292621154          32.149618165567517           -6544.363308308546           652.50354173695519           823.25458252796807           -1.2290501635028386          -4.75602371838393            -6.0006085336310457          
18720                        18720.000061020255           50000.716666667373           0.21666666737291962          32.149618165567517           -6601.9272559817273          365.76934449124536           461.48606059530226           -0.68896004986363368         -4.797857505348337           -6.0533896369048588          
18780                        18780.000061215833           50000.71736111182            0.21736111181962769          32.149618165567517           -6626.970627877492           77.233396147201788           97.444294529233886           -0.14547617306399677         -4.8160574226074155          -6.076352217683012           
18840                        18840.000061411411           50000.718055556266           0.21805555626633577          32.149618165567517           -6619.3700623104005          -211.68299784771986          -267.07747448770658          0.39872430795233338          -4.8105338187964346          -6.0693831640938871          
18900                        18900.000061606988           50000.718750000713           0.21875000071304385          32.149618165567517           -6579.1629990702122          -499.55665800063218          -630.28364081610653          0.94096070430545997          -4.7813139027544693          -6.0325168051487772          
18960                        18960.000061802566           50000.71944444516            0.21944444515975192          32.149618165567517           -6506.5474949964209          -784.969541243756            -990.38507937219515          1.4785620020424644           -4.7285416094957977          -5.9659347416398791          
19020                        19020.000061998144           50000.720138889606           0.22013888960646             32.149618165567517           -6401.8812483658003          -1066.515726103336           -1345.6079587176589          2.0088800193426146           -4.6524768911973098          -5.8699649515890338          
19080                        19080.000062193722           50000.720833334053           0.22083333405316807          32.149618165567517           -6265.679836898752           -1342.8083381585313          -1694.2024788141589          2.5293024512532747           -4.5534944366944785          -5.7450801746537197          
19140                        19140.000062389299           50000.7215277785             0.22152777849987615          32.149618165567517           -6098.6141780638955          -1612.4863816760223          -2034.4514904010584          3.0372657376991832           -4.4320818257935439          -5.5918955834485864          
19200                        19200.000062584877           50000.722222222947           0.22222222294658422          32.149618165567517           -5901.5072241912549          -1874.2214437682285          -2364.6789535379785          3.5302676913782851           -4.2888371274916413          -5.4111657532534023          
19260                        19260.000062780455           50000.722916667393           0.2229166673932923           32.149618165567517           -5675.3299086736279          -2126.7242380509856          -2683.2581936460674          4.0058798233400985           -4.1244659539358333          -5.2037809450344312          
19320                        19320.000062976032           50000.72361111184            0.22361111184000038          32.149618165567517           -5421.1963632248635          -2368.7509555671381          -2988.6199143793742          4.4617593055317828           -3.9397779846330243          -4.9707627200887421          
19380                        19380.00006317161            50000.724305556287           0.22430555628670845          32.149618165567517           -5140.3584297544421          -2599.1093916918912          -3279.2599278555458          4.8956605113853469           -3.735682978032226           -4.713258907913394           
19440                        19440.000063367188           50000.725000000733           0.22500000073341653          32.149618165567517           -4834.1994938924163          -2816.6648188392692          -3553.7465641673389          5.3054460775979644           -3.5131862901258017          -4.4325379520873804          
19500                        19500.000063562766           50000.72569444518            0.2256944451801246           32.149618165567517           -4504.2276705403283          -3020.3455760411935          -3810.7277236762739          5.6890974326159345           -3.2733839221447165          -4.1299826620180573          
19560                        19560.000063758343           50000.726388889627           0.22638888962683268          32.149618165567517           -4152.0683750155022          -3209.1483478653436          -4048.9375373493972          6.0447247399598174           -3.0174571217424422          -3.8070834013304755          
19620                        19620.000063953921           50000.727083334074           0.22708333407354075          32.149618165567517           -3779.4563163826961          -3382.1431066682703          -4267.2026023308272          6.3705762074106795           -2.7466665642616857          -3.4654307464530785          
19680                        19680.000064149499           50000.72777777852            0.22777777852024883          32.149618165567517           -3388.2269524133335          -3538.4776938386167          -4464.4477620321823          6.6650467162011475           -2.4623461427465374          -3.1067076515629868          
19740                        19740.000064345077           50000.728472222967           0.22847222296695691          32.149618165567517           -2980.3074482644947          -3677.3820174635857          -4639.7014022695903          6.9266857277045402           -2.1658963972899818          -2.7326811584857382          
19800                        19800.000064540654           50000.729166667414           0.22916666741366498          32.149618165567517           -2557.707183414534           -3798.1718457412944          -4792.1002373589445          7.1542044286743591           -1.8587776160832554          -2.3451936923858727          
19860                        19860.000064736232           50000.72986111186            0.22986111186037306          32.149618165567517           -2122.5078536173928          -3900.2521774529569          -4920.89356259346            7.3464820798372408           -1.5425026421507719          -1.9461539861250983          
19920                        19920.00006493181            50000.730555556307           0.23055555630708113          32.149618165567517           -1676.8532166326145          -3983.1201728922124          -5025.4469521561732          7.5025715365667018           -1.218629421204058           -1.5375276779939451          
19980                        19980.000065127388           50000.731250000754           0.23125000075378921          32.149618165567517           -1222.9385322427861          -4046.3676308140748          -5105.245384251748           7.6217039144432661           -0.88875332732339229         -1.12132762913174            
20040                        20040.000065322965           50000.7319444452             0.23194444520049728          32.149618165567517           -762.99974857605491          -4089.6829992022422          -5159.8957780634373          7.7032923767188075           -0.55449930427023186         -0.69960400833053005         
20100                        20100.000065518543           50000.732638889647           0.23263888964720536          32.149618165567517           -299.3024880010488           -4112.8529099498919          -5189.1289300383532          7.7469350250283293           -0.21751386114171328         -0.27443419306444189         
20160                        20160.000065714121           50000.733333334094           0.23333333409391344          32.149618165567517           165.86911315118601           -4115.7632298942335          -5192.800839963048           7.7524168791097905           0.12054303820400074          0.15208746350880065          
20220                        20220.000065909699           50000.734027778541           0.23402777854062151          32.149618165567517           630.22365606357448           -4098.3996230275216          -5170.893420297275           7.7197109357800064           0.45800615199947214          0.57785994916723915          
20280                        20280.000066105276           50000.734722222987           0.23472222298732959          32.149618165567517           1091.4737666838371           -4060.8476211151005          -5123.5145852717897          7.6489783019502156           0.79321316341830406          1.0007859420460727           
20340                        20340.000066300854           50000.735416667434           0.23541666743403766          32.149618165567517           1547.3473631496395           -4003.2922023726383          -5050.8977193113142          7.5405674010260704           1.1245128690174275           1.4187821418806414           
20400                        20400.000066496432           50000.736111111881           0.23611111188074574          32.149618165567517           1995.5988478856134           -3926.0168802779481          -4953.4005274011688          7.3950122566012739           1.4502733124357343           1.829789532180105            
20460                        20460.00006669201            50000.736805556327           0.23680555632745381          32.149618165567517           2434.0201692408582           -3829.4023070058379          -4831.5032730605735          7.2130298618992477           1.7688898232830947           2.2317835227811593           
20520                        20520.000066887587           50000.737500000774           0.23750000077416189          32.149618165567517           2860.4516981781649           -3713.9243983653541          -4685.8064126022291          6.9955166479207564           2.0787929216208187           2.6227839228203624           
20580                        20580.000067083165           50000.738194445221           0.23819444522086997          32.149618165567517           3272.792866437238            -3580.1519894758403          -4517.0276373316219          6.7435440676951215           2.3784560490967204           3.0008646949989908           
20640                        20640.000067278743           50000.738888889668           0.23888888966757804          32.149618165567517           3669.0125137691734           -3428.7440327297641          -4325.9983382559512          6.4583533183866439           2.666403088651808            3.3641634430916882           
20700                        20700.000067474321           50000.739583334114           0.23958333411428612          32.149618165567517           4047.1588932725044           -3260.4463518449193          -4113.6595107172452          6.1413492272547456           2.9412156357571231           3.710890585964175            
20760                        20760.000067669898           50000.740277778561           0.24027777856099419          32.149618165567517           4405.3692855453419           -3076.0879679953005          -3881.0571191231265          5.7940933315850813           3.2015399853631865           4.0393381729095337           
20820                        20820.000067865476           50000.740972223008           0.24097222300770227          32.149618165567517           4741.8791742950198           -2876.5770161178298          -3629.3369446081861          5.4182961866793686           3.4460938001448773           4.3478882968794119           
20880                        20880.000068061054           50000.741666667454           0.24166666745441034          32.149618165567517           5055.0309382069399           -2662.8962715109001          -3359.7389410059955          5.0158089397941579           3.6736724271945094           4.6350210641672263           
20940                        20940.000068256631           50000.742361111901           0.24236111190111842          32.149618165567517           5343.2820162571406           -2436.098308760344           -3073.5911269337898          4.5886142115346544           3.8831548320475497           4.8993220812853311           
21000                        21000.000068452209           50000.743055556348           0.2430555563478265           32.149618165567517           5605.2125062468849           -2197.3003168395953          -2772.3030440769389          4.1388163296211431           4.0735091208104555           5.1394894221563918           
21060                        21060.000068647787           50000.743750000795           0.24375000079453457          32.149618165567517           5839.532159129516            -1947.678595924441           -2457.3588138971713          3.668630963135715            4.2437976231890477           5.3543400412991078           
21120                        21120.000068843365           50000.744444445241           0.24444444524124265          32.149618165567517           6045.0867346760469           -1688.4627630306336          -2130.3098269666789          3.1803742083101731           4.3931815113788213           5.5428156014174554           
21180                        21180.000069038942           50000.745138889688           0.24513888968795072          32.149618165567517           6220.86368717198             -1420.9296950169257          -1792.7671009398537          2.6764511796176826           4.520924932064915            5.7039876866871788           
21240                        21240.00006923452            50000.745833334135           0.2458333341346588           32.149618165567517           6365.997153138077            -1146.3972387898277          -1446.3933448066987          2.1593441623675411           4.6263986311778105           5.8370623760593201           
21300                        21300.000069430098           50000.746527778581           0.24652777858136687          32.149618165567517           6479.7722165059222           -866.2177196931251           -1092.894768518775           1.6316003851624692           4.7090830535495192           5.9413841540530248           
21360                        21360.000069625676           50000.747222223028           0.24722222302807495          32.149618165567517           6561.6284302384083           -581.7712800593182           -734.01267833282202          1.0958194724503276           4.7685709022015859           6.0164391397733743           
21420                        21420.000069821253           50000.747916667475           0.24791666747478303          32.149618165567517           6611.1625770478677           -294.45908073675514          -371.51489927273349          0.55464063897801763          4.8045691446580507           6.0618576182483705           
21480                        21480.000070016831           50000.748611111921           0.2486111119214911           32.149618165567517           6628.1306556127984           -5.6963990812080425          -7.187066962165531           0.010729689226666006         4.8169004564004405           6.0774158616158784           
21540                        21540.000070212409           50000.749305556368           0.24930555636819918          32.149618165567517           6612.4490825092471           283.09434258936125           357.1761682764714            -0.53323411413213007         4.805504094354438            6.0630372311895293           
21600                        21600.000070407987           50000.750000000815           0.25000000081490725          32.149618165567517           6564.1951039361866           570.49058373555806           719.7799817287206            -1.074571248074049           4.7704361961054982           6.018792554974878            
21660                        21660.000070603564           50000.750694445262           0.25069444526161533          32.149618165567517           6483.6064152068057           855.07663301818013           1078.8382154538274           -1.6106151283422683          4.7118695033695071           5.944899778776203            
21720                        21720.000070799142           50000.751388889708           0.2513888897083234           32.149618165567517           6371.0799898800333           1135.4506418827              1432.5821767586424           -2.1387252448323348          4.6300925110806421           5.8417228926125686           
21780                        21780.00007099472            50000.752083334155           0.25208333415503148          32.149618165567517           6227.1701242999425           1410.2315099552784           1779.2693506390822           -2.6563001685378063          4.525508046287956            5.7097701377315486           
21840                        21840.000071190298           50000.752777778602           0.25277777860173956          32.149618165567517           6052.5857071754272           1678.0656882348655           2117.1919832723488           -3.1607903659854681          4.3986312838609276           5.5496915030527045           
21900                        21900.000071385875           50000.753472223048           0.25347222304844763          32.149618165567517           5848.1867276500379           1937.6338465694016           2444.6854942782961           -3.6497107580372261          4.2500872087784778           5.3622755233731594           
21960                        21960.000071581453           50000.754166667495           0.25416666749515571          32.149618165567517           5614.9800390629207           2187.6573725726516           2760.1366763118067           -4.120652961194998           4.0806075375019812           5.1484453951070437           
22020                        22020.000071777031           50000.754861111942           0.25486111194186378          32.149618165567517           5354.1143992682491           2426.9046699685186           3061.9916415956277           -4.5712971511089018          3.8910271135973806           4.9092544286923756           
22080                        22080.000071972609           50000.755555556389           0.25555555638857186          32.149618165567517           5066.8748119441516           2654.1972253376894           3348.7634762496618           -4.9994234898500256          3.68227979536127             4.645880860066474            
22140                        22140.000072168186           50000.756250000835           0.25625000083527993          32.149618165567517           4754.6761967653902           2868.4154133822899           3619.0395647121049           -5.4029230606579306          3.4553938557081798           4.3596220467681572           
22200                        22200.000072363764           50000.756944445282           0.25694444528198801          32.149618165567517           4419.0564196200412           3068.5040121122715           3871.4885481728916           -5.7798082562991775          3.2114869169788638           4.0518880772562733           
22260                        22260.000072559342           50000.757638889729           0.25763888972869609          32.149618165567517           4061.6687172027619           3253.4774007861615           4104.8668827427537           -6.1282225698646506          2.9517604456203212           3.7241948249245702           
22320                        22320.00007275492            50000.758333334175           0.25833333417540416          32.149618165567517           3684.2735533005252           3422.424415001517            4318.0249650528722           -6.4464497397769449          2.6774938338563237           3.3781564810282649           
22380                        22380.000072950497           50000.759027778622           0.25902777862211224          32.149618165567517           3288.7299468860997           3574.5128350192931           4509.9127951108858           -6.7329222039602783          2.3900380975016855           3.0154776033045514           
22440                        22440.000073146075           50000.759722223069           0.25972222306882031          32.149618165567517           2876.9863147364222           3708.9934852129982           4679.585148518494            -6.9862288215283002          2.0908092209643394           2.6379447194548975           
22500                        22500.000073341653           50000.760416667516           0.26041666751552839          32.149618165567517           2451.0708736843981           3825.2039244490597           4826.2062325726902           -7.2051218239534087          1.7812811822172188           2.247417526849731            
22560                        22560.00007353723            50000.761111111962           0.26111111196223646          32.149618165567517           2013.081649781881            3922.5717092198806           4949.0538033150551           -7.388522961476629           1.4629786920983869           1.8458197318050735           
22620                        22620.000073732808           50000.761805556409           0.26180555640894454          32.149618165567517           1565.1761435879262           4000.6172134556577           5047.5227232488432           -7.5355288144813537          1.1374696837050586           1.4351295735561367           
22680                        22680.000073928386           50000.762500000856           0.26250000085565262          32.149618165567517           1109.5607024902754           4058.9559911247748           5121.1279421988138           -7.6454152436674958          0.80635758887815423          1.0173700796060292           
22740                        22740.000074123964           50000.763194445302           0.26319444530236069          32.149618165567517           648.47965241120414           4097.3006699847956           5169.5068866303527           -7.7176409571048818          0.47127343982283548          0.59459910045097242          
22800                        22800.000074319541           50000.763888889749           0.26388888974906877          32.149618165567517           184.20424243408314           4115.4623671555892           5192.4212456582572           -7.7518501765948367          0.13386783477180583          0.16889917277018307          
22860                        22860.000074515119           50000.764583334196           0.26458333419577684          32.149618165567517           -280.97854319143994          4113.351619541575            5189.7581449474637           -7.7478743902056824          -0.20419719273210069         -0.25763273898644412         
22920                        22920.000074710697           50000.765277778642           0.26527777864248492          32.149618165567517           -744.77725055445217          4090.9788245199275           5161.5307027231647           -7.7057331823492889          -0.54125636088277673         -0.68289557208072238         
22980                        22980.000074906275           50000.765972223089           0.26597222308919299          32.149618165567517           -1204.9072436049873          4048.4541887238979           5107.8779651514697           -7.6256341373098095          -0.87564934265838379         -1.1047945151564016          
23040                        23040.000075101852           50000.766666667536           0.26666666753590107          32.149618165567517           -1659.1019580919922          3985.9871851735884           5029.0642214088884           -7.5079718166997713          -1.2057289444620192          -1.5212513271155863          
23100                        23100.00007529743            50000.767361111983           0.26736111198260915          32.149618165567517           -2105.124066481028           3903.8855214282889           4925.4777018145842           -7.3533258158805248          -1.5298692200681614          -1.930214574371353           
23160                        23160.000075493008           50000.768055556429           0.26805555642931722          32.149618165567517           -2540.7764988541953          3802.553623843176            4797.6286654382748           -7.1624579089209606          -1.8464734799062283          -2.3296697360486789          
23220                        23220.000075688586           50000.768750000876           0.2687500008760253           32.149618165567517           -2963.9132655042058          3682.4906453968138           4646.1468866040823           -6.9363082961582059          -2.1539821562281531          -2.7176491273562426          
23280                        23280.000075884163           50000.769444445323           0.26944444532273337          32.149618165567517           -3372.4500279113367          3544.2880069027378           4471.7785526716198           -6.6759909728445148          -2.4508804854167692          -3.0922415922473521          
23340                        23340.000076079741           50000.770138889769           0.27013888976944145          32.149618165567517           -3764.3743660314735          3388.6264837169178           4275.3825883755808           -6.3827882416940387          -2.7357059695925652          -3.4516019176247088          
23400                        23400.000076275319           50000.770833334216           0.27083333421614952          32.149618165567517           -4137.7556913193866          3216.2728522917614           4057.9264248298859           -6.058144396360257           -3.0070555807635122          -3.7939599227153824          
23460                        23460.000076470897           50000.771527778663           0.2715277786628576           32.149618165567517           -4490.7547566564554          3028.0761130954561           3820.4812340378985           -5.7036586069587232          -3.2635926720308936          -4.1176291788424333          
23520                        23520.000076666474           50000.77222222311            0.27222222310956568          32.149618165567517           -4821.6327163376991          2824.963308502266            3564.2166523831684           -5.3210770426805345          -3.5040535618070772          -4.4210153166402852          
23580                        23580.000076862052           50000.772916667556           0.27291666755627375          32.149618165567517           -5128.7596914893193          2607.9349562545135           3290.3950190923515           -4.9122842702998692          -3.7272537586118824          -4.7026238797931503          
23640                        23640.00007705763            50000.773611112003           0.27361111200298183          32.149618165567517           -5410.6227987241709          2378.0601209906681           3000.3651580512101           -4.4792939709458857          -3.9320937957847             -4.96106768660961            
23700                        23700.000077253208           50000.77430555645            0.2743055564496899           32.149618165567517           -5665.8336024866549          2136.4711481168006           2695.5557336039565           -4.0242390208674532          -4.1175646473710117          -5.1950736631708061          
23760                        23760.000077448785           50000.775000000896           0.27500000089639798          32.149618165567517           -5893.1349543773458          1884.3580859619362           2377.4682130647643           -3.5493609850520507          -4.2827526985050905          -5.4034891143927046          
23820                        23820.000077644363           50000.775694445343           0.27569444534310605          32.149618165567517           -6091.4071857673944          1622.9628236933427           2047.6694706075609           -3.0569990754524889          -4.4268442458051602          -5.5852874021116516          
23880                        23880.000077839941           50000.77638888979            0.27638888978981413          32.149618165567517           -6259.6736231983605          1353.5729738679072           1707.7840689667596           -2.5495786282123212          -4.5491295056124246          -5.7395730022234392          
23940                        23940.000078035519           50000.777083334237           0.27708333423652221          32.149618165567517           -6397.1053993990527          1077.5155297536899           1359.4862569686682           -2.0295991566502583          -4.6490061103296911          -5.8655859159647887          
24000                        24000.000078231096           50000.777777778683           0.27777777868323028          32.149618165567517           -6503.0255362206844          796.15032866518231           1004.4917223131064           -1.499622038853633           -4.725982075636904           -5.9627054136076438          
24060                        24060.000078426674           50000.77847222313            0.27847222312993836          32.149618165567517           -6576.912279378138           510.86335351136483           644.54914023038282           -0.96225790053086713         -4.7796782239673075          -6.0304530921251169          
24120                        24120.000078622252           50000.779166667577           0.27916666757664643          32.149618165567517           -6618.4016685706365          223.05990555262252           281.43155964428445           -0.42015375527402332         -4.8098300523064017          -6.0684952317672689          
24180                        24180.000078817829           50000.779861112023           0.27986111202335451          32.149618165567517           -6627.2893303216342          -65.842318003026733          -83.072330727835237          0.12402003442250654          -4.8162890351130336          -6.0766444399384234          
24240                        24240.000079013407           50000.78055555647            0.28055555647006258          32.149618165567517           -6603.5314847065356          -354.42020746516732          -447.16701331536558          0.66758291115817348          -4.7990233559445716          -6.0548605742783899          
24300                        24300.000079208985           50000.781250000917           0.28125000091677066          32.149618165567517           -6547.2451610091666          -641.25225078768642          -809.05898627314241          1.2078573268417501           -4.7581180641821996          -6.0032509404005836          
24360                        24360.000079404563           50000.781944445363           0.28194444536347874          32.149618165567517           -6458.7076212447028          -924.92553582560254          -1166.9655981308474          1.7421819320831904           -4.693774656084341           -5.9220697633129902          
24420                        24420.00007960014            50000.78263888981            0.28263888981018681          32.149618165567517           -6338.3549943887292          -1204.0427102294566          -1519.1238289943105          2.2679246857919555           -4.6063100822318894          -5.8117169351257161          
24480                        24480.000079795718           50000.783333334257           0.28333333425689489          32.149618165567517           -6186.7801280401263          -1477.22886469337            -1863.7989750432102          2.7824958204049564           -4.4961551862545219          -5.6727360452138313          
24540                        24540.000079991296           50000.784027778704           0.28402777870360296          32.149618165567517           -6004.7296681002981          -1743.138305650433           -2199.2931935460147          3.2833605988784176           -4.3638525825287662          -5.5058117025387379          
24600                        24600.000080186874           50000.78472222315            0.28472222315031104          32.149618165567517           -5793.1003808540308          -2000.4611840536516          -2523.9538663000885          3.7680518006037151           -4.2100539833021475          -5.3117661633181426          
24660                        24660.000080382451           50000.785416667597           0.28541666759701911          32.149618165567517           -5552.9347355691252          -2247.9299475896014          -2836.1817402993229          4.2341818747425597           -4.035516988409789           -5.0915552806564204          
24720                        24720.000080578029           50000.786111112044           0.28611111204372719          32.149618165567517           -5285.4157693745574          -2484.3255845416929          -3134.4388055289874          4.6794547011151302           -3.8411013533970437          -4.846263796087209           
24780                        24780.000080773607           50000.78680555649            0.28680555649043527          32.149618165567517           -4991.8612597123811          -2708.4836285462625          -3417.2558710824183          5.1016769007079672           -3.6277647544311278          -4.5770999962217012          
24840                        24840.000080969185           50000.787500000937           0.28750000093714334          32.149618165567517           -4673.7172330694275          -2919.2998946625307          -3683.2398022801713          5.498768640086924            -3.3965580708634437          -4.2853897608235885          
24900                        24900.000081164762           50000.788194445384           0.28819444538385142          32.149618165567517           -4332.5508419642583          -3115.7359185010064          -3931.0803831421699          5.8687738764935258           -3.1486202086803292          -3.9725700316293495          
24960                        24960.00008136034            50000.788888889831           0.28888888983055949          32.149618165567517           -3970.042645276797           -3296.8240716176083          -4159.5567704088426          6.2098699931581454           -2.8851724903415121          -3.6401817340859766          
25020                        25020.000081555918           50000.789583334277           0.28958333427726757          32.149618165567517           -3587.9783299471133          -3461.672327975471           -4367.5435073192539          6.5203767773672432           -2.6075126386414791          -3.2898621868731004          
25080                        25080.000081751496           50000.790277778724           0.29027777872397564          32.149618165567517           -3188.2399148216386          -3609.4686579952318          -4554.016067522818           6.7987646970593856           -2.3170083842287879          -2.9233370365996154          
25140                        25140.000081947073           50000.790972223171           0.29097222317068372          32.149618165567517           -2772.7964799759616          -3739.485028549037           -4718.0559018157392          7.0436624351801971           -2.0150907282721837          -2.5424117574038494          
25200                        25200.000082142651           50000.791666667617           0.29166666761739179          32.149618165567517           -2343.6944671808374          -3851.0809891946215          -4858.8549628423298          7.2538636446826024           -1.7032468934610996          -2.1489627573295884          
25260                        25260.000082338229           50000.792361112064           0.29236111206409987          32.149618165567517           -1903.0475992905579          -3943.7068269839456          -4975.7196854728982          7.4283328908977415           -1.3830129980633497          -1.7449281352872483          
25320                        25320.000082533807           50000.793055556511           0.29305555651080795          32.149618165567517           -1453.026468209983           -4016.9062743060558          -5068.0744032511739          7.5662107520049284           -1.0559664891270428          -1.3322981341306754          
25380                        25380.000082729384           50000.793750000958           0.29375000095751602          32.149618165567517           -995.84784272908757          -4070.3187564255463          -5135.4641840821096          7.6668180524761249           -0.72371837210016665         -0.9131053368769706          
25440                        25440.000082924962           50000.794444445404           0.2944444454042241           32.149618165567517           -533.7637488937952           -4103.6811676454154          -5177.5570711916971          7.7296592086413076           -0.38790527514412465         -0.48941465436199483         
25500                        25500.00008312054            50000.795138889851           0.29513888985093217          32.149618165567517           -69.050376702336564          -4116.8291673450949          -5194.1457183199936          7.7544246698947576           -0.050181387231797311        -0.063313153651569504        
25560                        25560.000083316118           50000.795833334298           0.29583333429764025          32.149618165567517           396.00313222812838           -4109.6979895094546          -5185.1484110925358          7.7409924435170572           0.2877896902575745           0.36310022268716802          
25620                        25620.000083511695           50000.796527778744           0.29652777874434832          32.149618165567517           859.10596079354548           -4082.3227617611115          -5150.6094695389347          7.6894286956016566           0.62434313830828458          0.78772499581220046          
25680                        25680.000083707273           50000.797222223191           0.2972222231910564           32.149618165567517           1317.9769007883181           -4034.8383323245139          -5090.6990297758921          7.5999874251258897           0.95782112103603612          1.2084694974006343           
25740                        25740.000083902851           50000.797916667638           0.29791666763776448          32.149618165567517           1770.3555899579794           -3967.4786057741699          -5005.7122059300282          7.4731092127719361           1.2865809520574596           1.6232611730427804           
25800                        25800.000084098428           50000.798611112084           0.29861111208447255          32.149618165567517           2214.0136463663462           -3880.5753908390593          -4896.0676364288502          7.3094190506609404           1.6090031862343774           2.0300567914825929           
25860                        25860.000084294006           50000.799305556531           0.29930555653118063          32.149618165567517           2646.7656452301298           -3774.5567659388648          -4762.3054218206962          7.1097232636908529           1.9234995969335178           2.4268525094145565           
25920                        25920.000084489584           50000.800000000978           0.3000000009778887           32.149618165567517           3066.479884149986            -3649.9449705032553          -4605.0844642818047          6.8750055376432293           2.2285209995063227           2.8116937422586217           
25980                        25980.000084685162           50000.800694445425           0.30069444542459678          32.149618165567517           3471.0888837093107           -3507.3538324614246          -4425.1792219158751          6.6064220736242429           2.5225648824509994           3.1826847922905146           
26040                        26040.000084880739           50000.801388889871           0.30138888987130485          32.149618165567517           3858.599571715667            -3347.4857445738621          -4223.4758938342075          6.3052958927087293           2.8041828086663192           3.5379981867000239           
26100                        26100.000085076317           50000.802083334318           0.30208333431801293          32.149618165567517           4227.103100918057            -3171.1282045007133          -4000.9680548083948          5.9731103188421546           3.0719875503391516           3.8758836795787057           
26160                        26160.000085271895           50000.802777778765           0.30277777876472101          32.149618165567517           4574.7842518387415           -2979.1499356500813          -3758.7517609989386          5.6115016721032216           3.3246599223198507           4.1946768734939326           
26220                        26220.000085467473           50000.803472223211           0.30347222321142908          32.149618165567517           4899.9303744019953           -2772.4966079146652          -3498.0201508685846          5.2222512083195189           3.5609552803248232           4.4928074181800834           
26280                        26280.00008566305            50000.804166667658           0.30416666765813716          32.149618165567517           5200.9398243140276           -2552.1861793760531          -3220.0575678758482          4.8072763447410471           3.7797096519566331           4.7688067459607639           
26340                        26340.000085858628           50000.804861112105           0.30486111210484523          32.149618165567517           5476.3298526371409           -2319.3038819230615          -2926.2332338998876          4.3686212149932571           3.9798454703407207           5.0213153057979856           
26400                        26400.000086054206           50000.805555556552           0.30555555655155331          32.149618165567517           5724.7439096946755           -2074.996875484585           -2617.9945045609356          3.9084465998351612           4.160376882135302            5.2490892603339221           
26460                        26460.000086249784           50000.806250000998           0.30625000099826138          32.149618165567517           5944.958327328306            -1820.4685972097745          -2296.8597396600517          3.4290192833228121           4.3204146037675892           5.4510066129361681           
26520                        26520.000086445361           50000.806944445445           0.30694444544496946          32.149618165567517           6135.8883465914041           -1556.9728334310416          -1964.410823857849           2.9327008868088655           4.4591703019749191           5.6260727345651302           
26580                        26580.000086640939           50000.807638889892           0.30763888989167754          32.149618165567517           6296.5934611865068           -1285.8075436109402          -1622.285374434746           2.4219362357810503           4.5759604770725568           5.773425263238658            
26640                        26640.000086836517           50000.808333334338           0.30833333433838561          32.149618165567517           6426.2820503255689           -1008.3084666956714          -1272.1686745167065          1.8992413168436006           4.6702098298195294           5.8923383519595154           
26700                        26700.000087032095           50000.809027778785           0.30902777878509369          32.149618165567517           6524.3152781918589           -725.84254136981531          -915.78537150276213          1.3671908841646068           4.7414540952975592           5.9822262441807537           
26760                        26760.000087227672           50000.809722223232           0.30972222323180176          32.149618165567517           6590.2102407950888           -439.80117262360034          -554.89098158721367          0.82840577643896185          4.7893423298436293           6.0426461591965088           
26820                        26820.00008742325            50000.810416667679           0.31041666767850984          32.149618165567517           6623.6423447185762           -151.59337780106904          -191.26324222456805          0.28554000684253977          4.8136386397709385           6.0733004732450304           
26880                        26880.000087618828           50000.811111112125           0.31111111212521791          32.149618165567517           6624.4469060409619           137.36115410882826           173.30664486570691           -0.25873231042851691         4.8142233433627011           6.0740381855799797           
26940                        26940.000087814406           50000.811805556572           0.31180555657192599          32.149618165567517           6592.6199615562855           425.63905574882648           537.02283701834392           -0.80173013263455539         4.7910935604148861           6.044855662288267            
27000                        27000.000088009983           50000.812500001019           0.31250000101863407          32.149618165567517           6528.3182882964256           711.8202927892919            898.0936968023708            -1.3407786950986365          4.7443632264238929           5.9858966541904142           
27060                        27060.000088205561           50000.813194445465           0.31319444546534214          32.149618165567517           6431.8586312597454           994.49515890593614           1254.7406174865514           -1.8732226868875126          4.6742625313492185           5.8974515887352954           
27120                        27120.000088401139           50000.813888889912           0.31388888991205022          32.149618165567517           6303.7161431500635           1272.2712198825859           1605.2067843166201           -2.3964393306649869          4.5811367857157794           5.7799561393773047           
27180                        27180.000088596717           50000.814583334359           0.31458333435875829          32.149618165567517           6144.5220438117249           1543.780172632903            1947.7658284469517           -2.9078513022873342          4.4654447196413516           5.6339890794830971           
27240                        27240.000088792294           50000.815277778805           0.31527777880546637          32.149618165567517           5955.0605108901518           1807.6845853540506           2280.7303308980672           -3.4049394264998512          4.3277562231680013           5.4602694313393814           
27300                        27300.000088987872           50000.815972223252           0.31597222325217444          32.149618165567517           5736.2648170342809           2062.6844856108405           2602.4601346501599           -3.8852550861965445          4.1687495390284361           5.2596529243055468           
27360                        27360.00008918345            50000.816666667699           0.31666666769888252          32.149618165567517           5489.2127326687041           2307.5237638979734           2911.3704239279141           -4.3464322841159202          3.989207921675511            5.0331277795579599           
27420                        27420.000089379027           50000.817361112146           0.3173611121455906           32.149618165567517           5215.121216981107            2540.9963611369262           3205.939530878692            -4.7861992975578884          3.7900157790322377           4.781809842189972            
27480                        27480.000089574605           50000.818055556592           0.31805555659229867          32.149618165567517           4915.3404232767653           2761.9522096283654           3484.7164311890087           -5.2023898687115819          3.5721543159677287           4.5069370846465207           
27540                        27540.000089770183           50000.818750001039           0.31875000103900675          32.149618165567517           4591.3470482292796           2969.3028981954149           3746.3278917164798           -5.5929538754714008          3.3366967009589823           4.2098635085689846           
27600                        27600.000089965761           50000.819444445486           0.31944444548571482          32.149618165567517           4244.7370577886059           3162.0270336117351           3989.4852349285525           -5.955967430177683           3.0848027797471551           3.8920524750893017           
27660                        27660.000090161338           50000.820138889932           0.3201388899324229           32.149618165567517           3877.2178255779722           3339.1752719044343           4212.9906868269454           -6.2896423565364001          2.8177133620284169           3.5550694964278327           
27720                        27720.000090356916           50000.820833334379           0.32083333437913097          32.149618165567517           3490.5997225053479           3499.8749947480051           4415.7432770884043           -6.5923349980353079          2.5367441093227274           3.2005745243029686           
27780                        27780.000090552494           50000.821527778826           0.32152777882583905          32.149618165567517           3086.7871990183648           3643.334607913745            4596.7442623581455           -6.8625543144669834          2.2432790541283949           2.8303137731391805           
27840                        27840.000090748072           50000.822222223273           0.32222222327254713          32.149618165567517           2667.7694039308085           3768.8474406008327           4755.1020459812826           -7.0989692266759326          1.9387637822865558           2.4461111183517441           
27900                        27900.000090943649           50000.822916667719           0.3229166677192552           32.149618165567517           2235.6103860315961           3875.7952264412552           4890.0365699379972           -7.3004151733500864          1.6246983121387246           2.0498591120795173           
27960                        27960.000091139227           50000.823611112166           0.32361111216596328          32.149618165567517           1792.4389267423576           3963.6511490314392           5000.8831573481666           -7.4658998475584752          1.3026297055541092           1.6435096606215676           
28020                        28020.000091334805           50000.824305556613           0.32430555661267135          32.149618165567517           1340.4380539071428           4031.9824369885273           5087.0957866175249           -7.5946080847773274          0.97414444722420135          1.2290644094998557           
28080                        28080.000091530383           50000.825000001059           0.32500000105937943          32.149618165567517           881.83428836851033           4080.4524957482654           5148.2497810972045           -7.6859058783265679          0.64086062976363956          0.80856488351041456          
28140                        28140.00009172596            50000.825694445506           0.3256944455060875           32.149618165567517           418.8866763005135            4108.8225656034165           5184.0439010076016           -7.739343502436995           0.30441998311291862          0.38408243033235079          
28200                        28200.000091921538           50000.826388889953           0.32638888995279558          32.149618165567517           -46.124338675541694          4116.9528978153521           5194.3018273218913           -7.7546577275641306          -0.033520212494512779        -0.042291982768337441        
28260                        28260.000092117116           50000.8270833344             0.32708333439950366          32.149618165567517           -510.90814877748653          4104.8034430053785           5178.9730302997295           -7.731773117036318           -0.37129529016467611         -0.46845806887948682         
28320                        28320.000092312694           50000.827777778846           0.32777777884621173          32.149618165567517           -973.17526541653933          4072.4340484348281           5138.1330183927848           -7.670802398649843           -0.70724139636159944         -0.89231656729134234         
28380                        28380.000092508271           50000.828472223293           0.32847222329291981          32.149618165567517           -1430.6485970384956          4020.004163202153            5071.9829662960319           -7.5720459093806536          -1.039703686919315           -1.3117795842901385          
28440                        28440.000092703849           50000.82916666774            0.32916666773962788          32.149618165567517           -1881.0746658980991          3947.7720528091677           4980.8487239769856           -7.4359901159479778          -1.3670444786744076          -1.7247808779587483          
28500                        28500.000092899427           50000.829861112186           0.32986111218633596          32.149618165567517           -2322.2347085136403          3856.0935269654483           4865.179211564322            -7.2633052185174227          -1.687651316564809           -2.1292860363222816          
28560                        28560.000093095005           50000.830555556633           0.33055555663304403          32.149618165567517           -2751.9556051218187          3745.4201868976161           4725.5442080025341           -7.0548418493475298          -1.9999449164569472          -2.5233024987018853          
28620                        28620.000093290582           50000.83125000108            0.33125000107975211          32.149618165567517           -3168.1205842952277          3616.2972007971193           4562.6315443655567           -6.8116268826420052          -2.3023869445754999          -2.9048893709123429          
28680                        28680.00009348616            50000.831944445526           0.33194444552646019          32.149618165567517           -3568.6796499923539          3469.3606183644874           4377.2437156548467           -6.5348583762479402          -2.5934875952149006          -3.2721669859545743          
28740                        28740.000093681738           50000.832638889973           0.33263888997316826          32.149618165567517           -3951.6596796772697          3305.3342376784021           4170.293927771957            -6.2258996701168376          -2.8718129294053716          -3.6233261631078282          
28800                        28800.000093877316           50000.83333333442            0.33333333441987634          32.149618165567517           -4315.1741437664614          3125.0260398231389           3942.8015991379084           -5.8862726705989559          -3.1359919383838131          -3.956637119811989           
28860                        28860.000094072893           50000.834027778867           0.33402777886658441          32.149618165567517           -4657.4323985255751          2929.324208837128            3695.887339118005            -5.5176503536520158          -3.3847232970754124          -4.2704579924407771          
28920                        28920.000094268471           50000.834722223313           0.33472222331329249          32.149618165567517           -4976.7485066399786          2719.1927565880551           3430.7674279880148           -5.1218485238928659          -3.6167817743188877          -4.5632429239931769          
28980                        28980.000094464049           50000.83541666776            0.33541666776000056          32.149618165567517           -5271.549542009725           2495.6667741260208           3148.7478256329368           -4.7008168700863839          -3.8310242682590716          -4.8335496788637569          
29040                        29040.000094659626           50000.836111112207           0.33611111220670864          32.149618165567517           -5540.383337860133           2259.8473329062267           2851.2177384910592           -4.2566293611315587          -4.0263954371769826          -5.0800467471821307          
29100                        29100.000094855204           50000.836805556653           0.33680555665341672          32.149618165567517           -5781.9256400014019          2012.8960609973587           2539.6427764320129           -3.791474029853394           -4.2019328980203445          -5.3015199037261276          
29160                        29160.000095050782           50000.8375000011             0.33750000110012479          32.149618165567517           -5994.9866300008762          1756.0294209928461           2215.5577332775274           -3.3076421949248385          -4.3567719670270089          -5.4968781890999834          
29220                        29220.00009524636            50000.838194445547           0.33819444554683287          32.149618165567517           -6178.5167861353011          1490.5127178115506           1880.5590265274593           -2.8075171740107567          -4.4901499190893368          -5.6651592837147495          
29280                        29280.000095441937           50000.838888889994           0.33888888999354094          32.149618165567517           -6331.6120532525074          1217.6538659049909           1536.2968335324197           -2.2935625437320621          -4.6014097448782509          -5.8055342480990983          
29340                        29340.000095637515           50000.83958333444            0.33958333444024902          32.149618165567517           -6453.5182960761767          938.7969465733554            1184.4669628495917           -1.7683100042805417          -4.6900033872196465          -5.9173116061901299          
29400                        29400.000095833093           50000.840277778887           0.34027777888695709          32.149618165567517           -6543.6350140170407          655.31558712645108           826.8025008228052            -1.2343469084623082          -4.7554944407810424          -5.9999407514902146          
29460                        29460.000096028671           50000.840972223334           0.34097222333366517          32.149618165567517           -6601.5182991916972          368.60619450333189           465.0652745351577            -0.69430351660083967         -4.7975603017700159          -6.0530146593114189          
29520                        29520.000096224248           50000.84166666778            0.34166666778037325          32.149618165567517           -6626.8830230780031          80.081076681255155           101.0371731870101            -0.15084004008095789         -4.8159937570551747          -6.0762718917471759          
29580                        29580.000096419826           50000.842361112227           0.34236111222708132          32.149618165567517           -6619.6042410358241          -208.83851424262539          -263.48862935043599          0.39336646264377612          -4.8107040048817904          -6.0695978854949111          
29640                        29640.000096615404           50000.843055556674           0.3430555566737894           32.149618165567517           -6579.7178077745157          -496.7293830276007           -626.71650756896236          0.93563527303100191          -4.7817171021541141          -6.0330255161858846          
29700                        29700.000096810982           50000.84375000112            0.34375000112049747          32.149618165567517           -6507.4202007354488          -782.17340183752037          -986.85722943373025          1.473295217458813            -4.7291758360811169          -5.966734936442406           
29760                        29760.000097006559           50000.844444445567           0.34444444556720555          32.149618165567517           -6403.067552259542           -1063.764495827269           -1342.1367699999294          2.0036978252174782           -4.6533390208178966          -5.8710526884601517          
29820                        29820.000097202137           50000.845138890014           0.34513889001391362          32.149618165567517           -6267.1738953072854          -1340.1155693571541          -1690.8050501204921          2.5242303746683983           -4.5545802225674494          -5.7464500954869324          
29880                        29880.000097397715           50000.845833334461           0.3458333344606217           32.149618165567517           -6100.4086313726993          -1609.8653387172167          -2031.1445571986892          3.0323287633059461           -4.4333859194228644          -5.5935409401213292          
29940                        29940.000097593293           50000.846527778907           0.34652777890732978          32.149618165567517           -5903.5932330640935          -1871.685037704003           -2361.4788055204504          3.5254901383252695           -4.2903531050143933          -5.4130784408677775          
30000                        30000.00009778887            50000.847222223354           0.34722222335403785          32.149618165567517           -5677.6971975944307          -2124.2849630186456          -2680.1805944914809          4.0012852254788713           -4.1261863477656586          -5.2059515418412881          
30060                        30060.000097984448           50000.847916667801           0.34791666780074593          32.149618165567517           -5423.8332711141102          -2366.4208272441447          -2985.6800240997436          4.4573702954909864           -3.9416943202448724          -4.9731805338984811          
30120                        30120.000098180026           50000.848611112247           0.348611112247454            32.149618165567517           -5143.2519674107198          -2596.8998881075777          -3276.4722281197701          4.8914987090841473           -3.7377858157071984          -4.7159120287648539          
30180                        30180.000098375604           50000.849305556694           0.34930555669416208          32.149618165567517           -4837.3354079762121          -2814.5868238349681          -3551.1247869656349          5.301531983748025            -3.5154652714504686          -4.4354133109153695          
30240                        30240.000098571181           50000.850000001141           0.35000000114087015          32.149618165567517           -4507.5905137848595          -3018.4093256572878          -3808.2847836774749          5.6854503277365209           -3.2758278210358451          -4.1330660950305447          
30300                        30300.000098766759           50000.850694445588           0.35069444558757823          32.149618165567517           -4155.6415823187444          -3207.3633799193362          -4046.6854682843             6.0413625894034713           -3.0200538997458062          -3.8103597197783192          
30360                        30360.000098962337           50000.851388890034           0.35138889003428631          32.149618165567517           -3783.2222864057726          -3380.5182137722427          -4265.1524977149847          6.3675155728672976           -2.7494034298525429          -3.4688838114486154          
30420                        30420.000099157915           50000.852083334481           0.35208333448099438          32.149618165567517           -3392.1671342833292          -3537.0208800875093          -4462.6097205201122          6.6623026741163995           -2.4652096143396816          -3.1103204535789217          
30480                        30480.000099353492           50000.852777778928           0.35277777892770246          32.149618165567517           -2984.4024329546041          -3676.1004590076577          -4638.0844779095978          6.9242717950144792           -2.1688723696489687          -2.7364359011427464          
30540                        30540.00009954907            50000.853472223374           0.35347222337441053          32.149618165567517           -2561.9367993514029          -3797.0718554369687          -4790.7123949935867          7.152132496222058            -1.8618514298016926          -2.3490718801161652          
30600                        30600.000099744648           50000.854166667821           0.35416666782111861          32.149618165567517           -2126.8512660447082          -3899.3391737661841          -4919.741638625359           7.3447623537994264           -1.5456591558634065          -1.9501365152801382          
30660                        30660.000099940225           50000.854861112268           0.35486111226782668          32.149618165567517           -1681.2890302414755          -3982.3986532075342          -5024.5366208724336          7.5012124881789317           -1.2218530861719532          -1.541594930947523           
30720                        30720.000100135803           50000.855555556715           0.35555555671453476          32.149618165567517           -1227.4448965633212          -4045.8411492808573          -5104.5811298728622          7.62071223827129             -0.89202826402579516         -1.1254595709148605          
30780                        30780.000100331381           50000.856250001161           0.35625000116124284          32.149618165567517           -767.55446561112115          -4089.3541492272184          -5159.4808726543679          7.7026729576816555           -0.55780938062584784         -0.70378028532209891         
30840                        30840.000100526959           50000.856944445608           0.35694444560795091          32.149618165567517           -303.88312157182463          -4112.7233114222408          -5188.9654173905974          7.7466909143355895           -0.22084277197407221         -0.2786342332516048          
30900                        30900.000100722536           50000.857638890055           0.35763889005465899          32.149618165567517           161.28512688634441           -4115.8335212061374          -5192.8895255270854          7.7525492792315864           0.11721169084852433          0.14788434919453525          
30960                        30960.000100918114           50000.858333334501           0.35833333450136706          32.149618165567517           625.65889746141886           -4098.6694579294917          -5171.2338672149735          7.7202191945237244           0.45468877807662489          0.57367446493727137          
31020                        31020.000101113692           50000.859027778948           0.35902777894807514          32.149618165567517           1086.9507213871611           -4061.3156704215767          -5124.1051165283388          7.6498599156731526           0.78992610405179964          0.99663870526739073          
31080                        31080.00010130927            50000.859722223395           0.35972222339478321          32.149618165567517           1542.8883113247657           -4003.9561605094523          -5051.7354259960684          7.541818026968186            1.1212723160038527           1.4146935815162882           
31140                        31140.000101504847           50000.860416667841           0.36041666784149129          32.149618165567517           1991.225754472043            -3926.8734766394027          -4954.4812830367118          7.396625734277281            1.4470952284850302           1.8257797881577102           
31200                        31200.000101700425           50000.861111112288           0.36111111228819937          32.149618165567517           2429.7545757537014           -3830.4473220654513          -4832.8217539294246          7.2149982434446835           1.7657898633874982           2.2278723467852339           
31260                        31260.000101896003           50000.861805556735           0.36180555673490744          32.149618165567517           2856.3146165963258           -3715.1526844609175          -4687.3561239710561          6.9978302372425372           2.0757863559396008           2.6189905809970511           
31320                        31320.000102091581           50000.862500001182           0.36250000118161552          32.149618165567517           3268.804675700057            -3581.5574961664006          -4518.8009454437879          6.7461914682337367           2.3755576877365772           2.9972078730525475           
31380                        31380.000102287158           50000.863194445628           0.36319444562832359          32.149618165567517           3665.1928593913694           -3430.3198365996177          -4327.986507934801           6.4613214892547157           2.6636272087134389           3.3606611542401632           
31440                        31440.000102482736           50000.863888890075           0.36388889007503167          32.149618165567517           4043.526590571912            -3262.1846906078167          -4115.8527483949038          6.1446235474754145           2.9385759110073528           3.7075600822077162           
31500                        31500.000102678314           50000.864583334522           0.36458333452173974          32.149618165567517           4401.9422269601282           -3077.9802787308586          -3883.4446210828405          5.7976576721137931           3.1990494188790595           4.0361958600483847           
31560                        31560.000102873892           50000.865277778968           0.36527777896844782          32.149618165567517           4738.6742412469421           -2878.6139774518078          -3631.9069502025873          5.4221329898542843           3.4437646602615235           4.3449496537002306           
31620                        31620.000103069469           50000.865972223415           0.3659722234151559           32.149618165567517           5052.0639179447844           -2665.0678495315551          -3362.4787905891289          5.0198993058238131           3.6715161870722843           4.6323005661957914           
31680                        31680.000103265047           50000.866666667862           0.36666666786186397          32.149618165567517           5340.5675240899709           -2438.3938064446943          -3076.4873242215363          4.5929379915968527           3.8811821131561497           4.8968331294812417           
31740                        31740.000103460625           50000.867361112309           0.36736111230857205          32.149618165567517           5602.7639135501777           -2199.7084267461173          -2775.3413226286498          4.1433522251144765           4.0717296406083907           5.1372442769009901           
31800                        31800.000103656203           50000.868055556755           0.36805555675528012          32.149618165567517           5837.361527478819            -1950.187455892639           -2460.5242073910376          3.6733566305947996           4.2422201472562033           5.3523497620018041           
31860                        31860.00010385178            50000.868750001202           0.3687500012019882           32.149618165567517           6043.2047564325958           -1691.0600146131105          -2133.5867429226573          3.1852663694678087           4.3918138102378999           5.5410899920379384           
31920                        31920.000104047358           50000.869444445649           0.36944444564869627          32.149618165567517           6219.2796328129734           -1423.6025443561261          -1796.1393975270018          2.6814857360717692           4.519773742904448            5.7025352474418884           
31980                        31980.000104242936           50000.870138890095           0.37013889009540435          32.149618165567517           6364.718825591026            -1149.1325196395778          -1449.8444103565666          2.1644963142879203           4.6254696246652971           5.835890261550043            
32040                        32040.000104438514           50000.870833334542           0.37083333454211242          32.149618165567517           6478.8059127120459           -869.00195827452683          -1096.4076033531819          1.6368447534529396           4.708380805898166            5.9404981380238864           
32100                        32100.000104634091           50000.871527778989           0.3715277789888205           32.149618165567517           6560.978910134394            -584.59076143152754          -737.56997850293658          1.1011302237640839           4.7680988726282338           6.0158435866698312           
32160                        32160.000104829669           50000.872222223436           0.37222222343552858          32.149618165567517           6610.8330401187941           -297.29991635570588          -375.09914179696881          0.55999161297068833          4.8043296583433497           6.0615554617182914           
32220                        32220.000105025247           50000.872916667882           0.37291666788223665          32.149618165567517           6628.1227251317296           -8.5445952134893588          -10.780596143011621          0.016094527420117855         4.8168946930351915           6.0774085900586297           
32280                        32280.000105220824           50000.873611112329           0.37361111232894473          32.149618165567517           6612.7627975411124           280.25281593447153           353.5910538818664            -0.52788183850999504         4.8057320823285252           6.0633248804242328           
32340                        32340.000105416402           50000.874305556776           0.3743055567756528           32.149618165567517           6564.8289191453459           567.66972369545965           716.22094211263163           -1.0692578999130886          4.7708968123680453           6.0193737080639673           
32400                        32400.00010561198            50000.875000001222           0.37500000122236088          32.149618165567517           6484.5572084692585           852.29033492814892           1075.3227821662163           -1.6053668807787203          4.7125604789609392           5.9457715730051488           
32460                        32460.000105807558           50000.875694445669           0.37569444566906895          32.149618165567517           6372.3430776627547           1132.7126308285576           1429.1276665481168           -2.1335679503219995          4.631010442309397            5.8428810335913886           
32520                        32520.000106003135           50000.876388890116           0.37638889011577703          32.149618165567517           6228.7392847315969           1407.5552731646956           1775.8927801519515           -2.6512592315088801          4.5266484114968071           5.7112089205486276           
32580                        32580.000106198713           50000.877083334562           0.37708333456248511          32.149618165567517           6054.4532106948209           1675.4644086403366           2113.9099852299582           -3.1558906176983212          4.3999884657003134           5.5514038403767518           
32640                        32640.000106394291           50000.877777779009           0.37777777900919318          32.149618165567517           5850.3433750813283           1935.1203378701525           2441.5142355455473           -3.6449763342675623          4.2516545218771213           5.3642529803648413           
32700                        32700.000106589869           50000.878472223456           0.37847222345590126          32.149618165567517           5617.4152069300371           2185.2440161153631           2757.0917782604506           -4.1161071833429164          4.0823772613985057           5.1506782309683397           
32760                        32760.000106785446           50000.879166667903           0.37916666790260933          32.149618165567517           5356.8160921253066           2424.6033537577855           3059.0881031546082           -4.5669624113195102          3.8929905307706973           4.9117316446489889           
32820                        32820.000106981024           50000.879861112349           0.37986111234931741          32.149618165567517           5069.8297214640688           2652.0192854766401           3346.015600021572            -4.9953211407114892          3.6844272341724027           4.6485902535469252           
32880                        32880.000107176602           50000.880555556796           0.38055555679602548          32.149618165567517           4757.8697672956705           2866.3715782318318           3616.4608865196897           -5.3990733100202988          3.4577147380419997           4.3625502715126991           
32940                        32940.00010737218            50000.881250001243           0.38125000124273356          32.149618165567517           4422.4729198827699           3066.6043494440291           3869.0917703826431           -5.7762300677320999          3.2139698103510557           4.0550207090595185           
33000                        33000.000107567757           50000.881944445689           0.38194444568944164          32.149618165567517           4065.2913177856503           3251.7312681894205           4102.663811694053            -6.1249335692443179          2.9543931194929023           3.7275164326879922           
33060                        33060.000107763335           50000.882638890136           0.38263889013614971          32.149618165567517           3688.0844095572756           3420.8404137884736           4316.0264529008846           -6.4434661284624104          2.6802633198843164           3.3816507027725842           
33120                        33120.000107958913           50000.883333334583           0.38333333458285779          32.149618165567517           3292.7102868377337           3573.0987678556667           4508.1286863696996           -6.7302586789868277          2.3929307534141673           3.0191272267675591           
33180                        33180.000108154491           50000.88402777903            0.38402777902956586          32.149618165567517           2881.1165315405742           3707.7563176827107           4678.0242315678161           -6.9838985032110159          2.0938107977651987           2.6417317668777089           
33240                        33240.000108350068           50000.884722223476           0.38472222347627394          32.149618165567517           2455.3306222170827           3824.1497507423155           4824.8761963669749           -7.2031361912575189          1.7843768943745921           2.251323343533814            
33300                        33300.000108545646           50000.885416667923           0.38541666792298201          32.149618165567517           2017.4499468559811           3921.7057221136661           4947.9611995083178           -7.3868917954730327          1.4661532903770298           1.8498250780038328           
33360                        33360.000108741224           50000.88611111237            0.38611111236969009          32.149618165567517           1569.631471314724            3999.9436787345257           5046.6729339217263           -7.534260150165828           1.1407075302828804           1.4392147192483951           
33420                        33420.000108936802           50000.886805556816           0.38680555681639817          32.149618165567517           1114.0811142748853           4058.4782265679269           5120.5251533468818           -7.6445153303809388          0.80964273437690393          1.0215149016845639           
33480                        33480.000109132379           50000.887500001263           0.38750000126310624          32.149618165567517           653.04288105977741           4097.0210290229588           5169.1540675442038           -7.7171142277495504          0.47458970187348803          0.59878318184736357          
33540                        33540.000109327957           50000.88819444571            0.38819444570981432          32.149618165567517           188.78780984025735           4115.3822272782072           5192.3201342970315           -7.7516992257982151          0.13719887772764311          0.17310190302769041          
33600                        33600.000109523535           50000.888888890157           0.38888889015652239          32.149618165567517           -276.39721532115141          4113.4713755113989           5189.9092393777964           -7.7480999615395536          -0.20086777732737746         -0.25343206218738745         
33660                        33660.000109719113           50000.889583334603           0.38958333460323047          32.149618165567517           -740.22072948175764          4091.2978864284441           5161.9332586657456           -7.7063341646669583          -0.53794497346827574         -0.67871764094450693         
33720                        33720.00010991469            50000.89027777905            0.39027777904993854          32.149618165567517           -1200.3979743952566          4048.9709848971725           5108.5299996473059           -7.6266075702195231          -0.87237229486874901         -1.100659909844069           
33780                        33780.000110110268           50000.890972223497           0.39097222349664662          32.149618165567517           -1654.6621530516243          3986.6991699142118           5029.9625225872014           -7.5093129051473761          -1.2025023787775955          -1.517180414368567           
33840                        33840.000110305846           50000.891666667943           0.3916666679433547           32.149618165567517           -2100.7755957413724          3904.7891875552805           4926.6178447142365           -7.3550279537695307          -1.5267090302984037          -1.9262274071864987          
33900                        33900.000110501423           50000.89236111239            0.39236111239006277          32.149618165567517           -2536.5407826410033          3803.6445199680816           4799.0050338047804           -7.1645127116536509          -1.8433952328980425          -2.3257859548987709          
33960                        33960.000110697001           50000.893055556837           0.39305555683677085          32.149618165567517           -2959.8111686232737          3683.7633978508979           4647.7527005548372           -6.9387056419375073          -2.1510010151848298          -2.7138878634425634          
34020                        34020.000110892579           50000.893750001283           0.39375000128347892          32.149618165567517           -3368.5017569701131          3545.7363462072512           4473.6059020930688           -6.6787190525331752          -2.4480111352052334          -3.0886213732608891          
34080                        34080.000111088157           50000.89444444573            0.394444445730187            32.149618165567517           -3760.5993699028941          3390.2432754660613           4277.4224718878222           -6.3858336169855177          -2.7329625444068739          -3.448140576480204           
34140                        34140.000111283734           50000.895138890177           0.39513889017689507          32.149618165567517           -4134.1725653382509          3218.0501322962068           4060.1687941267537           -6.0614920659747611          -3.0044515945009223          -3.7906745097077894          
34200                        34200.000111479312           50000.895833334624           0.39583333462360315          32.149618165567517           -4487.3811510202695          3030.0051266133205           3822.9150433841382           -5.7072920805383394          -3.2611409517234673          -4.1145358776585041          
34260                        34260.00011167489            50000.89652777907            0.39652777907031123          32.149618165567517           -4818.4852491631882          2827.0345533642803           3566.8299130248597           -5.3249784220194361          -3.5017661844367245          -4.4181293646390003          
34320                        34320.000111870468           50000.897222223517           0.3972222235170193           32.149618165567517           -5125.8538669528825          2610.1382296709662           3293.1748583125704           -4.9164343375094735          -3.7251419916200974          -4.6999594929476816          
34380                        34380.000112066045           50000.897916667964           0.39791666796372738          32.149618165567517           -5407.9729306895279          2380.3845698095438           3003.2978825800219           -4.4836722831206695          -3.930168041570028           -4.9586379894805503          
34440                        34440.000112261623           50000.89861111241            0.39861111241043545          32.149618165567517           -5663.4527439958756          2138.9053222855596           2698.6268970703882           -4.0288240107850966          -4.115834392047649           -5.1928906242556172          
34500                        34500.000112457201           50000.899305556857           0.39930555685714353          32.149618165567517           -5891.0348333525926          1886.889994929571            2380.6626871584963           -3.5541300674118892          -4.2812264651750302          -5.4015634871698355          
34560                        34560.000112652779           50000.900000001304           0.4000000013038516           32.149618165567517           -6089.5981472400917          1625.5799954748925           2050.9715195997965           -3.0619287581289263          -4.4255295525740621          -5.5836286720697492          
34620                        34620.000112848356           50000.900694445751           0.40069444575055968          32.149618165567517           -6258.1645783503845          1356.2625164804792           1711.1774272231912           -2.5546446279751995          -4.548032828556015           -5.7381893401365698          
34680                        34680.000113043934           50000.901388890197           0.40138889019726776          32.149618165567517           -6395.9037816669479          1080.2641947213551           1362.9542090727148           -2.0347765187821456          -4.6481328515931235          -5.8644841376438519          
34740                        34740.000113239512           50000.902083334644           0.40208333464397583          32.149618165567517           -6502.1372646791406          798.94457627992756           1008.0171854047456           -1.5048852600748037          -4.7253365368242095          -5.9618909463262195          
34800                        34800.00011343509            50000.902777779091           0.40277777909068391          32.149618165567517           -6576.3417295830886          513.68941952863349           648.11474815497888           -0.96758105462645649         -4.7792635849520408          -6.029929947885142           
34860                        34860.000113630667           50000.903472223537           0.40347222353739198          32.149618165567517           -6618.1516510056135          225.90386899290323           285.01974849690356           -0.42551062080452878         -4.8096483555678233          -6.0682659875362317          
34920                        34920.000113826245           50000.904166667984           0.40416666798410006          32.149618165567517           -6627.3610765535532          -62.994466280547194          -79.479236084007098          0.11865584495647127          -4.816341175675027           -6.0767102249554235          
34980                        34980.000114021823           50000.904861112431           0.40486111243080813          32.149618165567517           -6603.924641319084           -351.58249575467545          -443.58671218268495          0.66223782133312614          -4.799309076966817           -6.0552210644915938          
35040                        35040.000114217401           50000.905555556878           0.40555555687751621          32.149618165567517           -6547.9577913437133          -638.43865743446497          -805.50911493413344          1.2025576661508763           -4.758635958225355           -6.0039043600634789          
35100                        35100.000114412978           50000.906250001324           0.40625000132422429          32.149618165567517           -6459.7362149401188          -922.149920369798            -1163.4636429732577          1.7369538062393233           -4.6945221720429746          -5.9230128937315758          
35160                        35160.000114608556           50000.906944445771           0.40694444577093236          32.149618165567517           -6339.6944846731612          -1201.3187451350725          -1515.6870403745372          2.2627938481328838           -4.6072835379010284          -5.8129451305135342          
35220                        35220.000114804134           50000.907638890218           0.40763889021764044          32.149618165567517           -6188.4239166895077          -1474.5699679987811          -1860.444282312397           2.7774875450345018           -4.4973497864679022          -5.6742432555767452          
35280                        35280.000114999712           50000.908333334664           0.40833333466434851          32.149618165567517           -6006.669657940688           -1740.5575748721806          -2196.0371216573958          3.2784995561681831           -4.3652624427794446          -5.5075905034767345          
35340                        35340.000115195289           50000.909027779111           0.40902777911105659          32.149618165567517           -5795.3270156476565          -1997.9713316691045          -2520.8124544083657          3.7633619356687702           -4.2116721587291277          -5.3138077925973368          
35400                        35400.000115390867           50000.909722223558           0.40972222355776466          32.149618165567517           -5555.4370470876611          -2245.5432384162905          -2833.170462753048           4.2296862894896794           -4.0373355080078532          -5.0938496813711387          
35460                        35460.000115586445           50000.910416668004           0.41041666800447274          32.149618165567517           -5288.1814314277563          -2482.0537753217814          -3131.5724956451359          4.6751755404446156           -3.8431112592813053          -4.8487996661995121          
35520                        35520.000115782022           50000.911111112451           0.41111111245118082          32.149618165567517           -4994.8766488659203          -2706.3379100337556          -3414.5486480786312          5.0976352434296031           -3.629956145962868           -4.5798648442343408          
35580                        35580.0001159776             50000.911805556898           0.41180555689788889          32.149618165567517           -4676.9674957528778          -2917.2908364985019          -3680.7050017245974          5.4949843950874175           -3.3989201534198794          -4.2883699673121436          
35640                        35640.000116173178           50000.912500001345           0.41250000134459697          32.149618165567517           -4336.0199676386055          -3113.8734171483725          -3928.7304912635041          5.8652656846668911           -3.15114134682808            -3.9757509163304396          
35700                        35700.000116368756           50000.913194445791           0.41319444579130504          32.149618165567517           -3973.7135453011033          -3295.1173016119287          -4157.4033625901429          6.2066551355821211           -2.8878402651518318          -3.6435476282110848          
35760                        35760.000116564333           50000.913888890238           0.41388889023801312          32.149618165567517           -3591.8329217558221          -3460.1296967319063          -4365.597191078512           6.5174710901780619           -2.6103139088649225          -3.2933965102918035          
35820                        35820.000116759911           50000.914583334685           0.41458333468472119          32.149618165567517           -3192.2592109978732          -3608.0977643942756          -4552.2864302611579          6.7961824934442037           -2.3199293510279801          -2.9270223795120009          
35880                        35880.000116955489           50000.915277779131           0.41527777913142927          32.149618165567517           -2776.9606817820486          -3738.2926255050302          -4716.5514635906302          7.041416434871465            -2.0181170031938058          -2.5462299660998258          
35940                        35940.000117151067           50000.915972223578           0.41597222357813735          32.149618165567517           -2347.9830620853386          -3850.0729503914208          -4857.5831343984537          7.2519649113016529           -1.7063635693122825          -2.1528950236126363          
36000                        36000.000117346644           50000.916666668025           0.41666666802484542          32.149618165567517           -1907.4394620113912          -3942.8881179416203          -4974.6867317374026          7.4267907774562643           -1.3862047223433369          -1.7489550891221233          
36060                        36060.000117542222           50000.917361112472           0.4173611124715535           32.149618165567517           -1457.4999647759039          -4016.2809279211242          -5067.2854124731293          7.5650328548327668           -1.0592175396524046          -1.3363999390586794          
36120                        36120.0001177378             50000.918055556918           0.41805555691826157          32.149618165567517           -1000.3809370469338          -4069.889853105245           -5134.9230427681969          7.6660101738023476           -0.72701273445104242         -0.91726178772879319         
36180                        36180.000117933378           50000.918750001365           0.41875000136496965          32.149618165567517           -538.33411129655417          -4103.4508201338549          -5177.2664449615777          7.7292253280128902           -0.39122672154999855         -0.49360527678679028         
36240                        36240.000118128955           50000.919444445812           0.41944444581167772          32.149618165567517           -73.635493943332165          -4116.7985103160481          -5194.1070387756799          7.7543669245736391           -0.053513556508223939        -0.067517304972005004        
36300                        36300.000118324533           50000.920138890258           0.4201388902583858           32.149618165567517           391.42584607674797           -4109.8671739770425          -5185.3618687664284          7.741311117952157            0.28446321211506026          0.35890325179070393          
36360                        36360.000118520111           50000.920833334705           0.42083333470509388          32.149618165567517           854.55905308429806           -4082.6909543359166          -5151.074012955276           7.6901222200277068           0.62103873727006831          0.78355587928911385          
36420                        36420.000118715689           50000.921527779152           0.42152777915180195          32.149618165567517           1313.4827692318993           -4035.4037193187964          -5091.4123706302544          7.6010523832959711           0.95455507432242037          1.2043487719918737           
36480                        36480.000118911266           50000.922222223599           0.42222222359851003          32.149618165567517           1765.9363722938961           -3968.2384021359471          -5006.6708303613204          7.4745403587856414           1.2833693479583519           1.6192091371184607           
36540                        36540.000119106844           50000.922916668045           0.4229166680452181           32.149618165567517           2209.6911113141477           -3881.5258538710555          -4897.2668223283217          7.3112093348052731           1.6058618448596362           2.0260934050538166           
36600                        36600.000119302422           50000.923611112492           0.42361111249192618          32.149618165567517           2642.5610852584041           -3775.6932137347426          -4763.7392620926757          7.1118638671665533           1.9204439922843339           2.4229972958119657           
36660                        36660.000119498              50000.924305556939           0.42430555693863425          32.149618165567517           3062.4140105913284           -3651.2618050103206          -4606.745895941589           6.8774859160054964           2.2255661832515017           2.8079656919620009           
36720                        36720.000119693577           50000.925000001385           0.42500000138534233          32.149618165567517           3467.1817247379254           -3508.8445670561941          -4427.0600608814393          6.609230008723836            2.5197254097836246           3.1791022693831801           
36780                        36780.000119889155           50000.925694445832           0.42569444583205041          32.149618165567517           3854.8703736901507           -3349.143036014661           -4225.5668752403481          6.3084175528776143           2.8014726666060072           3.5345788384087875           
36840                        36840.000120084733           50000.926388890279           0.42638889027875848          32.149618165567517           4223.5702335753476           -3172.9438890999099          -4003.2588786447304          5.9765303270272172           3.0694200888330956           3.8726443493450189           
36900                        36900.000120280311           50000.927083334725           0.42708333472546656          32.149618165567517           4571.465117806235            -2981.1150694877706          -3761.2311428469561          5.6152031816124222           3.3222477884820258           4.1916335180044202           
36960                        36960.000120475888           50000.927777779172           0.42777777917217463          32.149618165567517           4896.8413234735681           -2774.6015108957176          -3500.6758774877949          5.2262159858073796           3.558710356137297            4.4899750287651505           
37020                        37020.000120671466           50000.928472223619           0.42847222361888271          32.149618165567517           5198.0960729122353           -2554.420482913501           -3222.8765573652518          4.8114848600246791           3.7776429957398499           4.7661992747484838           
37080                        37080.000120867044           50000.929166668066           0.42916666806559078          32.149618165567517           5473.745408858309            -2321.6565800129488          -2929.201600138394           4.3730527372565104           3.9779672622810867           5.0189455969870069           
37140                        37140.000121062621           50000.929861112512           0.42986111251229886          32.149618165567517           5722.4315043061233           -2077.4563789206773          -2621.0976256093059          3.9130792997469932           4.1586963741383824           5.2469689869239575           
37200                        37200.000121258199           50000.930555556959           0.43055555695900694          32.149618165567517           5942.9293510575826           -1823.0227906710797          -2300.0823297874249          3.4338303405668666           4.3189400738839501           5.4491462192277105           
37260                        37260.000121453777           50000.931250001406           0.43125000140571501          32.149618165567517           6134.1527940164551           -1559.6091351609327          -1967.737008838051           2.9376666024945606           4.4579090136230972           5.6244813847116504           
37320                        37320.000121649355           50000.931944445852           0.43194444585242309          32.149618165567517           6295.1598815031721           -1288.5129673938993          -1625.6987697414866          2.4270321491824518           4.5749186432600322           5.7721107961046991           
37380                        37380.000121844932           50000.932638890299           0.43263889029913116          32.149618165567517           6425.1575052349126           -1011.0696858263698          -1275.6524660324678          1.9044423258910395           4.6693925825379372           5.8913072425070672           
37440                        37440.00012204051            50000.933333334746           0.43333333474583924          32.149618165567517           6523.505307114784            -728.64595429941767          -919.32239834382187          1.3724713690955075           4.740865460242901            5.9814835715740928           
37500                        37500.000122236088           50000.934027779193           0.43402777919254731          32.149618165567517           6589.7188335855808           -442.63296995992806          -558.46382063681335          0.83373972599878088          4.7889852065860081           6.0421955817826376           
37560                        37560.000122431666           50000.934722223639           0.43472222363925539          32.149618165567517           6623.4719220100005           -154.43961033258233          -194.85429395781927          0.29090114641416492          4.8135147874715072           6.0731442105329441           
37620                        37620.000122627243           50000.935416668086           0.43541666808596347          32.149618165567517           6624.5983073222133           134.51450670030786           169.71506968794341           -0.25337038939806267         4.8143333721081696           6.0741770073075418           
37680                        37680.000122822821           50000.936111112533           0.43611111253267154          32.149618165567517           6593.0924410365296           422.80601582512918           533.44843021365432           -0.79639384254765411         4.7914369282122884           6.0452888846305353           
37740                        37740.000123018399           50000.936805556979           0.43680555697937962          32.149618165567517           6529.1095185788081           709.01481568284521           894.55406561828204           -1.3354943221016535          4.7449382418703925           5.9866221431281144           
37800                        37800.000123213977           50000.937500001426           0.43750000142608769          32.149618165567517           6432.9647148059603           991.731064176892             1251.2531978686111           -1.868016261387299           4.6750663619638315           5.8984657705668324           
37860                        37860.000123409554           50000.938194445873           0.43819444587279577          32.149618165567517           6305.1316314793294           1269.5621232447511           1601.7887550202975           -2.3913364991051425          4.582165471891952            5.7812540183225334           
37920                        37920.000123605132           50000.93888889032            0.43888889031950384          32.149618165567517           6146.2399643395675           1541.139418883801            1944.4340264164341           -2.9028772008158303          4.466693194151679            5.6355642622921449           
37980                        37980.00012380071            50000.939583334766           0.43958333476621192          32.149618165567517           5957.0724012748142           1805.1251826394969           2277.5011683287953           -3.4001185571503445          4.3292183361249812           5.4621141587852948           
38040                        38040.000123996288           50000.940277779213           0.44027777921292             32.149618165567517           5738.5607668615494           2060.2190413478356           2599.3495181436397           -3.8806111961932808          4.1704180881783373           5.2617581094056369           
38100                        38100.000124191865           50000.94097222366            0.44097222365962807          32.149618165567517           5491.781432269835            2305.1644226715562           2908.3936761370451           -4.341988248896766           3.991074687876111            5.0354830523355636           
38160                        38160.000124387443           50000.941666668106           0.44166666810633615          32.149618165567517           5217.9500131433651           2538.7547448769005           3203.1113150295814           -4.7819770080917232          3.7920715667396698           4.7844036007561455           
38220                        38220.000124583021           50000.942361112553           0.44236111255304422          32.149618165567517           4918.4153815721593           2759.839360360585            3482.050678851072            -5.198410123665103           3.5743889985330104           4.5097565523500345           
38280                        38280.000124778599           50000.943055557              0.4430555569997523           32.149618165567517           4594.6530216544625           2967.3292236496309           3743.8377341766195           -5.5892362787565162          3.3390992705110971           4.2128947969331021           
38340                        38340.000124974176           50000.943750001446           0.44375000144646037          32.149618165567517           4248.2577613778194           3160.2022559539373           3987.1829385074707           -5.9525302943841858          3.087361401416957            3.8952806522253303           
38400                        38400.000125169754           50000.944444445893           0.44444444589316845          32.149618165567517           3880.9359166215158           3337.5083798462197           4210.8875924562099           -6.2865026127255863          2.8204154322462713           3.5584786605884333           
38460                        38460.000125365332           50000.94513889034            0.44513889033987653          32.149618165567517           3494.4968859784049           3498.3741992688938           4413.8497444459072           -6.5895081123388897          2.539576317902704            3.2041478822129177           
38520                        38520.00012556091            50000.945833334787           0.4458333347865846           32.149618165567517           3090.8442377993792           3642.0073018145395           4595.0696188371476           -6.860054211902149           2.2462274498331989           2.8340337227177228           
38580                        38580.000125756487           50000.946527779233           0.44652777923329268          32.149618165567517           2671.9663333649969           3767.7001620872566           4753.6545407444009           -7.0968082225517941          1.9418138415502315           2.4499593354190661           
38640                        38640.000125952065           50000.94722222368            0.44722222368000075          32.149618165567517           2239.9265323737932           3874.8336269172692           4888.8233332824839           -7.2986039126034417          1.6278350106085999           2.0538166406202181           
38700                        38700.000126147643           50000.947916668127           0.44791666812670883          32.149618165567517           1796.8530289942598           3962.879965260865            4999.9101655826125           -7.4644472523176777          1.3058375920995784           1.6475570061605016           
38760                        38760.00012634322            50000.948611112573           0.4486111125734169           32.149618165567517           1344.9283685473199           4031.4054677621248           5086.3678326230402           -7.5935213104125863          0.97740772004778353          1.2331816351303906           
38820                        38820.000126538798           50000.94930555702            0.44930555702012498          32.149618165567517           886.37869645928538           4080.0725831711825           5147.7704507180624           -7.6851902782031534          0.64416321423939182          0.81273170810206796          
38880                        38880.000126734376           50000.950000001467           0.45000000146683306          32.149618165567517           423.46279244411591           4108.6415810952058           5183.8155553876477           -7.7390026015449784          0.30774561096878295          0.38827832843404886          
38940                        38940.000126929954           50000.950694445914           0.45069444591354113          32.149618165567517           -41.539056068263591          4116.971732891504            5194.3255912737377           -7.7546932051545641          -0.030187923040477141        -0.038087679821498327        
39000                        39000.000127125531           50000.95138889036            0.45138889036024921          32.149618165567517           -506.33628644896527          4105.0220048857836           5179.2487867640129           -7.7321847983493761          -0.3679727537089198          -0.46426607115401808         
39060                        39060.000127321109           50000.952083334807           0.45208333480695728          32.149618165567517           -968.63934400196786          4072.8512605008109           5138.6594090147946           -7.6715882557756725          -0.70394497945806866         -0.8881575242392008          
39120                        39120.000127516687           50000.952777779254           0.45277777925366536          32.149618165567517           -1426.1709601309435          4020.6179702998047           5072.757398116858            -7.5732020712486978          -1.0364496274590906          -1.3076739830311448          
39180                        39180.000127712265           50000.9534722237             0.45347222370037343          32.149618165567517           -1876.677369985726           3948.5794313728743           4981.8673822062292           -7.4375108873955682          -1.3638488058991272          -1.7207489423626414          
39240                        39240.000127907842           50000.954166668147           0.45416666814708151          32.149618165567517           -2317.9394143311665          3857.0904999117397           4866.4370783714521           -7.2651831083437042          -1.6845297721078807          -2.1253476273875251          
39300                        39300.00012810342            50000.954861112594           0.45486111259378958          32.149618165567517           -2747.783470951445           3746.6018432159667           4727.0350872343324           -7.0570676072145293          -1.9969128768014972          -2.5194770167219454          
39360                        39360.000128298998           50000.95555555704            0.45555555704049766          32.149618165567517           -3164.0921617425947          3617.6577197411984           4564.3480920678785           -6.8141895446410699          -2.2994593453110244          -2.9011956599113633          
39420                        39420.000128494576           50000.956250001487           0.45625000148720574          32.149618165567517           -3564.8147827509488          3470.8932981247021           4379.1774762483637           -6.5377453189070884          -2.5906788574657211          -3.2686232408631954          
39480                        39480.000128690153           50000.956944445934           0.45694444593391381          32.149618165567517           -3947.9774057799445          3307.0315283944842           4172.4353757036806           -6.2290966725829948          -2.869136888793312           -3.6199498401363819          
39540                        39540.000128885731           50000.957638890381           0.45763889038062189          32.149618165567517           -4311.6926018055819          3126.8795807741653           3945.1401858033096           -5.8897639846887602          -3.1334617768750062          -3.9534448504625783          
39600                        39600.000129081309           50000.958333334827           0.45833333482732996          32.149618165567517           -4654.1687383037306          2931.3248696257729           3698.4115448226198           -5.5214187814261351          -3.382351478046973           -4.2674655015818024          
39660                        39660.000129276887           50000.959027779274           0.45902777927403804          32.149618165567517           -4973.7188046914052          2721.3306821162141           3433.4648186925519           -5.1258755023716978          -3.6145799811652943          -4.5604649523998617          
39720                        39720.000129472464           50000.959722223721           0.45972222372074611          32.149618165567517           -5268.7687224085585          2497.9314331402502           3151.6051142023825           -4.7050825626898369          -3.8290033468406803          -4.8309999106062564          
39780                        39780.000129668042           50000.960416668167           0.46041666816745419          32.149618165567517           -5537.865098705588           2262.2275698738727           2854.2208501460586           -4.2611127553924906          -4.0245653423941699          -5.077737742218865           
39840                        39840.00012986362            50000.961111112614           0.46111111261416227          32.149618165567517           -5779.682385942011           2015.3801510578355           2542.7769180801315           -3.7961530409233695          -4.2003026447764471          -5.2994630360344148          
39900                        39900.000130059198           50000.961805557061           0.46180555706087034          32.149618165567517           -5993.0294111301646          1758.6051277133799           2218.8074663828625           -3.3124937743623701          -4.3553495858216236          -5.4950835906487239          
39960                        39960.000130254775           50000.962500001508           0.46250000150757842          32.149618165567517           -6176.8552435598904          1493.167353462886            1883.9083431596575           -2.8125174233161143          -4.4889424164607021          -5.6636357945551365          
40020                        40020.000130450353           50000.963194445954           0.46319444595428649          32.149618165567517           -6330.2543716007867          1220.3743539601517           1539.7292352204872           -2.2986868320694089          -4.6004230688895937          -5.8042893728192233          
40080                        40080.000130645931           50000.963888890401           0.46388889040099457          32.149618165567517           -6452.471163181458           941.56988612158887           1187.9655418520665           -1.773533089807501           -4.6892423981594868          -5.916351476947967           
40140                        40140.000130841509           50000.964583334848           0.46458333484770264          32.149618165567517           -6542.9035879738212          658.12731888506528           830.35002341396512           -1.2396430626692965          -4.7549628872217955          -5.999270097807095           
40200                        40200.000131037086           50000.965277779294           0.46527777929441072          32.149618165567517           -6601.1061829472883          371.44286810224889           468.64426589700292           -0.69964665104768797         -4.7972608021028167          -6.0526367847747773          
40260                        40260.000131232664           50000.965972223741           0.4659722237411188           32.149618165567517           -6626.7922466846976          82.928718888848408           104.63000348884457           -0.15620383490652018         -4.8159277865918897          -6.076188657737335           
40320                        40320.000131428242           50000.966666668188           0.46666666818782687          32.149618165567517           -6619.8352516510122          -205.99393068848843          -259.89965810884098          0.38800842907205019          -4.8108718885877453          -6.0698097020160748          
40380                        40380.000131623819           50000.967361112635           0.46736111263453495          32.149618165567517           -6580.2694674580298          -493.90187032236531          -623.14907437840736          0.93030939396617873          -4.7821180130473451          -6.0335313398464843          
40440                        40440.000131819397           50000.968055557081           0.46805555708124302          32.149618165567517           -6508.2897920549622          -779.37688808696964          -983.32890719026648          1.46802772776338             -4.7298077993060108          -5.9675322755947677          
40500                        40500.000132014975           50000.968750001528           0.4687500015279511           32.149618165567517           -6404.2507916764289          -1061.0127564387662          -1338.66493894215            1.9985146721324678           -4.6541989233731815          -5.87213761547416            
40560                        40560.000132210553           50000.969444445975           0.46944444597465917          32.149618165567517           -6268.6649542769956          -1337.4221591830685          -1687.4068122158415          2.5191570899993181           -4.5556638286405935          -5.7478172660972193          
40620                        40620.00013240613            50000.970138890421           0.47013889042136725          32.149618165567517           -6102.200165055714           -1607.2435252847827          -2027.8366519005119          3.0273903376551048           -4.4346878912553542          -5.5951836197527154          
40680                        40680.000132601708           50000.970833334868           0.47083333486807533          32.149618165567517           -5905.676416506024           -1869.1477358605202          -2358.2775273107582          3.5207108979900301           -4.2918670291951111          -5.4149885378092542          
40740                        40740.000132797286           50000.971527779315           0.4715277793147834           32.149618165567517           -5680.0617691970574          -2121.8446713139579          -2677.1017126156103          3.9966887126222179           -4.1279047668228506          -5.2081196471051623          
40800                        40800.000132992864           50000.972222223761           0.47222222376149148          32.149618165567517           -5426.4675831832046          -2364.0895663637616          -2982.7387048882943          4.4529791521746809           -3.9436087693810631          -4.9755959675682986          
40860                        40860.000133188441           50000.972916668208           0.47291666820819955          32.149618165567517           -5146.1430435316761          -2594.68914165972            -3273.682960280446           4.8873345657357037           -3.7398868644961216          -4.7185628926038321          
40920                        40920.000133384019           50000.973611112655           0.47361111265490763          32.149618165567517           -4840.4690069348499          -2812.5074817832178          -3548.5013102130097          5.2976153526109222           -3.5177425702906042          -4.4382865469761832          
40980                        40980.000133579597           50000.974305557102           0.4743055571016157           32.149618165567517           -4510.9511997185209          -3016.4716306774776          -3805.8400210522345          5.6818005018285023           -3.2782701521317477          -4.136147549977748           
41040                        41040.000133775175           50000.975000001548           0.47500000154832378          32.149618165567517           -4159.2128007521469          -3205.5768769449342          -4044.4314624953572          6.0379975474806491           -3.0226492323660845          -3.8136342146065658          
41100                        41100.000133970752           50000.975694445995           0.47569444599503186          32.149618165567517           -3786.9864457970561          -3378.8917029767595          -4263.1003518180405          6.3644518908622159           -2.7521389795922997          -3.4723352162532466          
41160                        41160.00013416633            50000.976388890442           0.47638889044173993          32.149618165567517           -3396.10569267861            -3535.5623735355316          -4460.7695432248738          6.6595554434862843           -2.4680719060954872          -3.1139317670106146          
41220                        41220.000134361908           50000.977083334888           0.47708333488844801          32.149618165567517           -2988.4959893241844          -3674.817141188048           -4636.4653337850677          6.9218545484019076           -2.1718473039961643          -2.7401893341548234          
41280                        41280.000134557486           50000.977777779335           0.47777777933515608          32.149618165567517           -2566.1651891577239          -3795.9700478726372          -4789.3222598167104          7.1500571407942219           -1.8649243524470518          -2.352948943592045           
41340                        41340.000134753063           50000.978472223782           0.47847222378186416          32.149618165567517           -2131.1936605712767          -3898.4243038747618          -4918.5873600929699          7.3430391125943633           -1.5488149298310323          -1.9541181111092731          
41400                        41400.000134948641           50000.979166668229           0.47916666822857223          32.149618165567517           -1685.7240391934915          -3981.6752275663375          -5023.6238848700359          7.4998498497476387           -1.2250761663668346          -1.545661446101193           
41460                        41460.000135144219           50000.979861112675           0.47986111267528031          32.149618165567517           -1231.9506734345889          -4045.3127314278468          -5103.9144324664039          7.6197169148637869           -0.89530277380772527         -1.1295909740584138          
41520                        41520.000135339797           50000.980555557122           0.48055555712198839          32.149618165567517           -772.10881529822677          -4089.0233421072858          -5159.0634979429715          7.7020498521829683           -0.56111919001650845         -0.70795622548773729         
41580                        41580.000135535374           50000.981250001569           0.48125000156869646          32.149618165567517           -308.46360970547323          -4112.5917445653095          -5188.7994213293505          7.7464430961145236           -0.22417157711204139         -0.28283414008565194         
41640                        41640.000135730952           50000.981944446015           0.48194444601540454          32.149618165567517           156.70106343138465           -4115.901842700222           -5192.9757257995616          7.7526779690212573           0.11388028739622917          0.14368116410368326          
41700                        41700.00013592653            50000.982638890462           0.48263889046211261          32.149618165567517           621.09383942213196           -4098.9373312282714          -5171.5718392053941          7.7207237584083215           0.45137118654207953          0.56948870614965519          
41760                        41760.000136122108           50000.983333334909           0.48333333490882069          32.149618165567517           1082.4271558813441           -4061.7817760021949          -5124.6931954131896          7.6507378682105642           0.7866386666306554           0.99249099150244779          
41820                        41820.000136317685           50000.984027779356           0.48402777935552876          32.149618165567517           1538.4285210812509           -4004.6182023723818          -5052.5707149448926          7.5430650434330797           1.1180312263549648           1.4106043440866585           
41880                        41880.000136513263           50000.984722223802           0.48472222380223684          32.149618165567517           1986.8517080677232           -3927.7281936183599          -4955.5596674816716          7.3982356719643727           1.4439164519617629           1.8217691703261929           
41940                        41940.000136708841           50000.985416668249           0.48541666824894492          32.149618165567517           2425.4878193980439           -3831.4905038916454          -4834.1379218333368          7.2169631719272145           1.7626890583936468           2.2239601045406561           
42000                        42000.000136904418           50000.986111112696           0.48611111269565299          32.149618165567517           2852.1761679964343           -3716.3791925025052          -4688.9035919940716          7.0001404774369407           2.0727787967973237           2.6151959857378135           
42060                        42060.000137099996           50000.986805557142           0.48680555714236107          32.149618165567517           3264.8149205290952           -3582.9612887409803          -4520.5720908798176          6.7488356400780418           2.3726581894462822           2.9935496166572322           
42120                        42120.000137295574           50000.987500001589           0.48750000158906914          32.149618165567517           3661.3714508703347           -3431.8939987350864          -4329.9726062603631          6.4642865677658365           2.6608500539762532           3.3571572569928025           
42180                        42180.000137491152           50000.988194446036           0.48819444603577722          32.149618165567517           4039.892352659409            -3263.9214681049789          -4118.0440162454443          6.1478949269092009           2.9359347798696569           3.7042278040312877           
42240                        42240.000137686729           50000.988888890482           0.48888889048248529          32.149618165567517           4398.5130616270271           -3079.8711163600042          -3885.8302644448204          5.8012192379117753           3.1965573213456553           4.0330516154837879           
42300                        42300.000137882307           50000.989583334929           0.48958333492919337          32.149618165567517           4735.467040292674            -2880.6495610951015          -3634.4752175839458          5.4259671980227262           3.4414338722093691           4.3420089310495404           
42360                        42360.000138077885           50000.990277779376           0.49027777937590145          32.149618165567517           5049.0944797896618           -2667.2381520636509          -3365.2170309062112          5.0239872693540502           3.6693581897804863           4.6295778512281007           
42420                        42420.000138273463           50000.990972223823           0.49097222382260952          32.149618165567517           5337.850475953408            -2440.6881371255668          -3079.3820491173401          4.5972595735012138           3.8792075367500849           4.8943418340768972           
42480                        42480.00013846904            50000.991666668269           0.4916666682693176           32.149618165567517           5600.3126393981584           -2202.1154838828093          -2778.3782729154141          4.1478861376195049           4.0699482116965395           5.1349966729857233           
42540                        42540.000138664618           50000.992361112716           0.49236111271602567          32.149618165567517           5835.188102095527            -1952.6953825105161          -2463.6884232898833          3.6780805400031564           4.2406406410176407           5.3503569210961883           
42600                        42600.000138860196           50000.993055557163           0.49305555716273375          32.149618165567517           6041.3198859409758           -1693.6564568623864          -2136.862637754281           3.1901570061723148           4.3904440071964537           5.539361730719949            
42660                        42660.000139055774           50000.993750001609           0.49375000160944182          32.149618165567517           6217.6926019372077           -1426.2747123659585          -1799.510834490439           2.686519009179662            4.5186203906024449           5.7010800789912039           
42720                        42720.000139251351           50000.994444446056           0.4944444460561499           32.149618165567517           6363.4374519207131           -1151.8672505199665          -1453.2947820178065          2.1696474302907038           4.624538404425703            5.8347153540123013           
42780                        42780.000139446929           50000.995138890503           0.49513889050285798          32.149618165567517           6477.8365081933725           -871.78578095568037          -1099.9199134520838          1.6420883383572604           4.7076763048388317           5.939609278901453            
42840                        42840.000139642507           50000.99583333495            0.49583333494956605          32.149618165567517           6560.3262499779694           -587.40996302129429          -741.12692567547515          1.1064404480820349           4.7676245610661141           6.0152451544130159           
42900                        42900.000139838085           50000.996527779396           0.49652777939627413          32.149618165567517           6610.5003392773515           -300.14060968820559          -378.68320480039523          0.56534231895383813          4.8040878726999905           6.0612504041574482           
42960                        42960.000140033662           50000.997222223843           0.4972222238429822           32.149618165567517           6628.1116224635171           -11.392787256203277          -14.37412016412145           0.021459357910527554         4.8168866243277044           6.0773984098833695           
43020                        43020.00014022924            50000.99791666829            0.49791666828969028          32.149618165567517           6613.0733477370013           277.41115515212044           350.00577026050871           -0.5225293102464792          4.8059577703027303           6.0636096277813012           
43080                        43080.000140424818           50000.998611112736           0.49861111273639835          32.149618165567517           6565.4595924594341           564.8485919715722            712.6615597168983            -1.0639440400108144          4.7713551453026852           6.019951980310223            
43140                        43140.000140620396           50000.999305557183           0.49930555718310643          32.149618165567517           6485.5048982542703           849.50362893629438           1071.8068342345744           -1.6001178648947216          4.7132491991439318           5.9466405216168674           
43200                        43200.000140815973           50001.00000000163            0.50000000162981451          32.149618165567517           6373.6031156731515           1129.97407766385             1425.6724723642706           -2.1284096346967649          4.6319261571591479           5.8440363781958728           
43260                        43260.000141011551           50001.000694446077           0.50069444607652258          32.149618165567517           6230.3054641189819           1404.8783627251994           1772.5153597314093           -2.6462170256005364          4.5277866102738002           5.7126449700089861           
43320                        43320.000141207129           50001.001388890523           0.50138889052323066          32.149618165567517           6056.3178165823892           1672.8623271768872           2110.6269754807713           -3.1509893590176383          4.4013435417266571           5.5531135208259927           
43380                        43380.000141402707           50001.00208333497            0.50208333496993873          32.149618165567517           5852.4972225667489           1932.6059030319202           2438.3418083162064           -3.6402401660303232          4.253219800154608            5.3662278700511861           
43440                        43440.000141598284           50001.002777779417           0.50277777941664681          32.149618165567517           5619.8476863295537           2182.8296138111168           2754.0455606786272           -4.1115594355423308          4.0841450314891281           5.1529086017401129           
43500                        43500.000141793862           50001.003472223863           0.50347222386335488          32.149618165567517           5359.51522123621             2422.3008771438786           3056.1831006491511           -4.5626254858044977          3.8949520847776617           4.9142065098747292           
43560                        43560.00014198944            50001.00416666831            0.50416666831006296          32.149618165567517           5072.7822045880921           2649.8400763722557           3343.2661224069407           -4.9912164008369277          3.6865729096345432           4.6512974222346726           
43620                        43620.000142185017           50001.004861112757           0.50486111275677104          32.149618165567517           4761.0610607325507           2864.3263712500716           3613.880477506932            -5.3952209754128155          3.4600339655303074           4.3654764083618574           
43680                        43680.000142380595           50001.005555557203           0.50555555720347911          32.149618165567517           4425.8873035713759           3064.7032191140488           3866.6931408641376           -5.7726491146897763          3.2164511655328538           4.0581514001495087           
43740                        43740.000142576173           50001.00625000165            0.50625000165018719          32.149618165567517           4068.9119727397733           3249.9835793300931           4100.4587771306469           -6.1216416372609341          2.9570243794072151           3.7308362564800928           
43800                        43800.000142771751           50001.006944446097           0.50694444609689526          32.149618165567517           3691.893500714631            3419.2547753780227           4314.0258751198653           -6.4404794333366819          2.6830315231512141           3.3851433060752179           
43860                        43860.000142967328           50001.007638890544           0.50763889054360334          32.149618165567517           3296.6890509140826           3571.6829906245175           4506.3424200602822           -6.7275919329446525          2.3958222640815077           3.0227754052908327           
43920                        43920.000143162906           50001.00833333499            0.50833333499031141          32.149618165567517           2885.2453694561891           3706.5173756384438           4676.4610757377159           -6.9815648424342056          2.0968113724782582           2.6455175499803962           
43980                        43980.000143358484           50001.009027779437           0.50902777943701949          32.149618165567517           2459.5891956402766           3823.0937468162529           4823.54385099919             -7.201147111175997           1.7874717525377117           2.2552280827453255           
44040                        44040.000143554062           50001.009722223884           0.50972222388372757          32.149618165567517           2021.8172783881341           3920.8378580983094           4946.8662276316154           -7.3852570941392495          1.4693271869616733           1.8538295388851183           
44100                        44100.000143749639           50001.01041666833            0.51041666833043564          32.149618165567517           1574.0860478233019           3999.2682296599351           5045.8207292816751           -7.5329878799903192          1.1439448309234463           1.443299176139281            
44160                        44160.000143945217           50001.011111112777           0.51111111277714372          32.149618165567517           1118.6009928654451           4057.9985196432581           5119.9199138366876           -7.6436117584667889          0.81292749238438677          1.0256592348708096           
44220                        44220.000144140795           50001.011805557224           0.51180555722385179          32.149618165567517           657.60579716494112           4096.7394272468946           5168.7987745262171           -7.7165838050211253          0.47790573678761394          0.60296697666879373          
44280                        44280.000144336373           50001.012500001671           0.51250000167055987          32.149618165567517           193.37128689322745           4115.3001177990027           5192.2165379167909           -7.7515445650762693          0.14052985502054971          0.17730455043921114          
44340                        44340.00014453195            50001.013194446117           0.51319444611726794          32.149618165567517           -271.81575516878911          4113.5891627939081           5190.0578499429403           -7.7483218246706675          -0.1975382657885377          -0.24923126409725077         
44400                        44400.000144727528           50001.013888890564           0.51388889056397602          32.149618165567517           -735.66385414332251          4091.6149902617531           5162.3333441322911           -7.7069314587707538          -0.53463332859616153         -0.67453938497761712         
44460                        44460.000144923106           50001.014583335011           0.5145833350106841           32.149618165567517           -1195.8881306812038          4049.4858432526748           5109.1795892256259           -7.6275773530721001          -0.86909482956621953         -1.0965247777615574          
44520                        44520.000145118684           50001.015277779457           0.51527777945739217          32.149618165567517           -1650.2215560983173          3987.4092466400357           5030.8584164499898           -7.5106503996744758          -1.1992752375816316          -1.5131087755066934          
44580                        44580.000145314261           50001.015972223904           0.51597222390410025          32.149618165567517           -2096.4261195810609          3905.6909848691762           4927.7556297586025           -7.3567265715780294          -1.5235481098533847          -1.9222393181188988          
44640                        44640.000145509839           50001.016666668351           0.51666666835080832          32.149618165567517           -2532.3038524520603          3804.7335956872225           4800.3791053908508           -7.1665640854854713          -1.8403161036501248          -2.3219010606393478          
44700                        44700.000145705417           50001.017361112798           0.5173611127975164           32.149618165567517           -2955.7076551914465          3685.0343872737235           4649.3562901137657           -6.9410996668860729          -2.148018844683147           -2.7101253006756911          
44760                        44760.000145900995           50001.018055557244           0.51805555724422447          32.149618165567517           -3364.5518738806668          3547.1829885395659           4475.4311104684821           -6.681443935819388           -2.4451406133877427          -3.0849996760756042          
44820                        44820.000146096572           50001.018750001691           0.51875000169093255          32.149618165567517           -3756.8225739700815          3391.8584446612172           4279.46030824644             -6.3888759360480618          -2.7302178112388704          -3.4446775850727382          
44880                        44880.00014629215            50001.019444446138           0.51944444613764063          32.149618165567517           -4130.5874607625674          3219.8258721574498           4062.4092202465308           -6.0648368345885872          -3.0018461703226826          -3.7873872825021637          
44940                        44940.000146487728           50001.020138890584           0.5201388905843487           32.149618165567517           -4484.0053977456228          3031.9326899853913           3825.3470231017586           -5.7109228226356334          -3.2586876706501116          -4.1114406072780678          
45000                        45000.000146683306           50001.020833335031           0.52083333503105678          32.149618165567517           -4815.3354758853984          2829.1044452212154           3569.441466599008            -5.3288772528494386          -3.4994771311383728          -4.4152412981428411          
45060                        45060.000146878883           50001.021527779478           0.52152777947776485          32.149618165567517           -5122.9455892080314          2612.3402538878495           3295.9531214352023           -4.920582051737358           -3.7230284417937343          -4.697292856724804           
45120                        45120.000147074461           50001.022222223924           0.52222222392447293          32.149618165567517           -5405.3204744256509          2382.7078793878204           3006.229169744935            -4.4880484494315143          -3.9282404063963017          -4.9562059191718069          
45180                        45180.000147270039           50001.022916668371           0.522916668371181            32.149618165567517           -5661.0691750044562          2141.3384727844959           2701.6967689869512           -4.0334070725269413          -4.1141021669062123          -5.1907051000485653          
45240                        45240.000147465616           50001.023611112818           0.52361111281788908          32.149618165567517           -5888.9318929075043          1889.4210008406776           2383.8560218784633           -3.5588974487821075          -4.279698182871047           -5.3996352747852754          
45300                        45300.000147661194           50001.024305557265           0.52430555726459716          32.149618165567517           -6087.7861942610025          1628.1963892615952           2054.2725870068371           -3.0668569753808632          -4.4242127413062748          -5.5819672697306286          
45360                        45360.000147856772           50001.025000001711           0.52500000171130523          32.149618165567517           -6256.6525383755306          1358.951409992226            1714.569966518209            -2.5597094050972635          -4.5469339748334328          -5.7368029317804838          
45420                        45420.00014805235            50001.025694446158           0.52569444615801331          32.149618165567517           -6394.6991028866323          1083.0123426796367           1366.421508873269            -2.0399529070795372          -4.6472573682829816          -5.8633795526096062          
45480                        45480.000148247927           50001.026388890605           0.52638889060472138          32.149618165567517           -6501.2458812465347          801.73844152347829           1011.5421660640092           -1.5101477610648291          -4.724688736488619           -5.9610736257130448          
45540                        45540.000148443505           50001.027083335051           0.52708333505142946          32.149618165567517           -6575.7680323830573          516.51523969642756           651.68004589474003           -0.97290374564205317         -4.7788466586046372          -6.0294039177502619          
45600                        45600.000148639083           50001.027777779498           0.52777777949813753          32.149618165567517           -6617.8984660255592          228.74772431646429           288.60780094017463           -0.43086728268729002         -4.8094643569550888          -6.0680338390628252          
45660                        45660.000148834661           50001.028472223945           0.52847222394484561          32.149618165567517           -6627.429650962823           -60.146584409457823          -75.8861034020982            0.11329159870277929          -4.8163910111596921          -6.0767731016886604          
45720                        45720.000149030238           50001.029166668392           0.52916666839155369          32.149618165567517           -6604.3146373255195          -348.74461577875371          -440.00619875186743          0.65689241456475378          -4.7995925010631932          -6.0555786567056185          
45780                        45780.000149225816           50001.029861112838           0.52986111283826176          32.149618165567517           -6548.6672878575764          -635.62475852785587          -801.95885808269554          1.197257429922246            -4.759151574808576           -6.0045549062870966          
45840                        45840.000149421394           50001.030555557285           0.53055555728496984          32.149618165567517           -6460.7617170372405          -919.37386357778018          -1159.961130987951           1.7317248490983235           -4.6952674412261972          -5.9239531894251174          
45900                        45900.000149616972           50001.031250001732           0.53125000173167791          32.149618165567517           -6341.0309408106541          -1198.5942050956364          -1512.249526354648           2.2576619275122081           -4.6082547885467209          -5.814170543854174           
45960                        45960.000149812549           50001.031944446178           0.53194444617838599          32.149618165567517           -6190.0647435892761          -1471.9103655824358          -1857.0886991823322          2.7724779403725575           -4.4985422342715733          -5.6757477502744944          
46020                        46020.000150008127           50001.032638890625           0.53263889062509406          32.149618165567517           -6008.6067730181358          -1737.9760110717973          -2192.7799987564267          3.2736369443845579           -4.3666702138367519          -5.5093666685087301          
46080                        46080.000150203705           50001.033333335072           0.53333333507180214          32.149618165567517           -5797.5508768258705          -1995.4805230654538          -2517.669836068399           3.7586702696076637           -4.2132883184702736          -5.3158468787139599          
46140                        46140.000150399283           50001.034027779519           0.53402777951851021          32.149618165567517           -5557.9366998009255          -2243.1554545371637          -2830.157829265504           4.2251886799300733           -4.0391520953567319          -5.096141644194133           
46200                        46200.00015059486            50001.034722223965           0.53472222396521829          32.149618165567517           -5290.9445625828885          -2479.7807782032573          -3128.7046870062486          4.6708941422583861           -3.8451193258711363          -4.8513332156998032          
46260                        46260.000150790438           50001.035416668412           0.53541666841192637          32.149618165567517           -4997.8896474956018          -2704.1908962813359          -3411.8397908887914          5.0935911464483601           -3.632145800215151           -4.5826275003458345          
46320                        46320.000150986016           50001.036111112859           0.53611111285863444          32.149618165567517           -4680.2155200622128          -2915.2803821335083          -3678.1684396018277          5.491197520215656            -3.4012806092695338          -4.2913481214075491          
46380                        46380.000151181594           50001.036805557305           0.53680555730534252          32.149618165567517           -4339.4870181146334          -3112.0094255112981          -3926.3787191138404          5.8617546857531675           -3.1536609768547557          -3.9789298982563004          
46440                        46440.000151377171           50001.037500001752           0.53750000175205059          32.149618165567517           -3977.3825435251506          -3293.4089545793568          -4155.2479650587093          6.2034373075316669           -2.8905066578556675          -3.6469117785518095          
46500                        46500.000151572749           50001.038194446199           0.53819444619875867          32.149618165567517           -3595.6857945304496          -3458.5854094873089          -4363.648785484469           6.5145622837594299           -2.6131139298046233          -3.2969292575067115          
46560                        46560.000151768327           50001.038888890645           0.53888889064546674          32.149618165567517           -3196.2769793740295          -3606.7251439754787          -4550.5546142976191          6.793597037209631            -2.3228492075200418          -2.930706321565435           
46620                        46620.000151963905           50001.039583335092           0.53958333509217482          32.149618165567517           -2781.1235545478849          -3737.0984333325396          -4715.0447680471798          7.0391670645755458           -2.0211423122541956          -2.5500469561822157          
46680                        46680.000152159482           50001.040277779539           0.5402777795388829           32.149618165567517           -2352.270533256165           -3849.0630689621998          -4856.3089811391446          7.2500627071660144           -1.7094794285058872          -2.1568262595302587          
46740                        46740.00015235506            50001.040972223986           0.54097222398559097          32.149618165567517           -1911.8304118405483          -3942.0675218523693          -4973.6513971412387          7.4252451095892589           -1.389395783192191           -1.7529812059152319          
46800                        46800.000152550638           50001.041666668432           0.54166666843229905          32.149618165567517           -1461.9727637889791          -4015.653659363807           -5066.4939965171152          7.5638513370730571           -1.0624680832410878          -1.3405011043917781          
46860                        46860.000152746215           50001.042361112879           0.54236111287900712          32.149618165567517           -1004.9135525868553          -4069.4590019555681          -5134.379443905249           7.6651986262137335           -0.7303067488568239          -0.9214177995831645          
46920                        46920.000152941793           50001.043055557326           0.5430555573257152           32.149618165567517           -542.90421605473171          -4103.2185087307835          -5176.9733409170531          7.7287877482151286           -0.39454798071631336         -0.49779566297405653         
46980                        46980.000153137371           50001.043750001772           0.54375000177242327          32.149618165567517           -78.220575942226887          -4116.7658830073315          -5194.0658733571063          7.7543054680504868           -0.056845700172953609        -0.071721423978520604        
47040                        47040.000153332949           50001.044444446219           0.54444444621913135          32.149618165567517           386.84837259138743           -4110.0343914822406          -5185.5728447514284          7.7416260874336267           0.28113659783021971          0.35470610912537442          
47100                        47100.000153528526           50001.045138890666           0.54513889066583943          32.149618165567517           850.01173638778266           -4083.0571929547159          -5151.5360910926984          7.6908120639988393           0.61773403900612911          0.77938638776049651          
47160                        47160.000153724104           50001.045833335113           0.5458333351125475           32.149618165567517           1308.9880090495631           -4035.9671749884901          -5092.1232747594368          7.6021137036394766           0.95128857076379381          1.2002274701881643           
47220                        47220.000153919682           50001.046527779559           0.54652777955925558          32.149618165567517           1761.5163094618079           -3968.9962993181052          -5007.6270586242908          7.4759679275207631           1.2801571296453289           1.6151563262490496           
47280                        47280.00015411526            50001.047222224006           0.54722222400596365          32.149618165567517           2205.3675187150875           -3882.4744592236102          -4898.463664419668           7.3129961198404034           1.602719734927645            2.0221290489471251           
47340                        47340.000154310837           50001.047916668453           0.54791666845267173          32.149618165567517           2638.3552605703517           -3776.8278545021394          -4765.1708224621407          7.1140010669387719           1.9173874685204175           2.4191409225751932           
47400                        47400.000154506415           50001.048611112899           0.5486111128993798           32.149618165567517           3058.3466713767721           -3652.5768920411456          -4608.40512283509            6.8799630028363774           2.2226103018519532           2.8042362977872002           
47460                        47460.000154701993           50001.049305557346           0.54930555734608788          32.149618165567517           3463.272906390775            -3510.3336223348942          -4428.9387810774551          6.6120347806779618           2.5168847311883438           3.1755182249735041           
47520                        47520.000154897571           50001.050000001793           0.55000000179279596          32.149618165567517           3851.1393307429585           -3350.7987245717418          -4227.6558343105689          6.3115361938683598           2.7987611837749196           3.5311577984858489           
47580                        47580.000155093148           50001.05069444624            0.55069444623950403          32.149618165567517           4220.0353448529913           -3174.758055143418           -4005.5477865406438          5.9799474748737005           3.0668511583179239           3.8694031656831163           
47640                        47640.000155288726           50001.051388890686           0.55138889068621211          32.149618165567517           4568.1437958932665           -2983.0787765780865          -3763.708724587817           5.6189020037124102           3.3198340646329689           4.1885881564200158           
47700                        47700.000155484304           50001.052083335133           0.55208333513292018          32.149618165567517           4893.749928941189            -2776.705085965757           -3503.3299287003006          5.2301782620533563           3.5564637287686902           4.4871404904705168           
47760                        47760.000155679882           50001.05277777958            0.55277777957962826          32.149618165567517           5195.2498337274083           -2556.6535639174826          -3225.6940044013249          4.8156910725546762           3.7755745315618747           4.7635895224569049           
47820                        47820.000155875459           50001.053472224026           0.55347222402633633          32.149618165567517           5471.1583453719877           -2324.0081669690198          -2932.1685644749473          4.3774821665975576           3.9760871503860238           5.0165734861335523           
47880                        47880.000156071037           50001.054166668473           0.55416666847304441          32.149618165567517           5720.1163601900989           -2079.914888095961           -2624.1994922127592          3.9177101268776227           4.1570138758099429           5.2448462023406108           
47940                        47940.000156266615           50001.05486111292            0.55486111291975249          32.149618165567517           5940.8975305301592           -1825.5761116422345          -2303.3038191062142          3.4386397543958971           4.3174634769769158           5.4472832175848058           
48000                        48000.000156462193           50001.055555557366           0.55555555736646056          32.149618165567517           6132.4143056661651           -1562.2446904691485          -1971.0622520685006          2.9426309122267416           4.4566455917380008           5.622887343009138            
48060                        48060.00015665777            50001.056250001813           0.55625000181316864          32.149618165567517           6293.7232889872539           -1291.2177745004735          -1629.1113869962899          2.4321269010174666           4.5738746199139699           5.7707935664669607           
48120                        48120.000156853348           50001.05694444626            0.55694444625987671          32.149618165567517           6424.0298850954041           -1013.8304210636722          -1279.1356470267281          1.9096424234810048           4.6685731005080138           5.8902733135039682           
48180                        48180.000157048926           50001.057638890707           0.55763889070658479          32.149618165567517           6522.6922139200351           -731.44901850223437          -922.85898520119849          1.3777511971676142           4.7402745562333086           5.9807380362587956           
48240                        48240.000157244503           50001.058333335153           0.55833333515329286          32.149618165567517           6589.2242725688857           -445.46455545388108          -562.03639240787265          0.83907327653411912          4.7886257913435459           6.0417421126036217           
48300                        48300.000157440081           50001.0590277796             0.55902777960000094          32.149618165567517           6623.2983293401321           -157.28576894965136          -198.44525243426597          0.29626214676118601          4.8133886314474648           6.0729850412438111           
48360                        48360.000157635659           50001.059722224047           0.55972222404670902          32.149618165567517           6624.7465381030433           131.66779491420493           166.12341328587303           -0.24800834710652578         4.8144410967372249           6.0743129219637231           
48420                        48420.000157831237           50001.060416668493           0.56041666849341709          32.149618165567517           6593.5617650948598           419.97277354894146           529.8737681036506            -0.79105717131130693         4.791778002851367            6.0457192137270974           
48480                        48480.000158026814           50001.06111111294            0.56111111294012517          32.149618165567517           6529.8976240611428           706.20899924577282           891.01400630548585           -1.3302093099443726          4.7455109864125795           5.9873447668976834           
48540                        48540.000158222392           50001.061805557387           0.56180555738683324          32.149618165567517           6434.067719566513            988.96649481060274           1247.7651794074989           -1.8628089418643905          4.6758679551144393           5.8994771294214026           
48600                        48600.00015841797            50001.062500001834           0.56250000183354132          32.149618165567517           6306.5441022031755           1266.8524190010776           1598.3699591161926           -2.3862325230640882          4.5831919650660016           5.7825491303877232           
48660                        48660.000158613548           50001.06319444628            0.56319444628024939          32.149618165567517           6147.9549433067241           1538.4979275532858           1941.1012937897735           -2.8979017100422308          4.4679395309243173           5.6371367479475145           
48720                        48720.000158809125           50001.063888890727           0.56388889072695747          32.149618165567517           5959.0814406334157           1802.5649160012231           2274.270915759063            -3.3952960605214479          4.3306783771390327           5.4639562720898605           
48780                        48780.000159004703           50001.064583335174           0.56458333517366555          32.149618165567517           5740.8539702413145           2057.7526110744243           2596.2376576015977           -3.8759654489491817          4.1720846413862995           5.2638607762537619           
48840                        48840.000159200281           50001.06527777962            0.56527777962037362          32.149618165567517           5494.3475035308047           2302.8039782050555           2905.4155364036151           -4.3375421356239565          3.9929395439676134           5.0378359151552985           
48900                        48900.000159395859           50001.065972224067           0.5659722240670817           32.149618165567517           5220.7763120198006           2536.511913581588            3200.2815661874715           -4.7777524299954104          3.7941255395798921           4.7869950695298087           
48960                        48960.000159591436           50001.066666668514           0.56666666851378977          32.149618165567517           4921.4879859375023           2757.7251902474832           3479.3832600210994           -5.1944278906855903          3.5766219704128646           4.512573861705734            
49020                        49020.000159787014           50001.06736111296            0.56736111296049785          32.149618165567517           4597.9567961006378           2965.3541289548721           3741.3457848546955           -5.5855160070610763          3.3415002419862687           4.2159240690259523           
49080                        49080.000159982592           50001.068055557407           0.56805555740720592          32.149618165567517           4251.7764317710689           3158.3759658390513           3984.8787338404754           -5.949090309739355           3.0899185454903013           3.8985069650986297           
49140                        49140.00016017817            50001.068750001854           0.568750001853914            32.149618165567517           3884.6521502675009           3335.8398904730498           4208.7824827755794           -6.2833598602258744          2.8231161526266777           3.5618861216780555           
49200                        49200.000160373747           50001.069444446301           0.56944444630062208          32.149618165567517           3498.392377001705            3496.871729485209            4411.9540993567944           -6.5866780729365804          2.5424073110534344           3.2077197066328327           
49260                        49260.000160569325           50001.070138890747           0.57013889074733015          32.149618165567517           3094.899797316793            3640.678252668632            4593.3927761385567           -6.8575508261493336          2.2491747705040703           2.8377523159410285           
49320                        49320.000160764903           50001.070833335194           0.57083333519403823          32.149618165567517           2676.1619840084786           3766.5510803709626           4752.2047604319259           -7.0946438219303154          1.9448629714708201           2.4538063799472489           
49380                        49380.000160960481           50001.071527779641           0.5715277796407463           32.149618165567517           2244.2416066973983           3873.8701729169829           4887.6077568602159           -7.2967891587809746          1.6309709300041049           2.0577731862137112           
49440                        49440.000161156058           50001.072222224087           0.57222222408745438          32.149618165567517           1801.2662712803642           3962.1068848754139           4998.9347808846533           -7.462991084629194           1.3090448536770538           1.6516035631860819           
49500                        49500.000161351636           50001.072916668534           0.57291666853416245          32.149618165567517           1349.4180395106175           4030.8265691248439           5085.6374443178975           -7.5924309018258889          0.98067052508829111          1.2372982705655802           
49560                        49560.000161547214           50001.073611112981           0.57361111298087053          32.149618165567517           890.92268033280106           4079.690717891347            5147.2886566412317           -7.6844709999854031          0.64746549042125134          0.81689814372364156          
49620                        49620.000161742792           50001.074305557428           0.57430555742757861          32.149618165567517           428.03870591973941           4108.4586302112284           5183.584728818958            -7.7386579968042515          0.31107109153856827          0.39247404070696912          
49680                        49680.000161938369           50001.075000001874           0.57500000187428668          32.149618165567517           -36.95375358135712           4116.9885976050873           5194.3468692467577           -7.754724971386783           -0.026855619139186           -0.033883358646756512        
49740                        49740.000162133947           50001.075694446321           0.57569444632099476          32.149618165567517           -501.76418179113443          4105.2386021226721           5179.5220644651163           -7.7325927790765698          -0.36465004114373933         -0.46007385123375549         
49800                        49800.000162329525           50001.076388890768           0.57638889076770283          32.149618165567517           -964.10295900209962          4073.2665233200055           5139.1833402994616           -7.672370441316783           -0.70064822565044571         -0.88399805611988702         
49860                        49860.000162525102           50001.077083335214           0.57708333521441091          32.149618165567517           -1421.6926406656928          4021.2298531492333           5073.5294021406798           -7.5743546086191085          -1.0331950719596692          -1.3035677559264471          
49920                        49920.00016272068            50001.077777779661           0.57777777966111898          32.149618165567517           -1872.2791759054792          3949.3849201656199           4982.883656137943            -7.4390280992866025          -1.3606524803929949          -1.7167161832251663          
49980                        49980.000162916258           50001.078472224108           0.57847222410782706          32.149618165567517           -2313.6430107949477          3858.085626873195            4867.6926161253914           -7.267057521088601           -1.6814074214437462          -2.1214082012724353          
50040                        50040.000163111836           50001.079166668555           0.57916666855453514          32.149618165567517           -2743.6100217060434          3747.781706428781            4728.5237041300115           -7.0592899876031465          -1.9938798814338003          -2.515650328933257           
50100                        50100.000163307413           50001.079861113001           0.57986111300124321          32.149618165567517           -3160.062224871609           3619.0165072917403           4566.062455295244            -6.8167489454019448          -2.2965306455370236          -2.8975005604129405          
50160                        50160.000163502991           50001.080555557448           0.58055555744795129          32.149618165567517           -3560.9482094072782          3472.4243167320865           4381.1091409886394           -6.5406291326328461          -2.5878688798307623          -3.2650779314253056          
50220                        50220.000163698569           50001.081250001895           0.58125000189465936          32.149618165567517           -3944.2932424005689          3308.7272363811503           4174.5748267278841           -6.2322906938334413          -2.8664594750267973          -3.6165717846752066          
50280                        50280.000163894147           50001.081944446341           0.58194444634136744          32.149618165567517           -4308.2089962903055          3128.7316252155888           3947.4768843435245           -5.8932524799657697          -3.1309301157071197          -3.9502506890143287          
50340                        50340.000164089724           50001.082638890788           0.58263889078807551          32.149618165567517           -4650.9028506200511          2933.3241274963198           3700.9339804851384           -5.525184566675625           -3.3799780402420341          -4.264470968335206           
50400                        50400.000164285302           50001.083333335235           0.58333333523478359          32.149618165567517           -4970.6867223458603          2723.4673052284452           3436.1605661571721           -5.1299000276309359          -3.6123764580917443          -4.5576847981907882          
50460                        50460.00016448088            50001.084027779681           0.58402777968149167          32.149618165567517           -5265.9853812009314          2500.1948966563209           3154.4608944285606           -4.7093460034630974          -3.826980592880326           -4.8284478302562475          
50520                        50520.000164676458           50001.084722224128           0.58472222412819974          32.149618165567517           -5535.3442091563293          2264.6067241500605           2857.2225957844203           -4.265594110304967           -4.0227333214743455          -5.0754263070755306          
50580                        50580.000164872035           50001.085416668575           0.58541666857490782          32.149618165567517           -5777.4363657552922          2017.8632765668071           2545.9098427671329           -3.8008302351723025          -4.1986703812884922          -5.2974036320459499          
50640                        50640.000165067613           50001.086111113022           0.58611111302161589          32.149618165567517           -5991.0693240252349          1761.1799927736652           2222.0561375772559           -3.3173437684557912          -4.3539251201674354          -5.4932863622776278          
50700                        50700.000165263191           50001.086805557468           0.58680555746832397          32.149618165567517           -6175.1907447720723          1495.8212744911827           1887.2567581619812           -2.8175163265635743          -4.4877327654463537          -5.662109594807383           
50760                        50760.000165458769           50001.087500001915           0.58750000191503204          32.149618165567517           -6328.8936603205366          1223.0942579496595           1543.1609000011035           -2.30381002026565            -4.5994341911610901          -5.8030417196350452          
50820                        50820.000165654346           50001.088194446362           0.58819444636174012          32.149618165567517           -6451.4209421658006          944.34237503861721           1191.4635522994622           -1.7787553265293545          -4.6884791648509463          -5.9153885161690782          
50880                        50880.000165849924           50001.088888890808           0.5888888908084482           32.149618165567517           -6542.1690305290986          660.93873566669572           833.89714860307629           -1.2449386235883262          -4.7544290579606248          -5.9985965729027546          
50940                        50940.000166045502           50001.089583335255           0.58958333525515627          32.149618165567517           -6600.690907445849           374.27936392995576           472.22303296740085           -0.70498945064621465         -4.7969590064900807          -6.0522560134758256          
51000                        51000.00016624108            50001.090277779702           0.59027777970186435          32.149618165567517           -6626.6982987410856          85.77632140669219            108.2227837146755            -0.16156755497283595         -4.8158595112491005          -6.0761025156933233          
51060                        51060.000166436657           50001.090972224149           0.59097222414857242          32.149618165567517           -6620.0630940454294          -203.14924854713149          -256.31056248113521          0.38265020980223685          -4.8110374698338871          -6.0700186135559546          
51120                        51120.000166632235           50001.091666668595           0.5916666685952805           32.149618165567517           -6580.8179778567119          -491.07412123857392          -619.58134295234368          0.92498306966066712          -4.7825166352421853          -6.0340342758883985          
51180                        51180.000166827813           50001.092361113042           0.59236111304198857          32.149618165567517           -6509.1562685387125          -776.58000133090854          -979.80011433098014          1.4627595354778771           -4.7304374988678912          -5.968326758715226           
51240                        51240.000167023391           50001.093055557489           0.59305555748869665          32.149618165567517           -6405.4309660500594          -1058.2605092551955          -1335.1924672064511          1.9933305625689119           -4.6550565984514547          -5.8732197321116333          
51300                        51300.000167218968           50001.093750001935           0.59375000193540473          32.149618165567517           -6270.1530130941192          -1334.7281089257147          -1684.0077667271034          2.5140825996747536           -4.5567452543951044          -5.7491816858300382          
51360                        51360.000167414546           50001.094444446382           0.5944444463821128           32.149618165567517           -6103.9887782553296          -1604.6209426338796          -2024.5277760901758          3.022450463110804            -4.4359877406676658          -5.5968236215563074          
51420                        51420.000167610124           50001.095138890829           0.59513889082882088          32.149618165567517           -5907.7567735198181          -1866.6095394524796          -2355.075120441501           3.5159299726604916           -4.2933788993089887          -5.4168960431633844          
51480                        51480.000167805701           50001.095833335276           0.59583333527552895          32.149618165567517           -5682.4236223495718          -2119.4033641051774          -2674.0215494924601          3.9920902869705781           -4.1296212102847081          -5.2102852597880887          
51540                        51540.000168001279           50001.096527779722           0.59652777972223703          32.149618165567517           -5429.099298171086           -2361.757174042044           -2979.7959581531727          4.4485858776849776           -3.9455213311250552          -4.9780090199418252          
51600                        51600.000168196857           50001.097222224169           0.5972222241689451           32.149618165567517           -5149.0316567333366          -2592.477153406679           -3270.8921256729272          4.8831680833334454           -3.7419861233931262          -4.721211498161261           
51660                        51660.000168392435           50001.097916668616           0.59791666861565318          32.149618165567517           -4843.6002892682527          -2810.426793679469           -3545.8761351654448          5.2936961860615854           -3.5200181855559709          -4.4411576588943049          
51720                        51720.000168588012           50001.098611113062           0.59861111306236126          32.149618165567517           -4514.3097267325256          -3014.5324920294024          -3803.3934369709764          5.6781479566390702           -3.2807109142631887          -4.1392270253844758          
51780                        51780.00016878359            50001.099305557509           0.59930555750906933          32.149618165567517           -4162.7820286061396          -3203.7888397973975          -4042.1755210616698          6.0346296158022019           -3.0252431183608048          -3.8169068842476155          
51840                        51840.000168979168           50001.100000001956           0.60000000195577741          32.149618165567517           -3790.7487927546154          -3377.2635750604877          -4261.0461656224588          6.3613851628620033           -2.7548732121713653          -3.4757849592146903          
51900                        51900.000169174746           50001.100694446402           0.60069444640248548          32.149618165567517           -3400.0426257137583          -3534.1021748809235          -4458.9272310274582          6.656805025625868            -2.4709330166436998          -3.1175415901292367          
51960                        51960.000169370323           50001.101388890849           0.60138889084919356          32.149618165567517           -2992.5881154136223          -3673.5320646191312          -4634.8439706711852          6.919433989023914            -2.1748211989074009          -2.7439414557251127          
52020                        52020.000169565901           50001.102083335296           0.60208333529590163          32.149618165567517           -2570.3923508093394          -3794.8664235757815          -4787.9298324938709          7.1479783633842668           -1.8679963825482659          -2.3568248809574799          
52080                        52080.000169761479           50001.102777779743           0.60277777974260971          32.149618165567517           -2135.535035118372           -3897.5075682166798          -4917.4307275489364          7.3413123570468999           -1.5519699625429291          -1.9580987717064375          
52140                        52140.000169957057           50001.103472224189           0.60347222418931779          32.149618165567517           -1690.1582413656058          -3980.9498963149686          -5022.7087445859879          7.4984836219250388           -1.2282986602457699          -1.549727221508246           
52200                        52200.000170152634           50001.104166668636           0.60416666863602586          32.149618165567517           -1236.4558606996607          -4044.7823775080365          -5103.245292351593           7.6187179446971305           -0.89857685510163909         -1.1337218365846384          
52260                        52260.000170348212           50001.104861113083           0.60486111308273394          32.149618165567517           -776.66279545719624          -4088.6905780008401          -5158.6436541291132          7.7014230605209324           -0.56442873085778023         -0.71213182682837217         
52320                        52320.00017054379            50001.105555557529           0.60555555752944201          32.149618165567517           -313.0439502093127           -4112.4582094421121          -5188.630941934136           7.7461915704836679           -0.22750027496210273         -0.28703391155604652         
52380                        52380.000170739368           50001.106250001976           0.60625000197615009          32.149618165567517           152.11692498069408           -4115.9681943438145          -5193.0594407392773          7.7528029484171075           0.11054882944186963          0.13947791024834355          
52440                        52440.000170934945           50001.106944446423           0.60694444642285816          32.149618165567517           616.52848413099764           -4099.2032427956628          -5171.9073361068113          7.7212246271921794           0.44805337898397019          0.56530267480813934          
52500                        52500.000171130523           50001.10763889087            0.60763889086956624          32.149618165567517           1077.9030723318028           -4062.2459376338629          -5125.2788216448907          7.651612159142088            0.78335085272856442          0.98834280273677311          
52560                        52560.000171326101           50001.108333335316           0.60833333531627432          32.149618165567517           1533.9679945539776           -4005.2783276445398          -5053.4035857580011          7.5443084498237249           1.1147896016222627           1.4065144315492821           
52620                        52620.000171521679           50001.109027779763           0.60902777976298239          32.149618165567517           1982.4767107664873           -3928.5810308057003          -4956.6356802198943          7.3998420688917959           1.4407369843875948           1.8177576806054425           
52680                        52680.000171717256           50001.10972222421            0.60972222420969047          32.149618165567517           2421.2199022163554           -3832.5318519850834          -4835.4517761423331          7.2189246464061645           1.7595874097858721           2.2200467979202165           
52740                        52740.000171912834           50001.110416668656           0.61041666865639854          32.149618165567517           2848.0363543595354           -3717.6039219030204          -4690.4488159305793          7.002447367398001            2.0697702456336757           2.6114001388591208           
52800                        52800.000172108412           50001.111111113103           0.61111111310310662          32.149618165567517           3260.8236028342153           -3584.3633665276193          -4522.3410727919372          6.7514765819622236           2.3697575556137891           2.989889927564247            
52860                        52860.00017230399            50001.11180555755            0.61180555754981469          32.149618165567517           3657.5482900353395           -3433.4665183826569          -4331.9566322819628          6.4672485525005881           2.658071625769634            3.3536517530269134           
52920                        52920.000172499567           50001.112500001997           0.61250000199652277          32.149618165567517           4036.2561812746671           -3265.656683505053           -4120.2333132199783          6.1511633639900669           2.9332922436083062           3.700893753030043            
52980                        52980.000172695145           50001.113194446443           0.61319444644323085          32.149618165567517           4395.0817911875401           -3081.7604799776391          -3888.2140480671296          5.8047780272740876           3.1940636939559037           4.0299054407208814           
53040                        53040.000172890723           50001.11388889089            0.61388889088993892          32.149618165567517           4732.2575729674618           -2882.6837660733254          -3637.0417455229017          5.4297988093492515           3.4391014371041266           4.339066130335052            
53100                        53100.0001730863             50001.114583335337           0.614583335336647            32.149618165567517           5046.1226251630032           -2669.4071780683134          -3367.9536606465181          5.0280728284279625           3.667198436352114            4.6268529205675026           
53160                        53160.000173281878           50001.115277779783           0.61527777978335507          32.149618165567517           5335.1308731480685           -2442.9812997047179          -3082.2753002355703          4.6015789551790043           3.8772311037745495           4.8918481962648714           
53220                        53220.000173477456           50001.11597222423            0.61597222423006315          32.149618165567517           5597.8586849642188           -2204.5214870974705          -2781.4138934835178          4.1524180649658593           4.0681648349276385           5.1327466114865183           
53280                        53280.000173673034           50001.116666668677           0.61666666867677122          32.149618165567517           5833.0118840200248           -1955.2023745775891          -2466.8514600790691          3.6828026890994718           4.2390591052294413           5.3483615195362413           
53340                        53340.000173868611           50001.117361113123           0.6173611131234793           32.149618165567517           6039.4321241034395           -1696.2520885356089          -2140.1375098934495          3.1950461160825667           4.3890721029101831           5.5376308182908156           
53400                        53400.000174064189           50001.11805555757            0.61805555757018737          32.149618165567517           6216.1025953043636           -1428.9461977673209          -1802.8814102163276          2.6915509965319577           4.5174648757109992           5.6996221820317281           
53460                        53460.000174259767           50001.118750002017           0.61875000201689545          32.149618165567517           6362.1530327405062           -1154.6014301219452          -1456.7444581387929          2.174797507910077            4.6236049709047942           5.8335376540085413           
53520                        53520.000174455345           50001.119444446464           0.61944444646360353          32.149618165567517           6476.8640034139271           -874.5691864040374           -1103.4316971342048          1.6473311373653543           4.7069695507087577           5.9387175771112428           
53580                        53580.000174650922           50001.12013889091            0.6201388909103116           32.149618165567517           6559.6704500815422           -590.22888347913431          -744.68351814779226          1.1117501428622041           4.7671479677422788           6.0146438432894236           
53640                        53640.0001748465             50001.120833335357           0.62083333535701968          32.149618165567517           6610.1644746827869           -302.98115937448256          -382.2670865673856           0.57069275436611089          4.8038437878437215           6.0609424457118983           
53700                        53700.000175042078           50001.121527779804           0.62152777980372775          32.149618165567517           6628.0973476134604           -14.240973845988123          -17.96763730533705           0.026824178129776166         4.8168762502818554           6.077385321095008            
