50000.5                   6628.1369999999997        0                         0                         0                         4.8169050670943001        6.077421678863729         
50000.500694444447        6611.8121585397821        288.7769880775333         364.3458825228733         -0.54393789720703567      4.8050412188441465        6.0624532276391481        
50000.501388888886        6562.9180490475674        576.13148336479264        726.8970258094065         -1.0851963990014208       4.7695081144795086        6.017621607381944         
50000.502083333333        6481.6955200712327        860.64800015940102        1085.8675313679501        -1.6211093084621235       4.7104807872851087        5.9431476551367037        
50000.50277777778         6368.5446674170498        1140.9250324184136        1439.4891386474205        -2.1490367606366161       4.6282500012443277        5.8393982237501083        
50000.503472222219        6224.0228633091183        1415.5819574671427        1786.0199353500652        -2.6663782263085443       4.5232208187586442        5.7068843747825868        
50000.504166666666        6048.8420108175187        1683.2658368381506        2123.7529379547973        -3.1705853220006537       4.3959106053420101        5.5462588610591554        
50000.504861111112        5843.8650370796304        1942.6580807400119        2451.0245001841167        -3.6591743631118896       4.2469464811189166        5.3583129112602128        
50000.505555555559        5610.1016425887537        2192.4809433271862        2766.22250799517          -4.12973859835291         4.0770622316798546        5.1439723323911233        
50000.506249999999        5348.7033274886708        2431.5038167758248        3067.7943207270605        -4.5799600652141423       3.88709469351106          4.9042929493295331        
50000.506944444445        5060.9577193742789        2658.5492931613735        3354.2544192869518        -5.0076210080672725       3.6779796318036229        4.640455403914852         
50000.507638888892        4748.28223053906          2872.4989642776486        3624.1917237005864        -5.4106148026554974       3.4507471309475677        4.3537593391991605        
50000.508333333331        4412.2170759133123        3072.298930827928         3876.2765439815475        -5.7869563331593614       3.2065165204169479        4.0456169975074907        
50000.509027777778        4054.4176860862258        3256.9649938502134        4109.2671300798238        -6.1347917707215656       2.9464908610406648        3.7175462638429102        
50000.509722222225        3676.6465527846576        3425.5875028041137        4322.0157886451489        -6.4524077052624902       2.6719510188191959        3.3711631889040747        
50000.510416666664        3280.7645469771451        3577.3358364380474        4513.4745364744131        -6.738239585603842        2.3842493554791564        3.0081740285462497        
50000.511111111111        2868.7217523694903        3711.4624943643712        4682.7002627947149        -6.9908794263250273       2.0848030668455171        2.6303668388988188        
50000.511805555558        2442.547859445398         3827.306779187651         4828.8593749530473        -7.209082743388886        1.7750872018461412        2.2396026685410506        
50000.512499999997        2004.3421673703715        3924.298051048208         4951.2319046283092        -7.3917746843724323       1.45662739653648          1.8378063911227875        
50000.513194444444        1556.2632430087006        4001.9585385492974        5049.2150543387834        -7.5380553231055796       1.1309923589360356        1.4269572235878434        
50000.513888888891        1100.5182879924184        4059.9056922215354        5122.3261667752486        -7.6472040926368514       0.79978614169571638       1.009078976706596         
50000.51458333333         639.35226621920401        4097.8540689315741        5170.2051023330114        -7.7186833346896737       0.46464024066030979       0.58623008594289017       
50000.515277777777        175.03684533632722        4115.6167379525841        5192.6160131313609        -7.7521409481248504       0.12720555824792867       0.16049347176241496       
50000.515972222223        -290.14079331598055       4113.1062017703543        5189.4485047817188        -7.7474121233631692       -0.21085572876579256      -0.26603372067011566      
50000.51666666667         -753.88922118039261       4090.3348270891797        5160.7181801817414        -7.7045201542244586       -0.54787835700010679      -0.69125045186353429      
50000.517361111109        -1213.9240498798094       4047.4147839144493        5106.5665626566697        -7.623676323184049        -0.8822021794259377       -1.1130621375559391       
50000.518055555556        -1667.9791839353068       3984.5574930119951        5027.2603988265291        -7.5052788606118854       -1.212180343119915        -1.5293909664724588       
50000.518750000003        -2113.8179833747013       3902.0725844659887        4923.1903446332071        -7.3499109831209575       -1.5361874015326873       -1.9381861354606005       
50000.519444444442        -2549.2442812456002       3800.3663724654311        4794.8690409999272        -7.1583380206880118       -1.8526273213111177       -2.3374339515857021       
50000.520138888889        -2972.113201761535        3679.9398538323344        4642.9285886022717        -6.9315036466981308       -2.1599413442333812       -2.7251677514243666       
50000.520833333336        -3380.3417257918277       3541.3862401506749        4468.1174341898432        -6.6705252294836548       -2.4566156655296885       -3.0994775886942123       
50000.521527777775        -3771.9189516504293       3385.3880356526643        4271.2966837962867        -6.3766883282554359       -2.7411888907658328       -3.4585196424994344       
50000.522222222222        -4144.9160006398797       3212.7136752564438        4053.4358609985152        -6.0514403605390035       -3.0122592345575354       -3.8005252998478993       
50000.522916666669        -4497.4955185564622       3024.2137393159542        3815.6081311196258        -5.6963834723093827       -3.2684914256552822       -4.1238098677000057       
50000.523611111108        -4827.9207263528779       2820.8167637288352        3558.9850149006998        -5.3132666459456974       -3.5086232843857581       -4.4267808716344437       
50000.524305555555        -5134.5639753755959       2603.5246660414346        3284.8306176815331        -4.9039770848811681       -3.731471940049905        -4.7079459002522714       
50000.525000000001        -5415.9147650344385       2373.4078100815677        2994.4954025168963        -4.4705309173870411       -3.9359396576511947       -4.9659199566783965       
50000.525694444441        -5670.5871834099971       2131.5997334302688        2689.4095379014589        -4.0150632652828815       -4.1210192452521124       -5.1994322809475335       
50000.526388888888        -5897.3267341470291       1879.2915637045837        2371.075852871978         -3.539817726493975        -4.2857990153226302       -5.4073326096681162       
50000.527083333334        -6095.0165160050974       1617.7261511563677        2041.0624341893501        -3.0471353232639502       -4.4294672756414641       -5.5885968421295251       
50000.527777777781        -6262.6827246264647       1348.1919464894386        1700.9949020662339        -2.5394429704628436       -4.5513163276282818       -5.7423320849418547       
50000.52847222222         -6399.4994494199718       1072.0166540524824        1352.5484024894067        -2.0192415207948282       -4.6507459524113992       -5.8677810503587127       
50000.529166666667        -6504.7927419318185       790.5606916715825         997.43935558203702        -1.4890934457939733       -4.7272663674588502       -5.9643257866172483       
50000.529861111114        -6578.043935662783        505.21048933872669        637.41700065280281        -0.95161021329047923      -4.7805006392087241       -6.0314907219200666       
50000.530555555553        -6618.8922009787084       217.3716597664237         274.2547795802754         -0.40943942352499968      -4.8101865398143229       -6.0689450070645936       
50000.53125               -6627.1363225289724       -71.53792555025538        -90.258399022657457       0.13474823272245168       -4.8161778388579632       -6.0765041451802908       
50000.531944444447        -6602.7356904175267       -360.09512065743809       -454.3269718322889        0.67827212974578388       -4.7984450236705385       -6.0541309005457764       
50000.532638888886        -6545.8105002440525       -646.87851544778027       -816.15756561817261       1.2184549114647749        -4.7570754447086214       -6.0019354820090571       
50000.533333333333        -6456.6411610298719       -930.47543741515403       -1173.9678312589763       1.7526356798711009        -4.6922728852729554       -5.9201750001073989       
50000.53402777778         -6335.6669139451005       -1209.4889103685955       -1525.9952234544367       2.2781831024031889        -4.6043565576879111       -5.8092522005609784       
50000.534722222219        -6183.4836686411008       -1482.5445358274369       -1870.5056828852476       2.792508373684004         -4.4937595308866092       -5.6697134803790696       
50000.535416666666        -6000.841067846286        -1748.2972632004069       -2205.8021780532385       3.2930779677732569        -4.3610265971473359       -5.5022461963512264       
50000.536111111112        -5788.6387946848463       -2005.4380153993341       -2530.2330647254107       3.777426118117448         -4.2068115884895079       -5.3076752791816659       
50000.536805555559        -5547.922140908252        -2252.7001372501895       -2842.2002218038701       4.2431669637224783        -4.0318741559484383       -5.0869591699453283       
50000.537499999999        -5279.8768578700838       -2488.8656349371145       -3140.1669235449876       4.6880063017177536        -3.8370760275939291       -4.8411850988823248       
50000.538194444445        -4985.8233156078823       -2712.7711757444126       -3422.6654093498655       5.1097528884195516        -3.6233767637253904       -4.5715637297870613       
50000.538888888892        -4667.2099988039199       -2923.3138185422467       -3688.3041138379094       5.5063292332255251        -3.3918290301530867       -4.2794231963733615       
50000.539583333331        -4325.6063716632771       -3119.4564467881291       -3935.774521588733        5.8757818321704294        -3.1435734128489252       -3.9662025599919741       
50000.540277777778        -3962.6951468562888       -3300.2328772816504       -4163.8576127864753       6.2162907907334262        -2.8798327995094333       -3.6334447209272445       
50000.540972222225        -3580.2639966079278       -3464.752619507135        -4371.4298680157817       6.5261787884957236        -2.6019063557068938       -3.2827888181913498       
50000.541666666664        -3180.1967467646587       -3612.2052621200655       -4557.4688026303147       6.8039193414893857        -2.3111631253016491       -2.9159621552541046       
50000.542361111111        -2764.4640972160919       -3741.8644649697949       -4721.0580034319137       7.0481443215376105        -2.0090352866394392       -2.5347716914815668       
50000.543055555558        -2335.1139143819232       -3853.091536994149        -4861.3916428501216       7.2576506955468121        -1.6970110977532151       -2.141095141195946        
50000.543749999997        -1894.2611435825895       -3945.3385823614999       -4977.7784483855785       7.431406451553265         -1.3766275653208182       -1.7368717242021492       
50000.544444444444        -1444.0773909845284       -4018.1511993626505       -5069.6451077641341       7.5685556823330851        -1.0494628734906508       -1.3240926133431423       
50000.545138888891        -986.78022643855275       -4071.1707187580096       -5136.5390930281346       7.6684228015340645        -0.71712860987036575      -0.90479112613872459      
50000.54583333333         -524.62225990472223       -4104.1359705541299       -5178.1308896536402       7.7305158715610576        -0.38126182697272715      -0.48103270882292659      
50000.546527777777        -59.880045272384805       -4116.8845705066115       -5194.2156197131253       7.7545290268219782        -0.043516978223353153     -0.054904762117886113     
50000.547222222223        405.15713376569789        -4109.3537200121464       -5184.7140510880772       7.7403439803977117        0.29444223174707695       0.37149364113836514       
50000.54791666667         868.1985405452408         -4081.580515449516        -5149.6729877601956       7.6880306067142019        0.63095104238132449       0.79606209586003895       
50000.548611111109        1326.9632694195461        -4033.7017654457381       -5089.265039258652        7.5978465973465168        0.9643518376755047        1.2167092111442801        
50000.549305555556        1779.1914813217954        -3965.9533169675015       -5003.7877703990871       7.4702361916503497        1.2930023114654909        1.6313629122986932        
50000.550000000003        2222.6555355550204        -3878.6688935575103       -4893.6622355026739       7.3058279884738138        1.6152835572982487        2.0379806477187361        
50000.550694444442        2655.1709629754291        -3772.2784514384903       -4759.4309043155581       7.1054318497288209        1.92960804303803          2.4345594503366961        
50000.551388888889        3074.6072265160483        -3647.3060615825634       -4601.7549898454436       6.8700349110748311        2.2344274309251397        2.8191458040803439        
50000.552083333336        3478.8982160451874        -3504.367328178751        -4421.4111912781864       6.6007967193660368        2.5282402045662824        3.1898452667398605        
50000.552777777775        3866.052425862872         -3344.1663562150279       -4219.2878680185313       6.2990435208145144        2.809599065286525         3.544831801841557         
50000.553472222222        4234.1627647016967        -3167.4922831123868       -3996.3806637013718       5.9662617280054162        3.077118061409045         3.8823567735602986        
50000.554166666669        4581.4159499088119        -2975.215391495803        -3753.7876017293083       5.6040905979451878        3.3294794153443643        4.2007575603624137        
50000.554861111108        4906.1014395340244        -2768.2828222502967       -3492.7036764954983       5.2143141572101337        3.5654400148593828        4.498465744948934         
50000.555555555555        5206.6198583252644        -2547.7139089792281       -3214.414966935019        4.7988524139714581        3.7838375365507249        4.7740148401561893        
50000.556250000001        5481.490876125612         -2314.59515684693         -2920.2923014009179       4.3597519001856231        3.9835961713586445        5.0260475127565245        
50000.556944444441        5729.3604998635328        -2070.0748905394976       -2611.7845050712826       3.8991755905384751        4.1637319239180668        5.2533222695753166        
50000.557638888888        5949.0077432165263        -1815.3575977074679       -2290.4112631500598       3.4193922478016083        4.3233574596425584        5.4547195729889513        
50000.558333333334        6139.3506410939744        -1551.6979957541341       -1957.7556350169582       2.9227652470849326        4.4616864756649042        5.629247355679345         
50000.559027777781        6299.4515793123091        -1280.3948511960461       -1615.4562562011233       2.4117409340362714        4.5780375741033401        5.7760459074797268        
50000.55972222222         6428.5219132089187        -1002.7845820410304       -1265.1992665910639       1.8888365743346043        4.6718376185740764        5.8943921102394832        
50000.560416666667        6525.9258524439001        -720.23467469791728       -908.71000464182896       1.3566279538367969        4.7426245574161561        5.9837029998474387        
50000.561111111114        6591.1835928533965        -434.13694784576421       -547.74450849312257       0.8177366904585277        4.7900496997216973        6.0435386378673428        
50000.561805555553        6623.9736799272659        -145.90069644422277       -184.0808658631787        0.27481732029008876       4.8138794329599488        6.0736042786400919        
50000.5625                6624.1345922687888        143.05425034288109        180.48954467185692        -0.26945577844016377      4.813996373734291         6.0737518211777273        
50000.563194444447        6591.6655372363921        431.30452311462932        544.17087786826937        -0.81240155914317169      4.7903999460036459        6.0439805386972827        
50000.563888888886        6526.7264548481444        717.43022363902628        905.17166800757047        -1.3513455134943568       4.7432063839200014        5.9844370822008575        
50000.564583333333        6429.6372299297709        1000.0219191603053        1261.7136535160967        -1.8836328458518288       4.6726481592681006        5.8954147580842919        
50000.56527777778         6300.8761163870931        1277.6875851541211        1612.0405365420274        -2.4066415505714636       4.5790728363276676        5.7773520833328647        
50000.565972222219        6141.0773813648075        1549.0594623311608        1954.4266343408294        -2.9177953278010196       4.4629413597990277        5.6308306254210185        
50000.566666666666        5951.0281808962854        1812.8007941121095        2287.1853798530869        -3.4145762741311194       4.3248257842256725        5.4565721375566145        
50000.567361111112        5731.6646824347008        2067.6124113856981        2608.6776296015332        -3.8945372855899247       4.1654064560984576        5.2554350033812307        
50000.568055555559        5484.0674533655938        2312.2391321138316        2917.3197379832395        -4.3553141118853391       3.9854686625221505        5.0284100086396952        
50000.568749999999        5209.4561382166939        2545.4759442598493        3211.5913581836235        -4.7946370025164864       3.7858987629527596        4.7766154606472204        
50000.569444444445        4909.1834507846497        2766.173941583289         3490.0429312855986        -5.2103418873866252       3.5676798230603821        4.5012916795952913        
50000.570138888892        4584.7285107729767        2973.2459830619014        3751.3028266830879        -5.6003810368426903       3.3318867722248307        4.2037948888317098        
50000.570833333331        4237.6895577644373        3165.672048063047         3994.0840986257904        -5.9628331486309252       3.0796811085178297        3.8855905342107553        
50000.571527777778        3869.7760784182183        3342.5042608853146        4217.1908256129973        -6.2959128120810748       2.8123051772546259        3.5482460654218784        
50000.572222222225        3482.8003856727537        3502.8715599198758        4419.5240014090887        -6.5979793028992839       2.5310760512984243        3.193423214855482         
50000.572916666664        3078.6686914343527        3645.9839884316352        4600.0869486620359        -6.8675446652472667       2.237379043262778         2.8228698120395177        
50000.573611111111        2659.3717167268837        3771.1365858241411        4757.990228457862         -7.1032810412960457       1.9326608815703272        2.4384111739683441        
50000.574305555558        2226.9748855561729        3877.7128602201824        4892.4560216269501        -7.3040272121494514       1.6184225839820723        2.0419411137343944        
50000.574999999997        1783.6081507933693        3965.1878252524193        5002.821960220268         -7.4687943179173102       1.2962120637016361        1.6354126117534451        
50000.575694444444        1331.4555021941874        4033.1305861050409        5088.5443902819143        -7.5967707287617028       0.96761650447624414       1.2208281955362885        
50000.576388888891        872.74420823669345        4081.2064620678298        5149.2010498458676        -7.6873260429218639       0.63425454225409306       0.800230075395301         
50000.57708333333         409.73384477149693        4109.1786351470864        5184.4931489653036        -7.7400141920238195       0.29776829191064258       0.37569008467664544       
50000.577777777777        -55.294835471635977       4116.9093166124876        5194.2468415284329        -7.754575638378193        -0.040184741680444572     -0.050700525928268472     
50000.578472222223        -520.05113769281695       4104.3604257335664        5178.4140816108165        -7.73093865344251         -0.3779398283862907       -0.47684138971964279      
50000.57916666667         -982.24570880492706       4071.5937773623996        5137.072860145815         -7.6692196711503708       -0.71383321314484527      -0.90063337023089118      
50000.579861111109        -1439.6018146073375       4018.7707774384953        5070.426820747366         -7.569722714367022        -1.0462103114918102       -1.3199889014102082       
50000.580555555556        -1889.8665547999826       3946.1516279158004        4978.8042565775268        -7.4329378972965827       -1.3734338599139175       -1.7328422708071816       
50000.581250000003        -2330.821960593511        3854.0940450282833        4862.656493200102         -7.2595390112179095       -1.6938919808805606       -2.1371597951102794       
50000.581944444442        -2760.2959202495549       3743.0514972078277        4722.5556653863214        -7.0503802054416216       -2.0060061228260668       -2.5309498379113133       
50000.582638888889        -3176.1728787327625       3613.5709713343085        4559.191898823844         -6.8064917798375921       -2.308238835970883        -2.912272620350147        
50000.583333333336        -3576.4042587689478       3466.2902783211307        4373.3699106117529        -6.5290751096586153       -2.5991013456785819       -3.2792497763132005       
50000.584027777775        -3959.0185519760439       3301.9349113087014        4166.0050452872465        -6.2194967276601547       -2.8771608860429367       -3.6300736051175764       
50000.584722222222        -4322.1310303597365       3121.3144719421339        3938.1187659102598        -5.87928159266718         -3.1410477575803832       -3.9630159761028203       
50000.585416666669        -4663.9530303357242       2925.3186823370479        3690.8336224165555        -5.5101055777466277       -3.3894620742622283       -4.2764368412669898       
50000.586111111108        -4982.8007635462136       2714.9130023782268        3425.3677220247996        -5.1137872149881325       -3.6211801666512589       -4.5687923140144608       
50000.586805555555        -5277.103611069293        2491.1338739399598        3143.0287289359549        -4.6922787375576025       -3.8350606096013986       -4.838642274220188        
50000.587500000001        -5545.4118601645332       2255.0836154546669        2845.2074228820065        -4.2476564631497968       -4.0300498448284428       -5.0846574621484706       
50000.588194444441        -5786.4038454442261       2007.9249919787794        2533.3708482541042        -3.7821105662102346       -4.2051873706555147       -5.3056260262821366       
50000.588888888888        -5998.8924592934036       1750.8754875032805        2209.0550875569684        -3.2979342893076762       -4.3596104733689822       -5.5004594928080568       
50000.589583333334        -6181.830999468827        1485.2013077230699        1873.8576947869722        -2.797512646801128        -4.4925584768785418       -5.6681981273537554       
50000.590277777781        -6334.3183250721358       1212.21114280704          1529.4298260064745        -2.283310676446201        -4.6033764897479568       -5.8080156625636503       
50000.59097222222         -6455.6032954992152       933.24972089296239        1177.468105878582         -1.7578612968124965       -4.6915186311389068       -5.9192233682272297       
50000.591666666667        -6545.0884704998925       649.69118406216808        819.7062702271478         -1.2237528303254221       -4.7565507197771737       -6.0012734439100388       
50000.592361111114        -6602.3330531217416       362.9323194234496         457.90662579010632        -0.68361625339296794      -4.7981524126955426       -6.0537617173756493       
50000.593055555553        -6627.0550610412974       74.385678649332277        93.851369234725553        -0.14011223642230386      -4.8161187832181271       -6.0764296355063925       
50000.59375               -6619.1327155868557       -214.52738014265685       -270.6661918033721        0.4040819624339278        -4.8103613304130954       -6.0691655379157323       
50000.594444444447        -6578.6050416106591       -502.38369388857797       -633.85047241294819       0.94628568524125822       -4.7809084150413268       -6.0320052069785692       
50000.595138888886        -6505.6716752555376       -787.76530496769249       -993.91245531756579       1.4838280789940932        -4.727905119853518        -5.9651316915700727       
50000.595833333333        -6400.6918805629293       -1069.2664459504717       -1349.0785034343551       2.0140612520281058        -4.6516125349239443       -5.8688744053812796       
50000.59652777778         -6264.1827797663891       -1345.5004642986787       -1697.599096671152        2.5343733173268599        -4.552406471541226        -5.7437075042530905       
50000.597222222219        -6096.8168059880418       -1615.1066529069976       -2037.7574499252312       3.0422012584723652        -4.4307756109914047       -5.5902475505217959       
50000.597916666666        -5899.4183908857603       -1876.756952839494        -2367.8779698320491       3.5350435548628996        -4.2873190973522659       -5.4092504758813718       
50000.598611111112        -5672.9599035674992       -2129.1624952437542       -2686.3345086067175       4.0104725040072626        -4.1227435861566075       -5.2016078577232525       
50000.599305555559        -5418.5568607773421       -2371.079950217747        -2991.5583743204284       4.4661461801968008        -3.937859763462519        -4.968342527296044        
50000.599999999999        -5137.4624319475279       -2601.3176513553881       -3282.0460581538418       4.8998199706477461        -3.7335783524774531       -4.7106035313190233       
50000.600694444445        -4831.0612661841315       -2818.7414658017788       -3556.3666405635836       5.309357632287707         -3.5109056274071486       -4.429660471868142        
50000.601388888892        -4500.8626715941882       -3022.2803809026796       -3813.1688398796723       5.6927418147214599        -3.2709384566278277       -4.1268972524157848       
50000.602083333331        -4148.4931805523493       -3210.9317799288328       -4051.1876686130231       6.048083997540755         -3.0148588995986212       -3.803805260830837        
50000.602777777778        -3775.6885375300026       -3383.7663808873212       -4269.2506646845868       6.3736337930277047        -2.7439283841293971       -3.4619760229190248       
50000.603472222225        -3384.2851489541663       -3539.9328140917623       -4466.2836668815817       6.6677875684273591        -2.4594814926863204       -3.1030933626916428       
50000.604166666664        -2976.2110372134803       -3678.6618159426057       -4641.3161060913599       6.9290963453168786        -2.1629193883433153       -2.728925107980563        
50000.604861111111        -2553.4763433711687       -3799.2700182592748       -4793.4857862487233       7.1562729371595672        -1.855702912762681        -2.3413143822570133       
50000.605555555558        -2118.1634253678444       -3901.1633144982216       -4922.0431314461066       7.3481982898847837        -1.5393453902036525       -1.9421705255499395       
50000.606249999997        -1672.4166004896438       -3983.8397862751513       -5026.354878285696        7.5039269942605138        -1.2154051730058169       -1.5334596891867995       
50000.606944444444        -1218.4315826294849       -4046.8921757756134       -5105.9071952852555       7.622691942905079         -0.8854779652677286       -1.1171951506863591       
50000.607638888891        -758.44466637267271       -4090.0098918750477       -5160.3082139716953       7.7039081089979238        -0.55118896253369765      -0.69542739651156638      
50000.60833333333         -294.72171118519793       -4112.9805400863006       -5189.2899591944306       7.7471754280758436        -0.2141848462080243       -0.2702340215340826       
50000.609027777777        170.45302003224782        -4115.6909687982079       -5192.7096691499564       7.7522807687191495        0.1238743278684247        0.15629050503507763       
50000.609722222223        634.78811304413398        -4098.1278266515519       -5170.5504986152882       7.7191989824203189        0.46132330672306554       0.58204515683658098       
50000.61041666667         1095.9962896068648        -4060.3776283068128       -5122.921601926214        7.6480930274635721        0.79649984315711142       1.0049326998538075        
50000.611111111109        1551.8056744219843        -4002.6263282797399       -5050.0575952915924       7.5393131662051482        1.1277528838448776        1.4228700232230993        
50000.611805555556        1999.9709862156785        -3925.1584049439875       -4952.3174010923203       7.3933952397084139        1.4534507022929493        1.8337984004744656        
50000.612500000003        2438.2845978182022        -3828.3554592129672       -4830.1824798578318       7.2110580282328192        1.7719889365968866        2.2356936306566788        
50000.613194444442        2864.5874107621362        -3712.6943348036816       -4684.2544586293016       6.99319971057872          2.0817984924021138        2.6265760093923727        
50000.613888888889        3276.7794908320725        -3578.7447693419795       -4515.2521673920373       6.7408934397290743        2.3813532721396204        3.0045200807465071        
50000.614583333336        3672.8304121758306        -3427.1665878797057       -4324.0080981753563       6.4553820565820219        2.6691776924628754        3.3676641218712646        
50000.615277777775        4050.7892590229285        -3258.7064526482536       -4111.4643042621547       6.1380719678141196        2.9438539528556382        3.7142193137067534        
50000.615972222222        4408.7942357426264        -3074.1941850589842       -3878.6677597083362       5.7905262180313724        3.2040290196060841        4.0424785525633764        
50000.616666666669        4745.0818379031634        -2874.5386780680524       -3626.7652020307405       5.414456790334123         3.4484212907447298        4.3508248591806904        
50000.617361111108        5057.9955391562444        -2660.7234190409977       -3356.997483468092        5.0117161732225917        3.6758269091152003        4.6377393438404013        
50000.618055555555        5345.9939511558832        -2433.8016451711351       -3070.6934586402094       4.5842882353838448        3.8851256924801452        4.901808688297967         
50000.618750000001        5607.6584163164935        -2194.8911553157582       -2769.2634387143885       4.1342784533102588        4.0752866514510684        5.1417321076774058        
50000.619444444441        5841.6999960088569        -1945.1688038066579       -2454.1922443232279       3.6639035398874928        4.2453730680611823        5.3563277580355511        
50000.620138888888        6046.9658197707085        -1685.8647033579975       -2127.0318914546629       3.175480525040693         4.3945471099646234        5.5445385580326096        
50000.620833333334        6222.4447642561918        -1418.2561656275802       -1789.393946342961        2.6714153422268465        4.5220739575328741        5.7054373960319165        
50000.621527777781        6367.2724339501492        -1143.6614092798211       -1442.9415870198684       2.1541909769953023        4.6273254235186076        5.8382316969791308        
50000.62222222222         6480.7354191126151        -863.43306654401317       -1089.381410630094        1.6263552359957316        4.7097830474567868        5.9422673265647852        
50000.622916666667        6562.2748099792389        -578.95152025407185       -730.45502686764621       1.0905081966824339        4.7690406495602469        6.0170318134385727        
50000.623611111114        6611.4889499069359        -291.6181041909802        -367.9304789431016        0.54928939953675915       4.8048063315294662        6.0621568736030245        
50000.624305555553        6628.1354139030063        -2.8482002225095187       -3.5935343414430747       0.0053648458977538227     4.8169039144206875        6.077420224551588         
50000.625                 6612.1322027916303        285.93573375683121        360.76111172848812        -0.53858613455130078      4.8052738064895788        6.0627466802148158        
50000.625694444447        6563.5581471353771        573.31117074180042        723.33867686180633        -1.0798840819507309       4.7699732967354915        6.0182085213210517        
50000.626388888886        6482.6525189220383        857.86252187286152        1082.3531324149178        -1.6158626050735481       4.7111762727003388        5.9440251393472279        
50000.627083333333        6369.8138529295802        1138.1881095158606        1436.0360013425131        -2.1438815157594715       4.6291723639122102        5.8405619558136612        
50000.62777777778         6225.5979835751014        1412.9070718160965        1782.6450695767669        -2.6613398342746946       4.52436551519303          5.7083286222463112        
50000.628472222219        6050.7153069180804        1680.6661647154988        2120.472968037167         -3.1656886015340233       4.3972719968580583        5.5479765096733393        
50000.629166666666        5846.0272813051315        1940.1464279266997        2447.8555829966731        -3.6544434350733765       4.2485178616088124        5.3602955000225219        
50000.629861111112        5612.5421838937536        2190.0696820279468        2763.180253375393         -4.1251967669229161       4.0788358606465707        5.146210095224836         
50000.630555555559        5351.41014395815          2429.2048246746676        3064.8937145825585        -4.5756297030980093       3.8890618341974359        4.9067748631904724        
50000.631249999999        5063.9174774426428        2656.3738949130452        3351.5097497760567        -5.0035234462890896       3.6801305942289502        4.6431692430900293        
50000.631944444445        4751.4803506702419        2870.4578757232712        3621.6165108500031        -5.406770225483152        3.453071319639669         4.3566917355296848        
50000.632638888892        4415.6378044184194        3070.4022062096083        3873.8834730877661        -5.7833836786784181       3.2090024866046449        4.0487535062390663        
50000.633333333331        4058.0441727249795        3255.2219762846339        4107.0679892223425        -6.1315086375477437       2.9491263590495271        3.7208714347795682        
50000.634027777778        3680.4609337683542        3424.0067782590713        4320.0214106193216        -6.4494302658522589       2.6747230663927737        3.3746606425146224        
50000.634722222225        3284.7480329642744        3575.9251914386514        4511.6947454299461        -6.7355825065901715       2.3871442977285531        3.0118265366485582        
50000.635416666664        2872.8547210205638        3710.2288776372307        4681.1438258426797        -6.9885557962707043       2.0878066435123039        2.6341564095244951        
50000.636111111111        2446.8099520810492        3826.2562674319929        4827.5339589797713        -7.2071040083132818       1.7781846175472729        2.2435106345624627        
50000.636805555558        2008.7123892566144        3923.4358190025328        4950.1440385289052        -7.3901505913693084       1.4598033936451864        1.841813502205873         
50000.637499999997        1560.7200667753441        4001.2888335010248        5048.3700968563207        -7.5367938723296657       1.1342312927396989        1.4310437410177421        
50000.638194444444        1105.0397596752016        4059.431813085198         5121.728280104001         -7.6463114978957174       0.80307205746049715       1.0132247706190132        
50000.638888888891        643.91611340330257        4097.5783499986228        5169.8572316158215        -7.7181639928349934       0.46795695222291162       0.59041473448222759       
50000.63958333333         179.62058686852146        4115.5405373928552        5192.5198719520922        -7.7519974173938593       0.13053672774737238       0.16469636167823071       
50000.640277777777        -285.55973658690868       4113.2298949418264        5189.6045667242761        -7.7476451107769888       -0.2075265104091493       -0.26183329248385329      
50000.640972222223        -749.33341518053135       4090.6578046889931        5161.1256764972377        -7.7051285121053628       -0.54456748925473042      -0.68707317638657039      
50000.64166666667         -1209.4159361521358       4047.9354549802815        5107.2234860502213        -7.6246570548088393       -0.87892597136662243      -1.1089285917195888       
50000.642361111109        -1663.540969094405        3985.27329275902          5028.1635133450309        -7.5066271349735105       -1.2089549330905605       -1.5253215117992576       
50000.643055555556        -2109.4715297187236       3902.9799869208018        4924.3352016053859        -7.351620158725674        -1.5330286776500823       -1.9342008177650418       
50000.643750000003        -2545.0109990643009       3801.4609078347198        4796.2500009501437        -7.1603996782708661       -1.8495508432013232       -2.3335524022301279       
50000.644444444442        -2968.0139438708602       3681.2161305207296        4644.5388490301384        -6.9339076306955931       -2.1569622663862327       -2.7214090906164161       
50000.645138888889        -3376.3966848145815       3542.8379713193253        4469.9490630788086        -6.6732596980591339       -2.4537486626489691       -3.0958603313021791       
50000.645833333336        -3768.1475605489977       3387.0080701877146        4273.3406586861238        -6.3797398116312287       -2.7384480854828319       -3.4550616068494771       
50000.646527777775        -4141.3368369909831       3214.4940329948563        4055.682113429255         -6.0547938273473756       -3.0096581278640739       -3.7972435199523642       
50000.647222222222        -4494.1262130394662       3026.1456503551672        3818.0455962280002        -5.7000224036358942       -3.2660428303988902       -4.1207205093492192       
50000.647916666669        -4824.7778759024559       2822.8907116266168        3561.6016859247902        -5.3171731167000882       -3.5063392621545884       -4.4238991527652995       
50000.648611111108        -5131.6630614265259       2605.730434693131         3287.6136051051385        -4.9081318520949413       -3.729363741758299        -4.7052860159858625       
50000.649305555555        -5413.2700772612725       2375.7345340438314        2997.4309975622778        -4.4749135150028208       -3.9340176681185586       -4.9634950093959613       
50000.650000000001        -5668.2117493372416       2134.0359514433799        2692.4832800577037        -4.0196521049686007       -4.1192929320481131       -5.1972542157491644       
50000.650694444441        -5895.2322549765859       1881.8252751497171        2374.2726011263426        -3.5445902039853117       -4.2842768821306914       -5.4054121555321224       
50000.651388888888        -6093.2133089770587       1620.3448751697001        2044.3664416107003        -3.0520679297111557       -4.4281568203702841       -5.5869434590623293       
50000.652083333334        -6261.1796721971978       1350.8827834419046        1704.3898933731946        -2.5445114082334941       -4.5502240054777285       -5.7409539173787456       
50000.652777777781        -6398.3039555078376       1074.7663490923355        1356.0176542211177        -2.024420823162056        -4.649877144074698        -5.866684887044995        
50000.65347222222         -6503.9106954460467       793.35570001675558        1000.9657784766116        -1.4943580999206061       -4.726625352617714        -5.9635170271674172       
50000.654166666667        -6577.4796814951678       508.03704299736438        640.98322382769106        -0.95693428590327223      -4.7800905754519754       -6.0309733502197274       
50000.654861111114        -6618.648518601015        220.21583535693125        277.84323609986859        -0.41479668865990682      -4.8100094470838597       -6.0687215716461544       
50000.655555555553        -6627.2144123014768       -68.690138213726627       -86.665385613679874       0.12938416453323634       -4.8162345894986807       -6.0765757466690964       
50000.65625               -6603.1351676761342       -357.257749551914         -450.74710043612697       0.67292768148137783       -4.7987353381332341       -6.0544971862385069       
50000.656944444447        -6546.5293971951232       -644.06553724075047       -812.60847040050214       1.2131564094580853        -4.7575978929270217       -6.0025946476111232       
50000.657638888886        -6457.6759364434165       -927.70070861660315       -1170.4669947844318       1.7474092241273735        -4.6930248937081211       -5.9211237986207506       
50000.658333333333        -6337.0124705986036       -1206.7660990749223       -1522.5598905688696       2.2730544380334297        -4.6053344220052805       -5.8104859582785675       
50000.65902777778         -6185.1333784280368       -1479.8870543934843       -1867.1527757689689       2.7875027640865819        -4.4949584342032622       -5.6712261199071579       
50000.659722222219        -6002.7868044256547       -1745.7182021712536       -2202.5482128636854       3.2882200701883857        -4.3624406337595802       -5.504030266546156        
50000.660416666666        -5790.8709735108896       -2002.9500790272953       -2527.0940702398511       3.7727398621675547        -4.2084337929639144       -5.3097219918536078       
50000.661111111112        -5550.4297664431742       -2250.3155809146679       -2839.1916604629018       4.2386754335367582        -4.0336965374330198       -5.0892584431482124       
50000.661805555559        -5282.6475777472087       -2486.5962047755634       -3137.3036152857699       4.6837316222215648        -3.8390896091804469       -4.8437256065767187       
50000.662499999999        -4988.8434814784423       -2710.6280507917827       -3419.9614586042708       5.1057161163487681        -3.6255716266689042       -4.5743329576313512       
50000.663194444445        -4670.46473356775         -2921.3075556639378       -3685.7728400552005       5.5025502534027           -3.3941943627309112       -4.2824075033684155       
50000.663888888892        -4329.0796427522482       -3117.5969286776981       -3933.4283936249985       5.8722792595537303        -3.1460975636183282       -3.9693872456756365       
50000.664583333331        -3966.3698452094741       -3298.5292637794405       -4161.7081874840214       6.2130818787208044        -2.8825033347017306       -3.6368140977876582       
50000.665277777778        -3584.1220209494982       -3463.2133024796171       -4369.4877332750375       6.5232793439360295        -2.6047101204752172       -3.2863262889424094       
50000.665972222225        -3184.2190927693478       -3610.8378241221667       -4555.7435252546629       6.8013436468190731        -2.3140863085206891       -2.9196502945923859       
50000.666666666664        -2768.630951123012        -3740.6756418938226       -4719.558082002367        7.0459050644265746        -2.0120634889379652       -2.5385923319220041       
50000.667361111111        -2339.4047505955946       -3852.0871848893189       -4860.1244658619798       7.2557589063999242        -1.7001294024442513       -2.1450294625634374       
50000.668055555558        -1898.6548257804161       -3944.5236485874934       -4976.7502578532813       7.4298714491754598        -1.3798206118800704       -1.7409003463382637       
50000.668749999997        -1448.5522762326643       -4017.5296982193113       -5068.8609684735866       7.5673850280256598        -1.0527149332212464       -1.3281956915712618       
50000.669444444444        -991.31427180329626       -4070.7457117112144       -5136.0028675879703       7.6676222618483054        -0.72042366338117758      -0.90894844901736149      
50000.670138888891        -529.1931310342776        -4103.9095511552523       -5177.8452194683105       7.7300893898926581        -0.38458364308864018      -0.48522379770570045      
50000.67083333333         -64.465226414128395       -4116.8578540798489       -5194.1819119715537       7.7544787039861802        -0.046849193938758846     -0.059108972029728604     
50000.671527777777        400.58022885438777        -4109.5268381605192       -5184.9324718319531       7.740670064280855         0.29111603066539804       0.36729701980568158       
50000.672222222223        863.65245733892368        -4081.9526154066057       -5150.1424610660688       7.6887314910526587        0.62764724053897825       0.79189373533399687       
50000.67291666667         1322.4704015674806        -4034.271014276344        -5089.9832525378442       7.598918829639012         0.96108670934120088       1.2125896444418451        
50000.673611111109        1774.7739603385792        -3966.7169105965377       -5004.7511857893251       7.4716744901647214        1.2897919404052722        1.6273124320822836        
50000.674305555556        2218.3351218024854        -3879.6230705826597       -4894.8661072953182       7.3076252682644043        1.612143757548121         2.0340192063361591        
50000.675000000003        2650.9689384728072        -3773.4185116585759       -4760.8693023325968       7.1075792575363677        1.926554281005262         2.4307065615374475        
50000.675694444442        3070.5442901064134        -3648.6263891503722       -4603.4208286510775       6.8725218689369276        2.2314747492019529        2.8154204468924098        
50000.676388888889        3474.9943814345775        -3505.8614192642558       -4423.2962650811342       6.6036109767233411        2.5254031478312222        3.1862657919805142        
50000.677083333336        3862.3269230343431        -3345.8268510427451       -4221.3828910931134       6.3021712148560454        2.8068916086585167        3.5414158417226722        
50000.677777777775        4230.6339451899375        -3169.3110022150508       -3998.675316128265        5.9696874519556777        3.0745535416070529        3.8791211548334563        
50000.678472222222        4578.1011964019181        -2977.183376005783        -3756.2705802306591       5.6077974769567298        3.3270704649917588        4.1977182214316429        
50000.679166666669        4903.0170802477451        -2770.3903780302735       -3495.3627501139845       5.2182839314877301        3.5631985002566307        4.4956376573593904        
50000.679861111108        5203.7810865714919        -2549.9506543747552       -3217.2370372825858       4.8030655287184221        3.7817744992229243        4.7714119348454886        
50000.680555555555        5478.9116754713195        -2316.9500738256493       -2923.2634671804099       4.3641876019292072        3.9817217736658388        5.0236826114320436        
50000.681250000001        5727.0535752488177        -2072.5363789651024       -2614.8901305531404       3.9038120293598464        4.1620553989962508        5.251207021555464         
50000.681944444441        5946.9844583710747        -1817.9135324810643       -2293.6360502667799       3.4242065849668375        4.3218870659219837        5.4528643978195435        
50000.682638888888        6137.6209625602205        -1554.3357865415262       -1961.0836987201703       2.9277337675468025        4.4604294561896927        5.6276613918077372        
50000.683333333334        6298.0240273510244        -1283.1015044467354       -1618.8712027100939       2.4168391632527393        4.5770001208528219        5.774736967239539         
50000.684027777781        6427.4035198290803        -1005.5467649934258       -1268.6842741471733       1.8940393988284787        4.6710248419615787        5.893366641367658         
50000.68472222222         6525.1221267635638        -723.03878105547369       -912.24790637123624       1.3619097449027542        4.7420404611155149        5.9829660537231968        
50000.685416666667        6590.6984939622134        -436.96916480053125       -551.31787696943741       0.82307143040810582       4.7896971609454697        6.0430938446294808        
50000.686111111114        6623.809597384321         -148.74707271765323       -187.67209895359815       0.28017873061277732       4.8137601882864907        6.0734538293052074        
50000.686805555553        6624.2923343318153        140.20773577702721        176.89813709982366        -0.26409410763104085      4.8141110105535105        6.0738964568474403        
50000.6875                6592.1443268803623        428.47189196380987        540.59698680659551        -0.80706603901742546      4.7907478996235602        6.0444195469076289        
50000.688194444447        6527.52393359283          714.62542922208547        901.63289816327324        -1.3460624264055843       4.7437859403483751        5.9851683004318312        
50000.688888888886        6430.7494694574325        997.25877767451993        1258.227436591832         -1.8784282158725989       4.6734564636554303        5.8964345844122468        
50000.689583333333        6302.2976378930643        1274.9797076176969        1608.6240453688886        -2.401541015300777        4.5801059070299468        5.7786554941733073        
50000.69027777778         6142.8011825456606        1546.420187536424         1951.0966982863297        -2.9128240120755113       4.464194107991017         5.6324112002743965        
50000.690972222219        5953.0457704426253        1810.2431229196616        2283.9584019210151        -3.4097586662620794       4.3262920389680488        5.4584220906351844        
50000.691666666666        5733.9661218586925        2065.1489426831963        2605.5695056320442        -3.8898971167357996       4.1670789947353795        5.2575452219612471        
50000.692361111112        5486.6414059571689        2309.8820007548588        2914.3457783511908        -4.3508742391539093       3.9873392462594923        5.0307700979499685        
50000.693055555559        5212.2899248872973        2543.2367612885764        3208.7662123808709        -4.7904192963725416       3.787958177441769         4.7792137950729421        
50000.693749999999        4912.2631125234357        2764.0637370393788        3487.3805157587485        -5.2063671239197742       3.5699179237868357        4.5041154599449067        
50000.694444444445        4588.0388774078056        2971.2751516474041        3748.8162562821735        -5.5966687954259706       3.3342925344801171        4.2068302053847244        
50000.695138888892        4241.2143226889457        3163.8502979389086        3991.7856220015492        -5.9594017154743515       3.0822426817057975        3.8888224352359346        
50000.695833333331        3873.4978789168867        3340.8405658497409        4215.0917648809764        -6.2927790901551974       2.8150099432666926        3.5516586308282969        
50000.696527777778        3486.700888448278         3501.3741152041034        4417.6346963777942        -6.5951587286724846       2.5339106866693886        3.1969996346136447        
50000.697222222225        3082.7286829160344        3644.6601703308665        4598.4167058998446        -6.8650511326469283       2.2403295848011653        2.8265924689862474        
50000.697916666664        2663.5711977151686        3769.9929153624939        4756.5472754495977        -7.1011268332681521       1.9357127951399711        2.4422617305875423        
50000.698611111111        2231.2931697371387        3876.7549710286357        4891.2474662459399        -7.3022229401537597       1.6215608360961358        2.0459006024862108        
50000.699305555558        1788.0239666378868        3964.4204358179891        5001.8537557155132        -7.467348869656135        1.2994211955763839        1.6394615285068881        
50000.699999999997        1335.9470977398037        4032.5574765278834        5087.8213059528534        -7.5956912243997898       0.97088070817979999       1.2249465956450463        
50000.700694444444        877.28945823609115        4080.8304554407646        5148.7266475491851        -7.6866178000130203       0.63755773857507214       0.80439767194350364       
50000.701388888891        414.3103596797298         4109.0015836492612        5184.2697655694974        -7.7396806993170557       0.30109420956308602       0.37988634841062191       
50000.70208333333         -50.709599208002913       4116.9320923856922        5194.27557740259          -7.7546185386324202       -0.036852485905992986     -0.046496265474497769     
50000.702777777777        -515.47976658793129       4104.5829165861296        5178.6947952042729        -7.7313577353344405       -0.37461764892037774      -0.47264984240327146      
50000.703472222223        -977.71072107425209       4072.0148873218336        5137.6041686854278        -7.6700128703154782       -0.71053747478291285      -0.89647518328519504      
50000.70416666667         -1435.1255492446887       4019.3884321501728        5071.2061070489481        -7.5708861235684433       -1.0429572487824963       -1.3158845577378941       
50000.704861111109        -1885.4710615373976       3946.9627848610639        4979.8276819378871        -7.4344657856718532       -1.3702394971889427       -1.728811988083216        
50000.705555555556        -2326.5288912859992       3855.0947085116504        4863.9190163061958        -7.2614238525087469       -1.6907720533201274       -2.1332234261912073       
50000.706250000003        -2756.1264222197565       3744.2367380394758        4724.051067148368         -7.0526127150676814       -2.0029759989485969       -2.5271267730416418       
50000.706944444442        -3172.1474906008975       3614.9349511108762        4560.9128130100698        -6.8090609606315828       -2.3053134419288992       -2.9085816916475253       
50000.707638888889        -3572.5428092811835       3467.826278185235         4375.3078601338702        -6.5319683060374851       -2.5962950917336545       -3.2757091650028851       
50000.708333333336        -3955.3400623296457       3303.6353650455026        4168.1504839579311        -6.2226996879654948       -2.8744875955818627       -3.6267007519731393       
50000.709027777775        -4318.6536205061457       3123.171003249915         3940.4611254669176        -5.8827785393677825       -3.1385205990222675       -3.9598274955342689       
50000.709722222222        -4660.6938297230936       2927.3221460882219        3693.3613645797559        -5.513879285157361        -3.3870934961918855       -4.2734484394794858       
50000.710416666669        -4979.7758267410945       2717.0535296675166        3428.0683953349326        -5.1178190941223161       -3.6189818364984618       -4.5660187116407842       
50000.711111111108        -5274.3278386730981       2493.4009206978499        3145.8890300881476        -4.6965489276948995       -3.8330433561680333       -4.8360971338080576       
50000.711805555555        -5542.8989254143416       2257.4660143866658        2848.2132622571589        -4.2521439296685681       -4.0282236049466773       -5.0823533208599025       
50000.712500000001        -5784.1661268594889       2010.4110075746348        2536.5074193232449        -3.7867932042024224       -4.2035611402397492       -5.3035742341363701       
50000.713194444441        -5996.94097970033         1753.4528738451806        2212.3069398170578        -3.3027890324658582       -4.3581922631026764       -5.49867015677225         
50000.713888888888        -6180.1753717028123       1487.8573688080767        1877.2088098688671        -2.8025155810413347       -4.4913552727542161       -5.6666800615568569       
50000.714583333334        -6332.9667046256791       1214.932795086602         1532.8636965801591        -2.2884371577068183       -4.6023942186547391       -5.806776344878692        
50000.715277777781        -6454.5623403486061       936.02355772144915        1180.9678169669785        -1.7630860724489785       -4.6907621316671486       -5.9182689034359104       
50000.71597222222         -6544.363308308546        652.50354173695519        823.25458252796807        -1.2290501635028386       -4.75602371838393         -6.0006085336310457       
50000.716666666667        -6601.9272559817273       365.76934449124536        461.48606059530226        -0.68896004986363368      -4.797857505348337        -6.0533896369048588       
50000.717361111114        -6626.970627877492        77.233396147201788        97.444294529233886        -0.14547617306399677      -4.8160574226074155       -6.076352217683012        
50000.718055555553        -6619.3700623104005       -211.68299784771986       -267.07747448770658       0.39872430795233338       -4.8105338187964346       -6.0693831640938871       
50000.71875               -6579.1629990702122       -499.55665800063218       -630.28364081610653       0.94096070430545997       -4.7813139027544693       -6.0325168051487772       
50000.719444444447        -6506.5474949964209       -784.969541243756         -990.38507937219515       1.4785620020424644        -4.7285416094957977       -5.9659347416398791       
50000.720138888886        -6401.8812483658003       -1066.515726103336        -1345.6079587176589       2.0088800193426146        -4.6524768911973098       -5.8699649515890338       
50000.720833333333        -6265.679836898752        -1342.8083381585313       -1694.2024788141589       2.5293024512532747        -4.5534944366944785       -5.7450801746537197       
50000.72152777778         -6098.6141780638955       -1612.4863816760223       -2034.4514904010584       3.0372657376991832        -4.4320818257935439       -5.5918955834485864       
50000.722222222219        -5901.5072241912549       -1874.2214437682285       -2364.6789535379785       3.5302676913782851        -4.2888371274916413       -5.4111657532534023       
50000.722916666666        -5675.3299086736279       -2126.7242380509856       -2683.2581936460674       4.0058798233400985        -4.1244659539358333       -5.2037809450344312       
50000.723611111112        -5421.1963632248635       -2368.7509555671381       -2988.6199143793742       4.4617593055317828        -3.9397779846330243       -4.9707627200887421       
50000.724305555559        -5140.3584297544421       -2599.1093916918912       -3279.2599278555458       4.8956605113853469        -3.735682978032226        -4.713258907913394        
50000.724999999999        -4834.1994938924163       -2816.6648188392692       -3553.7465641673389       5.3054460775979644        -3.5131862901258017       -4.4325379520873804       
50000.725694444445        -4504.2276705403283       -3020.3455760411935       -3810.7277236762739       5.6890974326159345        -3.2733839221447165       -4.1299826620180573       
50000.726388888892        -4152.0683750155022       -3209.1483478653436       -4048.9375373493972       6.0447247399598174        -3.0174571217424422       -3.8070834013304755       
50000.727083333331        -3779.4563163826961       -3382.1431066682703       -4267.2026023308272       6.3705762074106795        -2.7466665642616857       -3.4654307464530785       
50000.727777777778        -3388.2269524133335       -3538.4776938386167       -4464.4477620321823       6.6650467162011475        -2.4623461427465374       -3.1067076515629868       
50000.728472222225        -2980.3074482644947       -3677.3820174635857       -4639.7014022695903       6.9266857277045402        -2.1658963972899818       -2.7326811584857382       
50000.729166666664        -2557.707183414534        -3798.1718457412944       -4792.1002373589445       7.1542044286743591        -1.8587776160832554       -2.3451936923858727       
50000.729861111111        -2122.5078536173928       -3900.2521774529569       -4920.89356259346         7.3464820798372408        -1.5425026421507719       -1.9461539861250983       
50000.730555555558        -1676.8532166326145       -3983.1201728922124       -5025.4469521561732       7.5025715365667018        -1.218629421204058        -1.5375276779939451       
50000.731249999997        -1222.9385322427861       -4046.3676308140748       -5105.245384251748        7.6217039144432661        -0.88875332732339229      -1.12132762913174         
50000.731944444444        -762.99974857605491       -4089.6829992022422       -5159.8957780634373       7.7032923767188075        -0.55449930427023186      -0.69960400833053005      
50000.732638888891        -299.3024880010488        -4112.8529099498919       -5189.1289300383532       7.7469350250283293        -0.21751386114171328      -0.27443419306444189      
50000.73333333333         165.86911315118601        -4115.7632298942335       -5192.800839963048        7.7524168791097905        0.12054303820400074       0.15208746350880065       
50000.734027777777        630.22365606357448        -4098.3996230275216       -5170.893420297275        7.7197109357800064        0.45800615199947214       0.57785994916723915       
50000.734722222223        1091.4737666838371        -4060.8476211151005       -5123.5145852717897       7.6489783019502156        0.79321316341830406       1.0007859420460727        
50000.73541666667         1547.3473631496395        -4003.2922023726383       -5050.8977193113142       7.5405674010260704        1.1245128690174275        1.4187821418806414        
50000.736111111109        1995.5988478856134        -3926.0168802779481       -4953.4005274011688       7.3950122566012739        1.4502733124357343        1.829789532180105         
50000.736805555556        2434.0201692408582        -3829.4023070058379       -4831.5032730605735       7.2130298618992477        1.7688898232830947        2.2317835227811593        
50000.737500000003        2860.4516981781649        -3713.9243983653541       -4685.8064126022291       6.9955166479207564        2.0787929216208187        2.6227839228203624        
50000.738194444442        3272.792866437238         -3580.1519894758403       -4517.0276373316219       6.7435440676951215        2.3784560490967204        3.0008646949989908        
50000.738888888889        3669.0125137691734        -3428.7440327297641       -4325.9983382559512       6.4583533183866439        2.666403088651808         3.3641634430916882        
50000.739583333336        4047.1588932725044        -3260.4463518449193       -4113.6595107172452       6.1413492272547456        2.9412156357571231        3.710890585964175         
50000.740277777775        4405.3692855453419        -3076.0879679953005       -3881.0571191231265       5.7940933315850813        3.2015399853631865        4.0393381729095337        
50000.740972222222        4741.8791742950198        -2876.5770161178298       -3629.3369446081861       5.4182961866793686        3.4460938001448773        4.3478882968794119        
50000.741666666669        5055.0309382069399        -2662.8962715109001       -3359.7389410059955       5.0158089397941579        3.6736724271945094        4.6350210641672263        
50000.742361111108        5343.2820162571406        -2436.098308760344        -3073.5911269337898       4.5886142115346544        3.8831548320475497        4.8993220812853311        
50000.743055555555        5605.2125062468849        -2197.3003168395953       -2772.3030440769389       4.1388163296211431        4.0735091208104555        5.1394894221563918        
50000.743750000001        5839.532159129516         -1947.678595924441        -2457.3588138971713       3.668630963135715         4.2437976231890477        5.3543400412991078        
50000.744444444441        6045.0867346760469        -1688.4627630306336       -2130.3098269666789       3.1803742083101731        4.3931815113788213        5.5428156014174554        
50000.745138888888        6220.86368717198          -1420.9296950169257       -1792.7671009398537       2.6764511796176826        4.520924932064915         5.7039876866871788        
50000.745833333334        6365.997153138077         -1146.3972387898277       -1446.3933448066987       2.1593441623675411        4.6263986311778105        5.8370623760593201        
50000.746527777781        6479.7722165059222        -866.2177196931251        -1092.894768518775        1.6316003851624692        4.7090830535495192        5.9413841540530248        
50000.74722222222         6561.6284302384083        -581.7712800593182        -734.01267833282202       1.0958194724503276        4.7685709022015859        6.0164391397733743        
50000.747916666667        6611.1625770478677        -294.45908073675514       -371.51489927273349       0.55464063897801763       4.8045691446580507        6.0618576182483705        
50000.748611111114        6628.1306556127984        -5.6963990812080425       -7.187066962165531        0.010729689226666006      4.8169004564004405        6.0774158616158784        
50000.749305555553        6612.4490825092471        283.09434258936125        357.1761682764714         -0.53323411413213007      4.805504094354438         6.0630372311895293        
50000.75                  6564.1951039361866        570.49058373555806        719.7799817287206         -1.074571248074049        4.7704361961054982        6.018792554974878         
50000.750694444447        6483.6064152068057        855.07663301818013        1078.8382154538274        -1.6106151283422683       4.7118695033695071        5.944899778776203         
50000.751388888886        6371.0799898800333        1135.4506418827           1432.5821767586424        -2.1387252448323348       4.6300925110806421        5.8417228926125686        
50000.752083333333        6227.1701242999425        1410.2315099552784        1779.2693506390822        -2.6563001685378063       4.525508046287956         5.7097701377315486        
50000.75277777778         6052.5857071754272        1678.0656882348655        2117.1919832723488        -3.1607903659854681       4.3986312838609276        5.5496915030527045        
50000.753472222219        5848.1867276500379        1937.6338465694016        2444.6854942782961        -3.6497107580372261       4.2500872087784778        5.3622755233731594        
50000.754166666666        5614.9800390629207        2187.6573725726516        2760.1366763118067        -4.120652961194998        4.0806075375019812        5.1484453951070437        
50000.754861111112        5354.1143992682491        2426.9046699685186        3061.9916415956277        -4.5712971511089018       3.8910271135973806        4.9092544286923756        
50000.755555555559        5066.8748119441516        2654.1972253376894        3348.7634762496618        -4.9994234898500256       3.68227979536127          4.645880860066474         
50000.756249999999        4754.6761967653902        2868.4154133822899        3619.0395647121049        -5.4029230606579306       3.4553938557081798        4.3596220467681572        
50000.756944444445        4419.0564196200412        3068.5040121122715        3871.4885481728916        -5.7798082562991775       3.2114869169788638        4.0518880772562733        
50000.757638888892        4061.6687172027619        3253.4774007861615        4104.8668827427537        -6.1282225698646506       2.9517604456203212        3.7241948249245702        
50000.758333333331        3684.2735533005252        3422.424415001517         4318.0249650528722        -6.4464497397769449       2.6774938338563237        3.3781564810282649        
50000.759027777778        3288.7299468860997        3574.5128350192931        4509.9127951108858        -6.7329222039602783       2.3900380975016855        3.0154776033045514        
50000.759722222225        2876.9863147364222        3708.9934852129982        4679.585148518494         -6.9862288215283002       2.0908092209643394        2.6379447194548975        
50000.760416666664        2451.0708736843981        3825.2039244490597        4826.2062325726902        -7.2051218239534087       1.7812811822172188        2.247417526849731         
50000.761111111111        2013.081649781881         3922.5717092198806        4949.0538033150551        -7.388522961476629        1.4629786920983869        1.8458197318050735        
50000.761805555558        1565.1761435879262        4000.6172134556577        5047.5227232488432        -7.5355288144813537       1.1374696837050586        1.4351295735561367        
50000.762499999997        1109.5607024902754        4058.9559911247748        5121.1279421988138        -7.6454152436674958       0.80635758887815423       1.0173700796060292        
50000.763194444444        648.47965241120414        4097.3006699847956        5169.5068866303527        -7.7176409571048818       0.47127343982283548       0.59459910045097242       
50000.763888888891        184.20424243408314        4115.4623671555892        5192.4212456582572        -7.7518501765948367       0.13386783477180583       0.16889917277018307       
50000.76458333333         -280.97854319143994       4113.351619541575         5189.7581449474637        -7.7478743902056824       -0.20419719273210069      -0.25763273898644412      
50000.765277777777        -744.77725055445217       4090.9788245199275        5161.5307027231647        -7.7057331823492889       -0.54125636088277673      -0.68289557208072238      
50000.765972222223        -1204.9072436049873       4048.4541887238979        5107.8779651514697        -7.6256341373098095       -0.87564934265838379      -1.1047945151564016       
50000.76666666667         -1659.1019580919922       3985.9871851735884        5029.0642214088884        -7.5079718166997713       -1.2057289444620192       -1.5212513271155863       
50000.767361111109        -2105.124066481028        3903.8855214282889        4925.4777018145842        -7.3533258158805248       -1.5298692200681614       -1.930214574371353        
50000.768055555556        -2540.7764988541953       3802.553623843176         4797.6286654382748        -7.1624579089209606       -1.8464734799062283       -2.3296697360486789       
50000.768750000003        -2963.9132655042058       3682.4906453968138        4646.1468866040823        -6.9363082961582059       -2.1539821562281531       -2.7176491273562426       
50000.769444444442        -3372.4500279113367       3544.2880069027378        4471.7785526716198        -6.6759909728445148       -2.4508804854167692       -3.0922415922473521       
50000.770138888889        -3764.3743660314735       3388.6264837169178        4275.3825883755808        -6.3827882416940387       -2.7357059695925652       -3.4516019176247088       
50000.770833333336        -4137.7556913193866       3216.2728522917614        4057.9264248298859        -6.058144396360257        -3.0070555807635122       -3.7939599227153824       
50000.771527777775        -4490.7547566564554       3028.0761130954561        3820.4812340378985        -5.7036586069587232       -3.2635926720308936       -4.1176291788424333       
50000.772222222222        -4821.6327163376991       2824.963308502266         3564.2166523831684        -5.3210770426805345       -3.5040535618070772       -4.4210153166402852       
50000.772916666669        -5128.7596914893193       2607.9349562545135        3290.3950190923515        -4.9122842702998692       -3.7272537586118824       -4.7026238797931503       
50000.773611111108        -5410.6227987241709       2378.0601209906681        3000.3651580512101        -4.4792939709458857       -3.9320937957847          -4.96106768660961         
50000.774305555555        -5665.8336024866549       2136.4711481168006        2695.5557336039565        -4.0242390208674532       -4.1175646473710117       -5.1950736631708061       
50000.775000000001        -5893.1349543773458       1884.3580859619362        2377.4682130647643        -3.5493609850520507       -4.2827526985050905       -5.4034891143927046       
50000.775694444441        -6091.4071857673944       1622.9628236933427        2047.6694706075609        -3.0569990754524889       -4.4268442458051602       -5.5852874021116516       
50000.776388888888        -6259.6736231983605       1353.5729738679072        1707.7840689667596        -2.5495786282123212       -4.5491295056124246       -5.7395730022234392       
50000.777083333334        -6397.1053993990527       1077.5155297536899        1359.4862569686682        -2.0295991566502583       -4.6490061103296911       -5.8655859159647887       
50000.777777777781        -6503.0255362206844       796.15032866518231        1004.4917223131064        -1.499622038853633        -4.725982075636904        -5.9627054136076438       
50000.77847222222         -6576.912279378138        510.86335351136483        644.54914023038282        -0.96225790053086713      -4.7796782239673075       -6.0304530921251169       
50000.779166666667        -6618.4016685706365       223.05990555262252        281.43155964428445        -0.42015375527402332      -4.8098300523064017       -6.0684952317672689       
50000.779861111114        -6627.2893303216342       -65.842318003026733       -83.072330727835237       0.12402003442250654       -4.8162890351130336       -6.0766444399384234       
50000.780555555553        -6603.5314847065356       -354.42020746516732       -447.16701331536558       0.66758291115817348       -4.7990233559445716       -6.0548605742783899       
50000.78125               -6547.2451610091666       -641.25225078768642       -809.05898627314241       1.2078573268417501        -4.7581180641821996       -6.0032509404005836       
50000.781944444447        -6458.7076212447028       -924.92553582560254       -1166.9655981308474       1.7421819320831904        -4.693774656084341        -5.9220697633129902       
50000.782638888886        -6338.3549943887292       -1204.0427102294566       -1519.1238289943105       2.2679246857919555        -4.6063100822318894       -5.8117169351257161       
50000.783333333333        -6186.7801280401263       -1477.22886469337         -1863.7989750432102       2.7824958204049564        -4.4961551862545219       -5.6727360452138313       
50000.78402777778         -6004.7296681002981       -1743.138305650433        -2199.2931935460147       3.2833605988784176        -4.3638525825287662       -5.5058117025387379       
50000.784722222219        -5793.1003808540308       -2000.4611840536516       -2523.9538663000885       3.7680518006037151        -4.2100539833021475       -5.3117661633181426       
50000.785416666666        -5552.9347355691252       -2247.9299475896014       -2836.1817402993229       4.2341818747425597        -4.035516988409789        -5.0915552806564204       
50000.786111111112        -5285.4157693745574       -2484.3255845416929       -3134.4388055289874       4.6794547011151302        -3.8411013533970437       -4.846263796087209        
50000.786805555559        -4991.8612597123811       -2708.4836285462625       -3417.2558710824183       5.1016769007079672        -3.6277647544311278       -4.5770999962217012       
50000.787499999999        -4673.7172330694275       -2919.2998946625307       -3683.2398022801713       5.498768640086924         -3.3965580708634437       -4.2853897608235885       
50000.788194444445        -4332.5508419642583       -3115.7359185010064       -3931.0803831421699       5.8687738764935258        -3.1486202086803292       -3.9725700316293495       
50000.788888888892        -3970.042645276797        -3296.8240716176083       -4159.5567704088426       6.2098699931581454        -2.8851724903415121       -3.6401817340859766       
50000.789583333331        -3587.9783299471133       -3461.672327975471        -4367.5435073192539       6.5203767773672432        -2.6075126386414791       -3.2898621868731004       
50000.790277777778        -3188.2399148216386       -3609.4686579952318       -4554.016067522818        6.7987646970593856        -2.3170083842287879       -2.9233370365996154       
50000.790972222225        -2772.7964799759616       -3739.485028549037        -4718.0559018157392       7.0436624351801971        -2.0150907282721837       -2.5424117574038494       
50000.791666666664        -2343.6944671808374       -3851.0809891946215       -4858.8549628423298       7.2538636446826024        -1.7032468934610996       -2.1489627573295884       
50000.792361111111        -1903.0475992905579       -3943.7068269839456       -4975.7196854728982       7.4283328908977415        -1.3830129980633497       -1.7449281352872483       
50000.793055555558        -1453.026468209983        -4016.9062743060558       -5068.0744032511739       7.5662107520049284        -1.0559664891270428       -1.3322981341306754       
50000.793749999997        -995.84784272908757       -4070.3187564255463       -5135.4641840821096       7.6668180524761249        -0.72371837210016665      -0.9131053368769706       
50000.794444444444        -533.7637488937952        -4103.6811676454154       -5177.5570711916971       7.7296592086413076        -0.38790527514412465      -0.48941465436199483      
50000.795138888891        -69.050376702336564       -4116.8291673450949       -5194.1457183199936       7.7544246698947576        -0.050181387231797311     -0.063313153651569504     
50000.79583333333         396.00313222812838        -4109.6979895094546       -5185.1484110925358       7.7409924435170572        0.2877896902575745        0.36310022268716802       
50000.796527777777        859.10596079354548        -4082.3227617611115       -5150.6094695389347       7.6894286956016566        0.62434313830828458       0.78772499581220046       
50000.797222222223        1317.9769007883181        -4034.8383323245139       -5090.6990297758921       7.5999874251258897        0.95782112103603612       1.2084694974006343        
50000.79791666667         1770.3555899579794        -3967.4786057741699       -5005.7122059300282       7.4731092127719361        1.2865809520574596        1.6232611730427804        
50000.798611111109        2214.0136463663462        -3880.5753908390593       -4896.0676364288502       7.3094190506609404        1.6090031862343774        2.0300567914825929        
50000.799305555556        2646.7656452301298        -3774.5567659388648       -4762.3054218206962       7.1097232636908529        1.9234995969335178        2.4268525094145565        
50000.800000000003        3066.479884149986         -3649.9449705032553       -4605.0844642818047       6.8750055376432293        2.2285209995063227        2.8116937422586217        
50000.800694444442        3471.0888837093107        -3507.3538324614246       -4425.1792219158751       6.6064220736242429        2.5225648824509994        3.1826847922905146        
50000.801388888889        3858.599571715667         -3347.4857445738621       -4223.4758938342075       6.3052958927087293        2.8041828086663192        3.5379981867000239        
50000.802083333336        4227.103100918057         -3171.1282045007133       -4000.9680548083948       5.9731103188421546        3.0719875503391516        3.8758836795787057        
50000.802777777775        4574.7842518387415        -2979.1499356500813       -3758.7517609989386       5.6115016721032216        3.3246599223198507        4.1946768734939326        
50000.803472222222        4899.9303744019953        -2772.4966079146652       -3498.0201508685846       5.2222512083195189        3.5609552803248232        4.4928074181800834        
50000.804166666669        5200.9398243140276        -2552.1861793760531       -3220.0575678758482       4.8072763447410471        3.7797096519566331        4.7688067459607639        
50000.804861111108        5476.3298526371409        -2319.3038819230615       -2926.2332338998876       4.3686212149932571        3.9798454703407207        5.0213153057979856        
50000.805555555555        5724.7439096946755        -2074.996875484585        -2617.9945045609356       3.9084465998351612        4.160376882135302         5.2490892603339221        
50000.806250000001        5944.958327328306         -1820.4685972097745       -2296.8597396600517       3.4290192833228121        4.3204146037675892        5.4510066129361681        
50000.806944444441        6135.8883465914041        -1556.9728334310416       -1964.410823857849        2.9327008868088655        4.4591703019749191        5.6260727345651302        
50000.807638888888        6296.5934611865068        -1285.8075436109402       -1622.285374434746        2.4219362357810503        4.5759604770725568        5.773425263238658         
50000.808333333334        6426.2820503255689        -1008.3084666956714       -1272.1686745167065       1.8992413168436006        4.6702098298195294        5.8923383519595154        
50000.809027777781        6524.3152781918589        -725.84254136981531       -915.78537150276213       1.3671908841646068        4.7414540952975592        5.9822262441807537        
50000.80972222222         6590.2102407950888        -439.80117262360034       -554.89098158721367       0.82840577643896185       4.7893423298436293        6.0426461591965088        
50000.810416666667        6623.6423447185762        -151.59337780106904       -191.26324222456805       0.28554000684253977       4.8136386397709385        6.0733004732450304        
50000.811111111114        6624.4469060409619        137.36115410882826        173.30664486570691        -0.25873231042851691      4.8142233433627011        6.0740381855799797        
50000.811805555553        6592.6199615562855        425.63905574882648        537.02283701834392        -0.80173013263455539      4.7910935604148861        6.044855662288267         
50000.8125                6528.3182882964256        711.8202927892919         898.0936968023708         -1.3407786950986365       4.7443632264238929        5.9858966541904142        
50000.813194444447        6431.8586312597454        994.49515890593614        1254.7406174865514        -1.8732226868875126       4.6742625313492185        5.8974515887352954        
50000.813888888886        6303.7161431500635        1272.2712198825859        1605.2067843166201        -2.3964393306649869       4.5811367857157794        5.7799561393773047        
50000.814583333333        6144.5220438117249        1543.780172632903         1947.7658284469517        -2.9078513022873342       4.4654447196413516        5.6339890794830971        
50000.81527777778         5955.0605108901518        1807.6845853540506        2280.7303308980672        -3.4049394264998512       4.3277562231680013        5.4602694313393814        
50000.815972222219        5736.2648170342809        2062.6844856108405        2602.4601346501599        -3.8852550861965445       4.1687495390284361        5.2596529243055468        
50000.816666666666        5489.2127326687041        2307.5237638979734        2911.3704239279141        -4.3464322841159202       3.989207921675511         5.0331277795579599        
50000.817361111112        5215.121216981107         2540.9963611369262        3205.939530878692         -4.7861992975578884       3.7900157790322377        4.781809842189972         
50000.818055555559        4915.3404232767653        2761.9522096283654        3484.7164311890087        -5.2023898687115819       3.5721543159677287        4.5069370846465207        
50000.818749999999        4591.3470482292796        2969.3028981954149        3746.3278917164798        -5.5929538754714008       3.3366967009589823        4.2098635085689846        
50000.819444444445        4244.7370577886059        3162.0270336117351        3989.4852349285525        -5.955967430177683        3.0848027797471551        3.8920524750893017        
50000.820138888892        3877.2178255779722        3339.1752719044343        4212.9906868269454        -6.2896423565364001       2.8177133620284169        3.5550694964278327        
50000.820833333331        3490.5997225053479        3499.8749947480051        4415.7432770884043        -6.5923349980353079       2.5367441093227274        3.2005745243029686        
50000.821527777778        3086.7871990183648        3643.334607913745         4596.7442623581455        -6.8625543144669834       2.2432790541283949        2.8303137731391805        
50000.822222222225        2667.7694039308085        3768.8474406008327        4755.1020459812826        -7.0989692266759326       1.9387637822865558        2.4461111183517441        
50000.822916666664        2235.6103860315961        3875.7952264412552        4890.0365699379972        -7.3004151733500864       1.6246983121387246        2.0498591120795173        
50000.823611111111        1792.4389267423576        3963.6511490314392        5000.8831573481666        -7.4658998475584752       1.3026297055541092        1.6435096606215676        
50000.824305555558        1340.4380539071428        4031.9824369885273        5087.0957866175249        -7.5946080847773274       0.97414444722420135       1.2290644094998557        
50000.824999999997        881.83428836851033        4080.4524957482654        5148.2497810972045        -7.6859058783265679       0.64086062976363956       0.80856488351041456       
50000.825694444444        418.8866763005135         4108.8225656034165        5184.0439010076016        -7.739343502436995        0.30441998311291862       0.38408243033235079       
50000.826388888891        -46.124338675541694       4116.9528978153521        5194.3018273218913        -7.7546577275641306       -0.033520212494512779     -0.042291982768337441     
50000.82708333333         -510.90814877748653       4104.8034430053785        5178.9730302997295        -7.731773117036318        -0.37129529016467611      -0.46845806887948682      
50000.827777777777        -973.17526541653933       4072.4340484348281        5138.1330183927848        -7.670802398649843        -0.70724139636159944      -0.89231656729134234      
50000.828472222223        -1430.6485970384956       4020.004163202153         5071.9829662960319        -7.5720459093806536       -1.039703686919315        -1.3117795842901385       
50000.82916666667         -1881.0746658980991       3947.7720528091677        4980.8487239769856        -7.4359901159479778       -1.3670444786744076       -1.7247808779587483       
50000.829861111109        -2322.2347085136403       3856.0935269654483        4865.179211564322         -7.2633052185174227       -1.687651316564809        -2.1292860363222816       
50000.830555555556        -2751.9556051218187       3745.4201868976161        4725.5442080025341        -7.0548418493475298       -1.9999449164569472       -2.5233024987018853       
50000.831250000003        -3168.1205842952277       3616.2972007971193        4562.6315443655567        -6.8116268826420052       -2.3023869445754999       -2.9048893709123429       
50000.831944444442        -3568.6796499923539       3469.3606183644874        4377.2437156548467        -6.5348583762479402       -2.5934875952149006       -3.2721669859545743       
50000.832638888889        -3951.6596796772697       3305.3342376784021        4170.293927771957         -6.2258996701168376       -2.8718129294053716       -3.6233261631078282       
50000.833333333336        -4315.1741437664614       3125.0260398231389        3942.8015991379084        -5.8862726705989559       -3.1359919383838131       -3.956637119811989        
50000.834027777775        -4657.4323985255751       2929.324208837128         3695.887339118005         -5.5176503536520158       -3.3847232970754124       -4.2704579924407771       
50000.834722222222        -4976.7485066399786       2719.1927565880551        3430.7674279880148        -5.1218485238928659       -3.6167817743188877       -4.5632429239931769       
50000.835416666669        -5271.549542009725        2495.6667741260208        3148.7478256329368        -4.7008168700863839       -3.8310242682590716       -4.8335496788637569       
50000.836111111108        -5540.383337860133        2259.8473329062267        2851.2177384910592        -4.2566293611315587       -4.0263954371769826       -5.0800467471821307       
50000.836805555555        -5781.9256400014019       2012.8960609973587        2539.6427764320129        -3.791474029853394        -4.2019328980203445       -5.3015199037261276       
50000.837500000001        -5994.9866300008762       1756.0294209928461        2215.5577332775274        -3.3076421949248385       -4.3567719670270089       -5.4968781890999834       
50000.838194444441        -6178.5167861353011       1490.5127178115506        1880.5590265274593        -2.8075171740107567       -4.4901499190893368       -5.6651592837147495       
50000.838888888888        -6331.6120532525074       1217.6538659049909        1536.2968335324197        -2.2935625437320621       -4.6014097448782509       -5.8055342480990983       
50000.839583333334        -6453.5182960761767       938.7969465733554         1184.4669628495917        -1.7683100042805417       -4.6900033872196465       -5.9173116061901299       
50000.840277777781        -6543.6350140170407       655.31558712645108        826.8025008228052         -1.2343469084623082       -4.7554944407810424       -5.9999407514902146       
50000.84097222222         -6601.5182991916972       368.60619450333189        465.0652745351577         -0.69430351660083967      -4.7975603017700159       -6.0530146593114189       
50000.841666666667        -6626.8830230780031       80.081076681255155        101.0371731870101         -0.15084004008095789      -4.8159937570551747       -6.0762718917471759       
50000.842361111114        -6619.6042410358241       -208.83851424262539       -263.48862935043599       0.39336646264377612       -4.8107040048817904       -6.0695978854949111       
50000.843055555553        -6579.7178077745157       -496.7293830276007        -626.71650756896236       0.93563527303100191       -4.7817171021541141       -6.0330255161858846       
50000.84375               -6507.4202007354488       -782.17340183752037       -986.85722943373025       1.473295217458813         -4.7291758360811169       -5.966734936442406        
50000.844444444447        -6403.067552259542        -1063.764495827269        -1342.1367699999294       2.0036978252174782        -4.6533390208178966       -5.8710526884601517       
50000.845138888886        -6267.1738953072854       -1340.1155693571541       -1690.8050501204921       2.5242303746683983        -4.5545802225674494       -5.7464500954869324       
50000.845833333333        -6100.4086313726993       -1609.8653387172167       -2031.1445571986892       3.0323287633059461        -4.4333859194228644       -5.5935409401213292       
50000.84652777778         -5903.5932330640935       -1871.685037704003        -2361.4788055204504       3.5254901383252695        -4.2903531050143933       -5.4130784408677775       
50000.847222222219        -5677.6971975944307       -2124.2849630186456       -2680.1805944914809       4.0012852254788713        -4.1261863477656586       -5.2059515418412881       
50000.847916666666        -5423.8332711141102       -2366.4208272441447       -2985.6800240997436       4.4573702954909864        -3.9416943202448724       -4.9731805338984811       
50000.848611111112        -5143.2519674107198       -2596.8998881075777       -3276.4722281197701       4.8914987090841473        -3.7377858157071984       -4.7159120287648539       
50000.849305555559        -4837.3354079762121       -2814.5868238349681       -3551.1247869656349       5.301531983748025         -3.5154652714504686       -4.4354133109153695       
50000.849999999999        -4507.5905137848595       -3018.4093256572878       -3808.2847836774749       5.6854503277365209        -3.2758278210358451       -4.1330660950305447       
50000.850694444445        -4155.6415823187444       -3207.3633799193362       -4046.6854682843          6.0413625894034713        -3.0200538997458062       -3.8103597197783192       
50000.851388888892        -3783.2222864057726       -3380.5182137722427       -4265.1524977149847       6.3675155728672976        -2.7494034298525429       -3.4688838114486154       
50000.852083333331        -3392.1671342833292       -3537.0208800875093       -4462.6097205201122       6.6623026741163995        -2.4652096143396816       -3.1103204535789217       
50000.852777777778        -2984.4024329546041       -3676.1004590076577       -4638.0844779095978       6.9242717950144792        -2.1688723696489687       -2.7364359011427464       
50000.853472222225        -2561.9367993514029       -3797.0718554369687       -4790.7123949935867       7.152132496222058         -1.8618514298016926       -2.3490718801161652       
50000.854166666664        -2126.8512660447082       -3899.3391737661841       -4919.741638625359        7.3447623537994264        -1.5456591558634065       -1.9501365152801382       
50000.854861111111        -1681.2890302414755       -3982.3986532075342       -5024.5366208724336       7.5012124881789317        -1.2218530861719532       -1.541594930947523        
50000.855555555558        -1227.4448965633212       -4045.8411492808573       -5104.5811298728622       7.62071223827129          -0.89202826402579516      -1.1254595709148605       
50000.856249999997        -767.55446561112115       -4089.3541492272184       -5159.4808726543679       7.7026729576816555        -0.55780938062584784      -0.70378028532209891      
50000.856944444444        -303.88312157182463       -4112.7233114222408       -5188.9654173905974       7.7466909143355895        -0.22084277197407221      -0.2786342332516048       
50000.857638888891        161.28512688634441        -4115.8335212061374       -5192.8895255270854       7.7525492792315864        0.11721169084852433       0.14788434919453525       
50000.85833333333         625.65889746141886        -4098.6694579294917       -5171.2338672149735       7.7202191945237244        0.45468877807662489       0.57367446493727137       
50000.859027777777        1086.9507213871611        -4061.3156704215767       -5124.1051165283388       7.6498599156731526        0.78992610405179964       0.99663870526739073       
50000.859722222223        1542.8883113247657        -4003.9561605094523       -5051.7354259960684       7.541818026968186         1.1212723160038527        1.4146935815162882        
50000.86041666667         1991.225754472043         -3926.8734766394027       -4954.4812830367118       7.396625734277281         1.4470952284850302        1.8257797881577102        
50000.861111111109        2429.7545757537014        -3830.4473220654513       -4832.8217539294246       7.2149982434446835        1.7657898633874982        2.2278723467852339        
50000.861805555556        2856.3146165963258        -3715.1526844609175       -4687.3561239710561       6.9978302372425372        2.0757863559396008        2.6189905809970511        
50000.862500000003        3268.804675700057         -3581.5574961664006       -4518.8009454437879       6.7461914682337367        2.3755576877365772        2.9972078730525475        
50000.863194444442        3665.1928593913694        -3430.3198365996177       -4327.986507934801        6.4613214892547157        2.6636272087134389        3.3606611542401632        
50000.863888888889        4043.526590571912         -3262.1846906078167       -4115.8527483949038       6.1446235474754145        2.9385759110073528        3.7075600822077162        
50000.864583333336        4401.9422269601282        -3077.9802787308586       -3883.4446210828405       5.7976576721137931        3.1990494188790595        4.0361958600483847        
50000.865277777775        4738.6742412469421        -2878.6139774518078       -3631.9069502025873       5.4221329898542843        3.4437646602615235        4.3449496537002306        
50000.865972222222        5052.0639179447844        -2665.0678495315551       -3362.4787905891289       5.0198993058238131        3.6715161870722843        4.6323005661957914        
50000.866666666669        5340.5675240899709        -2438.3938064446943       -3076.4873242215363       4.5929379915968527        3.8811821131561497        4.8968331294812417        
50000.867361111108        5602.7639135501777        -2199.7084267461173       -2775.3413226286498       4.1433522251144765        4.0717296406083907        5.1372442769009901        
50000.868055555555        5837.361527478819         -1950.187455892639        -2460.5242073910376       3.6733566305947996        4.2422201472562033        5.3523497620018041        
50000.868750000001        6043.2047564325958        -1691.0600146131105       -2133.5867429226573       3.1852663694678087        4.3918138102378999        5.5410899920379384        
50000.869444444441        6219.2796328129734        -1423.6025443561261       -1796.1393975270018       2.6814857360717692        4.519773742904448         5.7025352474418884        
50000.870138888888        6364.718825591026         -1149.1325196395778       -1449.8444103565666       2.1644963142879203        4.6254696246652971        5.835890261550043         
50000.870833333334        6478.8059127120459        -869.00195827452683       -1096.4076033531819       1.6368447534529396        4.708380805898166         5.9404981380238864        
50000.871527777781        6560.978910134394         -584.59076143152754       -737.56997850293658       1.1011302237640839        4.7680988726282338        6.0158435866698312        
50000.87222222222         6610.8330401187941        -297.29991635570588       -375.09914179696881       0.55999161297068833       4.8043296583433497        6.0615554617182914        
50000.872916666667        6628.1227251317296        -8.5445952134893588       -10.780596143011621       0.016094527420117855      4.8168946930351915        6.0774085900586297        
50000.873611111114        6612.7627975411124        280.25281593447153        353.5910538818664         -0.52788183850999504      4.8057320823285252        6.0633248804242328        
50000.874305555553        6564.8289191453459        567.66972369545965        716.22094211263163        -1.0692578999130886       4.7708968123680453        6.0193737080639673        
50000.875                 6484.5572084692585        852.29033492814892        1075.3227821662163        -1.6053668807787203       4.7125604789609392        5.9457715730051488        
50000.875694444447        6372.3430776627547        1132.7126308285576        1429.1276665481168        -2.1335679503219995       4.631010442309397         5.8428810335913886        
50000.876388888886        6228.7392847315969        1407.5552731646956        1775.8927801519515        -2.6512592315088801       4.5266484114968071        5.7112089205486276        
50000.877083333333        6054.4532106948209        1675.4644086403366        2113.9099852299582        -3.1558906176983212       4.3999884657003134        5.5514038403767518        
50000.87777777778         5850.3433750813283        1935.1203378701525        2441.5142355455473        -3.6449763342675623       4.2516545218771213        5.3642529803648413        
50000.878472222219        5617.4152069300371        2185.2440161153631        2757.0917782604506        -4.1161071833429164       4.0823772613985057        5.1506782309683397        
50000.879166666666        5356.8160921253066        2424.6033537577855        3059.0881031546082        -4.5669624113195102       3.8929905307706973        4.9117316446489889        
50000.879861111112        5069.8297214640688        2652.0192854766401        3346.015600021572         -4.9953211407114892       3.6844272341724027        4.6485902535469252        
50000.880555555559        4757.8697672956705        2866.3715782318318        3616.4608865196897        -5.3990733100202988       3.4577147380419997        4.3625502715126991        
50000.881249999999        4422.4729198827699        3066.6043494440291        3869.0917703826431        -5.7762300677320999       3.2139698103510557        4.0550207090595185        
50000.881944444445        4065.2913177856503        3251.7312681894205        4102.663811694053         -6.1249335692443179       2.9543931194929023        3.7275164326879922        
50000.882638888892        3688.0844095572756        3420.8404137884736        4316.0264529008846        -6.4434661284624104       2.6802633198843164        3.3816507027725842        
50000.883333333331        3292.7102868377337        3573.0987678556667        4508.1286863696996        -6.7302586789868277       2.3929307534141673        3.0191272267675591        
50000.884027777778        2881.1165315405742        3707.7563176827107        4678.0242315678161        -6.9838985032110159       2.0938107977651987        2.6417317668777089        
50000.884722222225        2455.3306222170827        3824.1497507423155        4824.8761963669749        -7.2031361912575189       1.7843768943745921        2.251323343533814         
50000.885416666664        2017.4499468559811        3921.7057221136661        4947.9611995083178        -7.3868917954730327       1.4661532903770298        1.8498250780038328        
50000.886111111111        1569.631471314724         3999.9436787345257        5046.6729339217263        -7.534260150165828        1.1407075302828804        1.4392147192483951        
50000.886805555558        1114.0811142748853        4058.4782265679269        5120.5251533468818        -7.6445153303809388       0.80964273437690393       1.0215149016845639        
50000.887499999997        653.04288105977741        4097.0210290229588        5169.1540675442038        -7.7171142277495504       0.47458970187348803       0.59878318184736357       
50000.888194444444        188.78780984025735        4115.3822272782072        5192.3201342970315        -7.7516992257982151       0.13719887772764311       0.17310190302769041       
50000.888888888891        -276.39721532115141       4113.4713755113989        5189.9092393777964        -7.7480999615395536       -0.20086777732737746      -0.25343206218738745      
50000.88958333333         -740.22072948175764       4091.2978864284441        5161.9332586657456        -7.7063341646669583       -0.53794497346827574      -0.67871764094450693      
50000.890277777777        -1200.3979743952566       4048.9709848971725        5108.5299996473059        -7.6266075702195231       -0.87237229486874901      -1.100659909844069        
50000.890972222223        -1654.6621530516243       3986.6991699142118        5029.9625225872014        -7.5093129051473761       -1.2025023787775955       -1.517180414368567        
50000.89166666667         -2100.7755957413724       3904.7891875552805        4926.6178447142365        -7.3550279537695307       -1.5267090302984037       -1.9262274071864987       
50000.892361111109        -2536.5407826410033       3803.6445199680816        4799.0050338047804        -7.1645127116536509       -1.8433952328980425       -2.3257859548987709       
50000.893055555556        -2959.8111686232737       3683.7633978508979        4647.7527005548372        -6.9387056419375073       -2.1510010151848298       -2.7138878634425634       
50000.893750000003        -3368.5017569701131       3545.7363462072512        4473.6059020930688        -6.6787190525331752       -2.4480111352052334       -3.0886213732608891       
50000.894444444442        -3760.5993699028941       3390.2432754660613        4277.4224718878222        -6.3858336169855177       -2.7329625444068739       -3.448140576480204        
50000.895138888889        -4134.1725653382509       3218.0501322962068        4060.1687941267537        -6.0614920659747611       -3.0044515945009223       -3.7906745097077894       
50000.895833333336        -4487.3811510202695       3030.0051266133205        3822.9150433841382        -5.7072920805383394       -3.2611409517234673       -4.1145358776585041       
50000.896527777775        -4818.4852491631882       2827.0345533642803        3566.8299130248597        -5.3249784220194361       -3.5017661844367245       -4.4181293646390003       
50000.897222222222        -5125.8538669528825       2610.1382296709662        3293.1748583125704        -4.9164343375094735       -3.7251419916200974       -4.6999594929476816       
50000.897916666669        -5407.9729306895279       2380.3845698095438        3003.2978825800219        -4.4836722831206695       -3.930168041570028        -4.9586379894805503       
50000.898611111108        -5663.4527439958756       2138.9053222855596        2698.6268970703882        -4.0288240107850966       -4.115834392047649        -5.1928906242556172       
50000.899305555555        -5891.0348333525926       1886.889994929571         2380.6626871584963        -3.5541300674118892       -4.2812264651750302       -5.4015634871698355       
50000.900000000001        -6089.5981472400917       1625.5799954748925        2050.9715195997965        -3.0619287581289263       -4.4255295525740621       -5.5836286720697492       
50000.900694444441        -6258.1645783503845       1356.2625164804792        1711.1774272231912        -2.5546446279751995       -4.548032828556015        -5.7381893401365698       
50000.901388888888        -6395.9037816669479       1080.2641947213551        1362.9542090727148        -2.0347765187821456       -4.6481328515931235       -5.8644841376438519       
50000.902083333334        -6502.1372646791406       798.94457627992756        1008.0171854047456        -1.5048852600748037       -4.7253365368242095       -5.9618909463262195       
50000.902777777781        -6576.3417295830886       513.68941952863349        648.11474815497888        -0.96758105462645649      -4.7792635849520408       -6.029929947885142        
50000.90347222222         -6618.1516510056135       225.90386899290323        285.01974849690356        -0.42551062080452878      -4.8096483555678233       -6.0682659875362317       
50000.904166666667        -6627.3610765535532       -62.994466280547194       -79.479236084007098       0.11865584495647127       -4.816341175675027        -6.0767102249554235       
50000.904861111114        -6603.924641319084        -351.58249575467545       -443.58671218268495       0.66223782133312614       -4.799309076966817        -6.0552210644915938       
50000.905555555553        -6547.9577913437133       -638.43865743446497       -805.50911493413344       1.2025576661508763        -4.758635958225355        -6.0039043600634789       
50000.90625               -6459.7362149401188       -922.149920369798         -1163.4636429732577       1.7369538062393233        -4.6945221720429746       -5.9230128937315758       
50000.906944444447        -6339.6944846731612       -1201.3187451350725       -1515.6870403745372       2.2627938481328838        -4.6072835379010284       -5.8129451305135342       
50000.907638888886        -6188.4239166895077       -1474.5699679987811       -1860.444282312397        2.7774875450345018        -4.4973497864679022       -5.6742432555767452       
50000.908333333333        -6006.669657940688        -1740.5575748721806       -2196.0371216573958       3.2784995561681831        -4.3652624427794446       -5.5075905034767345       
50000.90902777778         -5795.3270156476565       -1997.9713316691045       -2520.8124544083657       3.7633619356687702        -4.2116721587291277       -5.3138077925973368       
50000.909722222219        -5555.4370470876611       -2245.5432384162905       -2833.170462753048        4.2296862894896794        -4.0373355080078532       -5.0938496813711387       
50000.910416666666        -5288.1814314277563       -2482.0537753217814       -3131.5724956451359       4.6751755404446156        -3.8431112592813053       -4.8487996661995121       
50000.911111111112        -4994.8766488659203       -2706.3379100337556       -3414.5486480786312       5.0976352434296031        -3.629956145962868        -4.5798648442343408       
50000.911805555559        -4676.9674957528778       -2917.2908364985019       -3680.7050017245974       5.4949843950874175        -3.3989201534198794       -4.2883699673121436       
50000.912499999999        -4336.0199676386055       -3113.8734171483725       -3928.7304912635041       5.8652656846668911        -3.15114134682808         -3.9757509163304396       
50000.913194444445        -3973.7135453011033       -3295.1173016119287       -4157.4033625901429       6.2066551355821211        -2.8878402651518318       -3.6435476282110848       
50000.913888888892        -3591.8329217558221       -3460.1296967319063       -4365.597191078512        6.5174710901780619        -2.6103139088649225       -3.2933965102918035       
50000.914583333331        -3192.2592109978732       -3608.0977643942756       -4552.2864302611579       6.7961824934442037        -2.3199293510279801       -2.9270223795120009       
50000.915277777778        -2776.9606817820486       -3738.2926255050302       -4716.5514635906302       7.041416434871465         -2.0181170031938058       -2.5462299660998258       
50000.915972222225        -2347.9830620853386       -3850.0729503914208       -4857.5831343984537       7.2519649113016529        -1.7063635693122825       -2.1528950236126363       
50000.916666666664        -1907.4394620113912       -3942.8881179416203       -4974.6867317374026       7.4267907774562643        -1.3862047223433369       -1.7489550891221233       
50000.917361111111        -1457.4999647759039       -4016.2809279211242       -5067.2854124731293       7.5650328548327668        -1.0592175396524046       -1.3363999390586794       
50000.918055555558        -1000.3809370469338       -4069.889853105245        -5134.9230427681969       7.6660101738023476        -0.72701273445104242      -0.91726178772879319      
50000.918749999997        -538.33411129655417       -4103.4508201338549       -5177.2664449615777       7.7292253280128902        -0.39122672154999855      -0.49360527678679028      
50000.919444444444        -73.635493943332165       -4116.7985103160481       -5194.1070387756799       7.7543669245736391        -0.053513556508223939     -0.067517304972005004     
50000.920138888891        391.42584607674797        -4109.8671739770425       -5185.3618687664284       7.741311117952157         0.28446321211506026       0.35890325179070393       
50000.92083333333         854.55905308429806        -4082.6909543359166       -5151.074012955276        7.6901222200277068        0.62103873727006831       0.78355587928911385       
50000.921527777777        1313.4827692318993        -4035.4037193187964       -5091.4123706302544       7.6010523832959711        0.95455507432242037       1.2043487719918737        
50000.922222222223        1765.9363722938961        -3968.2384021359471       -5006.6708303613204       7.4745403587856414        1.2833693479583519        1.6192091371184607        
50000.92291666667         2209.6911113141477        -3881.5258538710555       -4897.2668223283217       7.3112093348052731        1.6058618448596362        2.0260934050538166        
50000.923611111109        2642.5610852584041        -3775.6932137347426       -4763.7392620926757       7.1118638671665533        1.9204439922843339        2.4229972958119657        
50000.924305555556        3062.4140105913284        -3651.2618050103206       -4606.745895941589        6.8774859160054964        2.2255661832515017        2.8079656919620009        
50000.925000000003        3467.1817247379254        -3508.8445670561941       -4427.0600608814393       6.609230008723836         2.5197254097836246        3.1791022693831801        
50000.925694444442        3854.8703736901507        -3349.143036014661        -4225.5668752403481       6.3084175528776143        2.8014726666060072        3.5345788384087875        
50000.926388888889        4223.5702335753476        -3172.9438890999099       -4003.2588786447304       5.9765303270272172        3.0694200888330956        3.8726443493450189        
50000.927083333336        4571.465117806235         -2981.1150694877706       -3761.2311428469561       5.6152031816124222        3.3222477884820258        4.1916335180044202        
50000.927777777775        4896.8413234735681        -2774.6015108957176       -3500.6758774877949       5.2262159858073796        3.558710356137297         4.4899750287651505        
50000.928472222222        5198.0960729122353        -2554.420482913501        -3222.8765573652518       4.8114848600246791        3.7776429957398499        4.7661992747484838        
50000.929166666669        5473.745408858309         -2321.6565800129488       -2929.201600138394        4.3730527372565104        3.9779672622810867        5.0189455969870069        
50000.929861111108        5722.4315043061233        -2077.4563789206773       -2621.0976256093059       3.9130792997469932        4.1586963741383824        5.2469689869239575        
50000.930555555555        5942.9293510575826        -1823.0227906710797       -2300.0823297874249       3.4338303405668666        4.3189400738839501        5.4491462192277105        
50000.931250000001        6134.1527940164551        -1559.6091351609327       -1967.737008838051        2.9376666024945606        4.4579090136230972        5.6244813847116504        
50000.931944444441        6295.1598815031721        -1288.5129673938993       -1625.6987697414866       2.4270321491824518        4.5749186432600322        5.7721107961046991        
50000.932638888888        6425.1575052349126        -1011.0696858263698       -1275.6524660324678       1.9044423258910395        4.6693925825379372        5.8913072425070672        
50000.933333333334        6523.505307114784         -728.64595429941767       -919.32239834382187       1.3724713690955075        4.740865460242901         5.9814835715740928        
50000.934027777781        6589.7188335855808        -442.63296995992806       -558.46382063681335       0.83373972599878088       4.7889852065860081        6.0421955817826376        
50000.93472222222         6623.4719220100005        -154.43961033258233       -194.85429395781927       0.29090114641416492       4.8135147874715072        6.0731442105329441        
50000.935416666667        6624.5983073222133        134.51450670030786        169.71506968794341        -0.25337038939806267      4.8143333721081696        6.0741770073075418        
50000.936111111114        6593.0924410365296        422.80601582512918        533.44843021365432        -0.79639384254765411      4.7914369282122884        6.0452888846305353        
50000.936805555553        6529.1095185788081        709.01481568284521        894.55406561828204        -1.3354943221016535       4.7449382418703925        5.9866221431281144        
50000.9375                6432.9647148059603        991.731064176892          1251.2531978686111        -1.868016261387299        4.6750663619638315        5.8984657705668324        
50000.938194444447        6305.1316314793294        1269.5621232447511        1601.7887550202975        -2.3913364991051425       4.582165471891952         5.7812540183225334        
50000.938888888886        6146.2399643395675        1541.139418883801         1944.4340264164341        -2.9028772008158303       4.466693194151679         5.6355642622921449        
50000.939583333333        5957.0724012748142        1805.1251826394969        2277.5011683287953        -3.4001185571503445       4.3292183361249812        5.4621141587852948        
50000.94027777778         5738.5607668615494        2060.2190413478356        2599.3495181436397        -3.8806111961932808       4.1704180881783373        5.2617581094056369        
50000.940972222219        5491.781432269835         2305.1644226715562        2908.3936761370451        -4.341988248896766        3.991074687876111         5.0354830523355636        
50000.941666666666        5217.9500131433651        2538.7547448769005        3203.1113150295814        -4.7819770080917232       3.7920715667396698        4.7844036007561455        
50000.942361111112        4918.4153815721593        2759.839360360585         3482.050678851072         -5.198410123665103        3.5743889985330104        4.5097565523500345        
50000.943055555559        4594.6530216544625        2967.3292236496309        3743.8377341766195        -5.5892362787565162       3.3390992705110971        4.2128947969331021        
50000.943749999999        4248.2577613778194        3160.2022559539373        3987.1829385074707        -5.9525302943841858       3.087361401416957         3.8952806522253303        
50000.944444444445        3880.9359166215158        3337.5083798462197        4210.8875924562099        -6.2865026127255863       2.8204154322462713        3.5584786605884333        
50000.945138888892        3494.4968859784049        3498.3741992688938        4413.8497444459072        -6.5895081123388897       2.539576317902704         3.2041478822129177        
50000.945833333331        3090.8442377993792        3642.0073018145395        4595.0696188371476        -6.860054211902149        2.2462274498331989        2.8340337227177228        
50000.946527777778        2671.9663333649969        3767.7001620872566        4753.6545407444009        -7.0968082225517941       1.9418138415502315        2.4499593354190661        
50000.947222222225        2239.9265323737932        3874.8336269172692        4888.8233332824839        -7.2986039126034417       1.6278350106085999        2.0538166406202181        
50000.947916666664        1796.8530289942598        3962.879965260865         4999.9101655826125        -7.4644472523176777       1.3058375920995784        1.6475570061605016        
50000.948611111111        1344.9283685473199        4031.4054677621248        5086.3678326230402        -7.5935213104125863       0.97740772004778353       1.2331816351303906        
50000.949305555558        886.37869645928538        4080.0725831711825        5147.7704507180624        -7.6851902782031534       0.64416321423939182       0.81273170810206796       
50000.949999999997        423.46279244411591        4108.6415810952058        5183.8155553876477        -7.7390026015449784       0.30774561096878295       0.38827832843404886       
50000.950694444444        -41.539056068263591       4116.971732891504         5194.3255912737377        -7.7546932051545641       -0.030187923040477141     -0.038087679821498327     
50000.951388888891        -506.33628644896527       4105.0220048857836        5179.2487867640129        -7.7321847983493761       -0.3679727537089198       -0.46426607115401808      
50000.95208333333         -968.63934400196786       4072.8512605008109        5138.6594090147946        -7.6715882557756725       -0.70394497945806866      -0.8881575242392008       
50000.952777777777        -1426.1709601309435       4020.6179702998047        5072.757398116858         -7.5732020712486978       -1.0364496274590906       -1.3076739830311448       
50000.953472222223        -1876.677369985726        3948.5794313728743        4981.8673822062292        -7.4375108873955682       -1.3638488058991272       -1.7207489423626414       
50000.95416666667         -2317.9394143311665       3857.0904999117397        4866.4370783714521        -7.2651831083437042       -1.6845297721078807       -2.1253476273875251       
50000.954861111109        -2747.783470951445        3746.6018432159667        4727.0350872343324        -7.0570676072145293       -1.9969128768014972       -2.5194770167219454       
50000.955555555556        -3164.0921617425947       3617.6577197411984        4564.3480920678785        -6.8141895446410699       -2.2994593453110244       -2.9011956599113633       
50000.956250000003        -3564.8147827509488       3470.8932981247021        4379.1774762483637        -6.5377453189070884       -2.5906788574657211       -3.2686232408631954       
50000.956944444442        -3947.9774057799445       3307.0315283944842        4172.4353757036806        -6.2290966725829948       -2.869136888793312        -3.6199498401363819       
50000.957638888889        -4311.6926018055819       3126.8795807741653        3945.1401858033096        -5.8897639846887602       -3.1334617768750062       -3.9534448504625783       
50000.958333333336        -4654.1687383037306       2931.3248696257729        3698.4115448226198        -5.5214187814261351       -3.382351478046973        -4.2674655015818024       
50000.959027777775        -4973.7188046914052       2721.3306821162141        3433.4648186925519        -5.1258755023716978       -3.6145799811652943       -4.5604649523998617       
50000.959722222222        -5268.7687224085585       2497.9314331402502        3151.6051142023825        -4.7050825626898369       -3.8290033468406803       -4.8309999106062564       
50000.960416666669        -5537.865098705588        2262.2275698738727        2854.2208501460586        -4.2611127553924906       -4.0245653423941699       -5.077737742218865        
50000.961111111108        -5779.682385942011        2015.3801510578355        2542.7769180801315        -3.7961530409233695       -4.2003026447764471       -5.2994630360344148       
50000.961805555555        -5993.0294111301646       1758.6051277133799        2218.8074663828625        -3.3124937743623701       -4.3553495858216236       -5.4950835906487239       
50000.962500000001        -6176.8552435598904       1493.167353462886         1883.9083431596575        -2.8125174233161143       -4.4889424164607021       -5.6636357945551365       
50000.963194444441        -6330.2543716007867       1220.3743539601517        1539.7292352204872        -2.2986868320694089       -4.6004230688895937       -5.8042893728192233       
50000.963888888888        -6452.471163181458        941.56988612158887        1187.9655418520665        -1.773533089807501        -4.6892423981594868       -5.916351476947967        
50000.964583333334        -6542.9035879738212       658.12731888506528        830.35002341396512        -1.2396430626692965       -4.7549628872217955       -5.999270097807095        
50000.965277777781        -6601.1061829472883       371.44286810224889        468.64426589700292        -0.69964665104768797      -4.7972608021028167       -6.0526367847747773       
50000.96597222222         -6626.7922466846976       82.928718888848408        104.63000348884457        -0.15620383490652018      -4.8159277865918897       -6.076188657737335        
50000.966666666667        -6619.8352516510122       -205.99393068848843       -259.89965810884098       0.38800842907205019       -4.8108718885877453       -6.0698097020160748       
50000.967361111114        -6580.2694674580298       -493.90187032236531       -623.14907437840736       0.93030939396617873       -4.7821180130473451       -6.0335313398464843       
50000.968055555553        -6508.2897920549622       -779.37688808696964       -983.32890719026648       1.46802772776338          -4.7298077993060108       -5.9675322755947677       
50000.96875               -6404.2507916764289       -1061.0127564387662       -1338.66493894215         1.9985146721324678        -4.6541989233731815       -5.87213761547416         
50000.969444444447        -6268.6649542769956       -1337.4221591830685       -1687.4068122158415       2.5191570899993181        -4.5556638286405935       -5.7478172660972193       
50000.970138888886        -6102.200165055714        -1607.2435252847827       -2027.8366519005119       3.0273903376551048        -4.4346878912553542       -5.5951836197527154       
50000.970833333333        -5905.676416506024        -1869.1477358605202       -2358.2775273107582       3.5207108979900301        -4.2918670291951111       -5.4149885378092542       
50000.97152777778         -5680.0617691970574       -2121.8446713139579       -2677.1017126156103       3.9966887126222179        -4.1279047668228506       -5.2081196471051623       
50000.972222222219        -5426.4675831832046       -2364.0895663637616       -2982.7387048882943       4.4529791521746809        -3.9436087693810631       -4.9755959675682986       
50000.972916666666        -5146.1430435316761       -2594.68914165972         -3273.682960280446        4.8873345657357037        -3.7398868644961216       -4.7185628926038321       
50000.973611111112        -4840.4690069348499       -2812.5074817832178       -3548.5013102130097       5.2976153526109222        -3.5177425702906042       -4.4382865469761832       
50000.974305555559        -4510.9511997185209       -3016.4716306774776       -3805.8400210522345       5.6818005018285023        -3.2782701521317477       -4.136147549977748        
50000.974999999999        -4159.2128007521469       -3205.5768769449342       -4044.4314624953572       6.0379975474806491        -3.0226492323660845       -3.8136342146065658       
50000.975694444445        -3786.9864457970561       -3378.8917029767595       -4263.1003518180405       6.3644518908622159        -2.7521389795922997       -3.4723352162532466       
50000.976388888892        -3396.10569267861         -3535.5623735355316       -4460.7695432248738       6.6595554434862843        -2.4680719060954872       -3.1139317670106146       
50000.977083333331        -2988.4959893241844       -3674.817141188048        -4636.4653337850677       6.9218545484019076        -2.1718473039961643       -2.7401893341548234       
50000.977777777778        -2566.1651891577239       -3795.9700478726372       -4789.3222598167104       7.1500571407942219        -1.8649243524470518       -2.352948943592045        
50000.978472222225        -2131.1936605712767       -3898.4243038747618       -4918.5873600929699       7.3430391125943633        -1.5488149298310323       -1.9541181111092731       
50000.979166666664        -1685.7240391934915       -3981.6752275663375       -5023.6238848700359       7.4998498497476387        -1.2250761663668346       -1.545661446101193        
50000.979861111111        -1231.9506734345889       -4045.3127314278468       -5103.9144324664039       7.6197169148637869        -0.89530277380772527      -1.1295909740584138       
50000.980555555558        -772.10881529822677       -4089.0233421072858       -5159.0634979429715       7.7020498521829683        -0.56111919001650845      -0.70795622548773729      
50000.981249999997        -308.46360970547323       -4112.5917445653095       -5188.7994213293505       7.7464430961145236        -0.22417157711204139      -0.28283414008565194      
50000.981944444444        156.70106343138465        -4115.901842700222        -5192.9757257995616       7.7526779690212573        0.11388028739622917       0.14368116410368326       
50000.982638888891        621.09383942213196        -4098.9373312282714       -5171.5718392053941       7.7207237584083215        0.45137118654207953       0.56948870614965519       
50000.98333333333         1082.4271558813441        -4061.7817760021949       -5124.6931954131896       7.6507378682105642        0.7866386666306554        0.99249099150244779       
50000.984027777777        1538.4285210812509        -4004.6182023723818       -5052.5707149448926       7.5430650434330797        1.1180312263549648        1.4106043440866585        
50000.984722222223        1986.8517080677232        -3927.7281936183599       -4955.5596674816716       7.3982356719643727        1.4439164519617629        1.8217691703261929        
50000.98541666667         2425.4878193980439        -3831.4905038916454       -4834.1379218333368       7.2169631719272145        1.7626890583936468        2.2239601045406561        
50000.986111111109        2852.1761679964343        -3716.3791925025052       -4688.9035919940716       7.0001404774369407        2.0727787967973237        2.6151959857378135        
50000.986805555556        3264.8149205290952        -3582.9612887409803       -4520.5720908798176       6.7488356400780418        2.3726581894462822        2.9935496166572322        
50000.987500000003        3661.3714508703347        -3431.8939987350864       -4329.9726062603631       6.4642865677658365        2.6608500539762532        3.3571572569928025        
50000.988194444442        4039.892352659409         -3263.9214681049789       -4118.0440162454443       6.1478949269092009        2.9359347798696569        3.7042278040312877        
50000.988888888889        4398.5130616270271        -3079.8711163600042       -3885.8302644448204       5.8012192379117753        3.1965573213456553        4.0330516154837879        
50000.989583333336        4735.467040292674         -2880.6495610951015       -3634.4752175839458       5.4259671980227262        3.4414338722093691        4.3420089310495404        
50000.990277777775        5049.0944797896618        -2667.2381520636509       -3365.2170309062112       5.0239872693540502        3.6693581897804863        4.6295778512281007        
50000.990972222222        5337.850475953408         -2440.6881371255668       -3079.3820491173401       4.5972595735012138        3.8792075367500849        4.8943418340768972        
50000.991666666669        5600.3126393981584        -2202.1154838828093       -2778.3782729154141       4.1478861376195049        4.0699482116965395        5.1349966729857233        
50000.992361111108        5835.188102095527         -1952.6953825105161       -2463.6884232898833       3.6780805400031564        4.2406406410176407        5.3503569210961883        
50000.993055555555        6041.3198859409758        -1693.6564568623864       -2136.862637754281        3.1901570061723148        4.3904440071964537        5.539361730719949         
50000.993750000001        6217.6926019372077        -1426.2747123659585       -1799.510834490439        2.686519009179662         4.5186203906024449        5.7010800789912039        
50000.994444444441        6363.4374519207131        -1151.8672505199665       -1453.2947820178065       2.1696474302907038        4.624538404425703         5.8347153540123013        
50000.995138888888        6477.8365081933725        -871.78578095568037       -1099.9199134520838       1.6420883383572604        4.7076763048388317        5.939609278901453         
50000.995833333334        6560.3262499779694        -587.40996302129429       -741.12692567547515       1.1064404480820349        4.7676245610661141        6.0152451544130159        
50000.996527777781        6610.5003392773515        -300.14060968820559       -378.68320480039523       0.56534231895383813       4.8040878726999905        6.0612504041574482        
50000.99722222222         6628.1116224635171        -11.392787256203277       -14.37412016412145        0.021459357910527554      4.8168866243277044        6.0773984098833695        
50000.997916666667        6613.0733477370013        277.41115515212044        350.00577026050871        -0.5225293102464792       4.8059577703027303        6.0636096277813012        
50000.998611111114        6565.4595924594341        564.8485919715722         712.6615597168983         -1.0639440400108144       4.7713551453026852        6.019951980310223         
50000.999305555553        6485.5048982542703        849.50362893629438        1071.8068342345744        -1.6001178648947216       4.7132491991439318        5.9466405216168674        
50001                     6373.6031156731515        1129.97407766385          1425.6724723642706        -2.1284096346967649       4.6319261571591479        5.8440363781958728        
50001.000694444447        6230.3054641189819        1404.8783627251994        1772.5153597314093        -2.6462170256005364       4.5277866102738002        5.7126449700089861        
50001.001388888886        6056.3178165823892        1672.8623271768872        2110.6269754807713        -3.1509893590176383       4.4013435417266571        5.5531135208259927        
50001.002083333333        5852.4972225667489        1932.6059030319202        2438.3418083162064        -3.6402401660303232       4.253219800154608         5.3662278700511861        
50001.00277777778         5619.8476863295537        2182.8296138111168        2754.0455606786272        -4.1115594355423308       4.0841450314891281        5.1529086017401129        
50001.003472222219        5359.51522123621          2422.3008771438786        3056.1831006491511        -4.5626254858044977       3.8949520847776617        4.9142065098747292        
50001.004166666666        5072.7822045880921        2649.8400763722557        3343.2661224069407        -4.9912164008369277       3.6865729096345432        4.6512974222346726        
50001.004861111112        4761.0610607325507        2864.3263712500716        3613.880477506932         -5.3952209754128155       3.4600339655303074        4.3654764083618574        
50001.005555555559        4425.8873035713759        3064.7032191140488        3866.6931408641376        -5.7726491146897763       3.2164511655328538        4.0581514001495087        
50001.006249999999        4068.9119727397733        3249.9835793300931        4100.4587771306469        -6.1216416372609341       2.9570243794072151        3.7308362564800928        
50001.006944444445        3691.893500714631         3419.2547753780227        4314.0258751198653        -6.4404794333366819       2.6830315231512141        3.3851433060752179        
50001.007638888892        3296.6890509140826        3571.6829906245175        4506.3424200602822        -6.7275919329446525       2.3958222640815077        3.0227754052908327        
50001.008333333331        2885.2453694561891        3706.5173756384438        4676.4610757377159        -6.9815648424342056       2.0968113724782582        2.6455175499803962        
50001.009027777778        2459.5891956402766        3823.0937468162529        4823.54385099919          -7.201147111175997        1.7874717525377117        2.2552280827453255        
50001.009722222225        2021.8172783881341        3920.8378580983094        4946.8662276316154        -7.3852570941392495       1.4693271869616733        1.8538295388851183        
50001.010416666664        1574.0860478233019        3999.2682296599351        5045.8207292816751        -7.5329878799903192       1.1439448309234463        1.443299176139281         
50001.011111111111        1118.6009928654451        4057.9985196432581        5119.9199138366876        -7.6436117584667889       0.81292749238438677       1.0256592348708096        
50001.011805555558        657.60579716494112        4096.7394272468946        5168.7987745262171        -7.7165838050211253       0.47790573678761394       0.60296697666879373       
50001.012499999997        193.37128689322745        4115.3001177990027        5192.2165379167909        -7.7515445650762693       0.14052985502054971       0.17730455043921114       
50001.013194444444        -271.81575516878911       4113.5891627939081        5190.0578499429403        -7.7483218246706675       -0.1975382657885377       -0.24923126409725077      
50001.013888888891        -735.66385414332251       4091.6149902617531        5162.3333441322911        -7.7069314587707538       -0.53463332859616153      -0.67453938497761712      
50001.01458333333         -1195.8881306812038       4049.4858432526748        5109.1795892256259        -7.6275773530721001       -0.86909482956621953      -1.0965247777615574       
50001.015277777777        -1650.2215560983173       3987.4092466400357        5030.8584164499898        -7.5106503996744758       -1.1992752375816316       -1.5131087755066934       
50001.015972222223        -2096.4261195810609       3905.6909848691762        4927.7556297586025        -7.3567265715780294       -1.5235481098533847       -1.9222393181188988       
50001.01666666667         -2532.3038524520603       3804.7335956872225        4800.3791053908508        -7.1665640854854713       -1.8403161036501248       -2.3219010606393478       
50001.017361111109        -2955.7076551914465       3685.0343872737235        4649.3562901137657        -6.9410996668860729       -2.148018844683147        -2.7101253006756911       
50001.018055555556        -3364.5518738806668       3547.1829885395659        4475.4311104684821        -6.681443935819388        -2.4451406133877427       -3.0849996760756042       
50001.018750000003        -3756.8225739700815       3391.8584446612172        4279.46030824644          -6.3888759360480618       -2.7302178112388704       -3.4446775850727382       
50001.019444444442        -4130.5874607625674       3219.8258721574498        4062.4092202465308        -6.0648368345885872       -3.0018461703226826       -3.7873872825021637       
50001.020138888889        -4484.0053977456228       3031.9326899853913        3825.3470231017586        -5.7109228226356334       -3.2586876706501116       -4.1114406072780678       
50001.020833333336        -4815.3354758853984       2829.1044452212154        3569.441466599008         -5.3288772528494386       -3.4994771311383728       -4.4152412981428411       
50001.021527777775        -5122.9455892080314       2612.3402538878495        3295.9531214352023        -4.920582051737358        -3.7230284417937343       -4.697292856724804        
50001.022222222222        -5405.3204744256509       2382.7078793878204        3006.229169744935         -4.4880484494315143       -3.9282404063963017       -4.9562059191718069       
50001.022916666669        -5661.0691750044562       2141.3384727844959        2701.6967689869512        -4.0334070725269413       -4.1141021669062123       -5.1907051000485653       
50001.023611111108        -5888.9318929075043       1889.4210008406776        2383.8560218784633        -3.5588974487821075       -4.279698182871047        -5.3996352747852754       
50001.024305555555        -6087.7861942610025       1628.1963892615952        2054.2725870068371        -3.0668569753808632       -4.4242127413062748       -5.5819672697306286       
50001.025000000001        -6256.6525383755306       1358.951409992226         1714.569966518209         -2.5597094050972635       -4.5469339748334328       -5.7368029317804838       
50001.025694444441        -6394.6991028866323       1083.0123426796367        1366.421508873269         -2.0399529070795372       -4.6472573682829816       -5.8633795526096062       
50001.026388888888        -6501.2458812465347       801.73844152347829        1011.5421660640092        -1.5101477610648291       -4.724688736488619        -5.9610736257130448       
50001.027083333334        -6575.7680323830573       516.51523969642756        651.68004589474003        -0.97290374564205317      -4.7788466586046372       -6.0294039177502619       
50001.027777777781        -6617.8984660255592       228.74772431646429        288.60780094017463        -0.43086728268729002      -4.8094643569550888       -6.0680338390628252       
50001.02847222222         -6627.429650962823        -60.146584409457823       -75.8861034020982         0.11329159870277929       -4.8163910111596921       -6.0767731016886604       
50001.029166666667        -6604.3146373255195       -348.74461577875371       -440.00619875186743       0.65689241456475378       -4.7995925010631932       -6.0555786567056185       
50001.029861111114        -6548.6672878575764       -635.62475852785587       -801.95885808269554       1.197257429922246         -4.759151574808576        -6.0045549062870966       
50001.030555555553        -6460.7617170372405       -919.37386357778018       -1159.961130987951        1.7317248490983235        -4.6952674412261972       -5.9239531894251174       
50001.03125               -6341.0309408106541       -1198.5942050956364       -1512.249526354648        2.2576619275122081        -4.6082547885467209       -5.814170543854174        
50001.031944444447        -6190.0647435892761       -1471.9103655824358       -1857.0886991823322       2.7724779403725575        -4.4985422342715733       -5.6757477502744944       
50001.032638888886        -6008.6067730181358       -1737.9760110717973       -2192.7799987564267       3.2736369443845579        -4.3666702138367519       -5.5093666685087301       
50001.033333333333        -5797.5508768258705       -1995.4805230654538       -2517.669836068399        3.7586702696076637        -4.2132883184702736       -5.3158468787139599       
50001.03402777778         -5557.9366998009255       -2243.1554545371637       -2830.157829265504        4.2251886799300733        -4.0391520953567319       -5.096141644194133        
50001.034722222219        -5290.9445625828885       -2479.7807782032573       -3128.7046870062486       4.6708941422583861        -3.8451193258711363       -4.8513332156998032       
50001.035416666666        -4997.8896474956018       -2704.1908962813359       -3411.8397908887914       5.0935911464483601        -3.632145800215151        -4.5826275003458345       
50001.036111111112        -4680.2155200622128       -2915.2803821335083       -3678.1684396018277       5.491197520215656         -3.4012806092695338       -4.2913481214075491       
50001.036805555559        -4339.4870181146334       -3112.0094255112981       -3926.3787191138404       5.8617546857531675        -3.1536609768547557       -3.9789298982563004       
50001.037499999999        -3977.3825435251506       -3293.4089545793568       -4155.2479650587093       6.2034373075316669        -2.8905066578556675       -3.6469117785518095       
50001.038194444445        -3595.6857945304496       -3458.5854094873089       -4363.648785484469        6.5145622837594299        -2.6131139298046233       -3.2969292575067115       
50001.038888888892        -3196.2769793740295       -3606.7251439754787       -4550.5546142976191       6.793597037209631         -2.3228492075200418       -2.930706321565435        
50001.039583333331        -2781.1235545478849       -3737.0984333325396       -4715.0447680471798       7.0391670645755458        -2.0211423122541956       -2.5500469561822157       
50001.040277777778        -2352.270533256165        -3849.0630689621998       -4856.3089811391446       7.2500627071660144        -1.7094794285058872       -2.1568262595302587       
50001.040972222225        -1911.8304118405483       -3942.0675218523693       -4973.6513971412387       7.4252451095892589        -1.389395783192191        -1.7529812059152319       
50001.041666666664        -1461.9727637889791       -4015.653659363807        -5066.4939965171152       7.5638513370730571        -1.0624680832410878       -1.3405011043917781       
50001.042361111111        -1004.9135525868553       -4069.4590019555681       -5134.379443905249        7.6651986262137335        -0.7303067488568239       -0.9214177995831645       
50001.043055555558        -542.90421605473171       -4103.2185087307835       -5176.9733409170531       7.7287877482151286        -0.39454798071631336      -0.49779566297405653      
50001.043749999997        -78.220575942226887       -4116.7658830073315       -5194.0658733571063       7.7543054680504868        -0.056845700172953609     -0.071721423978520604     
50001.044444444444        386.84837259138743        -4110.0343914822406       -5185.5728447514284       7.7416260874336267        0.28113659783021971       0.35470610912537442       
50001.045138888891        850.01173638778266        -4083.0571929547159       -5151.5360910926984       7.6908120639988393        0.61773403900612911       0.77938638776049651       
50001.04583333333         1308.9880090495631        -4035.9671749884901       -5092.1232747594368       7.6021137036394766        0.95128857076379381       1.2002274701881643        
50001.046527777777        1761.5163094618079        -3968.9962993181052       -5007.6270586242908       7.4759679275207631        1.2801571296453289        1.6151563262490496        
50001.047222222223        2205.3675187150875        -3882.4744592236102       -4898.463664419668        7.3129961198404034        1.602719734927645         2.0221290489471251        
50001.04791666667         2638.3552605703517        -3776.8278545021394       -4765.1708224621407       7.1140010669387719        1.9173874685204175        2.4191409225751932        
50001.048611111109        3058.3466713767721        -3652.5768920411456       -4608.40512283509         6.8799630028363774        2.2226103018519532        2.8042362977872002        
50001.049305555556        3463.272906390775         -3510.3336223348942       -4428.9387810774551       6.6120347806779618        2.5168847311883438        3.1755182249735041        
50001.050000000003        3851.1393307429585        -3350.7987245717418       -4227.6558343105689       6.3115361938683598        2.7987611837749196        3.5311577984858489        
50001.050694444442        4220.0353448529913        -3174.758055143418        -4005.5477865406438       5.9799474748737005        3.0668511583179239        3.8694031656831163        
50001.051388888889        4568.1437958932665        -2983.0787765780865       -3763.708724587817        5.6189020037124102        3.3198340646329689        4.1885881564200158        
50001.052083333336        4893.749928941189         -2776.705085965757        -3503.3299287003006       5.2301782620533563        3.5564637287686902        4.4871404904705168        
50001.052777777775        5195.2498337274083        -2556.6535639174826       -3225.6940044013249       4.8156910725546762        3.7755745315618747        4.7635895224569049        
50001.053472222222        5471.1583453719877        -2324.0081669690198       -2932.1685644749473       4.3774821665975576        3.9760871503860238        5.0165734861335523        
50001.054166666669        5720.1163601900989        -2079.914888095961        -2624.1994922127592       3.9177101268776227        4.1570138758099429        5.2448462023406108        
50001.054861111108        5940.8975305301592        -1825.5761116422345       -2303.3038191062142       3.4386397543958971        4.3174634769769158        5.4472832175848058        
50001.055555555555        6132.4143056661651        -1562.2446904691485       -1971.0622520685006       2.9426309122267416        4.4566455917380008        5.622887343009138         
50001.056250000001        6293.7232889872539        -1291.2177745004735       -1629.1113869962899       2.4321269010174666        4.5738746199139699        5.7707935664669607        
50001.056944444441        6424.0298850954041        -1013.8304210636722       -1279.1356470267281       1.9096424234810048        4.6685731005080138        5.8902733135039682        
50001.057638888888        6522.6922139200351        -731.44901850223437       -922.85898520119849       1.3777511971676142        4.7402745562333086        5.9807380362587956        
50001.058333333334        6589.2242725688857        -445.46455545388108       -562.03639240787265       0.83907327653411912       4.7886257913435459        6.0417421126036217        
50001.059027777781        6623.2983293401321        -157.28576894965136       -198.44525243426597       0.29626214676118601       4.8133886314474648        6.0729850412438111        
50001.05972222222         6624.7465381030433        131.66779491420493        166.12341328587303        -0.24800834710652578      4.8144410967372249        6.0743129219637231        
50001.060416666667        6593.5617650948598        419.97277354894146        529.8737681036506         -0.79105717131130693      4.791778002851367         6.0457192137270974        
50001.061111111114        6529.8976240611428        706.20899924577282        891.01400630548585        -1.3302093099443726       4.7455109864125795        5.9873447668976834        
50001.061805555553        6434.067719566513         988.96649481060274        1247.7651794074989        -1.8628089418643905       4.6758679551144393        5.8994771294214026        
50001.0625                6306.5441022031755        1266.8524190010776        1598.3699591161926        -2.3862325230640882       4.5831919650660016        5.7825491303877232        
50001.063194444447        6147.9549433067241        1538.4979275532858        1941.1012937897735        -2.8979017100422308       4.4679395309243173        5.6371367479475145        
50001.063888888886        5959.0814406334157        1802.5649160012231        2274.270915759063         -3.3952960605214479       4.3306783771390327        5.4639562720898605        
50001.064583333333        5740.8539702413145        2057.7526110744243        2596.2376576015977        -3.8759654489491817       4.1720846413862995        5.2638607762537619        
50001.06527777778         5494.3475035308047        2302.8039782050555        2905.4155364036151        -4.3375421356239565       3.9929395439676134        5.0378359151552985        
50001.065972222219        5220.7763120198006        2536.511913581588         3200.2815661874715        -4.7777524299954104       3.7941255395798921        4.7869950695298087        
50001.066666666666        4921.4879859375023        2757.7251902474832        3479.3832600210994        -5.1944278906855903       3.5766219704128646        4.512573861705734         
50001.067361111112        4597.9567961006378        2965.3541289548721        3741.3457848546955        -5.5855160070610763       3.3415002419862687        4.2159240690259523        
50001.068055555559        4251.7764317710689        3158.3759658390513        3984.8787338404754        -5.949090309739355        3.0899185454903013        3.8985069650986297        
50001.068749999999        3884.6521502675009        3335.8398904730498        4208.7824827755794        -6.2833598602258744       2.8231161526266777        3.5618861216780555        
50001.069444444445        3498.392377001705         3496.871729485209         4411.9540993567944        -6.5866780729365804       2.5424073110534344        3.2077197066328327        
50001.070138888892        3094.899797316793         3640.678252668632         4593.3927761385567        -6.8575508261493336       2.2491747705040703        2.8377523159410285        
50001.070833333331        2676.1619840084786        3766.5510803709626        4752.2047604319259        -7.0946438219303154       1.9448629714708201        2.4538063799472489        
50001.071527777778        2244.2416066973983        3873.8701729169829        4887.6077568602159        -7.2967891587809746       1.6309709300041049        2.0577731862137112        
50001.072222222225        1801.2662712803642        3962.1068848754139        4998.9347808846533        -7.462991084629194        1.3090448536770538        1.6516035631860819        
50001.072916666664        1349.4180395106175        4030.8265691248439        5085.6374443178975        -7.5924309018258889       0.98067052508829111       1.2372982705655802        
50001.073611111111        890.92268033280106        4079.690717891347         5147.2886566412317        -7.6844709999854031       0.64746549042125134       0.81689814372364156       
50001.074305555558        428.03870591973941        4108.4586302112284        5183.584728818958         -7.7386579968042515       0.31107109153856827       0.39247404070696912       
50001.074999999997        -36.95375358135712        4116.9885976050873        5194.3468692467577        -7.754724971386783        -0.026855619139186        -0.033883358646756512     
50001.075694444444        -501.76418179113443       4105.2386021226721        5179.5220644651163        -7.7325927790765698       -0.36465004114373933      -0.46007385123375549      
50001.076388888891        -964.10295900209962       4073.2665233200055        5139.1833402994616        -7.672370441316783        -0.70064822565044571      -0.88399805611988702      
50001.07708333333         -1421.6926406656928       4021.2298531492333        5073.5294021406798        -7.5743546086191085       -1.0331950719596692       -1.3035677559264471       
50001.077777777777        -1872.2791759054792       3949.3849201656199        4982.883656137943         -7.4390280992866025       -1.3606524803929949       -1.7167161832251663       
50001.078472222223        -2313.6430107949477       3858.085626873195         4867.6926161253914        -7.267057521088601        -1.6814074214437462       -2.1214082012724353       
50001.07916666667         -2743.6100217060434       3747.781706428781         4728.5237041300115        -7.0592899876031465       -1.9938798814338003       -2.515650328933257        
50001.079861111109        -3160.062224871609        3619.0165072917403        4566.062455295244         -6.8167489454019448       -2.2965306455370236       -2.8975005604129405       
50001.080555555556        -3560.9482094072782       3472.4243167320865        4381.1091409886394        -6.5406291326328461       -2.5878688798307623       -3.2650779314253056       
50001.081250000003        -3944.2932424005689       3308.7272363811503        4174.5748267278841        -6.2322906938334413       -2.8664594750267973       -3.6165717846752066       
50001.081944444442        -4308.2089962903055       3128.7316252155888        3947.4768843435245        -5.8932524799657697       -3.1309301157071197       -3.9502506890143287       
50001.082638888889        -4650.9028506200511       2933.3241274963198        3700.9339804851384        -5.525184566675625        -3.3799780402420341       -4.264470968335206        
50001.083333333336        -4970.6867223458603       2723.4673052284452        3436.1605661571721        -5.1299000276309359       -3.6123764580917443       -4.5576847981907882       
50001.084027777775        -5265.9853812009314       2500.1948966563209        3154.4608944285606        -4.7093460034630974       -3.826980592880326        -4.8284478302562475       
50001.084722222222        -5535.3442091563293       2264.6067241500605        2857.2225957844203        -4.265594110304967        -4.0227333214743455       -5.0754263070755306       
50001.085416666669        -5777.4363657552922       2017.8632765668071        2545.9098427671329        -3.8008302351723025       -4.1986703812884922       -5.2974036320459499       
50001.086111111108        -5991.0693240252349       1761.1799927736652        2222.0561375772559        -3.3173437684557912       -4.3539251201674354       -5.4932863622776278       
50001.086805555555        -6175.1907447720723       1495.8212744911827        1887.2567581619812        -2.8175163265635743       -4.4877327654463537       -5.662109594807383        
50001.087500000001        -6328.8936603205366       1223.0942579496595        1543.1609000011035        -2.30381002026565         -4.5994341911610901       -5.8030417196350452       
50001.088194444441        -6451.4209421658006       944.34237503861721        1191.4635522994622        -1.7787553265293545       -4.6884791648509463       -5.9153885161690782       
50001.088888888888        -6542.1690305290986       660.93873566669572        833.89714860307629        -1.2449386235883262       -4.7544290579606248       -5.9985965729027546       
50001.089583333334        -6600.690907445849        374.27936392995576        472.22303296740085        -0.70498945064621465      -4.7969590064900807       -6.0522560134758256       
50001.090277777781        -6626.6982987410856       85.77632140669219         108.2227837146755         -0.16156755497283595      -4.8158595112491005       -6.0761025156933233       
50001.09097222222         -6620.0630940454294       -203.14924854713149       -256.31056248113521       0.38265020980223685       -4.8110374698338871       -6.0700186135559546       
50001.091666666667        -6580.8179778567119       -491.07412123857392       -619.58134295234368       0.92498306966066712       -4.7825166352421853       -6.0340342758883985       
50001.092361111114        -6509.1562685387125       -776.58000133090854       -979.80011433098014       1.4627595354778771        -4.7304374988678912       -5.968326758715226        
50001.093055555553        -6405.4309660500594       -1058.2605092551955       -1335.1924672064511       1.9933305625689119        -4.6550565984514547       -5.8732197321116333       
50001.09375               -6270.1530130941192       -1334.7281089257147       -1684.0077667271034       2.5140825996747536        -4.5567452543951044       -5.7491816858300382       
50001.094444444447        -6103.9887782553296       -1604.6209426338796       -2024.5277760901758       3.022450463110804         -4.4359877406676658       -5.5968236215563074       
50001.095138888886        -5907.7567735198181       -1866.6095394524796       -2355.075120441501        3.5159299726604916        -4.2933788993089887       -5.4168960431633844       
50001.095833333333        -5682.4236223495718       -2119.4033641051774       -2674.0215494924601       3.9920902869705781        -4.1296212102847081       -5.2102852597880887       
50001.09652777778         -5429.099298171086        -2361.757174042044        -2979.7959581531727       4.4485858776849776        -3.9455213311250552       -4.9780090199418252       
50001.097222222219        -5149.0316567333366       -2592.477153406679        -3270.8921256729272       4.8831680833334454        -3.7419861233931262       -4.721211498161261        
50001.097916666666        -4843.6002892682527       -2810.426793679469        -3545.8761351654448       5.2936961860615854        -3.5200181855559709       -4.4411576588943049       
50001.098611111112        -4514.3097267325256       -3014.5324920294024       -3803.3934369709764       5.6781479566390702        -3.2807109142631887       -4.1392270253844758       
50001.099305555559        -4162.7820286061396       -3203.7888397973975       -4042.1755210616698       6.0346296158022019        -3.0252431183608048       -3.8169068842476155       
50001.099999999999        -3790.7487927546154       -3377.2635750604877       -4261.0461656224588       6.3613851628620033        -2.7548732121713653       -3.4757849592146903       
50001.100694444445        -3400.0426257137583       -3534.1021748809235       -4458.9272310274582       6.656805025625868         -2.4709330166436998       -3.1175415901292367       
50001.101388888892        -2992.5881154136223       -3673.5320646191312       -4634.8439706711852       6.919433989023914         -2.1748211989074009       -2.7439414557251127       
50001.102083333331        -2570.3923508093394       -3794.8664235757815       -4787.9298324938709       7.1479783633842668        -1.8679963825482659       -2.3568248809574799       
50001.102777777778        -2135.535035118372        -3897.5075682166798       -4917.4307275489364       7.3413123570468999        -1.5519699625429291       -1.9580987717064375       
50001.103472222225        -1690.1582413656058       -3980.9498963149686       -5022.7087445859879       7.4984836219250388        -1.2282986602457699       -1.549727221508246        
50001.104166666664        -1236.4558606996607       -4044.7823775080365       -5103.245292351593        7.6187179446971305        -0.89857685510163909      -1.1337218365846384       
50001.104861111111        -776.66279545719624       -4088.6905780008401       -5158.6436541291132       7.7014230605209324        -0.56442873085778023      -0.71213182682837217      
50001.105555555558        -313.0439502093127        -4112.4582094421121       -5188.630941934136        7.7461915704836679        -0.22750027496210273      -0.28703391155604652      
50001.106249999997        152.11692498069408        -4115.9681943438145       -5193.0594407392773       7.7528029484171075        0.11054882944186963       0.13947791024834355       
50001.106944444444        616.52848413099764        -4099.2032427956628       -5171.9073361068113       7.7212246271921794        0.44805337898397019       0.56530267480813934       
50001.107638888891        1077.9030723318028        -4062.2459376338629       -5125.2788216448907       7.651612159142088         0.78335085272856442       0.98834280273677311       
50001.10833333333         1533.9679945539776        -4005.2783276445398       -5053.4035857580011       7.5443084498237249        1.1147896016222627        1.4065144315492821        
50001.109027777777        1982.4767107664873        -3928.5810308057003       -4956.6356802198943       7.3998420688917959        1.4407369843875948        1.8177576806054425        
50001.109722222223        2421.2199022163554        -3832.5318519850834       -4835.4517761423331       7.2189246464061645        1.7595874097858721        2.2200467979202165        
50001.11041666667         2848.0363543595354        -3717.6039219030204       -4690.4488159305793       7.002447367398001         2.0697702456336757        2.6114001388591208        
50001.111111111109        3260.8236028342153        -3584.3633665276193       -4522.3410727919372       6.7514765819622236        2.3697575556137891        2.989889927564247         
50001.111805555556        3657.5482900353395        -3433.4665183826569       -4331.9566322819628       6.4672485525005881        2.658071625769634         3.3536517530269134        
50001.112500000003        4036.2561812746671        -3265.656683505053        -4120.2333132199783       6.1511633639900669        2.9332922436083062        3.700893753030043         
50001.113194444442        4395.0817911875401        -3081.7604799776391       -3888.2140480671296       5.8047780272740876        3.1940636939559037        4.0299054407208814        
50001.113888888889        4732.2575729674618        -2882.6837660733254       -3637.0417455229017       5.4297988093492515        3.4391014371041266        4.339066130335052         
50001.114583333336        5046.1226251630032        -2669.4071780683134       -3367.9536606465181       5.0280728284279625        3.667198436352114         4.6268529205675026        
50001.115277777775        5335.1308731480685        -2442.9812997047179       -3082.2753002355703       4.6015789551790043        3.8772311037745495        4.8918481962648714        
50001.115972222222        5597.8586849642188        -2204.5214870974705       -2781.4138934835178       4.1524180649658593        4.0681648349276385        5.1327466114865183        
50001.116666666669        5833.0118840200248        -1955.2023745775891       -2466.8514600790691       3.6828026890994718        4.2390591052294413        5.3483615195362413        
50001.117361111108        6039.4321241034395        -1696.2520885356089       -2140.1375098934495       3.1950461160825667        4.3890721029101831        5.5376308182908156        
50001.118055555555        6216.1025953043636        -1428.9461977673209       -1802.8814102163276       2.6915509965319577        4.5174648757109992        5.6996221820317281        
50001.118750000001        6362.1530327405062        -1154.6014301219452       -1456.7444581387929       2.174797507910077         4.6236049709047942        5.8335376540085413        
50001.119444444441        6476.8640034139271        -874.5691864040374        -1103.4316971342048       1.6473311373653543        4.7069695507087577        5.9387175771112428        
50001.120138888888        6559.6704500815422        -590.22888347913431       -744.68351814779226       1.1117501428622041        4.7671479677422788        6.0146438432894236        
50001.120833333334        6610.1644746827869        -302.98115937448256       -382.2670865673856        0.57069275436611089       4.8038437878437215        6.0609424457118983        
50001.121527777781        6628.0973476134604        -14.240973845988123       -17.96763730533705        0.026824178129776166      4.8168762502818554        6.077385321095008         
