ElapsedS                       Sat.TTModJulian                Sat.EarthMJ2000Eq.X            Sat.EarthMJ2000Eq.Y            Sat.EarthMJ2000Eq.Z            Sat.EarthMJ2000Eq.VX           Sat.EarthMJ2000Eq.VY           Sat.EarthMJ2000Eq.VZ           Sat.Earth.SMA                  Sat.Earth.ECC                  Sat.EarthMJ2000Eq.INC          Sat.Earth.OrbitPeriod          
0                              31041.5                        6628.137                       0                              0                              0                              4.8169050670943                6.077421678863729              6628.137000000001              1.181527691164928e-16          51.59999999999999              5370.295646313364              
ElapsedS                       Sat.TTModJulian                Sat.EarthMJ2000Eq.X            Sat.EarthMJ2000Eq.Y            Sat.EarthMJ2000Eq.Z            Sat.EarthMJ2000Eq.VX           Sat.EarthMJ2000Eq.VY           Sat.EarthMJ2000Eq.VZ           Sat.Earth.SMA                  Sat.Earth.ECC                  Sat.EarthMJ2000Eq.INC          Sat.Earth.OrbitPeriod          
60                             31041.50069444444              6611.812158539782              288.7769880775333              364.3458825228733              -0.5439378972070357            4.805041218844146              6.062453227639148              6628.137000000002              3.5545062558373e-16            51.59999999999999              5370.295646313368              
120                            31041.50138888889              6562.918049047567              576.1314833647926              726.8970258094065              -1.085196399001421             4.769508114479509              6.017621607381944              6628.137000000002              3.548996802159962e-16          51.59999999999999              5370.295646313368              
180                            31041.50208333333              6481.695520071233              860.648000159401               1085.86753136795               -1.621109308462124             4.710480787285109              5.943147655136704              6628.137000000002              3.584110963185826e-16          51.59999999999999              5370.295646313368              
240                            31041.50277777777              6368.54466741705               1140.925032418414              1439.489138647421              -2.149036760636616             4.628250001244328              5.839398223750108              6628.137                       1.37729948608279e-16           51.59999999999999              5370.295646313364              
300                            31041.50347222222              6224.022863309118              1415.581957467143              1786.019935350065              -2.666378226308544             4.523220818758644              5.706884374782587              6628.137                       1.588438419039879e-16          51.59999999999999              5370.295646313364              
360                            31041.50416666666              6048.842010817519              1683.265836838151              2123.752937954797              -3.170585322000654             4.39591060534201               5.546258861059155              6628.137                       2.7445579798623e-16            51.59999999999999              5370.295646313364              
420                            31041.5048611111               5843.86503707963               1942.658080740012              2451.024500184117              -3.65917436311189              4.246946481118917              5.358312911260213              6628.136999999994              5.181181203567575e-16          51.59999999999999              5370.295646313358              
480                            31041.50555555554              5610.101642588754              2192.480943327186              2766.22250799517               -4.12973859835291              4.077062231679855              5.143972332391123              6628.136999999998              4.13189845824837e-16           51.59999999999999              5370.295646313361              
540                            31041.50624999999              5348.703327488671              2431.503816775825              3067.79432072706               -4.579960065214142             3.88709469351106               4.904292949329533              6628.136999999998              3.961689393238152e-16          51.59999999999999              5370.295646313361              
600                            31041.50694444443              5060.957719374279              2658.549293161373              3354.254419286952              -5.007621008067273             3.677979631803623              4.640455403914852              6628.136999999996              4.131898458248371e-16          51.59999999999999              5370.29564631336               
660                            31041.50763888887              4748.28223053906               2872.498964277649              3624.191723700586              -5.410614802655497             3.450747130947568              4.35375933919916               6628.136999999996              3.687705217333454e-16          51.59999999999999              5370.29564631336               
720                            31041.50833333332              4412.217075913312              3072.298930827928              3876.276543981548              -5.786956333159361             3.206516520416948              4.045616997507491              6628.136999999998              3.538877609406662e-17          51.59999999999999              5370.295646313361              
780                            31041.50902777776              4054.417686086226              3256.964993850213              4109.267130079824              -6.134791770721566             2.946490861040665              3.71754626384291               6628.136999999998              7.077755218813324e-17          51.59999999999999              5370.295646313361              
840                            31041.5097222222               3676.646552784658              3425.587502804114              4322.015788645149              -6.45240770526249              2.671951018819196              3.371163188904075              6628.136999999998              0                              51.6                           5370.295646313361              
900                            31041.51041666665              3280.764546977145              3577.335836438047              4513.474536474413              -6.738239585603842             2.384249355479156              3.00817402854625               6628.136999999998              3.538877609406662e-17          51.59999999999999              5370.295646313361              
960                            31041.51111111109              2868.72175236949               3711.462494364371              4682.700262794715              -6.990879426325027             2.084803066845517              2.630366838898819              6628.136999999998              1.061663282821999e-16          51.59999999999999              5370.295646313361              
1020                           31041.51180555553              2442.547859445398              3827.306779187651              4828.859374953047              -7.209082743388886             1.775087201846141              2.239602668541051              6628.136999999998              1.415551043762665e-16          51.6                           5370.295646313361              
1080                           31041.51249999998              2004.342167370371              3924.298051048208              4951.231904628309              -7.391774684372432             1.45662739653648               1.837806391122788              6628.137000000002              3.81678581039116e-16           51.60000000000002              5370.295646313368              
1140                           31041.51319444442              1556.263243008701              4001.958538549297              5049.215054338783              -7.53805532310558              1.130992358936036              1.426957223587843              6628.137000000002              3.614556038337229e-16          51.59999999999999              5370.295646313368              
1200                           31041.51388888886              1100.518287992418              4059.905692221535              5122.326166775249              -7.647204092636851             0.7997861416957164             1.009078976706596              6628.137000000001              1.295295300891894e-16          51.6                           5370.295646313364              
1260                           31041.5145833333               639.352266219204               4097.854068931574              5170.205102333011              -7.718683334689674             0.4646402406603098             0.5862300859428902             6628.137000000001              1.194703654395275e-16          51.59999999999999              5370.295646313364              
1320                           31041.51527777775              175.0368453363272              4115.616737952584              5192.616013131361              -7.75214094812485              0.1272055582479287             0.160493471762415              6628.137000000001              1.198179164940478e-16          51.59999999999999              5370.295646313364              
1380                           31041.51597222219              -290.1407933159805             4113.106201770354              5189.448504781719              -7.747412123363169             -0.2108557287657926            -0.2660337206701157            6628.136999999998              3.584110963185826e-16          51.59999999999999              5370.295646313361              
1440                           31041.51666666663              -753.8892211803926             4090.33482708918               5160.718180181741              -7.704520154224459             -0.5478783570001068            -0.6912504518635343            6628.137                       1.53072174946183e-16           51.6                           5370.295646313364              
1500                           31041.51736111108              -1213.924049879809             4047.414783914449              5106.56656265667               -7.623676323184049             -0.8822021794259377            -1.113062137555939             6628.136999999998              3.885885902675681e-16          51.59999999999999              5370.295646313361              
1560                           31041.51805555552              -1667.979183935307             3984.557493011995              5027.260398826529              -7.505278860611885             -1.212180343119915             -1.529390966472459             6628.136999999996              6.277635528533629e-16          51.6                           5370.29564631336               
1620                           31041.51874999996              -2113.817983374701             3902.072584465989              4923.190344633207              -7.349910983120957             -1.536187401532687             -1.9381861354606               6628.136999999998              5.335982925353935e-16          51.59999999999999              5370.295646313361              
1680                           31041.51944444441              -2549.2442812456               3800.366372465431              4794.869040999927              -7.158338020688012             -1.852627321311118             -2.337433951585702             6628.136999999999              6.353753676159514e-16          51.60000000000002              5370.295646313363              
1740                           31041.52013888885              -2972.113201761535             3679.939853832334              4642.928588602272              -6.931503646698131             -2.159941344233381             -2.725167751424367             6628.137                       6.382968926543142e-16          51.60000000000002              5370.295646313364              
1800                           31041.52083333329              -3380.341725791828             3541.386240150675              4468.117434189843              -6.670525229483655             -2.456615665529688             -3.099477588694212             6628.137000000001              6.794164560803917e-16          51.60000000000002              5370.295646313364              
1860                           31041.52152777774              -3771.918951650429             3385.388035652664              4271.296683796287              -6.376688328255436             -2.741188890765833             -3.458519642499434             6628.137000000002              6.016091935991323e-16          51.60000000000002              5370.295646313368              
1920                           31041.52222222218              -4144.91600063988              3212.713675256444              4053.435860998515              -6.051440360539003             -3.012259234557535             -3.800525299847899             6628.137000000002              6.369979696931988e-16          51.60000000000002              5370.295646313368              
1980                           31041.52291666662              -4497.495518556462             3024.213739315954              3815.608131119626              -5.696383472309383             -3.268491425655282             -4.123809867700006             6628.137000000005              7.461812760810692e-16          51.6                           5370.295646313371              
2040                           31041.52361111106              -4827.920726352878             2820.816763728835              3558.9850149007                -5.313266645945697             -3.508623284385758             -4.426780871634444             6628.137000000007              9.719690027451743e-16          51.60000000000002              5370.295646313373              
2100                           31041.52430555551              -5134.563975375596             2603.524666041435              3284.830617681533              -4.903977084881168             -3.731471940049905             -4.707945900252271             6628.137000000009              1.13370683489768e-15           51.60000000000002              5370.295646313375              
2160                           31041.52499999995              -5415.914765034438             2373.407810081568              2994.495402516896              -4.470530917387041             -3.935939657651195             -4.965919956678396             6628.137000000011              1.395236281621488e-15          51.60000000000002              5370.295646313378              
2220                           31041.52569444439              -5670.587183409997             2131.599733430269              2689.409537901459              -4.015063265282881             -4.121019245252112             -5.199432280947534             6628.137000000012              1.434750508080468e-15          51.60000000000002              5370.295646313379              
2280                           31041.52638888884              -5897.326734147029             1879.291563704584              2371.075852871978              -3.539817726493975             -4.28579901532263              -5.407332609668116             6628.137000000012              1.476054235415154e-15          51.60000000000002              5370.295646313379              
2340                           31041.52708333328              -6095.016516005097             1617.726151156368              2041.06243418935               -3.04713532326395              -4.429467275641464             -5.588596842129525             6628.137000000016              1.859445502099644e-15          51.60000000000002              5370.295646313384              
2400                           31041.52777777772              -6262.682724626465             1348.191946489439              1700.994902066234              -2.539442970462844             -4.551316327628282             -5.742332084941855             6628.137000000012              1.359452691674085e-15          51.60000000000003              5370.295646313379              
2460                           31041.52847222217              -6399.499449419972             1072.016654052482              1352.548402489407              -2.019241520794828             -4.650745952411399             -5.867781050358713             6628.137000000013              1.676710148935316e-15          51.60000000000002              5370.295646313381              
2520                           31041.52916666661              -6504.792741931818             790.5606916715825              997.439355582037               -1.489093445793973             -4.72726636745885              -5.964325786617248             6628.137000000011              1.447389274601199e-15          51.60000000000002              5370.295646313378              
2580                           31041.52986111105              -6578.043935662783             505.2104893387267              637.4170006528028              -0.9516102132904792            -4.780500639208724             -6.031490721920067             6628.137000000009              1.30639679854313e-15           51.60000000000002              5370.295646313375              
2640                           31041.5305555555               -6618.892200978708             217.3716597664237              274.2547795802754              -0.4094394235249997            -4.810186539814323             -6.068945007064594             6628.137000000009              1.383186806295054e-15          51.60000000000002              5370.295646313375              
2700                           31041.53124999994              -6627.136322528972             -71.53792555025538             -90.25839902265746             0.1347482327224517             -4.816177838857963             -6.076504145180291             6628.137000000009              1.361908452392904e-15          51.6                           5370.295646313375              
2760                           31041.53194444438              -6602.735690417527             -360.0951206574381             -454.3269718322889             0.6782721297457839             -4.798445023670538             -6.054130900545776             6628.137000000011              1.576226359053768e-15          51.60000000000002              5370.295646313378              
2820                           31041.53263888882              -6545.810500244052             -646.8785154477803             -816.1575656181726             1.218454911464775              -4.757075444708621             -6.001935482009057             6628.137000000012              1.672585116153386e-15          51.59999999999999              5370.295646313379              
2880                           31041.53333333327              -6456.641161029872             -930.475437415154              -1173.967831258976             1.752635679871101              -4.692272885272955             -5.920175000107399             6628.137000000012              1.787156885245138e-15          51.59999999999999              5370.295646313379              
2940                           31041.53402777771              -6335.666913945101             -1209.488910368595             -1525.995223454437             2.278183102403189              -4.604356557687911             -5.809252200560978             6628.137000000012              1.784965671454252e-15          51.59999999999999              5370.295646313379              
3000                           31041.53472222215              -6183.483668641101             -1482.544535827437             -1870.505682885248             2.792508373684004              -4.493759530886609             -5.66971348037907              6628.137000000012              1.773704246237286e-15          51.60000000000002              5370.295646313379              
3060                           31041.5354166666               -6000.841067846286             -1748.297263200407             -2205.802178053239             3.293077967773257              -4.361026597147336             -5.502246196351226             6628.137000000011              1.539650699637169e-15          51.60000000000002              5370.295646313378              
3120                           31041.53611111104              -5788.638794684846             -2005.438015399334             -2530.233064725411             3.777426118117448              -4.206811588489508             -5.307675279181666             6628.137000000011              1.536393619195854e-15          51.60000000000002              5370.295646313378              
3180                           31041.53680555548              -5547.922140908252             -2252.70013725019              -2842.20022180387              4.243166963722478              -4.031874155948438             -5.086959169945328             6628.137000000007              1.063963622646447e-15          51.60000000000002              5370.295646313373              
3240                           31041.53749999993              -5279.876857870084             -2488.865634937114             -3140.166923544988             4.688006301717754              -3.837076027593929             -4.841185098882325             6628.137000000009              1.307366492767924e-15          51.60000000000002              5370.295646313375              
3300                           31041.53819444437              -4985.823315607882             -2712.771175744413             -3422.665409349866             5.109752888419552              -3.62337676372539              -4.571563729787061             6628.137000000002              8.087638647231853e-16          51.60000000000003              5370.295646313368              
3360                           31041.53888888881              -4667.20999880392              -2923.313818542247             -3688.304113837909             5.506329233225525              -3.391829030153087             -4.279423196373362             6628.137000000004              8.996000850313798e-16          51.60000000000003              5370.295646313371              
3420                           31041.53958333325              -4325.606371663277             -3119.456446788129             -3935.774521588733             5.875781832170429              -3.143573412848925             -3.966202559991974             6628.137000000001              7.107344519026917e-16          51.60000000000003              5370.295646313364              
3480                           31041.5402777777               -3962.695146856289             -3300.23287728165              -4163.857612786475             6.216290790733426              -2.879832799509433             -3.633444720927244             6628.137000000004              8.687740411871426e-16          51.60000000000003              5370.295646313371              
3540                           31041.54097222214              -3580.263996607928             -3464.752619507135             -4371.429868015782             6.526178788495724              -2.601906355706894             -3.28278881819135              6628.137000000004              9.219263043333635e-16          51.60000000000003              5370.295646313371              
3600                           31041.54166666658              -3180.196746764659             -3612.205262120066             -4557.468802630315             6.803919341489386              -2.311163125301649             -2.915962155254105             6628.137000000007              1.084078940813994e-15          51.60000000000003              5370.295646313373              
3660                           31041.54236111103              -2764.464097216092             -3741.864464969795             -4721.058003431914             7.048144321537611              -2.009035286639439             -2.534771691481567             6628.137000000004              8.182954738033154e-16          51.60000000000003              5370.295646313371              
3720                           31041.54305555547              -2335.113914381923             -3853.091536994149             -4861.391642850122             7.257650695546812              -1.697011097753215             -2.141095141195946             6628.137000000004              7.650456531615106e-16          51.60000000000003              5370.295646313371              
3780                           31041.54374999991              -1894.26114358259              -3945.3385823615               -4977.778448385578             7.431406451553265              -1.376627565320818             -1.736871724202149             6628.137000000001              7.077755218813321e-16          51.60000000000002              5370.295646313364              
3840                           31041.54444444436              -1444.077390984528             -4018.15119936265              -5069.645107764134             7.568555682333085              -1.049462873490651             -1.324092613343142             6628.137000000001              6.36997969693199e-16           51.60000000000002              5370.295646313364              
3900                           31041.5451388888               -986.7802264385527             -4071.17071875801              -5136.539093028135             7.668422801534065              -0.7171286098703658            -0.9047911261387246            6628.137                       7.444882637977054e-16          51.60000000000002              5370.295646313364              
3960                           31041.54583333324              -524.6222599047222             -4104.13597055413              -5178.13088965364              7.730515871561058              -0.3812618269727271            -0.4810327088229266            6628.137000000001              6.299180959001947e-16          51.60000000000003              5370.295646313364              
4020                           31041.54652777769              -59.88004527238481             -4116.884570506611             -5194.215619713125             7.754529026821978              -0.04351697822335315           -0.05490476211788611           6628.137000000001              6.32994723788744e-16           51.60000000000004              5370.295646313364              
4080                           31041.54722222213              405.1571337656979              -4109.353720012146             -5184.714051088077             7.740343980397712              0.294442231747077              0.3714936411383651             6628.137000000001              5.81052957072483e-16           51.60000000000004              5370.295646313364              
4140                           31041.54791666657              868.1985405452408              -4081.580515449516             -5149.672987760196             7.688030606714202              0.6309510423813245             0.796062095860039              6628.136999999999              7.825035220606338e-16          51.60000000000004              5370.295646313363              
4200                           31041.54861111101              1326.963269419546              -4033.701765445738             -5089.265039258652             7.597846597346517              0.9643518376755047             1.21670921114428               6628.136999999999              7.597667594604869e-16          51.60000000000005              5370.295646313363              
4260                           31041.54930555546              1779.191481321795              -3965.953316967501             -5003.787770399087             7.47023619165035               1.293002311465491              1.631362912298693              6628.136999999999              7.38027117707577e-16           51.60000000000004              5370.295646313363              
4320                           31041.5499999999               2222.65553555502               -3878.66889355751              -4893.662235502674             7.305827988473814              1.615283557298249              2.037980647718736              6628.136999999999              7.942192095199395e-16          51.60000000000004              5370.295646313363              
4380                           31041.55069444434              2655.170962975429              -3772.27845143849              -4759.430904315558             7.105431849728821              1.92960804303803               2.434559450336696              6628.137000000003              6.478630181166021e-16          51.60000000000004              5370.295646313368              
4440                           31041.55138888879              3074.607226516048              -3647.306061582563             -4601.754989845444             6.870034911074831              2.23442743092514               2.819145804080344              6628.137000000002              6.382968926543142e-16          51.60000000000004              5370.295646313367              
4500                           31041.55208333323              3478.898216045187              -3504.367328178751             -4421.411191278186             6.600796719366037              2.528240204566282              3.18984526673986               6628.137                       6.711508955486064e-16          51.60000000000003              5370.295646313364              
4560                           31041.55277777767              3866.052425862872              -3344.166356215028             -4219.287868018531             6.299043520814514              2.809599065286525              3.544831801841557              6628.137                       7.275593098999992e-16          51.60000000000004              5370.295646313364              
4620                           31041.55347222212              4234.162764701697              -3167.492283112387             -3996.380663701372             5.966261728005416              3.077118061409045              3.882356773560299              6628.136999999997              1.100417018743994e-15          51.60000000000004              5370.295646313361              
4680                           31041.55416666656              4581.415949908812              -2975.215391495803             -3753.787601729308             5.604090597945188              3.329479415344364              4.200757560362414              6628.137                       6.166936501077999e-16          51.60000000000004              5370.295646313364              
4740                           31041.554861111                4906.101439534024              -2768.282822250297             -3492.703676495498             5.214314157210134              3.565440014859383              4.498465744948934              6628.137000000002              6.002276322432231e-16          51.60000000000004              5370.295646313367              
4800                           31041.55555555545              5206.619858325264              -2547.713908979228             -3214.414966935019             4.798852413971458              3.783837536550725              4.774014840156189              6628.137000000005              2.389407308790552e-16          51.60000000000004              5370.295646313371              
4860                           31041.55624999989              5481.490876125612              -2314.59515684693              -2920.292301400918             4.359751900185623              3.983596171358645              5.026047512756525              6628.136999999995              1.311670094068333e-15          51.60000000000004              5370.295646313358              
4920                           31041.55694444433              5729.360499863533              -2070.074890539498             -2611.784505071283             3.899175590538475              4.163731923918067              5.253322269575317              6628.137000000003              5.699147593690119e-16          51.60000000000004              5370.295646313368              
4980                           31041.55763888877              5949.007743216526              -1815.357597707468             -2290.41126315006              3.419392247801608              4.323357459642558              5.454719572988951              6628.137                       9.297227510498225e-16          51.60000000000004              5370.295646313364              
5040                           31041.55833333322              6139.350641093974              -1551.697995754134             -1957.755635016958             2.922765247084933              4.461686475664904              5.629247355679345              6628.136999999995              1.414974407589248e-15          51.60000000000004              5370.295646313358              
5100                           31041.55902777766              6299.451579312309              -1280.394851196046             -1615.456256201123             2.411740934036271              4.57803757410334               5.776045907479727              6628.136999999992              1.722033064948324e-15          51.60000000000004              5370.295646313355              
5160                           31041.5597222221               6428.521913208919              -1002.78458204103              -1265.199266591064             1.888836574334604              4.671837618574076              5.894392110239483              6628.136999999992              1.763798560794925e-15          51.60000000000004              5370.295646313355              
5220                           31041.56041666655              6525.9258524439                -720.2346746979173             -908.710004641829              1.356627953836797              4.742624557416156              5.983702999847439              6628.136999999989              2.005116192380594e-15          51.60000000000004              5370.295646313351              
5280                           31041.56111111099              6591.183592853396              -434.1369478457642             -547.7445084931226             0.8177366904585277             4.790049699721697              6.043538637867343              6628.136999999991              1.979991133958757e-15          51.60000000000004              5370.295646313353              
5340                           31041.56180555543              6623.973679927266              -145.9006964442228             -184.0808658631787             0.2748173202900888             4.813879432959949              6.073604278640092              6628.136999999992              1.868180127060619e-15          51.60000000000004              5370.295646313355              
5400                           31041.56249999988              6624.134592268789              143.0542503428811              180.4895446718569              -0.2694557784401638            4.813996373734291              6.073751821177727              6628.136999999991              2.012622873851354e-15          51.60000000000007              5370.295646313353              
5460                           31041.56319444432              6591.665537236392              431.3045231146293              544.1708778682694              -0.8124015591431717            4.790399946003646              6.043980538697283              6628.136999999992              1.850653404827037e-15          51.60000000000008              5370.295646313355              
5520                           31041.56388888876              6526.726454848144              717.4302236390263              905.1716680075705              -1.351345513494357             4.743206383920001              5.984437082200857              6628.136999999991              1.898731255373071e-15          51.60000000000007              5370.295646313353              
5580                           31041.56458333321              6429.637229929771              1000.021919160305              1261.713653516097              -1.883632845851829             4.672648159268101              5.895414758084292              6628.136999999989              2.055531411228053e-15          51.60000000000008              5370.295646313351              
5640                           31041.56527777765              6300.876116387093              1277.687585154121              1612.040536542027              -2.406641550571464             4.579072836327668              5.777352083332865              6628.136999999992              2.068777696748539e-15          51.60000000000008              5370.295646313354              
5700                           31041.56597222209              6141.077381364807              1549.059462331161              1954.426634340829              -2.91779532780102              4.462941359799028              5.630830625421019              6628.136999999991              2.280285431264038e-15          51.60000000000008              5370.295646313353              
5760                           31041.56666666653              5951.028180896285              1812.80079411211               2287.185379853087              -3.414576274131119             4.324825784225673              5.456572137556615              6628.13699999999               2.406411883177276e-15          51.60000000000009              5370.295646313352              
5820                           31041.56736111098              5731.664682434701              2067.612411385698              2608.677629601533              -3.894537285589925             4.165406456098458              5.255435003381231              6628.136999999987              2.611294368322176e-15          51.60000000000009              5370.295646313349              
5880                           31041.56805555542              5484.067453365594              2312.239132113832              2917.31973798324               -4.355314111885339             3.98546866252215               5.028410008639695              6628.136999999983              2.732316795079234e-15          51.6000000000001               5370.295646313344              
5940                           31041.56874999986              5209.456138216694              2545.475944259849              3211.591358183623              -4.794637002516486             3.78589876295276               4.77661546064722               6628.136999999983              2.744557979862302e-15          51.60000000000009              5370.295646313344              
6000                           31041.56944444431              4909.18345078465               2766.173941583289              3490.042931285599              -5.210341887386625             3.567679823060382              4.501291679595291              6628.136999999982              3.083047553728502e-15          51.60000000000009              5370.295646313343              
6060                           31041.57013888875              4584.728510772977              2973.245983061901              3751.302826683088              -5.60038103684269              3.331886772224831              4.20379488883171               6628.136999999983              2.712544815037205e-15          51.6000000000001               5370.295646313344              
6120                           31041.57083333319              4237.689557764437              3165.672048063047              3994.08409862579               -5.962833148630925             3.07968110851783               3.885590534210755              6628.136999999982              2.67886288935007e-15           51.60000000000009              5370.295646313343              
6180                           31041.57152777764              3869.776078418218              3342.504260885315              4217.190825612997              -6.295912812081075             2.812305177254626              3.548246065421878              6628.136999999981              2.849904262774585e-15          51.60000000000009              5370.295646313341              
6240                           31041.57222222208              3482.800385672754              3502.871559919876              4419.524001409089              -6.597979302899284             2.531076051298424              3.193423214855482              6628.136999999981              2.905190372559398e-15          51.6000000000001               5370.295646313341              
6300                           31041.57291666652              3078.668691434353              3645.983988431635              4600.086948662036              -6.867544665247267             2.237379043262778              2.822869812039518              6628.136999999977              3.05601923213198e-15           51.6000000000001               5370.295646313336              
6360                           31041.57361111097              2659.371716726884              3771.136585824141              4757.990228457862              -7.103281041296046             1.932660881570327              2.438411173968344              6628.136999999979              2.853205166411865e-15          51.60000000000009              5370.295646313338              
6420                           31041.57430555541              2226.974885556173              3877.712860220182              4892.45602162695               -7.304027212149451             1.618422583982072              2.041941113734394              6628.136999999979              3.0788235201838e-15            51.60000000000009              5370.295646313338              
6480                           31041.57499999985              1783.608150793369              3965.187825252419              5002.821960220268              -7.46879431791731              1.296212063701636              1.635412611753445              6628.136999999982              3.099160363725314e-15          51.60000000000009              5370.295646313341              
6540                           31041.57569444429              1331.455502194187              4033.130586105041              5088.544390281914              -7.596770728761703             0.9676165044762441             1.220828195536289              6628.136999999986              3.281237456906449e-15          51.6000000000001               5370.295646313348              
6600                           31041.57638888874              872.7442082366935              4081.20646206783               5149.201049845868              -7.687326042921864             0.6342545422540931             0.800230075395301              6628.136999999986              3.309329892949605e-15          51.6000000000001               5370.295646313348              
6660                           31041.57708333318              409.7338447714969              4109.178635147086              5184.493148965304              -7.740014192023819             0.2977682919106426             0.3756900846766454             6628.136999999986              3.369635925946351e-15          51.6000000000001               5370.295646313348              
6720                           31041.57777777762              -55.29483547163598             4116.909316612488              5194.246841528433              -7.754575638378193             -0.04018474168044457           -0.05070052592826847           6628.136999999982              3.169544653893212e-15          51.60000000000009              5370.295646313341              
6780                           31041.57847222207              -520.051137692817              4104.360425733566              5178.414081610817              -7.73093865344251              -0.3779398283862907            -0.4768413897196428            6628.13699999998               3.150478368417831e-15          51.60000000000009              5370.29564631334               
6840                           31041.57916666651              -982.2457088049271             4071.5937773624                5137.072860145815              -7.669219671150371             -0.7138332131448453            -0.9006333702308912            6628.136999999984              3.498636025374305e-15          51.60000000000008              5370.295646313345              
6900                           31041.57986111095              -1439.601814607337             4018.770777438495              5070.426820747366              -7.569722714367022             -1.04621031149181              -1.319988901410208             6628.136999999982              3.273007174377505e-15          51.60000000000007              5370.295646313341              
6960                           31041.5805555554               -1889.866554799983             3946.1516279158                4978.804256577527              -7.432937897296583             -1.373433859913918             -1.732842270807182             6628.136999999982              3.318934695600105e-15          51.60000000000007              5370.295646313343              
7020                           31041.58124999984              -2330.821960593511             3854.094045028283              4862.656493200102              -7.259539011217909             -1.693891980880561             -2.137159795110279             6628.136999999981              3.161799207515938e-15          51.60000000000007              5370.295646313341              
7080                           31041.58194444428              -2760.295920249555             3743.051497207828              4722.555665386321              -7.050380205441622             -2.006006122826067             -2.530949837911313             6628.136999999981              3.297768164262776e-15          51.60000000000007              5370.295646313341              
7140                           31041.58263888873              -3176.172878732762             3613.570971334309              4559.191898823844              -6.806491779837592             -2.308238835970883             -2.912272620350147             6628.136999999979              3.130014088242526e-15          51.60000000000007              5370.295646313338              
7200                           31041.58333333317              -3576.404258768948             3466.290278321131              4373.369910611753              -6.529075109658615             -2.599101345678582             -3.2792497763132               6628.136999999979              3.175501852542207e-15          51.60000000000007              5370.295646313338              
7260                           31041.58402777761              -3959.018551976044             3301.934911308701              4166.005045287247              -6.219496727660155             -2.877160886042937             -3.630073605117576             6628.136999999979              3.08596055162235e-15           51.60000000000007              5370.295646313338              
7320                           31041.58472222205              -4322.131030359737             3121.314471942134              3938.11876591026               -5.87928159266718              -3.141047757580383             -3.96301597610282              6628.136999999976              3.006965902966019e-15          51.60000000000005              5370.295646313335              
7380                           31041.5854166665               -4663.953030335724             2925.318682337048              3690.833622416555              -5.510105577746628             -3.389462074262228             -4.27643684126699              6628.136999999976              2.994302905600952e-15          51.60000000000004              5370.295646313335              
7440                           31041.58611111094              -4982.800763546214             2714.913002378227              3425.3677220248                -5.113787214988132             -3.621180166651259             -4.568792314014461             6628.136999999981              3.453484440603658e-15          51.60000000000005              5370.295646313341              
7500                           31041.58680555538              -5277.103611069293             2491.13387393996               3143.028728935955              -4.692278737557602             -3.835060609601399             -4.838642274220188             6628.136999999979              3.310532350615382e-15          51.60000000000005              5370.295646313338              
7560                           31041.58749999983              -5545.411860164533             2255.083615454667              2845.207422882007              -4.247656463149797             -4.030049844828443             -5.084657462148471             6628.136999999976              2.950170435921831e-15          51.60000000000004              5370.295646313335              
7620                           31041.58819444427              -5786.403845444226             2007.924991978779              2533.370848254104              -3.782110566210235             -4.205187370655515             -5.305626026282137             6628.136999999976              2.884924001956145e-15          51.60000000000007              5370.295646313335              
7680                           31041.58888888871              -5998.892459293404             1750.875487503281              2209.055087556968              -3.297934289307676             -4.359610473368982             -5.500459492808057             6628.136999999977              2.964188580266578e-15          51.60000000000008              5370.295646313336              
7740                           31041.58958333316              -6181.830999468827             1485.20130772307               1873.857694786972              -2.797512646801128             -4.492558476878542             -5.668198127353755             6628.136999999974              2.732221082543357e-15          51.60000000000008              5370.295646313333              
7800                           31041.5902777776               -6334.318325072136             1212.21114280704               1529.429826006475              -2.283310676446201             -4.603376489747957             -5.80801566256365              6628.136999999972              2.487509402522858e-15          51.60000000000007              5370.295646313331              
7860                           31041.59097222204              -6455.603295499215             933.2497208929624              1177.468105878582              -1.757861296812496             -4.691518631138907             -5.91922336822723              6628.136999999972              2.481460508707959e-15          51.60000000000005              5370.295646313331              
7920                           31041.59166666649              -6545.088470499893             649.6911840621681              819.7062702271478              -1.223752830325422             -4.756550719777174             -6.001273443910039             6628.136999999972              2.379954228605654e-15          51.60000000000007              5370.295646313331              
7980                           31041.59236111093              -6602.333053121742             362.9323194234496              457.9066257901063              -0.6836162533929679            -4.798152412695543             -6.053761717375649             6628.136999999968              1.831028961059075e-15          51.60000000000007              5370.295646313325              
8040                           31041.59305555537              -6627.055061041297             74.38567864933228              93.85136923472555              -0.1401122364223039            -4.816118783218127             -6.076429635506392             6628.13699999997               1.965362686467307e-15          51.60000000000007              5370.295646313328              
8100                           31041.59374999981              -6619.132715586856             -214.5273801426569             -270.6661918033721             0.4040819624339278             -4.810361330413095             -6.069165537915732             6628.136999999972              2.103211307267116e-15          51.60000000000007              5370.29564631333               
8160                           31041.59444444426              -6578.605041610659             -502.383693888578              -633.8504724129482             0.9462856852412582             -4.780908415041327             -6.032005206978569             6628.13699999997               2.041133708347019e-15          51.60000000000007              5370.295646313328              
8220                           31041.5951388887               -6505.671675255538             -787.7653049676925             -993.9124553175658             1.483828078994093              -4.727905119853518             -5.965131691570073             6628.136999999968              1.901485923245254e-15          51.60000000000007              5370.295646313325              
8280                           31041.59583333314              -6400.691880562929             -1069.266445950472             -1349.078503434355             2.014061252028106              -4.651612534923944             -5.86887440538128              6628.136999999972              2.142665053005607e-15          51.60000000000007              5370.29564631333               
8340                           31041.59652777759              -6264.182779766389             -1345.500464298679             -1697.599096671152             2.53437331732686               -4.552406471541226             -5.743707504253091             6628.136999999968              1.984867321145527e-15          51.60000000000007              5370.295646313325              
8400                           31041.59722222203              -6096.816805988042             -1615.106652906998             -2037.757449925231             3.042201258472365              -4.430775610991405             -5.590247550521796             6628.13699999997               2.024845935658125e-15          51.60000000000007              5370.295646313328              
8460                           31041.59791666647              -5899.41839088576              -1876.756952839494             -2367.877969832049             3.5350435548629                -4.287319097352266             -5.409250475881372             6628.13699999997               2.041486892261088e-15          51.60000000000007              5370.295646313328              
8520                           31041.59861111092              -5672.959903567499             -2129.162495243754             -2686.334508606717             4.010472504007263              -4.122743586156608             -5.201607857723253             6628.136999999968              1.921706027553352e-15          51.60000000000007              5370.295646313325              
8580                           31041.59930555536              -5418.556860777342             -2371.079950217747             -2991.558374320428             4.466146180196801              -3.937859763462519             -4.968342527296044             6628.136999999972              2.345772877624671e-15          51.60000000000007              5370.295646313331              
8640                           31041.5999999998               -5137.462431947528             -2601.317651355388             -3282.046058153842             4.899819970647746              -3.733578352477453             -4.710603531319023             6628.13699999997               2.307255037850121e-15          51.60000000000007              5370.295646313328              
8700                           31041.60069444425              -4831.061266184131             -2818.741465801779             -3556.366640563584             5.309357632287707              -3.510905627407149             -4.429660471868142             6628.136999999972              2.553187570617256e-15          51.60000000000009              5370.29564631333               
8760                           31041.60138888869              -4500.862671594188             -3022.28038090268              -3813.168839879672             5.69274181472146               -3.270938456627828             -4.126897252415785             6628.136999999972              2.399605117937288e-15          51.60000000000008              5370.29564631333               
8820                           31041.60208333313              -4148.493180552349             -3210.931779928833             -4051.187668613023             6.048083997540755              -3.014858899598621             -3.803805260830837             6628.136999999967              2.034061817740856e-15          51.60000000000008              5370.295646313324              
8880                           31041.60277777757              -3775.688537530003             -3383.766380887321             -4269.250664684587             6.373633793027705              -2.743928384129397             -3.461976022919025             6628.136999999966              1.943589054349812e-15          51.60000000000008              5370.295646313323              
8940                           31041.60347222202              -3384.285148954166             -3539.932814091762             -4466.283666881582             6.667787568427359              -2.45948149268632              -3.103093362691643             6628.136999999964              1.946382685173669e-15          51.60000000000008              5370.295646313321              
9000                           31041.60416666646              -2976.21103721348              -3678.661815942606             -4641.31610609136              6.929096345316879              -2.162919388343315             -2.728925107980563             6628.136999999967              1.914642994761486e-15          51.60000000000009              5370.295646313324              
9060                           31041.6048611109               -2553.476343371169             -3799.270018259275             -4793.485786248723             7.156272937159567              -1.855702912762681             -2.341314382257013             6628.136999999967              1.910993909079602e-15          51.60000000000009              5370.295646313324              
9120                           31041.60555555535              -2118.163425367844             -3901.163314498222             -4922.043131446107             7.348198289884784              -1.539345390203652             -1.94217052554994              6628.136999999966              2.071785860747158e-15          51.60000000000011              5370.295646313323              
9180                           31041.60624999979              -1672.416600489644             -3983.839786275151             -5026.354878285696             7.503926994260514              -1.215405173005817             -1.5334596891868               6628.136999999964              2.138106215740871e-15          51.6000000000001               5370.295646313321              
9240                           31041.60694444423              -1218.431582629485             -4046.892175775613             -5105.907195285256             7.622691942905079              -0.8854779652677286            -1.117195150686359             6628.136999999967              1.985749172748552e-15          51.6000000000001               5370.295646313324              
9300                           31041.60763888868              -758.4446663726727             -4090.009891875048             -5160.308213971695             7.703908108997924              -0.5511889625336976            -0.6954273965115664            6628.136999999972              1.899210593949341e-15          51.6000000000001               5370.29564631333               
9360                           31041.60833333312              -294.7217111851979             -4112.980540086301             -5189.289959194431             7.747175428075844              -0.2141848462080243            -0.2702340215340826            6628.136999999972              1.93423262418976e-15           51.60000000000011              5370.29564631333               
9420                           31041.60902777756              170.4530200322478              -4115.690968798208             -5192.709669149956             7.75228076871915               0.1238743278684247             0.1562905050350776             6628.136999999976              1.833390846780961e-15          51.60000000000011              5370.295646313335              
9480                           31041.60972222201              634.788113044134               -4098.127826651552             -5170.550498615288             7.719198982420319              0.4613233067230655             0.582045156836581              6628.136999999974              1.890647368211177e-15          51.60000000000011              5370.295646313333              
9540                           31041.61041666645              1095.996289606865              -4060.377628306813             -5122.921601926214             7.648093027463572              0.7964998431571114             1.004932699853808              6628.136999999972              2.025817101795342e-15          51.60000000000012              5370.29564631333               
9600                           31041.61111111089              1551.805674421984              -4002.62632827974              -5050.057595291592             7.539313166205148              1.127752883844878              1.422870023223099              6628.136999999968              2.259637942168767e-15          51.60000000000011              5370.295646313325              
9660                           31041.61180555533              1999.970986215679              -3925.158404943988             -4952.31740109232              7.393395239708414              1.453450702292949              1.833798400474466              6628.136999999966              2.516243359257527e-15          51.60000000000011              5370.295646313323              
9720                           31041.61249999978              2438.284597818202              -3828.355459212967             -4830.182479857832             7.211058028232819              1.771988936596887              2.235693630656679              6628.136999999966              2.616869023557298e-15          51.60000000000011              5370.295646313323              
9780                           31041.61319444422              2864.587410762136              -3712.694334803682             -4684.254458629302             6.99319971057872               2.081798492402114              2.626576009392373              6628.136999999965              2.894778549202392e-15          51.60000000000011              5370.295646313322              
9840                           31041.61388888866              3276.779490832072              -3578.744769341979             -4515.252167392037             6.740893439729074              2.38135327213962               3.004520080746507              6628.136999999962              3.238865744931212e-15          51.60000000000011              5370.295646313318              
9900                           31041.61458333311              3672.830412175831              -3427.166587879706             -4324.008098175356             6.455382056582022              2.669177692462875              3.367664121871265              6628.13699999996               3.398653430325141e-15          51.60000000000011              5370.295646313316              
9960                           31041.61527777755              4050.789259022928              -3258.706452648254             -4111.464304262155             6.13807196781412               2.943853952855638              3.714219313706753              6628.13699999996               3.375915310879142e-15          51.60000000000011              5370.295646313316              
10020                          31041.61597222199              4408.794235742626              -3074.194185058984             -3878.667759708336             5.790526218031372              3.204029019606084              4.042478552563376              6628.13699999996               3.441201277767717e-15          51.60000000000011              5370.295646313316              
10080                          31041.61666666644              4745.081837903163              -2874.538678068052             -3626.765202030741             5.414456790334123              3.44842129074473               4.35082485918069               6628.13699999996               3.428074666634724e-15          51.60000000000011              5370.295646313316              
10140                          31041.61736111088              5057.995539156244              -2660.723419040998             -3356.997483468092             5.011716173222592              3.6758269091152                4.637739343840401              6628.136999999962              3.199728415314643e-15          51.6000000000001               5370.295646313319              
10200                          31041.61805555532              5345.993951155883              -2433.801645171135             -3070.693458640209             4.584288235383845              3.885125692480145              4.901808688297967              6628.136999999961              3.45264612419759e-15           51.60000000000009              5370.295646313317              
10260                          31041.61874999976              5607.658416316493              -2194.891155315758             -2769.263438714388             4.134278453310259              4.075286651451068              5.141732107677406              6628.136999999958              3.939940259792714e-15          51.60000000000009              5370.295646313313              
10320                          31041.61944444421              5841.699996008857              -1945.168803806658             -2454.192244323228             3.663903539887493              4.245373068061182              5.356327758035551              6628.136999999958              3.976011642170944e-15          51.60000000000008              5370.295646313313              
10380                          31041.62013888865              6046.965819770709              -1685.864703357998             -2127.031891454663             3.175480525040693              4.394547109964623              5.54453855803261               6628.136999999958              4.022981260298099e-15          51.60000000000007              5370.295646313313              
10440                          31041.62083333309              6222.444764256192              -1418.25616562758              -1789.393946342961             2.671415342226847              4.522073957532874              5.705437396031916              6628.136999999958              4.113029543131161e-15          51.60000000000008              5370.295646313313              
10500                          31041.62152777754              6367.272433950149              -1143.661409279821             -1442.941587019868             2.154190976995302              4.627325423518608              5.838231696979131              6628.136999999956              4.382501626008541e-15          51.60000000000007              5370.29564631331               
10560                          31041.62222222198              6480.735419112615              -863.4330665440132             -1089.381410630094             1.626355235995732              4.709783047456787              5.942267326564785              6628.136999999954              4.491069209264999e-15          51.60000000000007              5370.29564631331               
10620                          31041.62291666642              6562.274809979239              -578.9515202540719             -730.4550268676462             1.090508196682434              4.769040649560247              6.017031813438573              6628.136999999954              4.60887486135926e-15           51.60000000000007              5370.29564631331               
10680                          31041.62361111087              6611.488949906936              -291.6181041909802             -367.9304789431016             0.5492893995367591             4.804806331529466              6.062156873603024              6628.136999999958              4.329856594478053e-15          51.60000000000007              5370.295646313313              
10740                          31041.62430555531              6628.135413903006              -2.848200222509519             -3.593534341443075             0.005364845897753823           4.816903914420688              6.077420224551588              6628.136999999959              4.286738050313032e-15          51.60000000000007              5370.295646313314              
10800                          31041.62499999975              6612.13220279163               285.9357337568312              360.7611117284881              -0.5385861345513008            4.805273806489579              6.062746680214816              6628.136999999955              4.618538376611487e-15          51.60000000000008              5370.29564631331               
10860                          31041.6256944442               6563.558147135377              573.3111707418004              723.3386768618063              -1.079884081950731             4.769973296735492              6.018208521321052              6628.136999999955              4.630199008363478e-15          51.6000000000001               5370.29564631331               
10920                          31041.62638888864              6482.652518922038              857.8625218728615              1082.353132414918              -1.615862605073548             4.711176272700339              5.944025139347228              6628.136999999955              4.787939160005437e-15          51.60000000000009              5370.29564631331               
10980                          31041.62708333308              6369.81385292958               1138.188109515861              1436.036001342513              -2.143881515759472             4.62917236391221               5.840561955813661              6628.136999999954              4.817313194011949e-15          51.60000000000008              5370.29564631331               
11040                          31041.62777777752              6225.597983575101              1412.907071816097              1782.645069576767              -2.661339834274695             4.52436551519303               5.708328622246311              6628.136999999957              4.747473315582721e-15          51.60000000000008              5370.295646313312              
11100                          31041.62847222197              6050.71530691808               1680.666164715499              2120.472968037167              -3.165688601534023             4.397271996858058              5.547976509673339              6628.136999999952              4.776533853308208e-15          51.60000000000007              5370.295646313306              
11160                          31041.62916666641              5846.027281305132              1940.1464279267                2447.855582996673              -3.654443435073377             4.248517861608812              5.360295500022522              6628.136999999954              4.585961455694573e-15          51.60000000000007              5370.29564631331               
11220                          31041.62986111085              5612.542183893754              2190.069682027947              2763.180253375393              -4.125196766922916             4.078835860646571              5.146210095224836              6628.136999999954              4.475032618867022e-15          51.60000000000007              5370.29564631331               
11280                          31041.6305555553               5351.41014395815               2429.204824674668              3064.893714582558              -4.575629703098009             3.889061834197436              4.906774863190472              6628.136999999956              4.383044923131286e-15          51.60000000000008              5370.29564631331               
11340                          31041.63124999974              5063.917477442643              2656.373894913045              3351.509749776057              -5.00352344628909              3.68013059422895               4.643169243090029              6628.136999999954              4.20950395713865e-15           51.60000000000007              5370.29564631331               
11400                          31041.63194444418              4751.480350670242              2870.457875723271              3621.616510850003              -5.406770225483152             3.453071319639669              4.356691735529685              6628.136999999956              4.206340405986237e-15          51.60000000000008              5370.29564631331               
11460                          31041.63263888863              4415.637804418419              3070.402206209608              3873.883473087766              -5.783383678678418             3.209002486604645              4.048753506239066              6628.136999999953              4.238503390539098e-15          51.60000000000008              5370.295646313308              
11520                          31041.63333333307              4058.044172724979              3255.221976284634              4107.067989222342              -6.131508637547744             2.949126359049527              3.720871434779568              6628.136999999952              4.37776530233403e-15           51.60000000000008              5370.295646313306              
11580                          31041.63402777751              3680.460933768354              3424.006778259071              4320.021410619322              -6.449430265852259             2.674723066392774              3.374660642514622              6628.136999999954              4.308044118410887e-15          51.60000000000008              5370.29564631331               
11640                          31041.63472222196              3284.748032964274              3575.925191438651              4511.694745429946              -6.735582506590172             2.387144297728553              3.011826536648558              6628.136999999954              4.076563956764389e-15          51.60000000000008              5370.29564631331               
11700                          31041.6354166664               2872.854721020564              3710.228877637231              4681.14382584268               -6.988555796270704             2.087806643512304              2.634156409524495              6628.136999999954              3.85918569995574e-15           51.60000000000008              5370.29564631331               
11760                          31041.63611111084              2446.809952081049              3826.256267431993              4827.533958979771              -7.207104008313282             1.778184617547273              2.243510634562463              6628.136999999951              3.935255430795365e-15          51.60000000000009              5370.295646313304              
11820                          31041.63680555528              2008.712389256614              3923.435819002533              4950.144038528905              -7.390150591369308             1.459803393645186              1.841813502205873              6628.136999999952              3.894558037239318e-15          51.60000000000009              5370.295646313306              
11880                          31041.63749999973              1560.720066775344              4001.288833501025              5048.370096856321              -7.536793872329666             1.134231292739699              1.431043741017742              6628.136999999948              3.899931093747051e-15          51.60000000000008              5370.295646313301              
11940                          31041.63819444417              1105.039759675202              4059.431813085198              5121.728280104001              -7.646311497895717             0.8030720574604971             1.013224770619013              6628.136999999946              3.859185699955744e-15          51.60000000000008              5370.295646313299              
12000                          31041.63888888861              643.9161134033026              4097.578349998623              5169.857231615822              -7.718163992834993             0.4679569522229116             0.5904147344822276             6628.136999999946              3.94408669557633e-15           51.60000000000007              5370.295646313299              
12060                          31041.63958333306              179.6205868685215              4115.540537392855              5192.519871952092              -7.751997417393859             0.1305367277473724             0.1646963616782307             6628.136999999944              3.906667094470353e-15          51.60000000000005              5370.295646313297              
12120                          31041.6402777775               -285.5597365869087             4113.229894941826              5189.604566724276              -7.747645110776989             -0.2075265104091493            -0.2618332924838533            6628.136999999938              3.87687183109215e-15           51.60000000000005              5370.295646313289              
12180                          31041.64097222194              -749.3334151805313             4090.657804688993              5161.125676497238              -7.705128512105363             -0.5445674892547304            -0.6870731763865704            6628.136999999937              3.857376594253279e-15          51.60000000000004              5370.295646313288              
12240                          31041.64166666639              -1209.415936152136             4047.935454980282              5107.223486050221              -7.624657054808839             -0.8789259713666224            -1.108928591719589             6628.136999999937              3.829285989522981e-15          51.60000000000004              5370.295646313288              
12300                          31041.64236111083              -1663.540969094405             3985.27329275902               5028.163513345031              -7.506627134973511             -1.20895493309056              -1.525321511799258             6628.136999999937              3.868658769425804e-15          51.60000000000004              5370.295646313288              
12360                          31041.64305555527              -2109.471529718724             3902.979986920802              4924.335201605386              -7.351620158725674             -1.533028677650082             -1.934200817765042             6628.136999999939              3.979656517115562e-15          51.60000000000005              5370.29564631329               
12420                          31041.64374999972              -2545.010999064301             3801.46090783472               4796.250000950144              -7.160399678270866             -1.849550843201323             -2.333552402230128             6628.136999999941              4.034273401107381e-15          51.60000000000005              5370.295646313292              
12480                          31041.64444444416              -2968.01394387086              3681.21613052073               4644.538849030138              -6.933907630695593             -2.156962266386233             -2.721409090616416             6628.136999999938              4.000449795603854e-15          51.60000000000004              5370.295646313289              
12540                          31041.6451388886               -3376.396684814581             3542.837971319325              4469.949063078809              -6.673259698059134             -2.453748662648969             -3.095860331302179             6628.136999999941              4.232270310240329e-15          51.60000000000005              5370.295646313292              
12600                          31041.64583333304              -3768.147560548998             3387.008070187715              4273.340658686124              -6.379739811631229             -2.738448085482832             -3.455061606849477             6628.136999999939              4.286349789154906e-15          51.60000000000005              5370.29564631329               
12660                          31041.64652777749              -4141.336836990983             3214.494032994856              4055.682113429255              -6.054793827347376             -3.009658127864074             -3.797243519952364             6628.136999999941              4.138336736316184e-15          51.60000000000004              5370.295646313292              
12720                          31041.64722222193              -4494.126213039466             3026.145650355167              3818.045596228                 -5.700022403635894             -3.26604283039889              -4.120720509349219             6628.136999999941              4.249620641081857e-15          51.60000000000004              5370.295646313292              
12780                          31041.64791666637              -4824.777875902456             2822.890711626617              3561.60168592479               -5.317173116700088             -3.506339262154588             -4.4238991527653               6628.136999999938              4.159911966458054e-15          51.60000000000005              5370.295646313289              
12840                          31041.64861111082              -5131.663061426526             2605.730434693131              3287.613605105139              -4.908131852094941             -3.729363741758299             -4.705286015985862             6628.13699999994               4.433514440261858e-15          51.60000000000004              5370.295646313291              
12900                          31041.64930555526              -5413.270077261272             2375.734534043831              2997.430997562278              -4.474913515002821             -3.934017668118559             -4.963495009395961             6628.13699999994               4.149873710325515e-15          51.60000000000004              5370.295646313291              
12960                          31041.6499999997               -5668.211749337242             2134.03595144338               2692.483280057704              -4.019652104968601             -4.119292932048113             -5.197254215749164             6628.136999999937              3.946340427581651e-15          51.60000000000004              5370.295646313288              
13020                          31041.65069444415              -5895.232254976586             1881.825275149717              2374.272601126343              -3.544590203985312             -4.284276882130691             -5.405412155532122             6628.13699999994               4.225554790814158e-15          51.60000000000004              5370.295646313291              
13080                          31041.65138888859              -6093.213308977059             1620.3448751697                2044.3664416107                -3.052067929711156             -4.428156820370284             -5.586943459062329             6628.136999999937              3.976098597111891e-15          51.60000000000007              5370.295646313288              
13140                          31041.65208333303              -6261.179672197198             1350.882783441905              1704.389893373195              -2.544511408233494             -4.550224005477729             -5.740953917378746             6628.136999999935              3.768567744743966e-15          51.60000000000007              5370.295646313286              
13200                          31041.65277777748              -6398.303955507838             1074.766349092336              1356.017654221118              -2.024420823162056             -4.649877144074698             -5.866684887044995             6628.136999999937              3.871517625102266e-15          51.60000000000005              5370.295646313288              
13260                          31041.65347222192              -6503.910695446047             793.3557000167556              1000.965778476612              -1.494358099920606             -4.726625352617714             -5.963517027167417             6628.136999999937              3.803802972027015e-15          51.60000000000007              5370.295646313288              
13320                          31041.65416666636              -6577.479681495168             508.0370429973644              640.9832238276911              -0.9569342859032722            -4.780090575451975             -6.030973350219727             6628.136999999935              3.743234383818011e-15          51.60000000000007              5370.295646313286              
13380                          31041.6548611108               -6618.648518601015             220.2158353569313              277.8432360998686              -0.4147966886599068            -4.81000944708386              -6.068721571646154             6628.136999999933              3.575556447946162e-15          51.60000000000005              5370.295646313284              
13440                          31041.65555555525              -6627.214412301477             -68.69013821372663             -86.66538561367987             0.1293841645332363             -4.816234589498681             -6.076575746669096             6628.136999999929              3.180250581599378e-15          51.60000000000005              5370.295646313278              
13500                          31041.65624999969              -6603.135167676134             -357.257749551914              -450.747100436127              0.6729276814813778             -4.798735338133234             -6.054497186238507             6628.136999999933              3.595275064126303e-15          51.60000000000005              5370.295646313284              
13560                          31041.65694444413              -6546.529397195123             -644.0655372407505             -812.6084704005021             1.213156409458085              -4.757597892927022             -6.002594647611123             6628.136999999932              3.331101390321726e-15          51.60000000000005              5370.295646313281              
13620                          31041.65763888858              -6457.675936443417             -927.7007086166032             -1170.466994784432             1.747409224127374              -4.693024893708121             -5.921123798620751             6628.136999999932              3.313006095248466e-15          51.60000000000004              5370.295646313281              
13680                          31041.65833333302              -6337.012470598604             -1206.766099074922             -1522.55989056887              2.27305443803343               -4.605334422005281             -5.810485958278568             6628.136999999935              3.662735842611228e-15          51.60000000000005              5370.295646313286              
13740                          31041.65902777746              -6185.133378428037             -1479.887054393484             -1867.152775768969             2.787502764086582              -4.494958434203262             -5.671226119907158             6628.136999999932              3.31753917211477e-15           51.60000000000005              5370.295646313281              
13800                          31041.65972222191              -6002.786804425655             -1745.718202171254             -2202.548212863685             3.288220070188386              -4.36244063375958              -5.504030266546156             6628.136999999931              3.001138161216074e-15          51.60000000000005              5370.29564631328               
13860                          31041.66041666635              -5790.87097351089              -2002.950079027295             -2527.094070239851             3.772739862167555              -4.208433792963914             -5.309721991853608             6628.136999999932              3.123718539133856e-15          51.60000000000007              5370.295646313281              
13920                          31041.66111111079              -5550.429766443174             -2250.315580914668             -2839.191660462902             4.238675433536758              -4.03369653743302              -5.089258443148212             6628.136999999931              2.817299030521906e-15          51.60000000000007              5370.29564631328               
13980                          31041.66180555524              -5282.647577747209             -2486.596204775563             -3137.30361528577              4.683731622221565              -3.839089609180447             -4.843725606576719             6628.136999999933              3.19683286573234e-15           51.60000000000007              5370.295646313284              
14040                          31041.66249999968              -4988.843481478442             -2710.628050791783             -3419.961458604271             5.105716116348768              -3.625571626668904             -4.574332957631351             6628.136999999933              3.217139471745636e-15          51.60000000000007              5370.295646313284              
14100                          31041.66319444412              -4670.46473356775              -2921.307555663938             -3685.772840055201             5.5025502534027                -3.394194362730911             -4.282407503368415             6628.136999999933              3.216848408731341e-15          51.60000000000007              5370.295646313284              
14160                          31041.66388888856              -4329.079642752248             -3117.596928677698             -3933.428393624999             5.87227925955373               -3.146097563618328             -3.969387245675636             6628.136999999937              3.325669497124151e-15          51.60000000000005              5370.295646313288              
14220                          31041.66458333301              -3966.369845209474             -3298.52926377944              -4161.708187484021             6.213081878720804              -2.882503334701731             -3.636814097787658             6628.136999999937              3.231027137663531e-15          51.60000000000007              5370.295646313288              
14280                          31041.66527777745              -3584.122020949498             -3463.213302479617             -4369.487733275037             6.523279343936029              -2.604710120475217             -3.286326288942409             6628.136999999938              3.275489702118129e-15          51.60000000000007              5370.295646313289              
14340                          31041.66597222189              -3184.219092769348             -3610.837824122167             -4555.743525254663             6.801343646819073              -2.314086308520689             -2.919650294592386             6628.13699999994               3.428211736592727e-15          51.60000000000005              5370.295646313291              
14400                          31041.66666666634              -2768.630951123012             -3740.675641893823             -4719.558082002367             7.045905064426575              -2.012063488937965             -2.538592331922004             6628.136999999938              3.269710936356612e-15          51.60000000000007              5370.295646313289              
14460                          31041.66736111078              -2339.404750595595             -3852.087184889319             -4860.12446586198              7.255758906399924              -1.700129402444251             -2.145029462563437             6628.13699999994               3.461567654631546e-15          51.60000000000007              5370.295646313291              
14520                          31041.66805555522              -1898.654825780416             -3944.523648587493             -4976.750257853281             7.42987144917546               -1.37982061188007              -1.740900346338264             6628.136999999936              3.106922297572231e-15          51.60000000000007              5370.295646313287              
14580                          31041.66874999967              -1448.552276232664             -4017.529698219311             -5068.860968473587             7.56738502802566               -1.052714933221246             -1.328195691571262             6628.136999999936              3.0684063502045e-15            51.60000000000005              5370.295646313287              
14640                          31041.66944444411              -991.3142718032963             -4070.745711711214             -5136.00286758797              7.667622261848305              -0.7204236633811776            -0.9089484490173615            6628.136999999936              2.96021720511866e-15           51.60000000000007              5370.295646313287              
14700                          31041.67013888855              -529.1931310342776             -4103.909551155252             -5177.84521946831              7.730089389892658              -0.3845836430886402            -0.4852237977057005            6628.136999999934              2.869637705483066e-15          51.60000000000007              5370.295646313284              
14760                          31041.670833333                -64.4652264141284              -4116.857854079849             -5194.181911971554             7.75447870398618               -0.04684919393875885           -0.0591089720297286            6628.136999999938              2.995063185972318e-15          51.60000000000005              5370.295646313289              
14820                          31041.67152777744              400.5802288543878              -4109.526838160519             -5184.932471831953             7.740670064280855              0.291116030665398              0.3672970198056816             6628.136999999936              2.913349524372744e-15          51.60000000000005              5370.295646313287              
14880                          31041.67222222188              863.6524573389237              -4081.952615406606             -5150.142461066069             7.688731491052659              0.6276472405389782             0.7918937353339969             6628.136999999936              2.958066558620017e-15          51.60000000000005              5370.295646313287              
14940                          31041.67291666632              1322.470401567481              -4034.271014276344             -5089.983252537844             7.598918829639012              0.9610867093412009             1.212589644441845              6628.136999999932              2.817933705444341e-15          51.60000000000005              5370.295646313282              
15000                          31041.67361111077              1774.773960338579              -3966.716910596538             -5004.751185789325             7.471674490164721              1.289791940405272              1.627312432082284              6628.136999999932              2.762852080230587e-15          51.60000000000005              5370.295646313281              
15060                          31041.67430555521              2218.335121802485              -3879.62307058266              -4894.866107295318             7.307625268264404              1.612143757548121              2.034019206336159              6628.136999999932              2.727496098778493e-15          51.60000000000004              5370.295646313281              
15120                          31041.67499999965              2650.968938472807              -3773.418511658576             -4760.869302332597             7.107579257536368              1.926554281005262              2.430706561537447              6628.136999999932              2.747892935259862e-15          51.60000000000005              5370.295646313281              
15180                          31041.6756944441               3070.544290106413              -3648.626389150372             -4603.420828651077             6.872521868936928              2.231474749201953              2.81542044689241               6628.136999999933              2.800491522926449e-15          51.60000000000005              5370.295646313284              
15240                          31041.67638888854              3474.994381434577              -3505.861419264256             -4423.296265081134             6.603610976723341              2.525403147831222              3.186265791980514              6628.136999999932              2.784133303369072e-15          51.60000000000004              5370.295646313281              
15300                          31041.67708333298              3862.326923034343              -3345.826851042745             -4221.382891093113             6.302171214856045              2.806891608658517              3.541415841722672              6628.136999999931              2.732316795079236e-15          51.60000000000005              5370.29564631328               
15360                          31041.67777777743              4230.633945189938              -3169.311002215051             -3998.675316128265             5.969687451955678              3.074553541607053              3.879121154833456              6628.136999999929              2.960217205118664e-15          51.60000000000004              5370.295646313278              
15420                          31041.67847222187              4578.101196401918              -2977.183376005783             -3756.270580230659             5.60779747695673               3.327070464991759              4.197718221431643              6628.136999999931              2.931948378384853e-15          51.60000000000005              5370.29564631328               
15480                          31041.67916666631              4903.017080247745              -2770.390378030273             -3495.362750113984             5.21828393148773               3.563198500256631              4.49563765735939               6628.136999999932              2.776114843922506e-15          51.60000000000004              5370.295646313282              
15540                          31041.67986111076              5203.781086571492              -2549.950654374755             -3217.237037282586             4.803065528718422              3.781774499222924              4.771411934845489              6628.13699999993               2.859189154271774e-15          51.60000000000005              5370.295646313279              
15600                          31041.6805555552               5478.91167547132               -2316.950073825649             -2923.26346718041              4.364187601929207              3.981721773665839              5.023682611432044              6628.136999999928              2.929329863189837e-15          51.60000000000004              5370.295646313278              
15660                          31041.68124999964              5727.053575248818              -2072.536378965102             -2614.89013055314              3.903812029359846              4.162055398996251              5.251207021555464              6628.136999999926              3.04790559871703e-15           51.60000000000007              5370.295646313274              
15720                          31041.68194444408              5946.984458371075              -1817.913532481064             -2293.63605026678              3.424206584966837              4.321887065921984              5.452864397819543              6628.136999999926              3.040481456202542e-15          51.60000000000007              5370.295646313274              
15780                          31041.68263888853              6137.620962560221              -1554.335786541526             -1961.08369872017              2.927733767546802              4.460429456189693              5.627661391807737              6628.136999999928              3.003807383424137e-15          51.60000000000007              5370.295646313278              
15840                          31041.68333333297              6298.024027351024              -1283.101504446735             -1618.871202710094             2.416839163252739              4.577000120852822              5.774736967239539              6628.13699999993               3.045872814969409e-15          51.60000000000007              5370.295646313279              
15900                          31041.68402777741              6427.40351982908               -1005.546764993426             -1268.684274147173             1.894039398828479              4.671024841961579              5.893366641367658              6628.136999999932              2.910262247431152e-15          51.60000000000007              5370.295646313281              
15960                          31041.68472222186              6525.122126763564              -723.0387810554737             -912.2479063712362             1.361909744902754              4.742040461115515              5.982966053723197              6628.136999999932              2.747818405109114e-15          51.60000000000007              5370.295646313282              
16020                          31041.6854166663               6590.698493962213              -436.9691648005312             -551.3178769694374             0.8230714304081058             4.78969716094547               6.043093844629481              6628.136999999936              2.371057737704727e-15          51.60000000000007              5370.295646313287              
16080                          31041.68611111074              6623.809597384321              -148.7470727176532             -187.6720989535982             0.2801787306127773             4.813760188286491              6.073453829305207              6628.136999999938              2.126791248162523e-15          51.60000000000007              5370.295646313289              
16140                          31041.68680555519              6624.292334331815              140.2077357770272              176.8981370998237              -0.2640941076310409            4.814111010553511              6.07389645684744               6628.136999999938              2.134849695582239e-15          51.60000000000007              5370.295646313289              
16200                          31041.68749999963              6592.144326880362              428.4718919638099              540.5969868065955              -0.8070660390174255            4.79074789962356               6.044419546907629              6628.136999999936              2.393482238284205e-15          51.60000000000007              5370.295646313287              
16260                          31041.68819444407              6527.52393359283               714.6254292220855              901.6328981632732              -1.346062426405584             4.743785940348375              5.985168300431831              6628.136999999939              2.101903693288407e-15          51.60000000000008              5370.29564631329               
16320                          31041.68888888852              6430.749469457432              997.2587776745199              1258.227436591832              -1.878428215872599             4.67345646365543               5.896434584412247              6628.136999999941              2.065284122409835e-15          51.60000000000008              5370.295646313292              
16380                          31041.68958333296              6302.297637893064              1274.979707617697              1608.624045368889              -2.401541015300777             4.580105907029947              5.778655494173307              6628.136999999936              2.671750067273798e-15          51.60000000000009              5370.295646313287              
16440                          31041.6902777774               6142.801182545661              1546.420187536424              1951.09669828633               -2.912824012075511             4.464194107991017              5.632411200274396              6628.136999999939              2.341409126340734e-15          51.60000000000008              5370.29564631329               
16500                          31041.69097222184              5953.045770442625              1810.243122919662              2283.958401921015              -3.409758666262079             4.326292038968049              5.458422090635184              6628.136999999934              2.879379256073833e-15          51.60000000000009              5370.295646313284              
16560                          31041.69166666629              5733.966121858693              2065.148942683196              2605.569505632044              -3.8898971167358               4.167078994735379              5.257545221961247              6628.136999999934              2.976894952159903e-15          51.60000000000007              5370.295646313284              
16620                          31041.69236111073              5486.641405957169              2309.882000754859              2914.345778351191              -4.350874239153909             3.987339246259492              5.030770097949969              6628.136999999932              3.124677054844072e-15          51.60000000000009              5370.295646313282              
16680                          31041.69305555517              5212.289924887297              2543.236761288576              3208.766212380871              -4.790419296372542             3.787958177441769              4.779213795072942              6628.136999999932              3.131819217538438e-15          51.60000000000009              5370.295646313281              
16740                          31041.69374999962              4912.263112523436              2764.063737039379              3487.380515758749              -5.206367123919774             3.569917923786836              4.504115459944907              6628.13699999993               3.335720679983738e-15          51.60000000000009              5370.295646313279              
16800                          31041.69444444406              4588.038877407806              2971.275151647404              3748.816256282174              -5.596668795425971             3.334292534480117              4.206830205384724              6628.13699999993               3.322549434131146e-15          51.60000000000009              5370.295646313279              
16860                          31041.6951388885               4241.214322688946              3163.850297938909              3991.785622001549              -5.959401715474351             3.082242681705798              3.888822435235935              6628.136999999932              3.216774247784651e-15          51.60000000000008              5370.295646313281              
16920                          31041.69583333295              3873.497878916887              3340.840565849741              4215.091764880976              -6.292779090155197             2.815009943266693              3.551658630828297              6628.136999999932              3.460882556775186e-15          51.60000000000009              5370.295646313282              
16980                          31041.69652777739              3486.700888448278              3501.374115204103              4417.634696377794              -6.595158728672485             2.533910686669389              3.196999634613645              6628.136999999935              3.229730098594695e-15          51.6000000000001               5370.295646313286              
17040                          31041.69722222183              3082.728682916034              3644.660170330867              4598.416705899845              -6.865051132646928             2.240329584801165              2.826592468986247              6628.136999999932              3.325446077139116e-15          51.60000000000009              5370.295646313281              
17100                          31041.69791666627              2663.571197715169              3769.992915362494              4756.547275449598              -7.101126833268152             1.935712795139971              2.442261730587542              6628.136999999932              3.297751044791971e-15          51.60000000000009              5370.295646313281              
17160                          31041.69861111072              2231.293169737139              3876.754971028636              4891.24746624594               -7.30222294015376              1.621560836096136              2.045900602486211              6628.136999999931              3.430283686594006e-15          51.60000000000009              5370.29564631328               
17220                          31041.69930555516              1788.023966637887              3964.420435817989              5001.853755715513              -7.467348869656135             1.299421195576384              1.639461528506888              6628.136999999929              3.530142916125343e-15          51.60000000000009              5370.295646313278              
17280                          31041.6999999996               1335.947097739804              4032.557476527883              5087.821305952853              -7.59569122439979              0.9708807081798                1.224946595645046              6628.136999999926              3.653971767657987e-15          51.60000000000008              5370.295646313274              
17340                          31041.70069444405              877.2894582360911              4080.830455440765              5148.726647549185              -7.68661780001302              0.6375577385750721             0.8043976719435036             6628.136999999927              3.610549197378761e-15          51.60000000000008              5370.295646313275              
17400                          31041.70138888849              414.3103596797298              4109.001583649261              5184.269765569497              -7.739680699317056             0.301094209563086              0.3798863484106219             6628.136999999929              3.587848471661995e-15          51.60000000000009              5370.295646313278              
17460                          31041.70208333293              -50.70959920800291             4116.932092385692              5194.27557740259               -7.75461853863242              -0.03685248590599299           -0.04649626547449777           6628.136999999924              3.734035688445745e-15          51.6000000000001               5370.295646313271              
17520                          31041.70277777738              -515.4797665879313             4104.58291658613               5178.694795204273              -7.73135773533444              -0.3746176489203777            -0.4726498424032715            6628.136999999926              3.745016152506794e-15          51.60000000000009              5370.295646313274              
17580                          31041.70347222182              -977.7107210742521             4072.014887321834              5137.604168685428              -7.670012870315478             -0.7105374747829128            -0.896475183285195             6628.136999999929              3.770756206376819e-15          51.60000000000008              5370.295646313278              
17640                          31041.70416666626              -1435.125549244689             4019.388432150173              5071.206107048948              -7.570886123568443             -1.042957248782496             -1.315884557737894             6628.136999999928              3.786599042065149e-15          51.60000000000009              5370.295646313278              
17700                          31041.70486111071              -1885.471061537398             3946.962784861064              4979.827681937887              -7.434465785671853             -1.370239497188943             -1.728811988083216             6628.136999999932              3.817609360073793e-15          51.60000000000009              5370.295646313282              
17760                          31041.70555555515              -2326.528891285999             3855.09470851165               4863.919016306196              -7.261423852508747             -1.690772053320127             -2.133223426191207             6628.136999999932              3.772218011505772e-15          51.60000000000009              5370.295646313281              
17820                          31041.70624999959              -2756.126422219756             3744.236738039476              4724.051067148368              -7.052612715067681             -2.002975998948597             -2.527126773041642             6628.136999999934              3.812336003127846e-15          51.60000000000009              5370.295646313284              
17880                          31041.70694444403              -3172.147490600898             3614.934951110876              4560.91281301007               -6.809060960631583             -2.305313441928899             -2.908581691647525             6628.136999999936              3.957862052369472e-15          51.60000000000011              5370.295646313287              
17940                          31041.70763888848              -3572.542809281184             3467.826278185235              4375.30786013387               -6.531968306037485             -2.596295091733654             -3.275709165002885             6628.136999999938              4.128767326179314e-15          51.60000000000011              5370.295646313289              
18000                          31041.70833333292              -3955.340062329646             3303.635365045503              4168.150483957931              -6.222699687965495             -2.874487595581863             -3.626700751973139             6628.136999999934              4.128767326179314e-15          51.60000000000011              5370.295646313284              
18060                          31041.70902777736              -4318.653620506146             3123.171003249915              3940.461125466918              -5.882778539367782             -3.138520599022268             -3.959827495534269             6628.136999999933              4.161012106201836e-15          51.60000000000011              5370.295646313284              
18120                          31041.70972222181              -4660.693829723094             2927.322146088222              3693.361364579756              -5.513879285157361             -3.387093496191885             -4.273448439479486             6628.136999999933              4.235551986502222e-15          51.60000000000011              5370.295646313284              
18180                          31041.71041666625              -4979.775826741095             2717.053529667517              3428.068395334933              -5.117819094122316             -3.618981836498462             -4.566018711640784             6628.136999999937              4.399658948784037e-15          51.6000000000001               5370.295646313288              
18240                          31041.71111111069              -5274.327838673098             2493.40092069785               3145.889030088148              -4.6965489276949               -3.833043356168033             -4.836097133808058             6628.136999999933              4.215849686215029e-15          51.60000000000011              5370.295646313284              
18300                          31041.71180555514              -5542.898925414342             2257.466014386666              2848.213262257159              -4.252143929668568             -4.028223604946677             -5.082353320859903             6628.136999999933              3.968650438388318e-15          51.60000000000011              5370.295646313284              
18360                          31041.71249999958              -5784.166126859489             2010.411007574635              2536.507419323245              -3.786793204202422             -4.203561140239749             -5.30357423413637              6628.136999999931              3.607165484089538e-15          51.60000000000009              5370.29564631328               
18420                          31041.71319444402              -5996.94097970033              1753.452873845181              2212.306939817058              -3.302789032465858             -4.358192263102676             -5.49867015677225              6628.136999999926              3.334090791862126e-15          51.6000000000001               5370.295646313274              
18480                          31041.71388888847              -6180.175371702812             1487.857368808077              1877.208809868867              -2.802515581041335             -4.491355272754216             -5.666680061556857             6628.136999999927              3.576867827356476e-15          51.60000000000009              5370.295646313275              
18540                          31041.71458333291              -6332.966704625679             1214.932795086602              1532.863696580159              -2.288437157706818             -4.602394218654739             -5.806776344878692             6628.136999999926              3.361310289447624e-15          51.60000000000009              5370.295646313274              
18600                          31041.71527777735              -6454.562340348606             936.0235577214492              1180.967816966978              -1.763086072448979             -4.690762131667149             -5.91826890343591              6628.136999999926              3.355754477742998e-15          51.60000000000011              5370.295646313274              
18660                          31041.71597222179              -6544.363308308546             652.5035417369552              823.2545825279681              -1.229050163502839             -4.75602371838393              -6.000608533631046             6628.136999999926              3.252901282576031e-15          51.60000000000011              5370.295646313274              
18720                          31041.71666666624              -6601.927255981727             365.7693444912454              461.4860605953023              -0.6889600498636337            -4.797857505348337             -6.053389636904859             6628.136999999927              3.397163820622307e-15          51.6000000000001               5370.295646313275              
18780                          31041.71736111068              -6626.970627877492             77.23339614720179              97.44429452923389              -0.1454761730639968            -4.816057422607416             -6.076352217683012             6628.136999999922              2.871905071138994e-15          51.6000000000001               5370.29564631327               
18840                          31041.71805555512              -6619.3700623104               -211.6829978477199             -267.0774744877066             0.3987243079523334             -4.810533818796435             -6.069383164093887             6628.136999999924              3.04479652102477e-15           51.6000000000001               5370.295646313271              
18900                          31041.71874999957              -6579.162999070212             -499.5566580006322             -630.2836408161065             0.94096070430546               -4.781313902754469             -6.032516805148777             6628.136999999922              3.00431836465067e-15           51.6000000000001               5370.29564631327               
18960                          31041.71944444401              -6506.547494996421             -784.969541243756              -990.3850793721952             1.478562002042464              -4.728541609495798             -5.965934741639879             6628.13699999992               2.728781149486477e-15          51.6000000000001               5370.295646313267              
19020                          31041.72013888845              -6401.8812483658               -1066.515726103336             -1345.607958717659             2.008880019342615              -4.65247689119731              -5.869964951589034             6628.13699999992               2.717744104780251e-15          51.6000000000001               5370.295646313267              
19080                          31041.7208333329               -6265.679836898752             -1342.808338158531             -1694.202478814159             2.529302451253275              -4.553494436694479             -5.74508017465372              6628.136999999918              2.49354362283919e-15           51.60000000000009              5370.295646313264              
19140                          31041.72152777734              -6098.614178063895             -1612.486381676022             -2034.451490401058             3.037265737699183              -4.432081825793544             -5.591895583448586             6628.136999999915              2.306809479418519e-15          51.60000000000011              5370.295646313261              
19200                          31041.72222222178              -5901.507224191255             -1874.221443768228             -2364.678953537978             3.530267691378285              -4.288837127491641             -5.411165753253402             6628.136999999916              2.241430589766351e-15          51.60000000000011              5370.295646313262              
19260                          31041.72291666623              -5675.329908673628             -2126.724238050986             -2683.258193646067             4.005879823340099              -4.124465953935833             -5.203780945034431             6628.136999999915              2.058222779249302e-15          51.60000000000011              5370.295646313261              
19320                          31041.72361111067              -5421.196363224863             -2368.750955567138             -2988.619914379374             4.461759305531783              -3.939777984633024             -4.970762720088742             6628.136999999911              1.887531776581317e-15          51.60000000000012              5370.295646313258              
19380                          31041.72430555511              -5140.358429754442             -2599.109391691891             -3279.259927855546             4.895660511385347              -3.735682978032226             -4.713258907913394             6628.13699999991               1.711769666149211e-15          51.60000000000011              5370.295646313254              
19440                          31041.72499999955              -4834.199493892416             -2816.664818839269             -3553.746564167339             5.305446077597964              -3.513186290125802             -4.43253795208738              6628.136999999909              1.672809852759549e-15          51.60000000000012              5370.295646313254              
19500                          31041.725694444                -4504.227670540328             -3020.345576041193             -3810.727723676274             5.689097432615934              -3.273383922144717             -4.129982662018057             6628.13699999991               1.914890677962943e-15          51.60000000000012              5370.295646313254              
19560                          31041.72638888844              -4152.068375015502             -3209.148347865344             -4048.937537349397             6.044724739959817              -3.017457121742442             -3.807083401330476             6628.136999999913              2.127656308847714e-15          51.60000000000012              5370.29564631326               
19620                          31041.72708333288              -3779.456316382696             -3382.14310666827              -4267.202602330827             6.37057620741068               -2.746666564261686             -3.465430746453078             6628.13699999991               2.205004984036753e-15          51.60000000000011              5370.295646313254              
19680                          31041.72777777733              -3388.226952413333             -3538.477693838617             -4464.447762032182             6.665046716201148              -2.462346142746537             -3.106707651562987             6628.136999999913              2.195646383889846e-15          51.60000000000013              5370.29564631326               
19740                          31041.72847222177              -2980.307448264495             -3677.382017463586             -4639.70140226959              6.92668572770454               -2.165896397289982             -2.732681158485738             6628.136999999911              2.038249368241184e-15          51.60000000000013              5370.295646313258              
19800                          31041.72916666621              -2557.707183414534             -3798.171845741294             -4792.100237358944             7.154204428674359              -1.858777616083255             -2.345193692385873             6628.136999999913              2.038249368241183e-15          51.60000000000012              5370.29564631326               
19860                          31041.72986111066              -2122.507853617393             -3900.252177452957             -4920.89356259346              7.346482079837241              -1.542502642150772             -1.946153986125098             6628.136999999915              2.212916902706367e-15          51.60000000000013              5370.295646313261              
19920                          31041.7305555551               -1676.853216632614             -3983.120172892212             -5025.446952156173             7.502571536566702              -1.218629421204058             -1.537527677993945             6628.136999999916              2.211630303863946e-15          51.60000000000013              5370.295646313262              
19980                          31041.73124999954              -1222.938532242786             -4046.367630814075             -5105.245384251748             7.621703914443266              -0.8887533273233923            -1.12132762913174              6628.136999999919              2.343128344302161e-15          51.60000000000013              5370.295646313265              
20040                          31041.73194444399              -762.9997485760549             -4089.682999202242             -5159.895778063437             7.703292376718808              -0.5544993042702319            -0.69960400833053              6628.136999999921              2.406764415627055e-15          51.60000000000013              5370.295646313269              
20100                          31041.73263888843              -299.3024880010488             -4112.852909949892             -5189.128930038353             7.746935025028329              -0.2175138611417133            -0.2744341930644419            6628.136999999926              2.601208385664777e-15          51.60000000000014              5370.295646313274              
20160                          31041.73333333287              165.869113151186               -4115.763229894234             -5192.800839963048             7.75241687910979               0.1205430382040007             0.1520874635088006             6628.136999999926              2.584482963248526e-15          51.60000000000014              5370.295646313274              
20220                          31041.73402777731              630.2236560635745              -4098.399623027522             -5170.893420297275             7.719710935780006              0.4580061519994721             0.5778599491672392             6628.136999999923              2.381681278799096e-15          51.60000000000014              5370.295646313271              
20280                          31041.73472222176              1091.473766683837              -4060.847621115101             -5123.51458527179              7.648978301950216              0.7932131634183041             1.000785942046073              6628.136999999923              2.374920218978829e-15          51.60000000000012              5370.295646313271              
20340                          31041.7354166662               1547.347363149639              -4003.292202372638             -5050.897719311314             7.54056740102607               1.124512869017428              1.418782141880641              6628.136999999921              2.22949289392621e-15           51.60000000000012              5370.295646313268              
20400                          31041.73611111064              1995.598847885613              -3926.016880277948             -4953.400527401169             7.395012256601274              1.450273312435734              1.829789532180105              6628.136999999921              2.22949289392621e-15           51.60000000000014              5370.295646313269              
20460                          31041.73680555509              2434.020169240858              -3829.402307005838             -4831.503273060574             7.213029861899248              1.768889823283095              2.231783522781159              6628.136999999921              2.171610516196429e-15          51.60000000000013              5370.295646313268              
20520                          31041.73749999953              2860.451698178165              -3713.924398365354             -4685.806412602229             6.995516647920756              2.078792921620819              2.622783922820362              6628.136999999921              2.171610516196428e-15          51.60000000000012              5370.295646313269              
20580                          31041.73819444397              3272.792866437238              -3580.15198947584              -4517.027637331622             6.743544067695121              2.37845604909672               3.000864694998991              6628.136999999921              2.140758146692199e-15          51.60000000000012              5370.295646313268              
20640                          31041.73888888842              3669.012513769173              -3428.744032729764             -4325.998338255951             6.458353318386644              2.666403088651808              3.364163443091688              6628.136999999921              2.104751978569328e-15          51.60000000000012              5370.295646313268              
20700                          31041.73958333286              4047.158893272504              -3260.446351844919             -4113.659510717245             6.141349227254746              2.941215635757123              3.710890585964175              6628.136999999918              2.249040762088757e-15          51.60000000000011              5370.295646313264              
20760                          31041.7402777773               4405.369285545342              -3076.0879679953               -3881.057119123127             5.794093331585081              3.201539985363187              4.039338172909534              6628.136999999921              2.280285431264042e-15          51.60000000000011              5370.295646313268              
20820                          31041.74097222175              4741.87917429502               -2876.57701611783              -3629.336944608186             5.418296186679369              3.446093800144877              4.347888296879412              6628.136999999918              2.554325864043838e-15          51.60000000000011              5370.295646313264              
20880                          31041.74166666619              5055.03093820694               -2662.8962715109               -3359.738941005995             5.015808939794158              3.673672427194509              4.635021064167226              6628.136999999918              2.471804959393238e-15          51.60000000000011              5370.295646313264              
20940                          31041.74236111063              5343.282016257141              -2436.098308760344             -3073.59112693379              4.588614211534654              3.88315483204755               4.899322081285331              6628.136999999921              2.382657628559811e-15          51.60000000000011              5370.295646313268              
21000                          31041.74305555507              5605.212506246885              -2197.300316839595             -2772.303044076939             4.138816329621143              4.073509120810455              5.139489422156392              6628.136999999924              2.15430335553644e-15           51.60000000000011              5370.295646313271              
21060                          31041.74374999952              5839.532159129516              -1947.678595924441             -2457.358813897171             3.668630963135715              4.243797623189048              5.354340041299108              6628.136999999921              2.497509405888165e-15          51.60000000000011              5370.295646313268              
21120                          31041.74444444396              6045.086734676047              -1688.462763030634             -2130.309826966679             3.180374208310173              4.393181511378821              5.542815601417455              6628.136999999921              2.498621812676757e-15          51.60000000000012              5370.295646313268              
21180                          31041.7451388884               6220.86368717198               -1420.929695016926             -1792.767100939854             2.676451179617683              4.520924932064915              5.703987686687179              6628.136999999918              2.734600465890457e-15          51.60000000000013              5370.295646313264              
21240                          31041.74583333285              6365.997153138077              -1146.397238789828             -1446.393344806699             2.159344162367541              4.62639863117781               5.83706237605932               6628.136999999919              2.799461482054155e-15          51.60000000000013              5370.295646313265              
21300                          31041.74652777729              6479.772216505922              -866.2177196931251             -1092.894768518775             1.631600385162469              4.709083053549519              5.941384154053025              6628.136999999914              3.239984812429383e-15          51.60000000000014              5370.29564631326               
21360                          31041.74722222173              6561.628430238408              -581.7712800593182             -734.012678332822              1.095819472450328              4.768570902201586              6.016439139773374              6628.136999999912              3.439608703939655e-15          51.60000000000014              5370.295646313258              
21420                          31041.74791666618              6611.162577047868              -294.4590807367551             -371.5148992727335             0.5546406389780176             4.804569144658051              6.061857618248371              6628.136999999917              2.954667069752211e-15          51.60000000000016              5370.295646313264              
21480                          31041.74861111062              6628.130655612798              -5.696399081208043             -7.187066962165531             0.01072968922666601            4.816900456400441              6.077415861615878              6628.136999999915              3.193017601124453e-15          51.60000000000016              5370.295646313261              
21540                          31041.74930555506              6612.449082509247              283.0943425893612              357.1761682764714              -0.5332341141321301            4.805504094354438              6.063037231189529              6628.136999999914              3.328104099614455e-15          51.60000000000016              5370.29564631326               
21600                          31041.74999999951              6564.195103936187              570.4905837355581              719.7799817287206              -1.074571248074049             4.770436196105498              6.018792554974878              6628.136999999912              3.48194795437862e-15           51.60000000000016              5370.295646313258              
21660                          31041.75069444395              6483.606415206806              855.0766330181801              1078.838215453827              -1.610615128342268             4.711869503369507              5.944899778776203              6628.136999999914              3.443497448881371e-15          51.60000000000016              5370.29564631326               
21720                          31041.75138888839              6371.079989880033              1135.4506418827                1432.582176758642              -2.138725244832335             4.630092511080642              5.841722892612569              6628.136999999911              3.721087396138922e-15          51.60000000000016              5370.295646313256              
21780                          31041.75208333283              6227.170124299942              1410.231509955278              1779.269350639082              -2.656300168537806             4.525508046287956              5.709770137731549              6628.136999999912              3.448388660912126e-15          51.60000000000016              5370.295646313258              
21840                          31041.75277777728              6052.585707175427              1678.065688234866              2117.191983272349              -3.160790365985468             4.398631283860928              5.549691503052705              6628.136999999912              3.519384707404767e-15          51.60000000000016              5370.295646313258              
21900                          31041.75347222172              5848.186727650038              1937.633846569402              2444.685494278296              -3.649710758037226             4.250087208778478              5.362275523373159              6628.136999999913              3.545127026513859e-15          51.60000000000016              5370.29564631326               
21960                          31041.75416666616              5614.980039062921              2187.657372572652              2760.136676311807              -4.120652961194998             4.080607537501981              5.148445395107044              6628.136999999915              3.405559881463419e-15          51.60000000000016              5370.295646313261              
22020                          31041.75486111061              5354.114399268249              2426.904669968519              3061.991641595628              -4.571297151108902             3.891027113597381              4.909254428692376              6628.136999999916              3.335720679983735e-15          51.60000000000016              5370.295646313262              
22080                          31041.75555555505              5066.874811944152              2654.197225337689              3348.763476249662              -4.999423489850026             3.68227979536127               4.645880860066474              6628.136999999915              3.556494974704151e-15          51.60000000000016              5370.295646313261              
22140                          31041.75624999949              4754.67619676539               2868.41541338229               3619.039564712105              -5.402923060657931             3.45539385570818               4.359622046768157              6628.136999999916              3.385223345899303e-15          51.60000000000016              5370.295646313262              
22200                          31041.75694444394              4419.056419620041              3068.504012112272              3871.488548172892              -5.779808256299177             3.211486916978864              4.051888077256273              6628.136999999913              3.613132542933135e-15          51.60000000000016              5370.29564631326               
22260                          31041.75763888838              4061.668717202762              3253.477400786162              4104.866882742754              -6.128222569864651             2.951760445620321              3.72419482492457               6628.136999999915              3.340221625276241e-15          51.60000000000019              5370.295646313261              
22320                          31041.75833333282              3684.273553300525              3422.424415001517              4318.024965052872              -6.446449739776945             2.677493833856324              3.378156481028265              6628.136999999915              3.220930303130235e-15          51.60000000000017              5370.295646313261              
22380                          31041.75902777727              3288.7299468861                3574.512835019293              4509.912795110886              -6.732922203960278             2.390038097501685              3.015477603304551              6628.136999999915              3.389602533457563e-15          51.60000000000017              5370.295646313261              
22440                          31041.75972222171              2876.986314736422              3708.993485212998              4679.585148518494              -6.9862288215283               2.090809220964339              2.637944719454898              6628.136999999916              3.324267308735569e-15          51.60000000000017              5370.295646313262              
22500                          31041.76041666615              2451.070873684398              3825.20392444906               4826.20623257269               -7.205121823953409             1.781281182217219              2.247417526849731              6628.136999999917              3.332054041242202e-15          51.60000000000019              5370.295646313264              
22560                          31041.76111111059              2013.081649781881              3922.571709219881              4949.053803315055              -7.388522961476629             1.462978692098387              1.845819731805074              6628.136999999911              3.530142916125346e-15          51.60000000000016              5370.295646313256              
22620                          31041.76180555504              1565.176143587926              4000.617213455658              5047.522723248843              -7.535528814481354             1.137469683705059              1.435129573556137              6628.136999999912              3.574492519469361e-15          51.60000000000016              5370.295646313258              
22680                          31041.76249999948              1109.560702490275              4058.955991124775              5121.127942198814              -7.645415243667496             0.8063575888781542             1.017370079606029              6628.13699999991               3.765606222917604e-15          51.60000000000017              5370.295646313254              
22740                          31041.76319444392              648.4796524112041              4097.300669984796              5169.506886630353              -7.717640957104882             0.4712734398228355             0.5945991004509724             6628.13699999991               3.710074657478221e-15          51.60000000000016              5370.295646313254              
22800                          31041.76388888837              184.2042424340831              4115.462367155589              5192.421245658257              -7.751850176594837             0.1338678347718058             0.1688991727701831             6628.136999999912              3.755281250579298e-15          51.60000000000016              5370.295646313258              
22860                          31041.76458333281              -280.9785431914399             4113.351619541575              5189.758144947464              -7.747874390205682             -0.2041971927321007            -0.2576327389864441            6628.136999999915              3.826303028911494e-15          51.60000000000016              5370.295646313261              
22920                          31041.76527777725              -744.7772505544522             4090.978824519927              5161.530702723165              -7.705733182349289             -0.5412563608827767            -0.6828955720807224            6628.136999999912              3.788704697323904e-15          51.60000000000017              5370.295646313258              
22980                          31041.7659722217               -1204.907243604987             4048.454188723898              5107.87796515147               -7.62563413730981              -0.8756493426583838            -1.104794515156402             6628.136999999911              3.748085875120788e-15          51.60000000000016              5370.295646313258              
23040                          31041.76666666614              -1659.101958091992             3985.987185173588              5029.064221408888              -7.507971816699771             -1.205728944462019             -1.521251327115586             6628.136999999913              3.831755862874353e-15          51.60000000000016              5370.29564631326               
23100                          31041.76736111058              -2105.124066481028             3903.885521428289              4925.477701814584              -7.353325815880525             -1.529869220068161             -1.930214574371353             6628.136999999916              3.894706060552664e-15          51.60000000000016              5370.295646313262              
23160                          31041.76805555503              -2540.776498854195             3802.553623843176              4797.628665438275              -7.162457908920961             -1.846473479906228             -2.329669736048679             6628.136999999913              3.738011004662009e-15          51.60000000000016              5370.29564631326               
23220                          31041.76874999947              -2963.913265504206             3682.490645396814              4646.146886604082              -6.936308296158206             -2.153982156228153             -2.717649127356243             6628.136999999909              3.495043537785539e-15          51.60000000000016              5370.295646313254              
23280                          31041.76944444391              -3372.450027911337             3544.288006902738              4471.77855267162               -6.675990972844515             -2.450880485416769             -3.092241592247352             6628.136999999913              3.742316953885864e-15          51.60000000000016              5370.29564631326               
23340                          31041.77013888835              -3764.374366031474             3388.626483716918              4275.382588375581              -6.382788241694039             -2.735705969592565             -3.451601917624709             6628.136999999911              3.606841503581764e-15          51.60000000000014              5370.295646313258              
23400                          31041.7708333328               -4137.755691319387             3216.272852291761              4057.926424829886              -6.058144396360257             -3.007055580763512             -3.793959922715382             6628.136999999915              3.743833884729844e-15          51.60000000000014              5370.295646313261              
23460                          31041.77152777724              -4490.754756656455             3028.076113095456              3820.481234037899              -5.703658606958723             -3.263592672030894             -4.117629178842433             6628.136999999914              3.459540777362611e-15          51.60000000000014              5370.29564631326               
23520                          31041.77222222168              -4821.632716337699             2824.963308502266              3564.216652383168              -5.321077042680534             -3.504053561807077             -4.421015316640285             6628.136999999914              3.479933862695234e-15          51.60000000000014              5370.29564631326               
23580                          31041.77291666613              -5128.759691489319             2607.934956254514              3290.395019092352              -4.912284270299869             -3.727253758611882             -4.70262387979315              6628.136999999915              3.510336451299993e-15          51.60000000000014              5370.295646313261              
23640                          31041.77361111057              -5410.622798724171             2378.060120990668              3000.36515805121               -4.479293970945886             -3.9320937957847               -4.96106768660961              6628.136999999915              3.519384707404751e-15          51.60000000000014              5370.295646313261              
23700                          31041.77430555501              -5665.833602486655             2136.471148116801              2695.555733603956              -4.024239020867453             -4.117564647371012             -5.195073663170806             6628.136999999919              3.855303923174012e-15          51.60000000000014              5370.295646313265              
23760                          31041.77499999946              -5893.134954377346             1884.358085961936              2377.468213064764              -3.549360985052051             -4.282752698505091             -5.403489114392705             6628.136999999915              3.69016375355688e-15           51.60000000000014              5370.295646313261              
23820                          31041.7756944439               -6091.407185767394             1622.962823693343              2047.669470607561              -3.056999075452489             -4.42684424580516              -5.585287402111652             6628.136999999914              3.521778807110005e-15          51.60000000000014              5370.29564631326               
23880                          31041.77638888834              -6259.67362319836              1353.572973867907              1707.78406896676               -2.549578628212321             -4.549129505612425             -5.739573002223439             6628.136999999912              3.246356364510267e-15          51.60000000000014              5370.295646313258              
23940                          31041.77708333278              -6397.105399399053             1077.51552975369               1359.486256968668              -2.029599156650258             -4.649006110329691             -5.865585915964789             6628.136999999912              3.084990006601122e-15          51.60000000000014              5370.295646313258              
24000                          31041.77777777723              -6503.025536220684             796.1503286651823              1004.491722313106              -1.499622038853633             -4.725982075636904             -5.962705413607644             6628.13699999991               2.836163268899489e-15          51.60000000000014              5370.295646313254              
24060                          31041.77847222167              -6576.912279378138             510.8633535113648              644.5491402303828              -0.9622579005308671            -4.779678223967307             -6.030453092125117             6628.136999999908              2.720334929865059e-15          51.60000000000016              5370.295646313252              
24120                          31041.77916666611              -6618.401668570637             223.0599055526225              281.4315596442844              -0.4201537552740233            -4.809830052306402             -6.068495231767269             6628.136999999911              3.090313565725408e-15          51.60000000000016              5370.295646313256              
24180                          31041.77986111056              -6627.289330321634             -65.84231800302673             -83.07233072783524             0.1240200344225065             -4.816289035113034             -6.076644439938423             6628.13699999991               3.009277452979941e-15          51.60000000000016              5370.295646313254              
24240                          31041.780555555                -6603.531484706536             -354.4202074651673             -447.1670133153656             0.6675829111581735             -4.799023355944572             -6.05486057427839              6628.136999999911              3.287994228173201e-15          51.60000000000016              5370.295646313256              
24300                          31041.78124999944              -6547.245161009167             -641.2522507876864             -809.0589862731424             1.20785732684175               -4.7581180641822               -6.003250940400584             6628.136999999912              3.474453795405822e-15          51.60000000000016              5370.295646313258              
24360                          31041.78194444389              -6458.707621244703             -924.9255358256025             -1166.965598130847             1.74218193208319               -4.693774656084341             -5.92206976331299              6628.136999999917              4.007026034518824e-15          51.60000000000016              5370.295646313264              
24420                          31041.78263888833              -6338.354994388729             -1204.042710229457             -1519.123828994311             2.267924685791955              -4.606310082231889             -5.811716935125716             6628.136999999914              3.671612770163191e-15          51.60000000000016              5370.29564631326               
24480                          31041.78333333277              -6186.780128040126             -1477.22886469337              -1863.79897504321              2.782495820404956              -4.496155186254522             -5.672736045213831             6628.136999999917              4.010232384761142e-15          51.60000000000016              5370.295646313264              
24540                          31041.78402777722              -6004.729668100298             -1743.138305650433             -2199.293193546015             3.283360598878418              -4.363852582528766             -5.505811702538738             6628.136999999921              4.285330106011186e-15          51.60000000000016              5370.295646313268              
24600                          31041.78472222166              -5793.100380854031             -2000.461184053652             -2523.953866300089             3.768051800603715              -4.210053983302148             -5.311766163318143             6628.136999999919              4.146773279677675e-15          51.60000000000016              5370.295646313265              
24660                          31041.7854166661               -5552.934735569125             -2247.929947589601             -2836.181740299323             4.23418187474256               -4.035516988409789             -5.09155528065642              6628.136999999919              4.286020898493096e-15          51.60000000000016              5370.295646313265              
24720                          31041.78611111054              -5285.415769374557             -2484.325584541693             -3134.438805528987             4.67945470111513               -3.841101353397044             -4.846263796087209             6628.136999999921              4.513088784553449e-15          51.60000000000016              5370.295646313268              
24780                          31041.78680555499              -4991.861259712381             -2708.483628546262             -3417.255871082418             5.101676900707967              -3.627764754431128             -4.577099996221701             6628.136999999923              4.6260955400283e-15            51.60000000000016              5370.295646313271              
24840                          31041.78749999943              -4673.717233069427             -2919.299894662531             -3683.239802280171             5.498768640086924              -3.396558070863444             -4.285389760823588             6628.136999999921              4.502079622827304e-15          51.60000000000016              5370.295646313268              
24900                          31041.78819444387              -4332.550841964258             -3115.735918501006             -3931.08038314217              5.868773876493526              -3.148620208680329             -3.97257003162935              6628.136999999921              4.398136271569959e-15          51.60000000000016              5370.295646313268              
24960                          31041.78888888832              -3970.042645276797             -3296.824071617608             -4159.556770408843             6.209869993158145              -2.885172490341512             -3.640181734085977             6628.136999999921              4.235551986502221e-15          51.60000000000016              5370.295646313268              
25020                          31041.78958333276              -3587.978329947113             -3461.672327975471             -4367.543507319254             6.520376777367243              -2.607512638641479             -3.2898621868731               6628.136999999922              4.255312617695426e-15          51.60000000000016              5370.29564631327               
25080                          31041.7902777772               -3188.239914821639             -3609.468657995232             -4554.016067522818             6.798764697059386              -2.317008384228788             -2.923337036599615             6628.136999999922              4.342971011270354e-15          51.60000000000016              5370.29564631327               
25140                          31041.79097222165              -2772.796479975962             -3739.485028549037             -4718.055901815739             7.043662435180197              -2.015090728272184             -2.542411757403849             6628.13699999992               4.17619995505361e-15           51.60000000000016              5370.295646313267              
25200                          31041.79166666609              -2343.694467180837             -3851.080989194621             -4858.85496284233              7.253863644682602              -1.7032468934611               -2.148962757329588             6628.13699999992               4.169827624170299e-15          51.60000000000016              5370.295646313267              
25260                          31041.79236111053              -1903.047599290558             -3943.706826983946             -4975.719685472898             7.428332890897742              -1.38301299806335              -1.744928135287248             6628.136999999921              4.17211072691218e-15           51.60000000000016              5370.295646313268              
25320                          31041.79305555498              -1453.026468209983             -4016.906274306056             -5068.074403251174             7.566210752004928              -1.055966489127043             -1.332298134130675             6628.136999999919              4.132213818300437e-15          51.60000000000016              5370.295646313265              
25380                          31041.79374999942              -995.8478427290876             -4070.318756425546             -5135.46418408211              7.666818052476125              -0.7237183721001667            -0.9131053368769706            6628.136999999919              4.0765639567644e-15            51.60000000000016              5370.295646313265              
25440                          31041.79444444386              -533.7637488937952             -4103.681167645415             -5177.557071191697             7.729659208641308              -0.3879052751441247            -0.4894146543619948            6628.136999999919              4.164890289674543e-15          51.60000000000016              5370.295646313265              
25500                          31041.7951388883               -69.05037670233656             -4116.829167345095             -5194.145718319994             7.754424669894758              -0.05018138723179731           -0.0633131536515695            6628.136999999919              4.162977308799098e-15          51.60000000000016              5370.295646313265              
25560                          31041.79583333275              396.0031322281284              -4109.697989509455             -5185.148411092536             7.740992443517057              0.2877896902575745             0.363100222687168              6628.136999999919              4.174577091623221e-15          51.60000000000017              5370.295646313265              
25620                          31041.79652777719              859.1059607935455              -4082.322761761111             -5150.609469538935             7.689428695601657              0.6243431383082846             0.7877249958122005             6628.136999999918              4.163556335450732e-15          51.60000000000017              5370.295646313264              
25680                          31041.79722222163              1317.976900788318              -4034.838332324514             -5090.699029775892             7.59998742512589               0.9578211210360361             1.208469497400634              6628.13699999992               4.226168665536101e-15          51.60000000000017              5370.295646313267              
25740                          31041.79791666608              1770.355589957979              -3967.47860577417              -5005.712205930028             7.473109212771936              1.28658095205746               1.62326117304278               6628.13699999992               4.164584726564807e-15          51.60000000000019              5370.295646313267              
25800                          31041.79861111052              2214.013646366346              -3880.575390839059             -4896.06763642885              7.30941905066094               1.609003186234377              2.030056791482593              6628.136999999922              4.067370699507393e-15          51.60000000000019              5370.29564631327               
25860                          31041.79930555496              2646.76564523013               -3774.556765938865             -4762.305421820696             7.109723263690853              1.923499596933518              2.426852509414557              6628.136999999922              4.116836969793462e-15          51.60000000000017              5370.29564631327               
25920                          31041.79999999941              3066.479884149986              -3649.944970503255             -4605.084464281805             6.875005537643229              2.228520999506323              2.811693742258622              6628.136999999924              4.043409436118696e-15          51.60000000000019              5370.295646313271              
25980                          31041.80069444385              3471.088883709311              -3507.353832461425             -4425.179221915875             6.606422073624243              2.522564882450999              3.182684792290515              6628.136999999924              4.131259583915225e-15          51.60000000000019              5370.295646313271              
26040                          31041.80138888829              3858.599571715667              -3347.485744573862             -4223.475893834207             6.305295892708729              2.804182808666319              3.537998186700024              6628.136999999925              4.10933439108061e-15           51.60000000000019              5370.295646313274              
26100                          31041.80208333274              4227.103100918057              -3171.128204500713             -4000.968054808395             5.973110318842155              3.071987550339152              3.875883679578706              6628.136999999926              3.909264504513137e-15          51.60000000000019              5370.295646313274              
26160                          31041.80277777718              4574.784251838742              -2979.149935650081             -3758.751760998939             5.611501672103222              3.324659922319851              4.194676873493933              6628.13699999993               3.75338890715939e-15           51.60000000000019              5370.295646313279              
26220                          31041.80347222162              4899.930374401995              -2772.496607914665             -3498.020150868585             5.222251208319519              3.560955280324823              4.492807418180083              6628.136999999928              3.922272675611648e-15          51.60000000000019              5370.295646313278              
26280                          31041.80416666606              5200.939824314028              -2552.186179376053             -3220.057567875848             4.807276344741047              3.779709651956633              4.768806745960764              6628.136999999928              3.88401339513872e-15           51.60000000000019              5370.295646313278              
26340                          31041.80486111051              5476.329852637141              -2319.303881923061             -2926.233233899888             4.368621214993257              3.979845470340721              5.021315305797986              6628.136999999925              4.187046999966655e-15          51.60000000000019              5370.295646313274              
26400                          31041.80555555495              5724.743909694675              -2074.996875484585             -2617.994504560936             3.908446599835161              4.160376882135302              5.249089260333922              6628.136999999926              4.206394910621133e-15          51.60000000000019              5370.295646313274              
26460                          31041.80624999939              5944.958327328306              -1820.468597209775             -2296.859739660052             3.429019283322812              4.320414603767589              5.451006612936168              6628.136999999923              4.448566798309095e-15          51.60000000000017              5370.295646313271              
26520                          31041.80694444384              6135.888346591404              -1556.972833431042             -1964.410823857849             2.932700886808866              4.459170301974919              5.62607273456513               6628.136999999925              4.334495839226201e-15          51.60000000000016              5370.295646313274              
26580                          31041.80763888828              6296.593461186507              -1285.80754361094              -1622.285374434746             2.42193623578105               4.575960477072557              5.773425263238658              6628.136999999924              4.31685555075457e-15           51.60000000000016              5370.295646313271              
26640                          31041.80833333272              6426.282050325569              -1008.308466695671             -1272.168674516706             1.899241316843601              4.670209829819529              5.892338351959515              6628.136999999926              4.155114651194487e-15          51.60000000000016              5370.295646313274              
26700                          31041.80902777717              6524.315278191859              -725.8425413698153             -915.7853715027621             1.367190884164607              4.741454095297559              5.982226244180754              6628.136999999925              4.082175330469057e-15          51.60000000000017              5370.295646313274              
26760                          31041.80972222161              6590.210240795089              -439.8011726236003             -554.8909815872137             0.8284057764389618             4.789342329843629              6.042646159196509              6628.136999999926              3.92115141224003e-15           51.60000000000016              5370.295646313274              
26820                          31041.81041666605              6623.642344718576              -151.593377801069              -191.263242224568              0.2855400068425398             4.813638639770939              6.07330047324503               6628.136999999928              3.786360393274526e-15          51.60000000000017              5370.295646313278              
26880                          31041.8111111105               6624.446906040962              137.3611541088283              173.3066448657069              -0.2587323104285169            4.814223343362701              6.07403818557998               6628.136999999929              3.781551025199355e-15          51.60000000000016              5370.295646313278              
26940                          31041.81180555494              6592.619961556285              425.6390557488265              537.0228370183439              -0.8017301326345554            4.791093560414886              6.044855662288267              6628.136999999926              4.150461503069876e-15          51.60000000000017              5370.295646313274              
27000                          31041.81249999938              6528.318288296426              711.8202927892919              898.0936968023708              -1.340778695098636             4.744363226423893              5.985896654190414              6628.136999999922              4.410476358359636e-15          51.60000000000019              5370.29564631327               
27060                          31041.81319444382              6431.858631259745              994.4951589059361              1254.740617486551              -1.873222686887513             4.674262531349219              5.897451588735295              6628.136999999922              4.467431506755203e-15          51.60000000000016              5370.29564631327               
27120                          31041.81388888827              6303.716143150064              1272.271219882586              1605.20678431662               -2.396439330664987             4.581136785715779              5.779956139377305              6628.136999999921              4.515945908921495e-15          51.60000000000016              5370.295646313268              
27180                          31041.81458333271              6144.522043811725              1543.780172632903              1947.765828446952              -2.907851302287334             4.465444719641352              5.633989079483097              6628.136999999921              4.494161318678925e-15          51.60000000000016              5370.295646313269              
27240                          31041.81527777715              5955.060510890152              1807.684585354051              2280.730330898067              -3.404939426499851             4.327756223168001              5.460269431339381              6628.136999999925              4.20493934967717e-15           51.60000000000016              5370.295646313274              
27300                          31041.8159722216               5736.264817034281              2062.684485610841              2602.46013465016               -3.885255086196544             4.168749539028436              5.259652924305547              6628.136999999925              4.233692189699048e-15          51.60000000000016              5370.295646313274              
27360                          31041.81666666604              5489.212732668704              2307.523763897973              2911.370423927914              -4.34643228411592              3.989207921675511              5.03312777955796               6628.136999999921              4.462845202843888e-15          51.60000000000016              5370.295646313269              
27420                          31041.81736111048              5215.121216981107              2540.996361136926              3205.939530878692              -4.786199297557888             3.790015779032238              4.781809842189972              6628.136999999925              4.21931908995435e-15           51.60000000000016              5370.295646313274              
27480                          31041.81805555493              4915.340423276765              2761.952209628365              3484.716431189009              -5.202389868711582             3.572154315967729              4.506937084646521              6628.136999999925              4.250242075109323e-15          51.60000000000016              5370.295646313274              
27540                          31041.81874999937              4591.34704822928               2969.302898195415              3746.32789171648               -5.592953875471401             3.336696700958982              4.209863508568985              6628.136999999923              4.299459558607814e-15          51.60000000000016              5370.295646313271              
27600                          31041.81944444381              4244.737057788606              3162.027033611735              3989.485234928552              -5.955967430177683             3.084802779747155              3.892052475089302              6628.136999999919              4.559469835006783e-15          51.60000000000016              5370.295646313265              
27660                          31041.82013888826              3877.217825577972              3339.175271904434              4212.990686826945              -6.2896423565364               2.817713362028417              3.555069496427833              6628.136999999919              4.519275884337527e-15          51.60000000000016              5370.295646313265              
27720                          31041.8208333327               3490.599722505348              3499.874994748005              4415.743277088404              -6.592334998035308             2.536744109322727              3.200574524302969              6628.136999999919              4.660332201330673e-15          51.60000000000016              5370.295646313265              
27780                          31041.82152777714              3086.787199018365              3643.334607913745              4596.744262358146              -6.862554314466983             2.243279054128395              2.830313773139181              6628.136999999919              4.582519180137772e-15          51.60000000000016              5370.295646313265              
27840                          31041.82222222158              2667.769403930808              3768.847440600833              4755.102045981283              -7.098969226675933             1.938763782286556              2.446111118351744              6628.13699999992               4.476943433083744e-15          51.60000000000016              5370.295646313267              
27900                          31041.82291666603              2235.610386031596              3875.795226441255              4890.036569937997              -7.300415173350086             1.624698312138725              2.049859112079517              6628.136999999921              4.529295710115447e-15          51.60000000000016              5370.295646313268              
27960                          31041.82361111047              1792.438926742358              3963.651149031439              5000.883157348167              -7.465899847558475             1.302629705554109              1.643509660621568              6628.136999999922              4.524480360428869e-15          51.60000000000016              5370.29564631327               
28020                          31041.82430555491              1340.438053907143              4031.982436988527              5087.095786617525              -7.594608084777327             0.9741444472242013             1.229064409499856              6628.136999999922              4.510326477385275e-15          51.60000000000016              5370.29564631327               
28080                          31041.82499999936              881.8342883685103              4080.452495748265              5148.249781097205              -7.685905878326568             0.6408606297636396             0.8085648835104146             6628.136999999924              4.584901163969792e-15          51.60000000000014              5370.295646313271              
28140                          31041.8256944438               418.8866763005135              4108.822565603416              5184.043901007602              -7.739343502436995             0.3044199831129186             0.3840824303323508             6628.136999999928              4.600540892228685e-15          51.60000000000014              5370.295646313278              
28200                          31041.82638888824              -46.12433867554169             4116.952897815352              5194.301827321891              -7.754657727564131             -0.03352021249451278           -0.04229198276833744           6628.136999999926              4.619746441184109e-15          51.60000000000016              5370.295646313274              
28260                          31041.82708333269              -510.9081487774865             4104.803443005379              5178.97303029973               -7.731773117036318             -0.3712952901646761            -0.4684580688794868            6628.136999999928              4.63355368580985e-15           51.60000000000014              5370.295646313278              
28320                          31041.82777777713              -973.1752654165393             4072.434048434828              5138.133018392785              -7.670802398649843             -0.7072413963615994            -0.8923165672913423            6628.136999999926              4.607151322725173e-15          51.60000000000016              5370.295646313274              
28380                          31041.82847222157              -1430.648597038496             4020.004163202153              5071.982966296032              -7.572045909380654             -1.039703686919315             -1.311779584290139             6628.136999999925              4.637353215734834e-15          51.60000000000014              5370.295646313274              
28440                          31041.82916666602              -1881.074665898099             3947.772052809168              4980.848723976986              -7.435990115947978             -1.367044478674408             -1.724780877958748             6628.136999999925              4.627331934837679e-15          51.60000000000014              5370.295646313274              
28500                          31041.82986111046              -2322.23470851364              3856.093526965448              4865.179211564322              -7.263305218517423             -1.687651316564809             -2.129286036322282             6628.136999999928              4.689621155501929e-15          51.60000000000016              5370.295646313278              
28560                          31041.8305555549               -2751.955605121819             3745.420186897616              4725.544208002534              -7.05484184934753              -1.999944916456947             -2.523302498701885             6628.136999999924              4.549190684529353e-15          51.60000000000014              5370.295646313271              
28620                          31041.83124999934              -3168.120584295228             3616.297200797119              4562.631544365557              -6.811626882642005             -2.3023869445755               -2.904889370912343             6628.136999999926              4.648423656579875e-15          51.60000000000014              5370.295646313274              
28680                          31041.83194444379              -3568.679649992354             3469.360618364487              4377.243715654847              -6.53485837624794              -2.593487595214901             -3.272166985954574             6628.136999999922              4.536403216574684e-15          51.60000000000013              5370.29564631327               
28740                          31041.83263888823              -3951.65967967727              3305.334237678402              4170.293927771957              -6.225899670116838             -2.871812929405372             -3.623326163107828             6628.136999999921              4.32751682863841e-15           51.60000000000013              5370.295646313268              
28800                          31041.83333333267              -4315.174143766461             3125.026039823139              3942.801599137908              -5.886272670598956             -3.135991938383813             -3.956637119811989             6628.136999999921              4.555135589814332e-15          51.60000000000013              5370.295646313268              
28860                          31041.83402777712              -4657.432398525575             2929.324208837128              3695.887339118005              -5.517650353652016             -3.384723297075412             -4.270457992440777             6628.136999999922              4.63211173366114e-15           51.60000000000013              5370.29564631327               
28920                          31041.83472222156              -4976.748506639979             2719.192756588055              3430.767427988015              -5.121848523892866             -3.616781774318888             -4.563242923993177             6628.136999999921              4.674220107159191e-15          51.60000000000014              5370.295646313268              
28980                          31041.835416666                -5271.549542009725             2495.666774126021              3148.747825632937              -4.700816870086384             -3.831024268259072             -4.833549678863757             6628.136999999918              4.546561993559183e-15          51.60000000000014              5370.295646313264              
29040                          31041.83611111045              -5540.383337860133             2259.847332906227              2851.217738491059              -4.256629361131559             -4.026395437176983             -5.080046747182131             6628.136999999913              4.403562204010498e-15          51.60000000000014              5370.29564631326               
29100                          31041.83680555489              -5781.925640001402             2012.896060997359              2539.642776432013              -3.791474029853394             -4.201932898020345             -5.301519903726128             6628.136999999912              4.476943433083735e-15          51.60000000000013              5370.295646313258              
29160                          31041.83749999933              -5994.986630000876             1756.029420992846              2215.557733277527              -3.307642194924838             -4.356771967027009             -5.496878189099983             6628.136999999914              4.609631521666805e-15          51.60000000000014              5370.29564631326               
29220                          31041.83819444378              -6178.516786135301             1490.512717811551              1880.559026527459              -2.807517174010757             -4.490149919089337             -5.66515928371475              6628.136999999914              4.641629198619791e-15          51.60000000000014              5370.29564631326               
29280                          31041.83888888822              -6331.612053252507             1217.653865904991              1536.29683353242               -2.293562543732062             -4.601409744878251             -5.805534248099098             6628.136999999914              4.739617537135668e-15          51.60000000000014              5370.29564631326               
29340                          31041.83958333266              -6453.518296076177             938.7969465733554              1184.466962849592              -1.768310004280542             -4.690003387219646             -5.91731160619013              6628.136999999921              5.279748110462189e-15          51.60000000000014              5370.295646313268              
29400                          31041.8402777771               -6543.635014017041             655.3155871264511              826.8025008228052              -1.234346908462308             -4.755494440781042             -5.999940751490215             6628.136999999917              4.913399833671983e-15          51.60000000000014              5370.295646313264              
29460                          31041.84097222155              -6601.518299191697             368.6061945033319              465.0652745351577              -0.6943035166008397            -4.797560301770016             -6.053014659311419             6628.136999999921              5.092308340539406e-15          51.60000000000014              5370.295646313268              
29520                          31041.84166666599              -6626.883023078003             80.08107668125515              101.0371731870101              -0.1508400400809579            -4.815993757055175             -6.076271891747176             6628.136999999917              4.871813188694666e-15          51.60000000000013              5370.295646313264              
29580                          31041.84236111043              -6619.604241035824             -208.8385142426254             -263.488629350436              0.3933664626437761             -4.81070400488179              -6.069597885494911             6628.136999999921              5.206301210263005e-15          51.60000000000013              5370.295646313268              
29640                          31041.84305555488              -6579.717807774516             -496.7293830276007             -626.7165075689624             0.9356352730310019             -4.781717102154114             -6.033025516185885             6628.136999999922              5.445523292096225e-15          51.60000000000013              5370.29564631327               
29700                          31041.84374999932              -6507.420200735449             -782.1734018375204             -986.8572294337303             1.473295217458813              -4.729175836081117             -5.966734936442406             6628.13699999992               5.139876164325212e-15          51.60000000000013              5370.295646313267              
29760                          31041.84444444376              -6403.067552259542             -1063.764495827269             -1342.136769999929             2.003697825217478              -4.653339020817897             -5.871052688460152             6628.136999999918              4.875219993976285e-15          51.60000000000012              5370.295646313264              
29820                          31041.84513888821              -6267.173895307285             -1340.115569357154             -1690.805050120492             2.524230374668398              -4.554580222567449             -5.746450095486932             6628.136999999921              5.088450990798217e-15          51.60000000000012              5370.295646313268              
29880                          31041.84583333265              -6100.408631372699             -1609.865338717217             -2031.144557198689             3.032328763305946              -4.433385919422864             -5.593540940121329             6628.136999999918              4.847494024906995e-15          51.60000000000014              5370.295646313264              
29940                          31041.84652777709              -5903.593233064094             -1871.685037704003             -2361.47880552045              3.525490138325269              -4.290353105014393             -5.413078440867777             6628.13699999992               5.129632373263198e-15          51.60000000000014              5370.295646313267              
30000                          31041.84722222154              -5677.697197594431             -2124.284963018646             -2680.180594491481             4.001285225478871              -4.126186347765659             -5.205951541841288             6628.136999999918              4.937596947383207e-15          51.60000000000014              5370.295646313264              
30060                          31041.84791666598              -5423.83327111411              -2366.420827244145             -2985.680024099744             4.457370295490986              -3.941694320244872             -4.973180533898481             6628.13699999992               5.0089874064771e-15            51.60000000000014              5370.295646313267              
30120                          31041.84861111042              -5143.25196741072              -2596.899888107578             -3276.47222811977              4.891498709084147              -3.737785815707198             -4.715912028764854             6628.136999999919              4.887052509486729e-15          51.60000000000014              5370.295646313265              
30180                          31041.84930555486              -4837.335407976212             -2814.586823834968             -3551.124786965635             5.301531983748025              -3.515465271450469             -4.43541331091537              6628.136999999919              4.907725450342894e-15          51.60000000000014              5370.295646313265              
30240                          31041.84999999931              -4507.590513784859             -3018.409325657288             -3808.284783677475             5.685450327736521              -3.275827821035845             -4.133066095030545             6628.136999999915              4.738251068703434e-15          51.60000000000014              5370.295646313261              
30300                          31041.85069444375              -4155.641582318744             -3207.363379919336             -4046.6854682843               6.041362589403471              -3.020053899745806             -3.810359719778319             6628.136999999915              4.599246897789659e-15          51.60000000000014              5370.295646313261              
30360                          31041.85138888819              -3783.222286405773             -3380.518213772243             -4265.152497714985             6.367515572867298              -2.749403429852543             -3.468883811448615             6628.136999999914              4.447627573311632e-15          51.60000000000014              5370.29564631326               
30420                          31041.85208333264              -3392.167134283329             -3537.020880087509             -4462.609720520112             6.6623026741164                -2.465209614339682             -3.110320453578922             6628.136999999915              4.567787994796175e-15          51.60000000000014              5370.295646313261              
30480                          31041.85277777708              -2984.402432954604             -3676.100459007658             -4638.084477909598             6.924271795014479              -2.168872369648969             -2.736435901142746             6628.136999999915              4.55552039157587e-15           51.60000000000014              5370.295646313261              
30540                          31041.85347222152              -2561.936799351403             -3797.071855436969             -4790.712394993587             7.152132496222058              -1.861851429801693             -2.349071880116165             6628.136999999915              4.646137021894981e-15          51.60000000000014              5370.295646313261              
30600                          31041.85416666597              -2126.851266044708             -3899.339173766184             -4919.741638625359             7.344762353799426              -1.545659155863407             -1.950136515280138             6628.136999999916              4.476943433083735e-15          51.60000000000013              5370.295646313262              
30660                          31041.85486111041              -1681.289030241476             -3982.398653207534             -5024.536620872434             7.501212488178932              -1.221853086171953             -1.541594930947523             6628.136999999915              4.312150665142949e-15          51.60000000000012              5370.295646313261              
30720                          31041.85555555485              -1227.444896563321             -4045.841149280857             -5104.581129872862             7.62071223827129               -0.8920282640257952            -1.12545957091486              6628.136999999913              4.228968755604994e-15          51.60000000000012              5370.29564631326               
30780                          31041.85624999929              -767.5544656111211             -4089.354149227218             -5159.480872654368             7.702672957681655              -0.5578093806258478            -0.7037802853220989            6628.13699999991               4.06100150358416e-15           51.60000000000012              5370.295646313254              
30840                          31041.85694444374              -303.8831215718246             -4112.723311422241             -5188.965417390597             7.74669091433559               -0.2208427719740722            -0.2786342332516048            6628.13699999991               4.066238346287535e-15          51.60000000000011              5370.295646313254              
30900                          31041.85763888818              161.2851268863444              -4115.833521206137             -5192.889525527085             7.752549279231586              0.1172116908485243             0.1478843491945352             6628.136999999913              4.081398501211251e-15          51.60000000000012              5370.29564631326               
30960                          31041.85833333262              625.6588974614189              -4098.669457929492             -5171.233867214974             7.720219194523724              0.4546887780766249             0.5736744649372714             6628.136999999915              4.100893669167211e-15          51.60000000000013              5370.295646313261              
31020                          31041.85902777707              1086.950721387161              -4061.315670421577             -5124.105116528339             7.649859915673153              0.7899261040517996             0.9966387052673907             6628.136999999912              4.000676793638064e-15          51.60000000000012              5370.295646313258              
31080                          31041.85972222151              1542.888311324766              -4003.956160509452             -5051.735425996068             7.541818026968186              1.121272316003853              1.414693581516288              6628.136999999914              3.963542922535486e-15          51.60000000000013              5370.29564631326               
31140                          31041.86041666595              1991.225754472043              -3926.873476639403             -4954.481283036712             7.396625734277281              1.44709522848503               1.82577978815771               6628.136999999912              3.902352637978846e-15          51.60000000000013              5370.295646313258              
31200                          31041.8611111104               2429.754575753701              -3830.447322065451             -4832.821753929425             7.214998243444684              1.765789863387498              2.227872346785234              6628.136999999914              3.921978704237097e-15          51.60000000000014              5370.29564631326               
31260                          31041.86180555484              2856.314616596326              -3715.152684460917             -4687.356123971056             6.997830237242537              2.075786355939601              2.618990580997051              6628.136999999912              4.034273401107389e-15          51.60000000000014              5370.295646313258              
31320                          31041.86249999928              3268.804675700057              -3581.557496166401             -4518.800945443788             6.746191468233737              2.375557687736577              2.997207873052548              6628.136999999913              4.036924594415253e-15          51.60000000000014              5370.29564631326               
31380                          31041.86319444373              3665.192859391369              -3430.319836599618             -4327.986507934801             6.461321489254716              2.663627208713439              3.360661154240163              6628.136999999911              4.148806545351715e-15          51.60000000000014              5370.295646313258              
31440                          31041.86388888817              4043.526590571912              -3262.184690607817             -4115.852748394904             6.144623547475415              2.938575911007353              3.707560082207716              6628.136999999913              3.957862052369477e-15          51.60000000000014              5370.29564631326               
31500                          31041.86458333261              4401.942226960128              -3077.980278730859             -3883.444621082841             5.797657672113793              3.199049418879059              4.036195860048385              6628.136999999913              4.008099936697202e-15          51.60000000000013              5370.29564631326               
31560                          31041.86527777705              4738.674241246942              -2878.613977451808             -3631.906950202587             5.422132989854284              3.443764660261524              4.344949653700231              6628.136999999915              4.008099936697202e-15          51.60000000000013              5370.295646313261              
31620                          31041.8659722215               5052.063917944784              -2665.067849531555             -3362.478790589129             5.019899305823813              3.671516187072284              4.632300566195791              6628.136999999915              3.99435466946558e-15           51.60000000000013              5370.295646313261              
31680                          31041.86666666594              5340.567524089971              -2438.393806444694             -3076.487324221536             4.592937991596853              3.88118211315615               4.896833129481242              6628.136999999918              3.965878348460724e-15          51.60000000000013              5370.295646313264              
31740                          31041.86736111038              5602.763913550178              -2199.708426746117             -2775.34132262865              4.143352225114477              4.071729640608391              5.13724427690099               6628.136999999916              4.001552998536321e-15          51.60000000000013              5370.295646313262              
31800                          31041.86805555483              5837.361527478819              -1950.187455892639             -2460.524207391038             3.6733566305948                4.242220147256203              5.352349762001804              6628.13699999992               3.659242662815628e-15          51.60000000000014              5370.295646313267              
31860                          31041.86874999927              6043.204756432596              -1691.060014613111             -2133.586742922657             3.185266369467809              4.3918138102379                5.541089992037938              6628.13699999992               3.566397231714094e-15          51.60000000000013              5370.295646313267              
31920                          31041.86944444371              6219.279632812973              -1423.602544356126             -1796.139397527002             2.681485736071769              4.519773742904448              5.702535247441888              6628.136999999921              3.470581014794179e-15          51.60000000000013              5370.295646313268              
31980                          31041.87013888816              6364.718825591026              -1149.132519639578             -1449.844410356567             2.16449631428792               4.625469624665297              5.835890261550043              6628.136999999923              3.153537608456189e-15          51.60000000000012              5370.295646313271              
32040                          31041.8708333326               6478.805912712046              -869.0019582745268             -1096.407603353182             1.63684475345294               4.708380805898166              5.940498138023886              6628.136999999921              3.195392034326058e-15          51.60000000000012              5370.295646313269              
32100                          31041.87152777704              6560.978910134394              -584.5907614315275             -737.5699785029366             1.101130223764084              4.768098872628234              6.015843586669831              6628.136999999921              3.306693322085597e-15          51.60000000000012              5370.295646313269              
32160                          31041.87222222149              6610.833040118794              -297.2999163557059             -375.0991417969688             0.5599916129706883             4.80432965834335               6.061555461718291              6628.136999999921              3.451757724813258e-15          51.60000000000011              5370.295646313268              
32220                          31041.87291666593              6628.12272513173               -8.544595213489359             -10.78059614301162             0.01609452742011785            4.816894693035191              6.07740859005863               6628.136999999921              3.373218061126759e-15          51.60000000000011              5370.295646313268              
32280                          31041.87361111037              6612.762797541112              280.2528159344715              353.5910538818664              -0.527881838509995             4.805732082328525              6.063324880424233              6628.136999999925              2.975794837457934e-15          51.60000000000011              5370.295646313274              
32340                          31041.87430555481              6564.828919145346              567.6697236954597              716.2209421126316              -1.069257899913089             4.770896812368045              6.019373708063967              6628.136999999921              3.369045363854717e-15          51.60000000000011              5370.295646313268              
32400                          31041.87499999926              6484.557208469259              852.2903349281489              1075.322782166216              -1.60536688077872              4.712560478960939              5.945771573005149              6628.136999999923              3.083416531772801e-15          51.6000000000001               5370.295646313271              
32460                          31041.8756944437               6372.343077662755              1132.712630828558              1429.127666548117              -2.133567950322                4.631010442309397              5.842881033591389              6628.136999999921              3.309034558932777e-15          51.60000000000011              5370.295646313269              
32520                          31041.87638888814              6228.739284731597              1407.555273164696              1775.892780151951              -2.65125923150888              4.526648411496807              5.711208920548628              6628.136999999919              3.788995196947453e-15          51.60000000000011              5370.295646313265              
32580                          31041.87708333259              6054.453210694821              1675.464408640337              2113.909985229958              -3.155890617698321             4.399988465700313              5.551403840376752              6628.136999999919              3.94518153084984e-15           51.60000000000011              5370.295646313265              
32640                          31041.87777777703              5850.343375081328              1935.120337870153              2441.514235545547              -3.644976334267562             4.251654521877121              5.364252980364841              6628.136999999915              4.155114651194481e-15          51.60000000000009              5370.295646313261              
32700                          31041.87847222147              5617.415206930037              2185.244016115363              2757.091778260451              -4.116107183342916             4.082377261398506              5.15067823096834               6628.136999999915              3.946839360689886e-15          51.6000000000001               5370.295646313261              
32760                          31041.87916666592              5356.816092125307              2424.603353757785              3059.088103154608              -4.56696241131951              3.892990530770697              4.911731644648989              6628.136999999917              3.70731835539643e-15           51.6000000000001               5370.295646313264              
32820                          31041.87986111036              5069.829721464069              2652.01928547664               3346.015600021572              -4.995321140711489             3.684427234172403              4.648590253546925              6628.136999999917              3.735188047747731e-15          51.6000000000001               5370.295646313264              
32880                          31041.8805555548               4757.86976729567               2866.371578231832              3616.46088651969               -5.399073310020299             3.457714738042                 4.362550271512699              6628.136999999917              3.793396034717724e-15          51.60000000000009              5370.295646313264              
32940                          31041.88124999925              4422.47291988277               3066.604349444029              3869.091770382643              -5.7762300677321               3.213969810351056              4.055020709059519              6628.136999999915              3.832154971806729e-15          51.6000000000001               5370.295646313261              
33000                          31041.88194444369              4065.29131778565               3251.73126818942               4102.663811694053              -6.124933569244318             2.954393119492902              3.727516432687992              6628.136999999914              3.832154971806729e-15          51.6000000000001               5370.29564631326               
33060                          31041.88263888813              3688.084409557276              3420.840413788474              4316.026452900885              -6.44346612846241              2.680263319884316              3.381650702772584              6628.136999999912              3.953757709554373e-15          51.60000000000009              5370.295646313258              
33120                          31041.88333333257              3292.710286837734              3573.098767855667              4508.1286863697                -6.730258678986828             2.392930753414167              3.019127226767559              6628.136999999913              4.129939889503673e-15          51.60000000000009              5370.29564631326               
33180                          31041.88402777702              2881.116531540574              3707.756317682711              4678.024231567816              -6.983898503211016             2.093810797765199              2.641731766877709              6628.136999999916              3.899324869304783e-15          51.60000000000009              5370.295646313262              
33240                          31041.88472222146              2455.330622217083              3824.149750742316              4824.876196366975              -7.203136191257519             1.784376894374592              2.251323343533814              6628.136999999916              3.71289104888611e-15           51.60000000000009              5370.295646313262              
33300                          31041.8854166659               2017.449946855981              3921.705722113666              4947.961199508318              -7.386891795473033             1.46615329037703               1.849825078003833              6628.136999999915              3.80040153331888e-15           51.60000000000009              5370.295646313261              
33360                          31041.88611111035              1569.631471314724              3999.943678734526              5046.672933921726              -7.534260150165828             1.14070753028288               1.439214719248395              6628.136999999916              3.753599519311057e-15          51.60000000000009              5370.295646313262              
33420                          31041.88680555479              1114.081114274885              4058.478226567927              5120.525153346882              -7.644515330380939             0.8096427343769039             1.021514901684564              6628.136999999915              3.858359493000077e-15          51.60000000000008              5370.295646313261              
33480                          31041.88749999923              653.0428810597774              4097.021029022959              5169.154067544204              -7.71711422774955              0.474589701873488              0.5987831818473636             6628.136999999913              3.971763466074862e-15          51.60000000000008              5370.29564631326               
33540                          31041.88819444368              188.7878098402574              4115.382227278207              5192.320134297031              -7.751699225798215             0.1371988777276431             0.1731019030276904             6628.136999999911              4.112926828499291e-15          51.60000000000005              5370.295646313258              
33600                          31041.88888888812              -276.3972153211514             4113.471375511399              5189.909239377796              -7.748099961539554             -0.2008677773273775            -0.2534320621873875            6628.136999999914              4.048879409567044e-15          51.60000000000004              5370.29564631326               
33660                          31041.88958333256              -740.2207294817576             4091.297886428444              5161.933258665746              -7.706334164666958             -0.5379449734682757            -0.6787176409445069            6628.136999999912              4.014476992193368e-15          51.60000000000004              5370.295646313258              
33720                          31041.89027777701              -1200.397974395257             4048.970984897172              5108.529999647306              -7.626607570219523             -0.872372294868749             -1.100659909844069             6628.136999999914              4.078706643872183e-15          51.60000000000004              5370.29564631326               
33780                          31041.89097222145              -1654.662153051624             3986.699169914212              5029.962522587201              -7.509312905147376             -1.202502378777595             -1.517180414368567             6628.136999999914              4.167372337032494e-15          51.60000000000005              5370.29564631326               
33840                          31041.89166666589              -2100.775595741372             3904.78918755528               4926.617844714237              -7.355027953769531             -1.526709030298404             -1.926227407186499             6628.136999999917              4.283671669657504e-15          51.60000000000007              5370.295646313264              
33900                          31041.89236111033              -2536.540782641003             3803.644519968082              4799.00503380478               -7.164512711653651             -1.843395232898043             -2.325785954898771             6628.136999999921              4.235622695509955e-15          51.60000000000007              5370.295646313268              
33960                          31041.89305555478              -2959.811168623274             3683.763397850898              4647.752700554837              -6.938705641937507             -2.15100101518483              -2.713887863442563             6628.136999999921              4.34344491091675e-15           51.60000000000007              5370.295646313268              
34020                          31041.89374999922              -3368.501756970113             3545.736346207251              4473.605902093069              -6.678719052533175             -2.448011135205233             -3.088621373260889             6628.136999999919              4.30914180283781e-15           51.60000000000007              5370.295646313265              
34080                          31041.89444444366              -3760.599369902894             3390.243275466061              4277.422471887822              -6.385833616985518             -2.732962544406874             -3.448140576480204             6628.136999999921              4.515895902820454e-15          51.60000000000007              5370.295646313268              
34140                          31041.89513888811              -4134.172565338251             3218.050132296207              4060.168794126754              -6.061492065974761             -3.004451594500922             -3.790674509707789             6628.136999999921              4.455280166986952e-15          51.60000000000007              5370.295646313268              
34200                          31041.89583333255              -4487.381151020269             3030.00512661332               3822.915043384138              -5.707292080538339             -3.261140951723467             -4.114535877658504             6628.136999999918              4.245040810300817e-15          51.60000000000007              5370.295646313264              
34260                          31041.89652777699              -4818.485249163188             2827.03455336428               3566.82991302486               -5.324978422019436             -3.501766184436724             -4.418129364639                6628.13699999992               4.402035898102236e-15          51.60000000000007              5370.295646313267              
34320                          31041.89722222144              -5125.853866952883             2610.138229670966              3293.17485831257               -4.916434337509473             -3.725141991620097             -4.699959492947682             6628.13699999992               4.497551817414723e-15          51.60000000000007              5370.295646313267              
34380                          31041.89791666588              -5407.972930689528             2380.384569809544              3003.297882580022              -4.483672283120669             -3.930168041570028             -4.95863798948055              6628.136999999918              4.476943433083735e-15          51.60000000000008              5370.295646313264              
34440                          31041.89861111032              -5663.452743995876             2138.90532228556               2698.626897070388              -4.028824010785097             -4.115834392047649             -5.192890624255617             6628.13699999992               4.746828138432666e-15          51.60000000000009              5370.295646313267              
34500                          31041.89930555477              -5891.034833352593             1886.889994929571              2380.662687158496              -3.554130067411889             -4.28122646517503              -5.401563487169835             6628.136999999915              4.479812749704918e-15          51.60000000000009              5370.295646313261              
34560                          31041.89999999921              -6089.598147240092             1625.579995474892              2050.971519599796              -3.061928758128926             -4.425529552574062             -5.583628672069749             6628.136999999917              4.69154575524933e-15           51.6000000000001               5370.295646313264              
34620                          31041.90069444365              -6258.164578350385             1356.262516480479              1711.177427223191              -2.5546446279752               -4.548032828556015             -5.73818934013657              6628.136999999917              4.606471415215619e-15          51.6000000000001               5370.295646313264              
34680                          31041.90138888809              -6395.903781666948             1080.264194721355              1362.954209072715              -2.034776518782146             -4.648132851593124             -5.864484137643852             6628.136999999915              4.56974766599159e-15           51.60000000000008              5370.295646313261              
34740                          31041.90208333254              -6502.137264679141             798.9445762799276              1008.017185404746              -1.504885260074804             -4.72533653682421              -5.96189094632622              6628.136999999914              4.324425971703263e-15          51.60000000000009              5370.29564631326               
34800                          31041.90277777698              -6576.341729583089             513.6894195286335              648.1147481549789              -0.9675810546264565            -4.779263584952041             -6.029929947885142             6628.136999999915              4.482697437943453e-15          51.60000000000009              5370.295646313261              
34860                          31041.90347222142              -6618.151651005614             225.9038689929032              285.0197484969036              -0.4255106208045288            -4.809648355567823             -6.068265987536232             6628.136999999915              4.471626950901607e-15          51.6000000000001               5370.295646313261              
34920                          31041.90416666587              -6627.361076553553             -62.99446628054719             -79.4792360840071              0.1186558449564713             -4.816341175675027             -6.076710224955423             6628.136999999921              4.911847516401519e-15          51.60000000000009              5370.295646313268              
34980                          31041.90486111031              -6603.924641319084             -351.5824957546754             -443.5867121826849             0.6622378213331261             -4.799309076966817             -6.055221064491594             6628.136999999917              4.589700255728524e-15          51.60000000000009              5370.295646313264              
35040                          31041.90555555475              -6547.957791343713             -638.438657434465              -805.5091149341334             1.202557666150876              -4.758635958225355             -6.003904360063479             6628.136999999921              4.753641013924146e-15          51.60000000000008              5370.295646313268              
35100                          31041.9062499992               -6459.736214940119             -922.149920369798              -1163.463642973258             1.736953806239323              -4.694522172042975             -5.923012893731576             6628.136999999921              4.915130518854832e-15          51.60000000000008              5370.295646313268              
35160                          31041.90694444364              -6339.694484673161             -1201.318745135073             -1515.687040374537             2.262793848132884              -4.607283537901028             -5.812945130513534             6628.136999999921              4.748449507454233e-15          51.60000000000008              5370.295646313268              
35220                          31041.90763888808              -6188.423916689508             -1474.569967998781             -1860.444282312397             2.777487545034502              -4.497349786467902             -5.674243255576745             6628.136999999921              4.726243257102315e-15          51.60000000000009              5370.295646313268              
35280                          31041.90833333253              -6006.669657940688             -1740.557574872181             -2196.037121657396             3.278499556168183              -4.365262442779445             -5.507590503476735             6628.136999999921              4.742115475409411e-15          51.60000000000009              5370.295646313268              
35340                          31041.90902777697              -5795.327015647656             -1997.971331669105             -2520.812454408366             3.76336193566877               -4.211672158729128             -5.313807792597337             6628.136999999919              4.66199775611962e-15           51.60000000000009              5370.295646313265              
35400                          31041.90972222141              -5555.437047087661             -2245.54323841629              -2833.170462753048             4.229686289489679              -4.037335508007853             -5.093849681371139             6628.136999999919              4.753641013924145e-15          51.60000000000009              5370.295646313265              
35460                          31041.91041666585              -5288.181431427756             -2482.053775321781             -3131.572495645136             4.675175540444616              -3.843111259281305             -4.848799666199512             6628.136999999921              5.067155205814624e-15          51.6000000000001               5370.295646313269              
35520                          31041.9111111103               -4994.87664886592              -2706.337910033756             -3414.548648078631             5.097635243429603              -3.629956145962868             -4.579864844234341             6628.136999999921              4.923434410085078e-15          51.60000000000009              5370.295646313268              
35580                          31041.91180555474              -4676.967495752878             -2917.290836498502             -3680.705001724597             5.494984395087418              -3.398920153419879             -4.288369967312144             6628.136999999917              4.648613755249054e-15          51.60000000000009              5370.295646313264              
35640                          31041.91249999918              -4336.019967638606             -3113.873417148372             -3928.730491263504             5.865265684666891              -3.15114134682808              -3.97575091633044              6628.136999999917              4.795393849415698e-15          51.60000000000009              5370.295646313264              
35700                          31041.91319444363              -3973.713545301103             -3295.117301611929             -4157.403362590143             6.206655135582121              -2.887840265151832             -3.643547628211085             6628.136999999914              4.447627573311632e-15          51.60000000000008              5370.29564631326               
35760                          31041.91388888807              -3591.832921755822             -3460.129696731906             -4365.597191078512             6.517471090178062              -2.610313908864923             -3.293396510291803             6628.136999999915              4.458162654038283e-15          51.6000000000001               5370.295646313261              
35820                          31041.91458333251              -3192.259210997873             -3608.097764394276             -4552.286430261158             6.796182493444204              -2.31992935102798              -2.927022379512001             6628.136999999912              4.249620641081856e-15          51.6000000000001               5370.295646313258              
35880                          31041.91527777696              -2776.960681782049             -3738.29262550503              -4716.55146359063              7.041416434871465              -2.018117003193806             -2.546229966099826             6628.136999999913              4.351065856238471e-15          51.60000000000009              5370.29564631326               
35940                          31041.9159722214               -2347.983062085339             -3850.072950391421             -4857.583134398454             7.251964911301653              -1.706363569312283             -2.152895023612636             6628.13699999991               4.169065724860301e-15          51.60000000000009              5370.295646313254              
36000                          31041.91666666584              -1907.439462011391             -3942.88811794162              -4974.686731737403             7.426790777456264              -1.386204722343337             -1.748955089122123             6628.136999999913              4.32751682863841e-15           51.60000000000008              5370.29564631326               
36060                          31041.91736111029              -1457.499964775904             -4016.280927921124             -5067.285412473129             7.565032854832767              -1.059217539652405             -1.336399939058679             6628.13699999991               4.137579521536982e-15          51.60000000000009              5370.295646313254              
36120                          31041.91805555473              -1000.380937046934             -4069.889853105245             -5134.923042768197             7.666010173802348              -0.7270127344510424            -0.9172617877287932            6628.136999999913              4.221664887104157e-15          51.60000000000008              5370.29564631326               
36180                          31041.91874999917              -538.3341112965542             -4103.450820133855             -5177.266444961578             7.72922532801289               -0.3912267215499985            -0.4936052767867903            6628.136999999915              4.196420337946912e-15          51.60000000000008              5370.295646313261              
36240                          31041.91944444361              -73.63549394333216             -4116.798510316048             -5194.10703877568              7.754366924573639              -0.05351355650822394           -0.067517304972005             6628.136999999916              4.247978106306734e-15          51.6000000000001               5370.295646313262              
36300                          31041.92013888806              391.425846076748               -4109.867173977043             -5185.361868766428             7.741311117952157              0.2844632121150603             0.3589032517907039             6628.136999999916              4.225447507546588e-15          51.6000000000001               5370.295646313262              
36360                          31041.9208333325               854.5590530842981              -4082.690954335917             -5151.074012955276             7.690122220027707              0.6210387372700683             0.7835558792891139             6628.136999999915              4.226900558166515e-15          51.60000000000009              5370.295646313261              
36420                          31041.92152777694              1313.482769231899              -4035.403719318796             -5091.412370630254             7.601052383295971              0.9545550743224204             1.204348771991874              6628.136999999919              4.235622695509955e-15          51.6000000000001               5370.295646313265              
36480                          31041.92222222139              1765.936372293896              -3968.238402135947             -5006.67083036132              7.474540358785641              1.283369347958352              1.619209137118461              6628.136999999919              4.085116164546621e-15          51.60000000000011              5370.295646313265              
36540                          31041.92291666583              2209.691111314148              -3881.525853871055             -4897.266822328322             7.311209334805273              1.605861844859636              2.026093405053817              6628.136999999921              4.167372337032492e-15          51.60000000000011              5370.295646313269              
36600                          31041.92361111027              2642.561085258404              -3775.693213734743             -4763.739262092676             7.111863867166553              1.920443992284334              2.422997295811966              6628.136999999919              4.283671669657505e-15          51.6000000000001               5370.295646313265              
36660                          31041.92430555472              3062.414010591328              -3651.261805010321             -4606.745895941589             6.877485916005496              2.225566183251502              2.807965691962001              6628.136999999921              4.429904155829674e-15          51.60000000000009              5370.295646313268              
36720                          31041.92499999916              3467.181724737925              -3508.844567056194             -4427.060060881439             6.609230008723836              2.519725409783625              3.17910226938318               6628.136999999921              4.448771937516661e-15          51.60000000000009              5370.295646313269              
36780                          31041.9256944436               3854.870373690151              -3349.143036014661             -4225.566875240348             6.308417552877614              2.801472666606007              3.534578838408788              6628.13699999992               4.454265614667188e-15          51.6000000000001               5370.295646313267              
36840                          31041.92638888805              4223.570233575348              -3172.94388909991              -4003.25887864473              5.976530327027217              3.069420088833096              3.872644349345019              6628.13699999992               4.57662985376676e-15           51.60000000000007              5370.295646313267              
36900                          31041.92708333249              4571.465117806235              -2981.115069487771             -3761.231142846956             5.615203181612422              3.322247788482026              4.19163351800442               6628.136999999918              4.569000411529146e-15          51.60000000000009              5370.295646313264              
36960                          31041.92777777693              4896.841323473568              -2774.601510895718             -3500.675877487795             5.22621598580738               3.558710356137297              4.489975028765151              6628.136999999921              4.569000411529145e-15          51.60000000000007              5370.295646313268              
37020                          31041.92847222137              5198.096072912235              -2554.420482913501             -3222.876557365252             4.811484860024679              3.77764299573985               4.766199274748484              6628.136999999921              4.686256688604326e-15          51.60000000000008              5370.295646313268              
37080                          31041.92916666582              5473.745408858309              -2321.656580012949             -2929.201600138394             4.37305273725651               3.977967262281087              5.018945596987007              6628.136999999922              4.717818602775345e-15          51.60000000000008              5370.29564631327               
37140                          31041.92986111026              5722.431504306123              -2077.456378920677             -2621.097625609306             3.913079299746993              4.158696374138382              5.246968986923958              6628.136999999925              4.741046782614033e-15          51.60000000000007              5370.295646313274              
37200                          31041.9305555547               5942.929351057583              -1823.02279067108              -2300.082329787425             3.433830340566867              4.31894007388395               5.44914621922771               6628.136999999921              4.787521118014268e-15          51.60000000000007              5370.295646313269              
37260                          31041.93124999915              6134.152794016455              -1559.609135160933             -1967.737008838051             2.937666602494561              4.457909013623097              5.62448138471165               6628.136999999921              4.922503992685042e-15          51.60000000000008              5370.295646313268              
37320                          31041.93194444359              6295.159881503172              -1288.512967393899             -1625.698769741487             2.427032149182452              4.574918643260032              5.772110796104699              6628.136999999917              5.261145221495486e-15          51.60000000000008              5370.295646313264              
37380                          31041.93263888803              6425.157505234913              -1011.06968582637              -1275.652466032468             1.904442325891039              4.669392582537937              5.891307242507067              6628.136999999917              5.199467488999747e-15          51.60000000000008              5370.295646313264              
37440                          31041.93333333248              6523.505307114784              -728.6459542994177             -919.3223983438219             1.372471369095507              4.740865460242901              5.981483571574093              6628.136999999919              5.004318241918883e-15          51.60000000000007              5370.295646313265              
37500                          31041.93402777692              6589.718833585581              -442.6329699599281             -558.4638206368134             0.8337397259987809             4.788985206586008              6.042195581782638              6628.136999999921              4.736361305592857e-15          51.60000000000007              5370.295646313269              
37560                          31041.93472222136              6623.471922010001              -154.4396103325823             -194.8542939578193             0.2909011464141649             4.813514787471507              6.073144210532944              6628.136999999921              4.715176873035808e-15          51.60000000000007              5370.295646313269              
37620                          31041.9354166658               6624.598307322213              134.5145067003079              169.7150696879434              -0.2533703893980627            4.81433337210817               6.074177007307542              6628.136999999922              4.578504213254566e-15          51.60000000000008              5370.29564631327               
37680                          31041.93611111025              6593.09244103653               422.8060158251292              533.4484302136543              -0.7963938425476541            4.791436928212288              6.045288884630535              6628.136999999922              4.581686396809865e-15          51.60000000000008              5370.29564631327               
37740                          31041.93680555469              6529.109518578808              709.0148156828452              894.554065618282               -1.335494322101654             4.744938241870392              5.986622143128114              6628.136999999921              4.821731783287716e-15          51.60000000000008              5370.295646313268              
37800                          31041.93749999913              6432.96471480596               991.731064176892               1251.253197868611              -1.868016261387299             4.675066361963832              5.898465770566832              6628.136999999922              4.762045722163433e-15          51.60000000000008              5370.29564631327               
37860                          31041.93819444358              6305.131631479329              1269.562123244751              1601.788755020297              -2.391336499105142             4.582165471891952              5.781254018322533              6628.136999999921              4.962542486335844e-15          51.6000000000001               5370.295646313268              
37920                          31041.93888888802              6146.239964339567              1541.139418883801              1944.434026416434              -2.90287720081583              4.466693194151679              5.635564262292145              6628.13699999992               4.966956887296142e-15          51.6000000000001               5370.295646313267              
37980                          31041.93958333246              5957.072401274814              1805.125182639497              2277.501168328795              -3.400118557150345             4.329218336124981              5.462114158785295              6628.13699999992               5.116064475481029e-15          51.60000000000009              5370.295646313267              
38040                          31041.94027777691              5738.560766861549              2060.219041347836              2599.34951814364               -3.880611196193281             4.170418088178337              5.261758109405637              6628.136999999921              4.944567090842981e-15          51.60000000000009              5370.295646313268              
38100                          31041.94097222135              5491.781432269835              2305.164422671556              2908.393676137045              -4.341988248896766             3.991074687876111              5.035483052335564              6628.13699999992               5.097980145487689e-15          51.60000000000009              5370.295646313267              
38160                          31041.94166666579              5217.950013143365              2538.754744876901              3203.111315029581              -4.781977008091723             3.79207156673967               4.784403600756145              6628.136999999918              5.293520075582698e-15          51.60000000000009              5370.295646313264              
38220                          31041.94236111024              4918.415381572159              2759.839360360585              3482.050678851072              -5.198410123665103             3.57438899853301               4.509756552350034              6628.13699999992               5.195784337950087e-15          51.60000000000009              5370.295646313267              
38280                          31041.94305555468              4594.653021654462              2967.329223649631              3743.83773417662               -5.589236278756516             3.339099270511097              4.212894796933102              6628.13699999992               5.300116057335527e-15          51.60000000000009              5370.295646313267              
38340                          31041.94374999912              4248.257761377819              3160.202255953937              3987.182938507471              -5.952530294384186             3.087361401416957              3.89528065222533               6628.136999999916              5.545901946772563e-15          51.60000000000009              5370.295646313262              
38400                          31041.94444444356              3880.935916621516              3337.50837984622               4210.88759245621               -6.286502612725586             2.820415432246271              3.558478660588433              6628.136999999915              5.609006094577567e-15          51.60000000000009              5370.295646313261              
38460                          31041.94513888801              3494.496885978405              3498.374199268894              4413.849744445907              -6.58950811233889              2.539576317902704              3.204147882212918              6628.136999999912              5.783138964172562e-15          51.60000000000008              5370.295646313258              
38520                          31041.94583333245              3090.844237799379              3642.007301814539              4595.069618837148              -6.860054211902149             2.246227449833199              2.834033722717723              6628.136999999912              5.862422817422687e-15          51.60000000000007              5370.295646313258              
38580                          31041.94652777689              2671.966333364997              3767.700162087257              4753.654540744401              -7.096808222551794             1.941813841550232              2.449959335419066              6628.13699999991               6.155737034716114e-15          51.60000000000007              5370.295646313254              
38640                          31041.94722222134              2239.926532373793              3874.833626917269              4888.823333282484              -7.298603912603442             1.6278350106086                2.053816640620218              6628.136999999912              5.89667145192719e-15           51.60000000000007              5370.295646313258              
38700                          31041.94791666578              1796.85302899426               3962.879965260865              4999.910165582613              -7.464447252317678             1.305837592099578              1.647557006160502              6628.136999999911              6.064865467206115e-15          51.60000000000007              5370.295646313256              
38760                          31041.94861111022              1344.92836854732               4031.405467762125              5086.36783262304               -7.593521310412586             0.9774077200477835             1.233181635130391              6628.136999999911              6.082197138956047e-15          51.60000000000007              5370.295646313256              
38820                          31041.94930555467              886.3786964592854              4080.072583171182              5147.770450718062              -7.685190278203153             0.6441632142393918             0.812731708102068              6628.136999999907              6.33299421249186e-15           51.60000000000007              5370.295646313251              
38880                          31041.94999999911              423.4627924441159              4108.641581095206              5183.815555387648              -7.739002601544978             0.3077456109687829             0.3882783284340489             6628.136999999903              6.493019564207681e-15          51.60000000000007              5370.295646313247              
38940                          31041.95069444355              -41.53905606826359             4116.971732891504              5194.325591273738              -7.754693205154564             -0.03018792304047714           -0.03808767982149833           6628.136999999901              6.759268723070678e-15          51.60000000000007              5370.295646313243              
39000                          31041.951388888                -506.3362864489653             4105.022004885784              5179.248786764013              -7.732184798349376             -0.3679727537089198            -0.4642660711540181            6628.136999999898              6.848683840938807e-15          51.60000000000007              5370.29564631324               
39060                          31041.95208333244              -968.6393440019679             4072.851260500811              5138.659409014795              -7.671588255775672             -0.7039449794580687            -0.8881575242392008            6628.136999999898              6.827457355321718e-15          51.60000000000007              5370.29564631324               
39120                          31041.95277777688              -1426.170960130944             4020.617970299805              5072.757398116858              -7.573202071248698             -1.036449627459091             -1.307673983031145             6628.136999999896              6.929099054902175e-15          51.60000000000007              5370.295646313238              
39180                          31041.95347222132              -1876.677369985726             3948.579431372874              4981.867382206229              -7.437510887395568             -1.363848805899127             -1.720748942362641             6628.136999999895              7.026948055915987e-15          51.60000000000008              5370.295646313237              
39240                          31041.95416666577              -2317.939414331167             3857.09049991174               4866.437078371452              -7.265183108343704             -1.684529772107881             -2.125347627387525             6628.136999999898              6.966093151859005e-15          51.60000000000009              5370.29564631324               
39300                          31041.95486111021              -2747.783470951445             3746.601843215967              4727.035087234332              -7.057067607214529             -1.996912876801497             -2.519477016721945             6628.136999999897              7.056914433826916e-15          51.60000000000009              5370.29564631324               
39360                          31041.95555555465              -3164.092161742595             3617.657719741198              4564.348092067878              -6.81418954464107              -2.299459345311024             -2.901195659911363             6628.136999999897              7.04274795709609e-15           51.60000000000009              5370.29564631324               
39420                          31041.9562499991               -3564.814782750949             3470.893298124702              4379.177476248364              -6.537745318907088             -2.590678857465721             -3.268623240863195             6628.136999999894              7.128827303412964e-15          51.60000000000008              5370.295646313236              
39480                          31041.95694444354              -3947.977405779945             3307.031528394484              4172.435375703681              -6.229096672582995             -2.869136888793312             -3.619949840136382             6628.136999999896              7.220277115136405e-15          51.60000000000009              5370.295646313238              
39540                          31041.95763888798              -4311.692601805582             3126.879580774165              3945.14018580331               -5.88976398468876              -3.133461776875006             -3.953444850462578             6628.136999999896              7.278712863027039e-15          51.60000000000008              5370.295646313238              
39600                          31041.95833333243              -4654.168738303731             2931.324869625773              3698.41154482262               -5.521418781426135             -3.382351478046973             -4.267465501581802             6628.136999999898              7.420149314956448e-15          51.60000000000009              5370.29564631324               
39660                          31041.95902777687              -4973.718804691405             2721.330682116214              3433.464818692552              -5.125875502371698             -3.614579981165294             -4.560464952399862             6628.136999999892              7.402254683277299e-15          51.60000000000008              5370.295646313234              
39720                          31041.95972222131              -5268.768722408558             2497.93143314025               3151.605114202383              -4.705082562689837             -3.82900334684068              -4.830999910606256             6628.136999999895              7.425360798486638e-15          51.6000000000001               5370.295646313237              
39780                          31041.96041666576              -5537.865098705588             2262.227569873873              2854.220850146059              -4.261112755392491             -4.02456534239417              -5.077737742218865             6628.136999999897              7.416608239687344e-15          51.60000000000009              5370.29564631324               
39840                          31041.9611111102               -5779.682385942011             2015.380151057836              2542.776918080132              -3.796153040923369             -4.200302644776447             -5.299463036034415             6628.136999999892              7.252259940503646e-15          51.6000000000001               5370.295646313234              
39900                          31041.96180555464              -5993.029411130165             1758.60512771338               2218.807466382862              -3.31249377436237              -4.355349585821624             -5.495083590648724             6628.136999999892              7.282795091990463e-15          51.6000000000001               5370.295646313234              
39960                          31041.96249999908              -6176.85524355989              1493.167353462886              1883.908343159658              -2.812517423316114             -4.488942416460702             -5.663635794555137             6628.136999999887              6.957369883190809e-15          51.6000000000001               5370.295646313228              
40020                          31041.96319444353              -6330.254371600787             1220.374353960152              1539.729235220487              -2.298686832069409             -4.600423068889594             -5.804289372819223             6628.136999999888              7.225573109304366e-15          51.60000000000009              5370.295646313228              
40080                          31041.96388888797              -6452.471163181458             941.5698861215889              1187.965541852067              -1.773533089807501             -4.689242398159487             -5.916351476947967             6628.136999999891              7.42240650669919e-15           51.60000000000011              5370.295646313232              
40140                          31041.96458333241              -6542.903587973821             658.1273188850653              830.3500234139651              -1.239643062669296             -4.754962887221795             -5.999270097807095             6628.136999999885              7.083175130126348e-15          51.60000000000011              5370.295646313225              
40200                          31041.96527777686              -6601.106182947288             371.4428681022489              468.6442658970029              -0.699646651047688             -4.797260802102817             -6.052636784774777             6628.136999999887              7.207001363897969e-15          51.60000000000011              5370.295646313228              
40260                          31041.9659722213               -6626.792246684698             82.92871888884841              104.6300034888446              -0.1562038349065202            -4.81592778659189              -6.076188657737335             6628.136999999884              7.051937316760582e-15          51.60000000000011              5370.295646313224              
40320                          31041.96666666574              -6619.835251651012             -205.9939306884884             -259.899658108841              0.3880084290720502             -4.810871888587745             -6.069809702016075             6628.136999999887              7.395503046767318e-15          51.60000000000011              5370.295646313228              
40380                          31041.96736111019              -6580.26946745803              -493.9018703223653             -623.1490743784074             0.9303093939661787             -4.782118013047345             -6.033531339846484             6628.136999999891              7.728629897424534e-15          51.60000000000011              5370.295646313231              
40440                          31041.96805555463              -6508.289792054962             -779.3768880869696             -983.3289071902665             1.46802772776338               -4.729807799306011             -5.967532275594768             6628.136999999887              7.401592837253255e-15          51.60000000000012              5370.295646313228              
40500                          31041.96874999907              -6404.250791676429             -1061.012756438766             -1338.66493894215              1.998514672132468              -4.654198923373182             -5.87213761547416              6628.13699999989               7.591490215396041e-15          51.60000000000012              5370.29564631323               
40560                          31041.96944444352              -6268.664954276996             -1337.422159183069             -1687.406812215841             2.519157089999318              -4.555663828640593             -5.747817266097219             6628.136999999892              7.919019886107748e-15          51.60000000000011              5370.295646313234              
40620                          31041.97013888796              -6102.200165055714             -1607.243525284783             -2027.836651900512             3.027390337655105              -4.434687891255354             -5.595183619752715             6628.136999999896              8.294780033190345e-15          51.60000000000011              5370.295646313238              
40680                          31041.9708333324               -5905.676416506024             -1869.14773586052              -2358.277527310758             3.52071089799003               -4.291867029195111             -5.414988537809254             6628.136999999888              7.474815321006471e-15          51.60000000000011              5370.295646313228              
40740                          31041.97152777684              -5680.061769197057             -2121.844671313958             -2677.10171261561              3.996688712622218              -4.127904766822851             -5.208119647105162             6628.13699999989               7.583717517028013e-15          51.60000000000011              5370.29564631323               
40800                          31041.97222222129              -5426.467583183205             -2364.089566363762             -2982.738704888294             4.452979152174681              -3.943608769381063             -4.975595967568299             6628.13699999989               7.730721383655092e-15          51.60000000000012              5370.29564631323               
40860                          31041.97291666573              -5146.143043531676             -2594.68914165972              -3273.682960280446             4.887334565735704              -3.739886864496122             -4.718562892603832             6628.136999999888              7.449006404046885e-15          51.60000000000011              5370.295646313228              
40920                          31041.97361111017              -4840.46900693485              -2812.507481783218             -3548.50131021301              5.297615352610922              -3.517742570290604             -4.438286546976183             6628.13699999989               7.562522467168553e-15          51.60000000000011              5370.29564631323               
40980                          31041.97430555462              -4510.951199718521             -3016.471630677478             -3805.840021052235             5.681800501828502              -3.278270152131748             -4.136147549977748             6628.136999999888              7.366727923585736e-15          51.60000000000011              5370.295646313228              
41040                          31041.97499999906              -4159.212800752147             -3205.576876944934             -4044.431462495357             6.037997547480649              -3.022649232366085             -3.813634214606566             6628.13699999989               7.524032711066827e-15          51.60000000000012              5370.29564631323               
41100                          31041.9756944435               -3786.986445797056             -3378.891702976759             -4263.100351818041             6.364451890862216              -2.7521389795923               -3.472335216253247             6628.136999999894              7.938467575878985e-15          51.60000000000011              5370.295646313236              
41160                          31041.97638888795              -3396.10569267861              -3535.562373535532             -4460.769543224874             6.659555443486284              -2.468071906095487             -3.113931767010615             6628.136999999894              7.996312177606054e-15          51.60000000000012              5370.295646313236              
41220                          31041.97708333239              -2988.495989324184             -3674.817141188048             -4636.465333785068             6.921854548401908              -2.171847303996164             -2.740189334154823             6628.136999999892              7.893678721379666e-15          51.60000000000012              5370.295646313234              
41280                          31041.97777777683              -2566.165189157724             -3795.970047872637             -4789.32225981671              7.150057140794222              -1.864924352447052             -2.352948943592045             6628.136999999892              7.815869132924176e-15          51.60000000000011              5370.295646313234              
41340                          31041.97847222128              -2131.193660571277             -3898.424303874762             -4918.58736009297              7.343039112594363              -1.548814929831032             -1.954118111109273             6628.136999999892              7.865458211289691e-15          51.60000000000011              5370.295646313234              
41400                          31041.97916666572              -1685.724039193492             -3981.675227566338             -5023.623884870036             7.499849849747639              -1.225076166366835             -1.545661446101193             6628.136999999896              8.05280250330057e-15           51.60000000000011              5370.295646313238              
41460                          31041.97986111016              -1231.950673434589             -4045.312731427847             -5103.914432466404             7.619716914863787              -0.8953027738077253            -1.129590974058414             6628.136999999898              8.165482294863849e-15          51.60000000000013              5370.29564631324               
41520                          31041.9805555546               -772.1088152982268             -4089.023342107286             -5159.063497942971             7.702049852182968              -0.5611191900165085            -0.7079562254877373            6628.136999999897              8.101561324014167e-15          51.60000000000012              5370.29564631324               
41580                          31041.98124999905              -308.4636097054732             -4112.591744565309             -5188.79942132935              7.746443096114524              -0.2241715771120414            -0.2828341400856519            6628.136999999897              8.075279199524847e-15          51.60000000000011              5370.29564631324               
41640                          31041.98194444349              156.7010634313847              -4115.901842700222             -5192.975725799562             7.752677969021257              0.1138802873962292             0.1436811641036833             6628.136999999893              7.828750960642015e-15          51.60000000000012              5370.295646313234              
41700                          31041.98263888793              621.093839422132               -4098.937331228271             -5171.571839205394             7.720723758408321              0.4513711865420795             0.5694887061496552             6628.136999999891              7.429885762559604e-15          51.60000000000013              5370.295646313231              
41760                          31041.98333333238              1082.427155881344              -4061.781776002195             -5124.69319541319              7.650737868210564              0.7866386666306554             0.9924909915024478             6628.136999999894              7.76542179026619e-15           51.60000000000013              5370.295646313236              
41820                          31041.98402777682              1538.428521081251              -4004.618202372382             -5052.570714944893             7.54306504343308               1.118031226354965              1.410604344086658              6628.136999999888              7.377137712463764e-15          51.60000000000011              5370.295646313228              
41880                          31041.98472222126              1986.851708067723              -3927.72819361836              -4955.559667481672             7.398235671964373              1.443916451961763              1.821769170326193              6628.136999999888              7.335319255401539e-15          51.60000000000011              5370.295646313228              
41940                          31041.98541666571              2425.487819398044              -3831.490503891645             -4834.137921833337             7.216963171927214              1.762689058393647              2.223960104540656              6628.136999999883              7.18950271318049e-15           51.60000000000011              5370.295646313222              
42000                          31041.98611111015              2852.176167996434              -3716.379192502505             -4688.903591994072             7.000140477436941              2.072778796797324              2.615195985737814              6628.136999999884              7.227638155843951e-15          51.60000000000011              5370.295646313224              
42060                          31041.98680555459              3264.814920529095              -3582.96128874098              -4520.572090879818             6.748835640078042              2.372658189446282              2.993549616657232              6628.136999999886              7.253073042419521e-15          51.60000000000011              5370.295646313226              
42120                          31041.98749999904              3661.371450870335              -3431.893998735086             -4329.972606260363             6.464286567765837              2.660850053976253              3.357157256992803              6628.136999999881              7.157315241746149e-15          51.60000000000011              5370.29564631322               
42180                          31041.98819444348              4039.892352659409              -3263.921468104979             -4118.044016245444             6.147894926909201              2.935934779869657              3.704227804031288              6628.136999999883              7.29104528223355e-15           51.60000000000012              5370.295646313222              
42240                          31041.98888888792              4398.513061627027              -3079.871116360004             -3885.83026444482              5.801219237911775              3.196557321345655              4.033051615483788              6628.136999999883              7.121970105521153e-15          51.60000000000014              5370.295646313222              
42300                          31041.98958333236              4735.467040292674              -2880.649561095101             -3634.475217583946             5.425967198022726              3.441433872209369              4.34200893104954               6628.136999999888              7.117068062038432e-15          51.60000000000013              5370.295646313228              
42360                          31041.99027777681              5049.094479789662              -2667.238152063651             -3365.217030906211             5.02398726935405               3.669358189780486              4.629577851228101              6628.136999999887              7.020476865870483e-15          51.60000000000013              5370.295646313228              
42420                          31041.99097222125              5337.850475953408              -2440.688137125567             -3079.38204911734              4.597259573501214              3.879207536750085              4.894341834076897              6628.136999999886              7.079627327331738e-15          51.60000000000012              5370.295646313226              
42480                          31041.99166666569              5600.312639398158              -2202.115483882809             -2778.378272915414             4.147886137619505              4.06994821169654               5.134996672985723              6628.136999999882              7.187286821715362e-15          51.60000000000013              5370.295646313221              
42540                          31041.99236111014              5835.188102095527              -1952.695382510516             -2463.688423289883             3.678080540003156              4.240640641017641              5.350356921096188              6628.136999999882              7.252259940503654e-15          51.60000000000013              5370.295646313221              
42600                          31041.99305555458              6041.319885940976              -1693.656456862386             -2136.862637754281             3.190157006172315              4.390444007196454              5.539361730719949              6628.136999999884              7.199650860015575e-15          51.60000000000012              5370.295646313224              
42660                          31041.99374999902              6217.692601937208              -1426.274712365959             -1799.510834490439             2.686519009179662              4.518620390602445              5.701080078991204              6628.136999999884              7.115099993019344e-15          51.60000000000013              5370.295646313224              
42720                          31041.99444444347              6363.437451920713              -1151.867250519967             -1453.294782017806             2.169647430290704              4.624538404425703              5.834715354012301              6628.136999999885              7.074327912909573e-15          51.60000000000013              5370.295646313225              
42780                          31041.99513888791              6477.836508193373              -871.7857809556804             -1099.919913452084             1.64208833835726               4.707676304838832              5.939609278901453              6628.13699999989               6.845923792570719e-15          51.60000000000013              5370.29564631323               
42840                          31041.99583333235              6560.326249977969              -587.4099630212943             -741.1269256754751             1.106440448082035              4.767624561066114              6.015245154413016              6628.136999999888              6.729829432373118e-15          51.60000000000011              5370.295646313228              
42900                          31041.9965277768               6610.500339277351              -300.1406096882056             -378.6832048003952             0.5653423189538381             4.80408787269999               6.061250404157448              6628.136999999887              6.891847903806224e-15          51.60000000000013              5370.295646313228              
42960                          31041.99722222124              6628.111622463517              -11.39278725620328             -14.37412016412145             0.02145935791052755            4.816886624327704              6.07739840988337               6628.136999999883              7.135445159354273e-15          51.60000000000012              5370.295646313222              
43020                          31041.99791666568              6613.073347737001              277.4111551521204              350.0057702605087              -0.5225293102464792            4.80595777030273               6.063609627781301              6628.136999999886              7.041320047524394e-15          51.60000000000012              5370.295646313226              
43080                          31041.99861111012              6565.459592459434              564.8485919715722              712.6615597168983              -1.063944040010814             4.771355145302685              6.019951980310223              6628.136999999886              6.949626046222119e-15          51.60000000000013              5370.295646313226              
43140                          31041.99930555457              6485.50489825427               849.5036289362944              1071.806834234574              -1.600117864894722             4.713249199143932              5.946640521616867              6628.136999999887              6.703685348871813e-15          51.60000000000012              5370.295646313228              
43200                          31041.99999999901              6373.603115673151              1129.97407766385               1425.672472364271              -2.128409634696765             4.631926157159148              5.844036378195873              6628.136999999886              6.782954969101974e-15          51.60000000000013              5370.295646313226              
43260                          31042.00069444345              6230.305464118982              1404.878362725199              1772.515359731409              -2.646217025600536             4.5277866102738                5.712644970008986              6628.136999999886              6.92396180440505e-15           51.60000000000012              5370.295646313226              
43320                          31042.0013888879               6056.317816582389              1672.862327176887              2110.626975480771              -3.150989359017638             4.401343541726657              5.553113520825993              6628.136999999882              7.308154376747412e-15          51.60000000000012              5370.295646313221              
43380                          31042.00208333234              5852.497222566749              1932.60590303192               2438.341808316206              -3.640240166030323             4.253219800154608              5.366227870051186              6628.136999999882              7.404788721446124e-15          51.60000000000011              5370.295646313221              
43440                          31042.00277777678              5619.847686329554              2182.829613811117              2754.045560678627              -4.111559435542331             4.084145031489128              5.152908601740113              6628.136999999881              7.429447026256755e-15          51.60000000000013              5370.29564631322               
43500                          31042.00347222123              5359.51522123621               2422.300877143879              3056.183100649151              -4.562625485804498             3.894952084777662              4.914206509874729              6628.136999999881              7.37055199740453e-15           51.60000000000013              5370.29564631322               
43560                          31042.00416666567              5072.782204588092              2649.840076372256              3343.266122406941              -4.991216400836928             3.686572909634543              4.651297422234673              6628.136999999883              7.208708886203836e-15          51.60000000000013              5370.295646313222              
43620                          31042.00486111011              4761.061060732551              2864.326371250072              3613.880477506932              -5.395220975412816             3.460033965530307              4.365476408361857              6628.136999999885              7.229526368971816e-15          51.60000000000012              5370.295646313225              
43680                          31042.00555555456              4425.887303571376              3064.703219114049              3866.693140864138              -5.772649114689776             3.216451165532854              4.058151400149509              6628.136999999881              7.509287552651514e-15          51.60000000000013              5370.29564631322               
43740                          31042.006249999                4068.911972739773              3249.983579330093              4100.458777130647              -6.121641637260934             2.957024379407215              3.730836256480093              6628.136999999881              7.5770264467488e-15            51.60000000000013              5370.29564631322               
43800                          31042.00694444344              3691.893500714631              3419.254775378023              4314.025875119865              -6.440479433336682             2.683031523151214              3.385143306075218              6628.136999999881              7.536142852586212e-15          51.60000000000013              5370.29564631322               
43860                          31042.00763888788              3296.689050914083              3571.682990624518              4506.342420060282              -6.727591932944653             2.395822264081508              3.022775405290833              6628.13699999988               7.760260169422226e-15          51.60000000000013              5370.295646313218              
43920                          31042.00833333233              2885.245369456189              3706.517375638444              4676.461075737716              -6.981564842434206             2.096811372478258              2.645517549980396              6628.13699999988               7.668337452863865e-15          51.60000000000013              5370.295646313218              
43980                          31042.00902777677              2459.589195640277              3823.093746816253              4823.54385099919               -7.201147111175997             1.787471752537712              2.255228082745325              6628.136999999876              7.879304592055054e-15          51.60000000000012              5370.295646313213              
44040                          31042.00972222121              2021.817278388134              3920.837858098309              4946.866227631615              -7.385257094139249             1.469327186961673              1.853829538885118              6628.136999999878              7.754793853976422e-15          51.60000000000012              5370.295646313217              
44100                          31042.01041666566              1574.086047823302              3999.268229659935              5045.820729281675              -7.532987879990319             1.143944830923446              1.443299176139281              6628.13699999987               8.521201193222387e-15          51.60000000000013              5370.295646313206              
44160                          31042.0111111101               1118.600992865445              4057.998519643258              5119.919913836688              -7.643611758466789             0.8129274923843868             1.02565923487081               6628.136999999871              8.224419147379964e-15          51.60000000000012              5370.295646313208              
44220                          31042.01180555454              657.6057971649411              4096.739427246895              5168.798774526217              -7.716583805021125             0.4779057367876139             0.6029669766687937             6628.136999999871              8.297829571747932e-15          51.6000000000001               5370.295646313208              
44280                          31042.01249999899              193.3712868932274              4115.300117799003              5192.216537916791              -7.751544565076269             0.1405298550205497             0.1773045504392111             6628.136999999874              8.067552864473256e-15          51.60000000000011              5370.295646313211              
44340                          31042.01319444343              -271.8157551687891             4113.589162793908              5190.05784994294               -7.748321824670668             -0.1975382657885377            -0.2492312640972508            6628.136999999872              8.171794457479804e-15          51.60000000000011              5370.29564631321               
44400                          31042.01388888787              -735.6638541433225             4091.614990261753              5162.333344132291              -7.706931458770754             -0.5346333285961615            -0.6745393849776171            6628.136999999874              8.051470947305368e-15          51.60000000000012              5370.295646313211              
44460                          31042.01458333231              -1195.888130681204             4049.485843252675              5109.179589225626              -7.6275773530721               -0.8690948295662195            -1.096524777761557             6628.136999999879              7.758563215790824e-15          51.60000000000012              5370.295646313217              
44520                          31042.01527777676              -1650.221556098317             3987.409246640036              5030.85841644999               -7.510650399674476             -1.199275237581632             -1.513108775506693             6628.136999999875              7.939027262475845e-15          51.60000000000012              5370.295646313213              
44580                          31042.0159722212               -2096.426119581061             3905.690984869176              4927.755629758602              -7.356726571578029             -1.523548109853385             -1.922239318118899             6628.136999999876              8.010792592479825e-15          51.60000000000012              5370.295646313213              
44640                          31042.01666666564              -2532.30385245206              3804.733595687223              4800.379105390851              -7.166564085485471             -1.840316103650125             -2.321901060639348             6628.136999999878              7.954264368504933e-15          51.60000000000012              5370.295646313217              
44700                          31042.01736111009              -2955.707655191447             3685.034387273723              4649.356290113766              -6.941099666886073             -2.148018844683147             -2.710125300675691             6628.136999999875              8.073849188830523e-15          51.60000000000011              5370.295646313213              
44760                          31042.01805555453              -3364.551873880667             3547.182988539566              4475.431110468482              -6.681443935819388             -2.445140613387743             -3.084999676075604             6628.136999999879              8.122789378430985e-15          51.60000000000012              5370.295646313217              
44820                          31042.01874999897              -3756.822573970082             3391.858444661217              4279.46030824644               -6.388875936048062             -2.73021781123887              -3.444677585072738             6628.136999999881              8.194118528747178e-15          51.60000000000013              5370.29564631322               
44880                          31042.01944444342              -4130.587460762567             3219.82587215745               4062.409220246531              -6.064836834588587             -3.001846170322683             -3.787387282502164             6628.136999999883              8.069505985371535e-15          51.60000000000013              5370.295646313222              
44940                          31042.02013888786              -4484.005397745623             3031.932689985391              3825.347023101759              -5.710922822635633             -3.258687670650112             -4.111440607278068             6628.136999999881              8.06864094944726e-15           51.60000000000013              5370.29564631322               
45000                          31042.0208333323               -4815.335475885398             2829.104445221215              3569.441466599008              -5.328877252849439             -3.499477131138373             -4.415241298142841             6628.136999999882              8.240745233825374e-15          51.60000000000013              5370.295646313221              
45060                          31042.02152777675              -5122.945589208031             2612.340253887849              3295.953121435202              -4.920582051737358             -3.723028441793734             -4.697292856724804             6628.13699999988               8.243678805779616e-15          51.60000000000013              5370.295646313218              
45120                          31042.02222222119              -5405.320474425651             2382.70787938782               3006.229169744935              -4.488048449431514             -3.928240406396302             -4.956205919171807             6628.136999999882              8.349237091020771e-15          51.60000000000014              5370.295646313221              
45180                          31042.02291666563              -5661.069175004456             2141.338472784496              2701.696768986951              -4.033407072526941             -4.114102166906212             -5.190705100048565             6628.136999999879              8.1707507449213e-15            51.60000000000014              5370.295646313217              
45240                          31042.02361111007              -5888.931892907504             1889.421000840678              2383.856021878463              -3.558897448782107             -4.279698182871047             -5.399635274785275             6628.136999999881              8.139753135989249e-15          51.60000000000013              5370.29564631322               
45300                          31042.02430555452              -6087.786194261002             1628.196389261595              2054.272587006837              -3.066856975380863             -4.424212741306275             -5.581967269730629             6628.136999999881              8.055172615251124e-15          51.60000000000014              5370.29564631322               
45360                          31042.02499999896              -6256.652538375531             1358.951409992226              1714.569966518209              -2.559709405097264             -4.546933974833433             -5.736802931780484             6628.136999999881              8.024321630625997e-15          51.60000000000013              5370.29564631322               
45420                          31042.0256944434               -6394.699102886632             1083.012342679637              1366.421508873269              -2.039952907079537             -4.647257368282982             -5.863379552609606             6628.136999999878              7.879968580983966e-15          51.60000000000014              5370.295646313217              
45480                          31042.02638888785              -6501.245881246535             801.7384415234783              1011.542166064009              -1.510147761064829             -4.724688736488619             -5.961073625713045             6628.13699999988               7.919383235504132e-15          51.60000000000014              5370.295646313218              
45540                          31042.02708333229              -6575.768032383057             516.5152396964276              651.68004589474                -0.9729037456420532            -4.778846658604637             -6.029403917750262             6628.13699999988               7.839672311983593e-15          51.60000000000014              5370.295646313218              
45600                          31042.02777777673              -6617.898466025559             228.7477243164643              288.6078009401746              -0.43086728268729              -4.809464356955089             -6.068033839062825             6628.13699999988               7.806001856940771e-15          51.60000000000013              5370.295646313218              
45660                          31042.02847222118              -6627.429650962823             -60.14658440945782             -75.8861034020982              0.1132915987027793             -4.816391011159692             -6.07677310168866              6628.136999999877              7.72050106937979e-15           51.60000000000014              5370.295646313214              
45720                          31042.02916666562              -6604.314637325519             -348.7446157787537             -440.0061987518674             0.6568924145647538             -4.799592501063193             -6.055578656705618             6628.136999999875              7.553958898454393e-15          51.60000000000014              5370.295646313213              
45780                          31042.02986111006              -6548.667287857576             -635.6247585278559             -801.9588580826955             1.197257429922246              -4.759151574808576             -6.004554906287097             6628.136999999871              7.269345833766662e-15          51.60000000000014              5370.295646313208              
45840                          31042.03055555451              -6460.76171703724              -919.3738635777802             -1159.961130987951             1.731724849098323              -4.695267441226197             -5.923953189425117             6628.136999999871              7.128016227129584e-15          51.60000000000014              5370.295646313208              
45900                          31042.03124999895              -6341.030940810654             -1198.594205095636             -1512.249526354648             2.257661927512208              -4.608254788546721             -5.814170543854174             6628.136999999872              7.317936059895753e-15          51.60000000000014              5370.29564631321               
45960                          31042.03194444339              -6190.064743589276             -1471.910365582436             -1857.088699182332             2.772477940372557              -4.498542234271573             -5.675747750274494             6628.136999999872              7.495865438030177e-15          51.60000000000013              5370.29564631321               
46020                          31042.03263888783              -6008.606773018136             -1737.976011071797             -2192.779998756427             3.273636944384558              -4.366670213836752             -5.50936666850873              6628.13699999987               7.305575180319325e-15          51.60000000000014              5370.295646313206              
46080                          31042.03333333228              -5797.550876825871             -1995.480523065454             -2517.669836068399             3.758670269607664              -4.213288318470274             -5.31584687871396              6628.136999999871              7.398082071342495e-15          51.60000000000013              5370.295646313208              
46140                          31042.03402777672              -5557.936699800925             -2243.155454537164             -2830.157829265504             4.225188679930073              -4.039152095356732             -5.096141644194133             6628.136999999871              7.5135851404524e-15            51.60000000000013              5370.295646313208              
46200                          31042.03472222116              -5290.944562582888             -2479.780778203257             -3128.704687006249             4.670894142258386              -3.845119325871136             -4.851333215699803             6628.13699999987               7.306653840384823e-15          51.60000000000012              5370.295646313206              
46260                          31042.03541666561              -4997.889647495602             -2704.190896281336             -3411.839790888791             5.09359114644836               -3.632145800215151             -4.582627500345835             6628.136999999865              6.712765692772813e-15          51.60000000000012              5370.2956463132                
46320                          31042.03611111005              -4680.215520062213             -2915.280382133508             -3678.168439601828             5.491197520215656              -3.401280609269534             -4.291348121407549             6628.13699999987               7.114647586595084e-15          51.60000000000014              5370.295646313206              
46380                          31042.03680555449              -4339.487018114633             -3112.009425511298             -3926.37871911384              5.861754685753167              -3.153660976854756             -3.9789298982563               6628.136999999869              7.0923452973374e-15            51.60000000000012              5370.295646313204              
46440                          31042.03749999894              -3977.382543525151             -3293.408954579357             -4155.247965058709             6.203437307531667              -2.890506657855668             -3.646911778551809             6628.136999999867              6.889313805628215e-15          51.60000000000012              5370.295646313202              
46500                          31042.03819444338              -3595.68579453045              -3458.585409487309             -4363.648785484469             6.51456228375943               -2.613113929804623             -3.296929257506712             6628.13699999987               7.196556424053059e-15          51.60000000000012              5370.295646313206              
46560                          31042.03888888782              -3196.276979374029             -3606.725143975479             -4550.554614297619             6.793597037209631              -2.322849207520042             -2.930706321565435             6628.136999999867              6.822409862511145e-15          51.60000000000011              5370.295646313202              
46620                          31042.03958333227              -2781.123554547885             -3737.09843333254              -4715.04476804718              7.039167064575546              -2.021142312254196             -2.550046956182216             6628.136999999864              6.512150161718491e-15          51.60000000000012              5370.2956463132                
46680                          31042.04027777671              -2352.270533256165             -3849.0630689622               -4856.308981139145             7.250062707166014              -1.709479428505887             -2.156826259530259             6628.136999999861              6.174668337747851e-15          51.60000000000011              5370.295646313196              
46740                          31042.04097222115              -1911.830411840548             -3942.067521852369             -4973.651397141239             7.425245109589259              -1.389395783192191             -1.752981205915232             6628.136999999861              6.161203458559092e-15          51.6000000000001               5370.295646313196              
46800                          31042.04166666559              -1461.972763788979             -4015.653659363807             -5066.493996517115             7.563851337073057              -1.062468083241088             -1.340501104391778             6628.13699999986               6.043817847812905e-15          51.6000000000001               5370.295646313194              
46860                          31042.04236111004              -1004.913552586855             -4069.459001955568             -5134.379443905249             7.665198626213733              -0.7303067488568239            -0.9214177995831645            6628.13699999986               6.062444597054501e-15          51.60000000000011              5370.295646313194              
46920                          31042.04305555448              -542.9042160547317             -4103.218508730783             -5176.973340917053             7.728787748215129              -0.3945479807163134            -0.4977956629740565            6628.136999999861              6.083844189887293e-15          51.60000000000011              5370.295646313196              
46980                          31042.04374999892              -78.22057594222689             -4116.765883007331             -5194.065873357106             7.754305468050487              -0.05684570017295361           -0.0717214239785206            6628.136999999861              6.047353378164144e-15          51.6000000000001               5370.295646313196              
47040                          31042.04444444337              386.8483725913874              -4110.034391482241             -5185.572844751428             7.741626087433627              0.2811365978302197             0.3547061091253744             6628.136999999862              6.172809426996028e-15          51.60000000000011              5370.295646313198              
47100                          31042.04513888781              850.0117363877827              -4083.057192954716             -5151.536091092698             7.690812063998839              0.6177340390061291             0.7793863877604965             6628.136999999865              6.372341933076195e-15          51.60000000000012              5370.2956463132                
47160                          31042.04583333225              1308.988009049563              -4035.96717498849              -5092.123274759437             7.602113703639477              0.9512885707637938             1.200227470188164              6628.136999999862              6.126128267602953e-15          51.60000000000011              5370.295646313198              
47220                          31042.0465277767               1761.516309461808              -3968.996299318105             -5007.627058624291             7.475967927520763              1.280157129645329              1.61515632624905               6628.136999999867              6.318120589468952e-15          51.60000000000011              5370.295646313202              
47280                          31042.04722222114              2205.367518715087              -3882.47445922361              -4898.463664419668             7.312996119840403              1.602719734927645              2.022129048947125              6628.136999999867              6.348745427661505e-15          51.60000000000011              5370.295646313202              
47340                          31042.04791666558              2638.355260570352              -3776.827854502139             -4765.170822462141             7.114001066938772              1.917387468520418              2.419140922575193              6628.136999999864              6.135518467083251e-15          51.60000000000011              5370.2956463132                
47400                          31042.04861111003              3058.346671376772              -3652.576892041146             -4608.40512283509              6.879963002836377              2.222610301851953              2.8042362977872                6628.136999999868              6.266390708653001e-15          51.60000000000011              5370.295646313204              
47460                          31042.04930555447              3463.272906390775              -3510.333622334894             -4428.938781077455             6.612034780677962              2.516884731188344              3.175518224973504              6628.136999999866              5.901001476407789e-15          51.60000000000011              5370.295646313201              
47520                          31042.04999999891              3851.139330742958              -3350.798724571742             -4227.655834310569             6.31153619386836               2.79876118377492               3.531157798485849              6628.136999999868              5.809451387075977e-15          51.60000000000012              5370.295646313204              
47580                          31042.05069444335              4220.035344852991              -3174.758055143418             -4005.547786540644             5.9799474748737                3.066851158317924              3.869403165683116              6628.136999999869              5.775466245709341e-15          51.60000000000012              5370.295646313204              
47640                          31042.0513888878               4568.143795893267              -2983.078776578086             -3763.708724587817             5.61890200371241               3.319834064632969              4.188588156420016              6628.136999999867              5.928792618927995e-15          51.60000000000014              5370.295646313202              
47700                          31042.05208333224              4893.749928941189              -2776.705085965757             -3503.329928700301             5.230178262053356              3.55646372876869               4.487140490470517              6628.136999999867              5.698817904950516e-15          51.60000000000014              5370.295646313202              
47760                          31042.05277777668              5195.249833727408              -2556.653563917483             -3225.694004401325             4.815691072554676              3.775574531561875              4.763589522456905              6628.136999999864              5.761191052621258e-15          51.60000000000014              5370.2956463132                
47820                          31042.05347222113              5471.158345371988              -2324.00816696902              -2932.168564474947             4.377482166597558              3.976087150386024              5.016573486133552              6628.136999999864              5.602701925575337e-15          51.60000000000014              5370.2956463132                
47880                          31042.05416666557              5720.116360190099              -2079.914888095961             -2624.199492212759             3.917710126877623              4.157013875809943              5.244846202340611              6628.13699999987               5.448481566882265e-15          51.60000000000014              5370.295646313206              
47940                          31042.05486111001              5940.897530530159              -1825.576111642235             -2303.303819106214             3.438639754395897              4.317463476976916              5.447283217584806              6628.136999999866              5.534992790334213e-15          51.60000000000016              5370.295646313201              
48000                          31042.05555555446              6132.414305666165              -1562.244690469149             -1971.062252068501             2.942630912226742              4.456645591738001              5.622887343009138              6628.13699999987               5.411761230503726e-15          51.60000000000014              5370.295646313206              
48060                          31042.0562499989               6293.723288987254              -1291.217774500474             -1629.11138699629              2.432126901017467              4.57387461991397               5.770793566466961              6628.136999999866              5.68182705042802e-15           51.60000000000016              5370.295646313201              
48120                          31042.05694444334              6424.029885095404              -1013.830421063672             -1279.135647026728             1.909642423481005              4.668573100508014              5.890273313503968              6628.136999999871              5.399086688918508e-15          51.60000000000016              5370.295646313208              
48180                          31042.05763888779              6522.692213920035              -731.4490185022344             -922.8589852011985             1.377751197167614              4.740274556233309              5.980738036258796              6628.13699999987               5.312767122417742e-15          51.60000000000016              5370.295646313206              
48240                          31042.05833333223              6589.224272568886              -445.4645554538811             -562.0363924078727             0.8390732765341191             4.788625791343546              6.041742112603622              6628.13699999987               5.223881671398026e-15          51.60000000000016              5370.295646313206              
48300                          31042.05902777667              6623.298329340132              -157.2857689496514             -198.445252434266              0.296262146761186              4.813388631447465              6.072985041243811              6628.13699999987               5.268797873362888e-15          51.60000000000016              5370.295646313206              
48360                          31042.05972222111              6624.746538103043              131.6677949142049              166.123413285873               -0.2480083471065258            4.814441096737225              6.074312921963723              6628.136999999865              5.604663322131953e-15          51.60000000000016              5370.2956463132                
48420                          31042.06041666556              6593.56176509486               419.9727735489415              529.8737681036506              -0.7910571713113069            4.791778002851367              6.045719213727097              6628.136999999867              5.483330389502916e-15          51.60000000000016              5370.295646313202              
48480                          31042.06111111                 6529.897624061143              706.2089992457728              891.0140063054859              -1.330209309944373             4.74551098641258               5.987344766897683              6628.136999999867              5.450813386520251e-15          51.60000000000016              5370.295646313202              
48540                          31042.06180555444              6434.067719566513              988.9664948106027              1247.765179407499              -1.86280894186439              4.675867955114439              5.899477129421403              6628.136999999864              5.766551942861099e-15          51.60000000000016              5370.2956463132                
48600                          31042.06249999889              6306.544102203175              1266.852419001078              1598.369959116193              -2.386232523064088             4.583191965066002              5.782549130387723              6628.136999999861              5.958424170500402e-15          51.60000000000016              5370.295646313196              
48660                          31042.06319444333              6147.954943306724              1538.497927553286              1941.101293789774              -2.897901710042231             4.467939530924317              5.637136747947515              6628.136999999868              5.347576849739245e-15          51.60000000000016              5370.295646313204              
48720                          31042.06388888777              5959.081440633416              1802.564916001223              2274.270915759063              -3.395296060521448             4.330678377139033              5.46395627208986               6628.136999999868              5.370152047740662e-15          51.60000000000016              5370.295646313204              
48780                          31042.06458333222              5740.853970241315              2057.752611074424              2596.237657601598              -3.875965448949182             4.1720846413863                5.263860776253762              6628.136999999868              5.458313302863493e-15          51.60000000000014              5370.295646313204              
48840                          31042.06527777666              5494.347503530805              2302.803978205056              2905.415536403615              -4.337542135623957             3.992939543967613              5.037835915155298              6628.136999999874              4.79038257572649e-15           51.60000000000016              5370.295646313211              
48900                          31042.0659722211               5220.776312019801              2536.511913581588              3200.281566187472              -4.77775242999541              3.794125539579892              4.786995069529809              6628.136999999875              4.590351337466776e-15          51.60000000000017              5370.295646313213              
48960                          31042.06666666555              4921.487985937502              2757.725190247483              3479.383260021099              -5.19442789068559              3.576621970412865              4.512573861705734              6628.136999999877              4.291021458657992e-15          51.60000000000019              5370.295646313214              
49020                          31042.06736110999              4597.956796100638              2965.354128954872              3741.345784854695              -5.585516007061076             3.341500241986269              4.215924069025952              6628.136999999875              4.501087932333304e-15          51.60000000000017              5370.295646313213              
49080                          31042.06805555443              4251.776431771069              3158.375965839051              3984.878733840475              -5.949090309739355             3.089918545490301              3.89850696509863               6628.136999999875              4.611354033852312e-15          51.60000000000017              5370.295646313213              
49140                          31042.06874999887              3884.652150267501              3335.83989047305               4208.782482775579              -6.283359860225874             2.823116152626678              3.561886121678056              6628.136999999872              4.987087245678382e-15          51.60000000000016              5370.29564631321               
49200                          31042.06944444332              3498.392377001705              3496.871729485209              4411.954099356794              -6.58667807293658              2.542407311053434              3.207719706632833              6628.136999999874              4.828869173109332e-15          51.60000000000016              5370.295646313211              
49260                          31042.07013888776              3094.899797316793              3640.678252668632              4593.392776138557              -6.857550826149334             2.24917477050407               2.837752315941029              6628.136999999871              5.264696570606112e-15          51.60000000000016              5370.295646313208              
49320                          31042.0708333322               2676.161984008479              3766.551080370963              4752.204760431926              -7.094643821930315             1.94486297147082               2.453806379947249              6628.13699999987               5.334996479590795e-15          51.60000000000016              5370.295646313206              
49380                          31042.07152777665              2244.241606697398              3873.870172916983              4887.607756860216              -7.296789158780975             1.630970930004105              2.057773186213711              6628.136999999874              5.016043761111478e-15          51.60000000000016              5370.295646313211              
49440                          31042.07222222109              1801.266271280364              3962.106884875414              4998.934780884653              -7.462991084629194             1.309044853677054              1.651603563186082              6628.136999999874              4.923518476323606e-15          51.60000000000017              5370.295646313211              
49500                          31042.07291666553              1349.418039510618              4030.826569124844              5085.637444317897              -7.592430901825889             0.9806705250882911             1.23729827056558               6628.136999999875              4.885354185726031e-15          51.60000000000019              5370.295646313213              
49560                          31042.07361110998              890.9226803328011              4079.690717891347              5147.288656641232              -7.684470999985403             0.6474654904212513             0.8168981437236416             6628.136999999875              4.945338553062746e-15          51.60000000000019              5370.295646313213              
49620                          31042.07430555442              428.0387059197394              4108.458630211228              5183.584728818958              -7.738657996804251             0.3110710915385683             0.3924740407069691             6628.136999999876              4.830695681559286e-15          51.60000000000019              5370.295646313213              
49680                          31042.07499999886              -36.95375358135712             4116.988597605087              5194.346869246758              -7.754724971386783             -0.026855619139186             -0.03388335864675651           6628.136999999873              4.996117638537823e-15          51.6000000000002               5370.295646313211              
49740                          31042.07569444331              -501.7641817911344             4105.238602122672              5179.522064465116              -7.73259277907657              -0.3646500411437393            -0.4600738512337555            6628.136999999873              5.015583383174522e-15          51.6000000000002               5370.295646313211              
49800                          31042.07638888775              -964.1029590020996             4073.266523320005              5139.183340299462              -7.672370441316783             -0.7006482256504457            -0.883998056119887             6628.136999999871              4.931162757445962e-15          51.6000000000002               5370.295646313208              
49860                          31042.07708333219              -1421.692640665693             4021.229853149233              5073.52940214068               -7.574354608619108             -1.033195071959669             -1.303567755926447             6628.136999999875              4.706150084847267e-15          51.6000000000002               5370.295646313213              
49920                          31042.07777777663              -1872.279175905479             3949.38492016562               4982.883656137943              -7.439028099286602             -1.360652480392995             -1.716716183225166             6628.136999999875              4.591905735700273e-15          51.60000000000021              5370.295646313213              
49980                          31042.07847222108              -2313.643010794948             3858.085626873195              4867.692616125391              -7.267057521088601             -1.681407421443746             -2.121408201272435             6628.136999999874              4.761792720839608e-15          51.6000000000002               5370.295646313211              
50040                          31042.07916666552              -2743.610021706043             3747.781706428781              4728.523704130012              -7.059289987603147             -1.9938798814338               -2.515650328933257             6628.136999999872              4.732587961229916e-15          51.6000000000002               5370.29564631321               
50100                          31042.07986110996              -3160.062224871609             3619.01650729174               4566.062455295244              -6.816748945401945             -2.296530645537024             -2.89750056041294              6628.136999999871              4.930110931033378e-15          51.6000000000002               5370.295646313208              
50160                          31042.08055555441              -3560.948209407278             3472.424316732086              4381.109140988639              -6.540629132632846             -2.587868879830762             -3.265077931425306             6628.136999999872              4.715572237643913e-15          51.60000000000019              5370.29564631321               
50220                          31042.08124999885              -3944.293242400569             3308.72723638115               4174.574826727884              -6.232290693833441             -2.866459475026797             -3.616571784675207             6628.136999999874              4.673419070753514e-15          51.6000000000002               5370.295646313211              
50280                          31042.08194444329              -4308.208996290306             3128.731625215589              3947.476884343524              -5.89325247996577              -3.13093011570712              -3.950250689014329             6628.136999999875              4.429904155829688e-15          51.60000000000021              5370.295646313213              
50340                          31042.08263888774              -4650.902850620051             2933.32412749632               3700.933980485138              -5.525184566675625             -3.379978040242034             -4.264470968335206             6628.136999999875              4.600540892228703e-15          51.60000000000022              5370.295646313213              
50400                          31042.08333333218              -4970.68672234586              2723.467305228445              3436.160566157172              -5.129900027630936             -3.612376458091744             -4.557684798190788             6628.136999999871              4.671318444416839e-15          51.60000000000022              5370.295646313208              
50460                          31042.08402777662              -5265.985381200931             2500.194896656321              3154.460894428561              -4.709346003463097             -3.826980592880326             -4.828447830256247             6628.13699999987               4.606605779580891e-15          51.60000000000021              5370.295646313206              
50520                          31042.08472222107              -5535.344209156329             2264.60672415006               2857.22259578442               -4.265594110304967             -4.022733321474345             -5.075426307075531             6628.136999999871              4.864803651049911e-15          51.60000000000021              5370.295646313208              
50580                          31042.08541666551              -5777.436365755292             2017.863276566807              2545.909842767133              -3.800830235172302             -4.198670381288492             -5.29740363204595              6628.13699999987               4.82979539110793e-15           51.60000000000021              5370.295646313206              
50640                          31042.08611110995              -5991.069324025235             1761.179992773665              2222.056137577256              -3.317343768455791             -4.353925120167435             -5.493286362277628             6628.136999999869              4.765990025959162e-15          51.60000000000022              5370.295646313204              
50700                          31042.08680555439              -6175.190744772072             1495.821274491183              1887.256758161981              -2.817516326563574             -4.487732765446354             -5.662109594807383             6628.136999999871              4.915622435256223e-15          51.60000000000022              5370.295646313208              
50760                          31042.08749999884              -6328.893660320537             1223.09425794966               1543.160900001104              -2.30381002026565              -4.59943419116109              -5.803041719635045             6628.136999999871              4.897104362240493e-15          51.60000000000022              5370.295646313208              
50820                          31042.08819444328              -6451.420942165801             944.3423750386172              1191.463552299462              -1.778755326529355             -4.688479164850946             -5.915388516169078             6628.13699999987               4.809974376421756e-15          51.60000000000023              5370.295646313206              
50880                          31042.08888888772              -6542.169030529099             660.9387356666957              833.8971486030763              -1.244938623588326             -4.754429057960625             -5.998596572902755             6628.136999999872              4.948881152813864e-15          51.60000000000023              5370.29564631321               
50940                          31042.08958333217              -6600.690907445849             374.2793639299558              472.2230329674009              -0.7049894506462147            -4.796959006490081             -6.052256013475826             6628.136999999868              4.744320396096171e-15          51.60000000000021              5370.295646313204              
51000                          31042.09027777661              -6626.698298741086             85.77632140669219              108.2227837146755              -0.161567554972836             -4.8158595112491               -6.076102515693323             6628.136999999866              4.614510075700247e-15          51.60000000000022              5370.295646313201              
51060                          31042.09097222105              -6620.063094045429             -203.1492485471315             -256.3105624811352             0.3826502098022369             -4.811037469833887             -6.070018613555955             6628.13699999987               4.805923499305612e-15          51.60000000000021              5370.295646313206              
51120                          31042.0916666655               -6580.817977856712             -491.0741212385739             -619.5813429523437             0.9249830696606671             -4.782516635242185             -6.034034275888398             6628.136999999867              4.679543426880352e-15          51.60000000000022              5370.295646313202              
51180                          31042.09236110994              -6509.156268538713             -776.5800013309085             -979.8001143309801             1.462759535477877              -4.730437498867891             -5.968326758715226             6628.136999999864              4.369884039274692e-15          51.60000000000022              5370.2956463132                
51240                          31042.09305555438              -6405.430966050059             -1058.260509255196             -1335.192467206451             1.993330562568912              -4.655056598451455             -5.873219732111633             6628.136999999862              4.228492962435871e-15          51.60000000000021              5370.295646313198              
51300                          31042.09374999882              -6270.153013094119             -1334.728108925715             -1684.007766727103             2.514082599674754              -4.556745254395104             -5.749181685830038             6628.136999999861              4.153676067081166e-15          51.60000000000022              5370.295646313195              
51360                          31042.09444444327              -6103.98877825533              -1604.62094263388              -2024.527776090176             3.022450463110804              -4.435987740667666             -5.596823621556307             6628.136999999858              3.812252205695675e-15          51.60000000000023              5370.295646313191              
51420                          31042.09513888771              -5907.756773519818             -1866.60953945248              -2355.075120441501             3.515929972660492              -4.293378899308989             -5.416896043163384             6628.136999999854              3.566397231714074e-15          51.60000000000021              5370.295646313188              
51480                          31042.09583333215              -5682.423622349572             -2119.403364105177             -2674.02154949246              3.992090286970578              -4.129621210284708             -5.210285259788089             6628.136999999851              3.347521374123259e-15          51.60000000000022              5370.295646313184              
51540                          31042.0965277766               -5429.099298171086             -2361.757174042044             -2979.795958153173             4.448585877684978              -3.945521331125055             -4.978009019941825             6628.136999999854              3.607165484089521e-15          51.60000000000022              5370.295646313188              
51600                          31042.09722222104              -5149.031656733337             -2592.477153406679             -3270.892125672927             4.883168083333445              -3.741986123393126             -4.721211498161261             6628.136999999854              3.675043860108654e-15          51.60000000000022              5370.295646313188              
51660                          31042.09791666548              -4843.600289268253             -2810.426793679469             -3545.876135165445             5.293696186061585              -3.520018185555971             -4.441157658894305             6628.136999999856              3.940663673533336e-15          51.60000000000022              5370.29564631319               
51720                          31042.09861110993              -4514.309726732526             -3014.532492029402             -3803.393436970976             5.67814795663907               -3.280710914263189             -4.139227025384476             6628.136999999856              3.808792454516452e-15          51.60000000000022              5370.29564631319               
51780                          31042.09930555437              -4162.78202860614              -3203.788839797397             -4042.17552106167              6.034629615802202              -3.025243118360805             -3.816906884247615             6628.136999999854              3.626826842497233e-15          51.60000000000022              5370.295646313188              
51840                          31042.09999999881              -3790.748792754615             -3377.263575060488             -4261.046165622459             6.361385162862003              -2.754873212171365             -3.47578495921469              6628.136999999854              3.48543017004922e-15           51.60000000000022              5370.295646313188              
51900                          31042.10069444326              -3400.042625713758             -3534.102174880923             -4458.927231027458             6.656805025625868              -2.4709330166437               -3.117541590129237             6628.136999999854              3.398653430325069e-15          51.60000000000022              5370.295646313188              
51960                          31042.1013888877               -2992.588115413622             -3673.532064619131             -4634.843970671185             6.919433989023914              -2.174821198907401             -2.743941455725113             6628.136999999856              3.467305418085408e-15          51.60000000000022              5370.29564631319               
52020                          31042.10208333214              -2570.392350809339             -3794.866423575781             -4787.929832493871             7.147978363384267              -1.867996382548266             -2.35682488095748              6628.136999999854              3.199728415314572e-15          51.60000000000023              5370.295646313188              
52080                          31042.10277777658              -2135.535035118372             -3897.50756821668              -4917.430727548936             7.3413123570469                -1.551969962542929             -1.958098771706438             6628.136999999856              3.4266130502633e-15            51.60000000000022              5370.29564631319               
52140                          31042.10347222103              -1690.158241365606             -3980.949896314969             -5022.708744585988             7.498483621925039              -1.22829866024577              -1.549727221508246             6628.136999999856              3.42757230630811e-15           51.60000000000023              5370.29564631319               
52200                          31042.10416666547              -1236.455860699661             -4044.782377508036             -5103.245292351593             7.61871794469713               -0.8985768551016391            -1.133721836584638             6628.136999999856              3.333215502210928e-15          51.60000000000024              5370.29564631319               
52260                          31042.10486110991              -776.6627954571962             -4088.69057800084              -5158.643654129113             7.701423060520932              -0.5644287308577802            -0.7121318268283722            6628.136999999854              3.123718539133823e-15          51.60000000000023              5370.295646313188              
52320                          31042.10555555436              -313.0439502093127             -4112.458209442112             -5188.630941934136             7.746191570483668              -0.2275002749621027            -0.2870339115560465            6628.136999999851              2.823214059599494e-15          51.60000000000023              5370.295646313184              
52380                          31042.1062499988               152.1169249806941              -4115.968194343815             -5193.059440739277             7.752802948417107              0.1105488294418696             0.1394779102483436             6628.136999999848              2.43462068626807e-15           51.60000000000024              5370.295646313179              
52440                          31042.10694444324              616.5284841309976              -4099.203242795663             -5171.907336106811             7.721224627192179              0.4480533789839702             0.5653026748081393             6628.136999999848              2.413628650928178e-15          51.60000000000024              5370.295646313179              
52500                          31042.10763888769              1077.903072331803              -4062.245937633863             -5125.278821644891             7.651612159142088              0.7833508527285644             0.9883428027367731             6628.136999999848              2.497509405888141e-15          51.60000000000024              5370.295646313179              
52560                          31042.10833333213              1533.967994553978              -4005.27832764454              -5053.403585758001             7.544308449823725              1.114789601622263              1.406514431549282              6628.136999999847              2.224732126541952e-15          51.60000000000025              5370.295646313179              
52620                          31042.10902777657              1982.476710766487              -3928.5810308057               -4956.635680219894             7.399842068891796              1.440736984387595              1.817757680605443              6628.136999999845              2.162146329001662e-15          51.60000000000025              5370.295646313176              
52680                          31042.10972222102              2421.219902216355              -3832.531851985083             -4835.451776142333             7.218924646406164              1.759587409785872              2.220046797920217              6628.136999999847              2.079873752603268e-15          51.60000000000025              5370.295646313179              
52740                          31042.11041666546              2848.036354359535              -3717.60392190302              -4690.448815930579             7.002447367398001              2.069770245633676              2.611400138859121              6628.136999999847              2.083068563592625e-15          51.60000000000025              5370.295646313179              
52800                          31042.1111111099               3260.823602834215              -3584.363366527619             -4522.341072791937             6.751476581962224              2.369757555613789              2.989889927564247              6628.136999999844              1.882405445217329e-15          51.60000000000025              5370.295646313175              
52860                          31042.11180555434              3657.54829003534               -3433.466518382657             -4331.956632281963             6.467248552500588              2.658071625769634              3.353651753026913              6628.136999999842              1.873363891056958e-15          51.60000000000024              5370.295646313172              
52920                          31042.11249999879              4036.256181274667              -3265.656683505053             -4120.233313219978             6.151163363990067              2.933292243608306              3.700893753030043              6628.136999999841              1.839305110104388e-15          51.60000000000025              5370.295646313171              
52980                          31042.11319444323              4395.08179118754               -3081.760479977639             -3888.21404806713              5.804778027274088              3.194063693955904              4.029905440720881              6628.136999999841              1.735249475564139e-15          51.60000000000025              5370.295646313171              
53040                          31042.11388888767              4732.257572967462              -2882.683766073325             -3637.041745522902             5.429798809349252              3.439101437104127              4.339066130335052              6628.136999999836              1.855326533947745e-15          51.60000000000025              5370.295646313165              
53100                          31042.11458333212              5046.122625163003              -2669.407178068313             -3367.953660646518             5.028072828427963              3.667198436352114              4.626852920567503              6628.136999999836              1.934232624189777e-15          51.60000000000025              5370.295646313165              
53160                          31042.11527777656              5335.130873148069              -2442.981299704718             -3082.27530023557              4.601578955179004              3.877231103774549              4.891848196264871              6628.13699999984               1.785148170598061e-15          51.60000000000025              5370.29564631317               
53220                          31042.115972221                5597.858684964219              -2204.521487097471             -2781.413893483518             4.152418064965859              4.068164834927638              5.132746611486518              6628.136999999841              1.76990683183294e-15           51.60000000000026              5370.295646313171              
53280                          31042.11666666545              5833.011884020025              -1955.202374577589             -2466.851460079069             3.682802689099472              4.239059105229441              5.348361519536241              6628.13699999984               1.731764205380733e-15          51.60000000000025              5370.29564631317               
53340                          31042.11736110989              6039.432124103439              -1696.252088535609             -2140.13750989345              3.195046116082567              4.389072102910183              5.537630818290816              6628.136999999838              1.761424881604202e-15          51.60000000000026              5370.295646313168              
53400                          31042.11805555433              6216.102595304364              -1428.946197767321             -1802.881410216328             2.691550996531958              4.517464875710999              5.699622182031728              6628.136999999835              1.929958393209222e-15          51.60000000000026              5370.295646313164              
53460                          31042.11874999878              6362.153032740506              -1154.601430121945             -1456.744458138793             2.174797507910077              4.623604970904794              5.833537654008541              6628.136999999835              1.951150295319204e-15          51.60000000000025              5370.295646313164              
53520                          31042.11944444322              6476.864003413927              -874.5691864040374             -1103.431697134205             1.647331137365354              4.706969550708758              5.938717577111243              6628.136999999838              1.735505785111083e-15          51.60000000000026              5370.295646313168              
53580                          31042.12013888766              6559.670450081542              -590.2288834791343             -744.6835181477923             1.111750142862204              4.767147967742279              6.014643843289424              6628.136999999837              1.994701657791518e-15          51.60000000000026              5370.295646313167              
53640                          31042.1208333321               6610.164474682787              -302.9811593744826             -382.2670865673856             0.5706927543661109             4.803843787843721              6.060942445711898              6628.136999999836              2.102469674838561e-15          51.60000000000026              5370.295646313165              
53700                          31042.12152777655              6628.09734761346               -14.24097384598812             -17.96763730533705             0.02682417812977617            4.816876250281855              6.077385321095008              6628.136999999837              2.04968354193305e-15           51.60000000000028              5370.295646313167              
